pmcid,title,pmid,doi,license,journal_nlm,pub_year,pub_date_line,issn,publisher,has_abstract_head,has_section_head,n_lines,n_chars,size_kb,bad_bytes,mojibake_cnt,cjk_chars
PMC10010752,"Racial and Ethnic Differences in Subjective Cognitive Decline — United States, 2015–2020",36893045,10.15585/mmwr.mm7210a1,CC0,MMWR Morb Mortal Wkly Rep,2023,2023 Mar 10,0149-2195,Centers for Disease Control and Prevention,True,True,307,31335,32.2,0,0,0
PMC10056269,Current and Future Therapeutical Options in Alport Syndrome,36982595,10.3390/ijms24065522,CC BY,Int J Mol Sci,2023,2023 Mar 14,1422-0067,Multidisciplinary Digital Publishing Institute (MDPI),False,True,269,44995,44.0,0,0,0
PMC10062544,Initial mean arterial blood pressure (MABP) measurement is a risk factor for mortality in hypertensive COVID-19 positive hospitalized patients,36996126,10.1371/journal.pone.0283331,CC0,PLoS One,2023,2023 Mar 30,1932-6203,PLOS,False,True,884,70633,69.2,0,0,0
PMC10065091,Depressive symptoms among older adults with diabetes mellitus: a cross-sectional study,36197348,10.1590/1516-3180.2021.0771.R5.09082022,CC BY,Sao Paulo Med J,2022,2022 Oct 3,1516-3180,Associação Paulista de Medicina,True,True,306,33938,33.3,0,0,0
PMC10081979,Identification of Chromatin Regulatory Factors Related to Immunity and Treatment of Alzheimer’s Disease,36826468,10.1007/s12031-023-02107-0,CC BY,J Mol Neurosci,2023,2023 Feb 24,0895-8696,,False,True,221,35070,34.4,0,0,0
PMC10089046,Occluded Coronary Artery among Non-ST Elevation Myocardial Infarction Patients in Department of Cardiology of a Tertiary Care Centre: A Descriptive Cross-sectional Study,37203919,10.31729/jnma.7934,CC BY,JNMA J Nepal Med Assoc,2023,2023 Jan 31,0028-2715,Nepal Medical Association,True,True,247,19811,19.4,0,0,0
PMC10100199,Predictors and characteristics of Rib fracture following SBRT for lung tumors,37046249,10.1186/s12885-023-10776-8,CC BY,BMC Cancer,2023,2023 Apr 12,1471-2407,BMC,False,True,310,34878,34.2,0,0,0
PMC10113056,Relationship between Changes in Blood Glucose and Blood Lipid Levels and the Risk of Thyroid Cancer in Patients with Type 2 Diabetes Mellitus,37082458,10.1155/2023/4814328,CC BY,Dis Markers,2023,2023 Apr 11,0278-0240,Wiley,False,True,228,35371,34.6,0,0,0
PMC10133371,"Diabetes mellitus, coronary artery disease and heart disease (Update 2023)",37101042,10.1007/s00508-023-02183-7,CC BY,Wien Klin Wochenschr,2023,2023 Apr 20,0043-5325,,False,False,206,31653,31.4,0,0,0
PMC10134524,Diagnostic value of neutrophil gelatinase-associated lipocalin (NGAL) as an early biomarker for detection of renal failure in hypertensives: a case–control study in a regional hospital in Ghana,37101162,10.1186/s12882-023-03120-6,CC BY,BMC Nephrol,2023,2023 Apr 26,1471-2369,BMC,False,True,292,39199,38.6,0,0,0
PMC10148459,Diagnostic accuracy of left atrial function and strain for differentiating between acute and chronic myocardial infarction,37118657,10.1186/s12872-023-03254-3,CC BY,BMC Cardiovasc Disord,2023,2023 Apr 28,1471-2261,BMC,False,True,296,42482,42.2,0,0,0
PMC10149997,Application of nanoparticles in the diagnosis and treatment of chronic kidney disease,37138743,10.3389/fmed.2023.1132355,CC BY,Front Med (Lausanne),2023,2023 Apr 17,2296-858X,Frontiers Media SA,False,True,335,78224,76.8,0,0,0
PMC10150103,Predictive model of diabetes mellitus in patients with idiopathic inflammatory myopathies,37139334,10.3389/fendo.2023.1118620,CC BY,Front Endocrinol (Lausanne),2023,2023 Apr 17,1664-2392,Frontiers Media SA,False,True,340,45688,45.0,0,0,0
PMC10150548,Guillain–Barre syndrome after myocardial infarction: a case report and literature review,37127573,10.1186/s12872-023-03261-4,CC BY,BMC Cardiovasc Disord,2023,2023 May 1,1471-2261,BMC,False,True,258,31164,30.6,0,0,0
PMC10151197,"Educational attainment, structural brain reserve and Alzheimer’s disease: a Mendelian randomization analysis",36310536,10.1093/brain/awac392,CC BY,Brain,2022,2022 Oct 31,0006-8950,Oxford University Press,True,True,423,101497,99.9,0,0,0
PMC10163802,Diabetes mellitus-related hospital admissions and prescriptions of antidiabetic agents in England and Wales: an ecological study,37149604,10.1186/s12902-023-01352-z,CC BY,BMC Endocr Disord,2023,2023 May 6,1472-6823,BMC,False,True,302,62558,61.5,0,0,0
PMC10179038,Potential Biomarkers to Distinguish Type 1 Myocardial Infarction in Troponin-Elevated Diseases,37175804,10.3390/ijms24098097,CC BY,Int J Mol Sci,2023,2023 Apr 30,1422-0067,Multidisciplinary Digital Publishing Institute (MDPI),False,True,315,51725,50.7,0,0,0
PMC10185944,Myocardial infarction in a 33-year-old with inflammatory bowel disease: a case report,37193962,10.1186/s12872-023-03284-x,CC BY,BMC Cardiovasc Disord,2023,2023 May 16,1471-2261,BMC,False,True,244,26307,25.8,0,0,0
PMC10202804,Machine learning for diagnosis of myocardial infarction using cardiac troponin concentrations,37169863,10.1038/s41591-023-02325-4,CC BY,Nat Med,2023,2023 May 11,1078-8956,,False,True,535,98160,96.5,0,0,0
PMC10236766,Risk prediction of gestational diabetes mellitus in women with polycystic ovary syndrome based on a nomogram model,37268889,10.1186/s12884-023-05670-x,CC BY,BMC Pregnancy Childbirth,2023,2023 Jun 2,1471-2393,BMC,False,True,226,36103,35.6,0,0,0
PMC10239144,KATZNCP: a miRNA–disease association prediction model integrating KATZ algorithm and network consistency projection,37268893,10.1186/s12859-023-05365-2,CC BY,BMC Bioinformatics,2023,2023 Jun 2,1471-2105,BMC,False,True,443,62794,61.7,0,0,0
PMC10240811,Dual targeting PET tracer [68Ga]Ga-FAPI-RGD in patients with lung neoplasms: a pilot exploratory study,37284441,10.7150/thno.86007,CC BY,Theranostics,2023,2023 May 15,1838-7640,Ivyspring International Publisher,False,True,350,53321,52.2,0,0,0
PMC10256605,Implementation of the 2018 ESC/ESH Guidelines for the management of hypertension in primary care: the HYPEDIA study,35835860,10.1038/s41371-022-00713-w,CC BY,J Hum Hypertens,2022,2022 Jul 14,0950-9240,,True,True,221,33645,33.2,0,0,0
PMC10259789,Self-management of type 2 diabetes mellitus in pregnancy and breastfeeding experiences among women in Thailand: Study protocol,37307256,10.1371/journal.pone.0286646,CC0,PLoS One,2023,2023 Jun 12,1932-6203,PLOS,True,True,782,71109,69.8,0,0,0
PMC10266637,PTPN22 intron polymorphism rs1310182 (c.2054-852T>C) is associated with type 1 diabetes mellitus in patients of Armenian descent,37315092,10.1371/journal.pone.0286743,CC BY,PLoS One,2023,2023 Jun 14,1932-6203,PLOS,False,True,286,43411,42.7,0,0,0
PMC10269592,Improvement in Zebrafish with Diabetes and Alzheimer's Disease Treated with Pasteurized Akkermansia muciniphila,37191572,10.1128/spectrum.00849-23,CC BY,Microbiol Spectr,2023,2023 May 16,2165-0497,American Society for Microbiology (ASM),True,True,271,63075,62.0,0,0,0
PMC10278792,Association between Depressive Symptom Trajectory and Chronic Kidney Disease Progression: Findings from the Chronic Renal Insufficiency Cohort Study,36814088,10.34067/KID.0000000000000087,CC BY,Kidney360,2023,2023 Feb 23,2641-7650,American Society of Nephrology,False,True,324,43663,42.7,0,0,0
PMC10308690,Number of recurrences is significantly associated with the post-acute pancreatitis diabetes mellitus in a population with hypertriglyceridemic acute pancreatitis,37386421,10.1186/s12944-023-01840-0,CC BY,Lipids Health Dis,2023,2023 Jun 29,1476-511X,BMC,False,True,405,44186,43.5,0,0,0
PMC10315765,Metabolic reprogramming heterogeneity in chronic kidney disease,36723270,10.1002/2211-5463.13568,CC BY,FEBS Open Bio,2023,2023 Feb 14,2211-5463,Wiley,False,True,250,49490,48.9,0,0,0
PMC10323925,Low concentrations of medium-sized HDL particles predict incident CVD in chronic kidney disease patients,37100172,10.1016/j.jlr.2023.100381,CC BY,J Lipid Res,2023,2023 Apr 24,0022-2275,American Society for Biochemistry and Molecular Biology,False,True,328,62898,61.8,0,0,0
PMC10331967,Efficacy of mHealth and education-led peer counseling for patients with hypertension and coronary artery disease in Pakistan: study protocol for a double-blinded pragmatic randomized-controlled trial with factorial design,37424031,10.1186/s13063-023-07472-0,CC BY,Trials,2023,2023 Jul 10,1745-6215,BMC,False,True,375,49735,48.8,0,0,0
PMC10339634,Bibliometric and visual analysis of diabetes mellitus and pyroptosis from 2011 to 2022,37443131,10.1186/s40001-023-01175-7,CC BY,Eur J Med Res,2023,2023 Jul 13,0949-2321,BMC,False,True,372,71220,69.6,0,0,0
PMC10341518,Analysis of MMP-2-735C/T (rs2285053) and MMP-9-1562C/T (rs3918242) Polymorphisms in the Risk Assessment of Developing Lung Cancer,37445754,10.3390/ijms241310576,CC BY,Int J Mol Sci,2023,2023 Jun 24,1422-0067,Multidisciplinary Digital Publishing Institute (MDPI),False,True,527,74297,73.2,0,0,0
PMC10341567,Investigation of Potential Drug Targets for Cholesterol Regulation to Treat Alzheimer’s Disease,37444065,10.3390/ijerph20136217,CC BY,Int J Environ Res Public Health,2023,2023 Jun 24,1661-7827,Multidisciplinary Digital Publishing Institute (MDPI),False,True,418,96372,94.6,0,0,0
PMC10341681,Therapeutic Candidates for Alzheimer’s Disease: Saponins,37445682,10.3390/ijms241310505,CC BY,Int J Mol Sci,2023,2023 Jun 22,1422-0067,Multidisciplinary Digital Publishing Institute (MDPI),False,True,616,144069,141.7,0,0,0
PMC10343850,Prediction of miRNA–Disease Associations by Cascade Forest Model Based on Stacked Autoencoder,37446675,10.3390/molecules28135013,CC BY,Molecules,2023,2023 Jun 27,1420-3049,Multidisciplinary Digital Publishing Institute (MDPI),False,True,340,43879,43.0,0,0,0
PMC10365959,Research Progress of Klotho in Lung Neoplasms,37488085,10.3779/j.issn.1009-3419.2023.101.19,CC BY,Zhongguo Fei Ai Za Zhi,2023,,1009-3419,Editorial office of Chinese Journal of Lung Cancer,False,False,188,20842,31.3,0,0,5196
PMC10368642,Compilation of reported protein changes in the brain in Alzheimer’s disease,37491476,10.1038/s41467-023-40208-x,CC BY,Nat Commun,2023,2023 Jul 25,2041-1723,Nature Publishing Group,False,True,379,81407,80.1,0,0,0
PMC10380655,Myocardial Infarction Susceptibility and the MTNR1B Polymorphisms,37511203,10.3390/ijms241411444,CC BY,Int J Mol Sci,2023,2023 Jul 14,1422-0067,Multidisciplinary Digital Publishing Institute (MDPI),False,True,341,52295,51.3,0,0,0
PMC10426223,"Cathepsin B abundance, activity and microglial localisation in Alzheimer’s disease-Down syndrome and early onset Alzheimer’s disease; the role of elevated cystatin B",37580797,10.1186/s40478-023-01632-8,CC BY,Acta Neuropathol Commun,2023,2023 Aug 14,2051-5960,BMC,True,True,455,82020,81.1,0,0,0
PMC10444873,A novel index for measuring the impact of devices on hypertension,37607949,10.1038/s41598-023-39943-4,CC BY,Sci Rep,2023,2023 Aug 22,2045-2322,Nature Publishing Group,False,True,252,27154,26.8,0,0,0
PMC10455679,Assessment of Hypertensive Patients’ Complex Metabolic Status Using Data Mining Methods,37623358,10.3390/jcdd10080345,CC BY,J Cardiovasc Dev Dis,2023,2023 Aug 13,2308-3425,Multidisciplinary Digital Publishing Institute (MDPI),False,True,273,48313,47.7,0,0,0
PMC10487958,Symptoms in Hypertensive Patients Presented to the Emergency Medical Service: A Comprehensive Retrospective Analysis in Clinical Settings,37685560,10.3390/jcm12175495,CC BY,J Clin Med,2023,2023 Aug 24,2077-0383,Multidisciplinary Digital Publishing Institute (MDPI),False,True,350,46474,45.5,0,0,0
PMC10503878,Beyond Conventional Control: Insights Into Drug-Resistant Hypertension,37719515,10.7759/cureus.43617,CC BY,Cureus,2023,2023 Aug 17,2168-8184,Cureus Inc.,False,True,225,36071,35.3,0,0,0
PMC10509015,Immune checkpoint inhibitor– and phosphatidylinositol-3-kinase inhibitor–related diabetes induced by antineoplastic drugs: two case reports and a literature review,37732122,10.3389/fendo.2023.1236946,CC BY,Front Endocrinol (Lausanne),2023,2023 Sep 5,1664-2392,Frontiers Media SA,False,True,250,37966,37.3,0,0,0
PMC10518896,Short-Term Mortality Associated With Hypertensive Emergencies: A Prospective Observational Cohort Study From South India,37753009,10.7759/cureus.44150,CC BY,Cureus,2023,2023 Aug 26,2168-8184,Cureus Inc.,False,True,332,30380,29.8,0,0,0
PMC10522728,Mindfulness-Based Interventions for Survivors of Lung Cancer and Their Partners: A Systematic Review,36224314,10.1007/s12529-022-10132-3,CC BY,Int J Behav Med,2022,2022 Oct 12,1070-5503,,False,True,541,52760,52.5,0,0,0
PMC10531143,Characterizing the hypertensive cardiovascular phenotype in the UK Biobank,37309807,10.1093/ehjci/jead123,CC BY,Eur Heart J Cardiovasc Imaging,2023,2023 Jun 13,2047-2404,Oxford University Press,True,True,380,52870,52.2,0,0,0
PMC10532649,Therapeutic Potentials of Microalgae and Their Bioactive Compounds on Diabetes Mellitus,37755075,10.3390/md21090462,CC BY,Mar Drugs,2023,2023 Aug 23,1660-3397,Multidisciplinary Digital Publishing Institute (MDPI),False,True,1107,134612,132.0,0,0,0
PMC10542184,U-shaped association between triglyceride and risk of incident diabetes in normoglycemic males with NAFLD: A population-base cohort study,37790852,10.7150/ijms.83371,CC BY,Int J Med Sci,2023,2023 Sep 4,1449-1907,Ivyspring International Publisher,False,True,303,44575,43.6,0,0,0
PMC10542192,Human umbilical cord mesenchymal stem cells in diabetes mellitus and its complications: applications and research advances,37790847,10.7150/ijms.87472,CC BY,Int J Med Sci,2023,2023 Sep 11,1449-1907,Ivyspring International Publisher,False,True,613,97936,95.7,0,0,0
PMC10548403,Parental History of Hypertension: A Risk for Autonomic Dysfunction and Metabolic and Vascular Derangement in Normotensive Male Offspring,37799258,10.7759/cureus.44636,CC BY,Cureus,2023,2023 Sep 4,2168-8184,Cureus Inc.,False,True,350,40858,40.1,0,0,0
PMC10552437,Chronic kidney outcomes associated with GLP-1 receptor agonists versus long-acting insulins among type 2 diabetes patients requiring intensive glycemic control: a nationwide cohort study,37794465,10.1186/s12933-023-01991-5,CC BY,Cardiovasc Diabetol,2023,2023 Oct 4,1475-2840,BMC,False,True,287,51292,50.4,0,0,0
PMC10564759,Proteomics of CKD progression in the chronic renal insufficiency cohort,37816758,10.1038/s41467-023-41642-7,CC BY,Nat Commun,2023,2023 Oct 10,2041-1723,Nature Publishing Group,True,True,400,81900,80.4,0,0,0
PMC10572926,Mitochondria and Oxidative Stress as a Link between Alzheimer’s Disease and Diabetes Mellitus,37833898,10.3390/ijms241914450,CC BY,Int J Mol Sci,2023,2023 Sep 22,1422-0067,Multidisciplinary Digital Publishing Institute (MDPI),False,True,395,101174,99.2,0,0,0
PMC10574155,"Type 1 and Type 2 Diabetes Mellitus: Commonalities, Differences and the Importance of Exercise and Nutrition",37836562,10.3390/nu15194279,CC BY,Nutrients,2023,2023 Oct 7,2072-6643,Multidisciplinary Digital Publishing Institute (MDPI),False,True,117,20261,19.8,0,0,0
PMC10575723,Endogenous adenine mediates kidney injury in diabetic models and predicts diabetic kidney disease in patients,37616058,10.1172/JCI170341,CC BY,J Clin Invest,2023,,0021-9738,American Society for Clinical Investigation,False,True,312,58010,56.8,0,0,0
PMC10578575,ABO blood groups are not associated to gestational diabetes mellitus in Mexican women,37844033,10.1371/journal.pone.0292493,CC BY,PLoS One,2023,2023 Oct 16,1932-6203,PLOS,False,True,545,51727,50.8,0,0,0
PMC10579777,Dyslipidemia among Patients with Type 2 Diabetes Mellitus Visiting a Tertiary Care Centre,38289770,10.31729/jnma.8306,CC BY,JNMA J Nepal Med Assoc,2023,2023 Oct 31,0028-2715,Nepal Medical Association,True,True,284,16309,15.9,0,0,0
PMC10606350,The Clinical and Molecular Profile of Lung Cancer Patients Harboring the TP53 R337H Germline Variant in a Brazilian Cancer Center: The Possible Mechanism of Carcinogenesis,37894716,10.3390/ijms242015035,CC BY,Int J Mol Sci,2023,2023 Oct 10,1422-0067,Multidisciplinary Digital Publishing Institute (MDPI),False,True,248,34741,34.0,0,0,0
PMC10627647,The relationship between Alzheimer disease and thyroiditis: A two-sample Mendelian randomization study,37933065,10.1097/MD.0000000000035712,CC BY,Medicine (Baltimore),2023,2023 Nov 3,0025-7974,Wolters Kluwer Health,False,True,196,27332,26.9,0,0,0
PMC10659497,Cross-phenotype associations between Alzheimer’s Disease and its comorbidities may provide clues to progression,37986758,10.1101/2023.11.06.23297993,CC BY-ND,medRxiv,2023,2023 Nov 7,,Cold Spring Harbor Laboratory Preprints,False,True,227,36570,36.0,0,0,0
PMC10660456,A Machine Learning Model Based on microRNAs for the Diagnosis of Essential Hypertension,37987360,10.3390/ncrna9060064,CC BY,Noncoding RNA,2023,2023 Oct 25,2311-553X,Multidisciplinary Digital Publishing Institute (MDPI),False,True,357,71032,69.5,0,0,0
PMC10694352,Free triiodothyronine (FT3)-to-free thyroxine (FT4) ratio identified as a risk factor for gestational diabetes in euthyroid pregnant women: insights from a Chinese population cohort study,38053730,10.3389/fendo.2023.1281285,CC BY,Front Endocrinol (Lausanne),2023,2023 Nov 20,1664-2392,Frontiers Media SA,False,True,301,40797,40.0,0,0,0
PMC10711082,"Excessive weight gain onset-age and risk of developing diabetes mellitus: a large, prospective Chinese cohort study",38089629,10.3389/fendo.2023.1281203,CC BY,Front Endocrinol (Lausanne),2023,2023 Nov 27,1664-2392,Frontiers Media SA,False,True,400,52054,51.2,0,0,0
PMC10714632,Post-traumatic stress disorder among heart disease patients: a clinical follow-up of individuals with myocardial infarction in the Tromsø Study,38087199,10.1186/s12888-023-05431-2,CC BY,BMC Psychiatry,2023,2023 Dec 12,1471-244X,BMC,False,True,306,39083,38.4,0,0,0
PMC10725226,Diabetes Mellitus among Patients with Non-alcoholic Fatty Liver Disease Visiting the Outpatient Department of Internal Medicine in a Tertiary Care Centre,38289738,10.31729/jnma.8324,CC BY,JNMA J Nepal Med Assoc,2023,2023 Nov 30,0028-2715,Nepal Medical Association,True,True,200,12503,12.2,0,0,0
PMC10737162,AGE-SPECIFIC POPULATION ATTRIBUTABLE FRACTIONS FOR THE IMPACT OF HYPERTENSION ON INCIDENT DEMENTIA,,10.1093/geroni/igad104.1293,CC BY,Innov Aging,2023,2023 Dec 21,2399-5300,Oxford University Press,True,False,58,3729,3.7,0,0,0
PMC10754309,A Rare Pathology Masquerading as Myocardial Infarction,38161761,10.18295/squmj.12.2023.081,CC BY-ND,Sultan Qaboos Univ Med J,2023,2023 Nov 30,2075-051X,Sultan Qaboos University,False,True,75,10387,10.2,0,0,0
PMC10754311,Post-Infarction Ventricular Septal Defect: A quarter century experience,38161766,10.18295/squmj.12.2023.076,CC BY-ND,Sultan Qaboos Univ Med J,2023,2023 Nov 30,2075-051X,Sultan Qaboos University,False,True,257,39903,39.0,0,0,0
PMC10754314,Angiographic Predictors of Viability During Intervention for a ST Elevation Myocardial Infarction,38161757,10.18295/squmj.12.2023.078,CC BY-ND,Sultan Qaboos Univ Med J,2023,2023 Nov 30,2075-051X,Sultan Qaboos University,False,True,217,26866,26.3,0,0,0
PMC10758752,Association Between Apolipoprotein B and Coronary Artery Disease Among Hypertensive Patients: A Systematic Review of the Prospective and Retrospective Studies,38169767,10.7759/cureus.49854,CC BY,Cureus,2023,2023 Dec 3,2168-8184,Cureus Inc.,True,True,372,43874,43.2,0,0,0
PMC10765730,In-hospital outcomes of transcatheter aortic valve replacement in patients with chronic and end-stage renal disease: a nationwide database study,38172786,10.1186/s12872-023-03684-z,CC BY,BMC Cardiovasc Disord,2024,2024 Jan 3,1471-2261,BMC,False,True,310,43510,42.8,0,0,0
PMC10768552,Prevalence of gestational diabetes mellitus and associated factors among women receiving antenatal care at a tertiary hospital in South-Western Uganda,38188887,10.11604/pamj.2023.46.50.38355,CC BY,Pan Afr Med J,2023,2023 Oct 4,1937-8688,The Pan African Medical Journal,False,True,257,33481,32.8,0,0,0
PMC10782608,Family planning behaviours among women with diabetes mellitus: a scoping review,38212858,10.1186/s40001-023-01626-1,CC BY,Eur J Med Res,2024,2024 Jan 11,0949-2321,BMC,True,True,787,77062,76.4,0,0,0
PMC10791831,Recent progress in metabolic reprogramming in gestational diabetes mellitus: a review,38234430,10.3389/fendo.2023.1284160,CC BY,Front Endocrinol (Lausanne),2024,2024 Jan 3,1664-2392,Frontiers Media SA,False,True,362,73213,71.9,0,0,0
PMC10795236,A rare case: Endobronchial solitary mixed papilloma,37740634,10.5578/tt.20239712,CC BY,Tuberk Toraks,2023,2023 Sep 22,0494-1373,Turkish Association of Tuberculosis and Thorax,True,True,144,12693,12.5,0,0,0
PMC10798730,Meta-analysis of risk factors for posttraumatic stress disorder in myocardial infarction,38241529,10.1097/MD.0000000000036601,CC BY,Medicine (Baltimore),2024,2024 Jan 19,0025-7974,Wolters Kluwer Health,False,True,304,35793,35.4,0,0,0
PMC10800050,Obesity-and lipid-related indices as a risk factor of hypertension in mid-aged and elderly Chinese: a cross-sectional study,38245677,10.1186/s12877-023-04650-2,CC BY,BMC Geriatr,2024,2024 Jan 20,1471-2318,BMC,False,True,492,52290,52.1,0,0,0
PMC10803342,Expression levels and clinical significance of ferroptosis-related genes in patients with myocardial infarction,38253721,10.1038/s41598-023-49336-2,CC BY,Sci Rep,2024,2024 Jan 22,2045-2322,Nature Publishing Group,False,True,189,29967,29.4,0,0,0
PMC10804508,The correlation between tumor radiological features and spread through air spaces in peripheral stage IA lung adenocarcinoma: a propensity score-matched analysis,38263158,10.1186/s13019-024-02498-0,CC BY,J Cardiothorac Surg,2024,2024 Jan 23,1749-8090,BMC,False,True,253,39075,38.4,0,0,0
PMC10815764,Focus on Mitochondrial Respiratory Chain: Potential Therapeutic Target for Chronic Renal Failure,38256023,10.3390/ijms25020949,CC BY,Int J Mol Sci,2024,2024 Jan 12,1422-0067,Multidisciplinary Digital Publishing Institute (MDPI),False,True,474,109235,106.9,0,0,0
PMC10820232,Left Ventricular Mass Index Predicts Renal Function Decline in Patients with Chronic Kidney Disease,38256388,10.3390/medicina60010127,CC BY,Medicina (Kaunas),2024,2024 Jan 10,1010-660X,Multidisciplinary Digital Publishing Institute (MDPI),False,True,318,43081,42.3,0,0,0
PMC10835556,Serum and salivary adiponectin levels as predictive markers for diabetes mellitus in children with a family history of diabetes,38313182,10.25122/jml-2023-0023,CC BY,J Med Life,2023,,1844-122X,SC Jurnalul pentru Medicina si Viata SRL,False,True,210,22971,22.4,0,0,0
PMC10854423,"Prevalence, Risk Factors and Cardiovascular Comorbidities of Resistant Hypertension among Treated Hypertensives in a Nigerian Population",38344745,10.5334/gh.1296,CC BY,Glob Heart,2024,2024 Feb 7,2211-8160,Ubiquity Press,False,True,361,46932,46.0,0,0,0
PMC10855633,From Acute to Chronic: Unraveling the Pathophysiological Mechanisms of the Progression from Acute Kidney Injury to Acute Kidney Disease to Chronic Kidney Disease,38339031,10.3390/ijms25031755,CC BY,Int J Mol Sci,2024,2024 Feb 1,1422-0067,Multidisciplinary Digital Publishing Institute (MDPI),False,True,402,93308,91.4,0,0,0
PMC10857198,Dietary Fibre for the Prevention of Post-Pancreatitis Diabetes Mellitus: A Review of the Literature and Future Research Directions,38337719,10.3390/nu16030435,CC BY,Nutrients,2024,2024 Feb 1,2072-6643,Multidisciplinary Digital Publishing Institute (MDPI),False,True,317,80385,78.6,0,0,0
PMC10871577,Differential efficacy of segmentectomy and wedge resection in sublobar resection compared to lobectomy for solid-dominant stage IA lung cancer: a systematic review and meta-analysis,37983767,10.1097/JS9.0000000000000896,CC BY-SA,Int J Surg,2023,2023 Nov 16,1743-9191,,False,True,440,51347,50.7,0,0,0
PMC10901917,The influence of chronic renal insufficiency on multi-therapeutic modalities for breast cancer: a single-center experience,38150135,10.1007/s12282-023-01530-w,CC BY,Breast Cancer,2023,2023 Dec 27,1340-6868,,False,True,362,39580,39.5,0,0,0
PMC1090564,Angiotensinogen M235T gene variants and its association with essential hypertension and plasma renin activity in Malaysian subjects: A case control study,15811183,10.1186/1471-2261-5-7,CC BY,BMC Cardiovasc Disord,2005,2005 Apr 5,1471-2261,BMC,False,True,291,40331,39.5,0,0,0
PMC10916801,"Genetic polymorphisms in the angiotensin converting enzyme, actinin 3 and paraoxonase 1 genes in women with diabetes and hypertension",37948561,10.20945/2359-4292-2021-0204,CC BY,Arch Endocrinol Metab,2023,2023 Nov 10,2359-3997,Sociedade Brasileira de Endocrinologia e Metabologia,True,True,278,33384,32.9,0,0,0
PMC10917100,Emotional dampening in hypertension: Impaired recognition of implicit emotional content in auditory and cross‐modal stimuli,37942991,10.1002/pchj.704,CC BY,Psych J,2023,2023 Nov 9,2046-0252,Wiley,True,True,328,73067,72.6,0,0,0
PMC10918930,A cross-sectional study determining prevalence and factors associated with ST-segment elevation myocardial infarction and non-ST segment elevation myocardial infarction in Iran: results from fasa registry on acute myocardial infarction (FaRMI),38448901,10.1186/s12889-024-18140-6,CC BY,BMC Public Health,2024,2024 Mar 6,1471-2458,BMC,False,True,315,43389,42.9,0,0,0
PMC10924494,Ultrasound Guided Biopsy among Patients with Lung Lesions Undergoing Procedures in Interventional Radiology of a Tertiary Care Centre,38410012,10.31729/jnma.8397,CC BY,JNMA J Nepal Med Assoc,2024,2024 Jan 31,0028-2715,Nepal Medical Association,True,True,298,10805,10.6,0,0,0
PMC10924502,Diabetes Mellitus among Patients with Acute Ischemic Stroke Admitted to the Department of Medicine in a Tertiary Care Centre,38410015,10.31729/jnma.8394,CC BY,JNMA J Nepal Med Assoc,2024,2024 Jan 31,0028-2715,Nepal Medical Association,True,True,235,14737,14.4,0,0,0
PMC10931599,Placental and Renal Pathways Underlying Pre-Eclampsia,38473987,10.3390/ijms25052741,CC BY,Int J Mol Sci,2024,2024 Feb 27,1422-0067,Multidisciplinary Digital Publishing Institute (MDPI),False,True,320,67755,66.3,0,0,0
PMC10955738,Investigation of the involvement of platelet-activating factor in the control of hypertension by aerobic training. A randomized controlled trial,38524817,10.5114/biolsport.2024.131819,CC BY-SA,Biol Sport,2023,2023 Nov 17,0860-021X,Institute of Sport,False,True,324,61366,60.5,0,0,0
PMC10965088,A deeply supervised adaptable neural network for diagnosis and classification of Alzheimer’s severity using multitask feature extraction,38530836,10.1371/journal.pone.0297996,CC0,PLoS One,2024,2024 Mar 26,1932-6203,PLOS,False,True,944,109627,107.5,0,0,0
PMC10969945,Standard Doses of Cholecalciferol Reduce Glucose and Increase Glutamine in Obesity-Related Hypertension: Results of a Randomized Trial,38542390,10.3390/ijms25063416,CC BY,Int J Mol Sci,2024,2024 Mar 18,1422-0067,Multidisciplinary Digital Publishing Institute (MDPI),False,True,332,64019,62.7,0,0,0
PMC10980014,An integrative systems-biology approach defines mechanisms of Alzheimer’s disease neurodegeneration,38559190,10.1101/2024.03.17.585262,CC BY-ND,bioRxiv,2024,2024 Oct 9,2692-8205,Cold Spring Harbor Laboratory Preprints,False,True,761,141429,139.0,0,0,0
PMC10994526,Uncovering the distinct macro-scale anatomy of dysexecutive and behavioural degenerative diseases,37831661,10.1093/brain/awad356,CC BY,Brain,2023,2023 Oct 13,0006-8950,Oxford University Press,True,True,411,79463,78.3,0,0,0
PMC11001573,Multifactorial prevention program for cardiovascular disease in primary care: hypertension status and effect on mortality,38379031,10.1038/s41371-024-00900-x,CC BY,J Hum Hypertens,2024,2024 Feb 20,0950-9240,,True,True,266,36334,35.9,0,0,0
PMC11006741,Metabolic acidosis in chronic kidney disease: mere consequence or also culprit?,38279993,10.1007/s00424-024-02912-5,CC BY,Pflugers Arch,2024,2024 Jan 27,0031-6768,,False,True,340,79795,78.2,0,0,0
PMC11012052,Iron Metabolism and Inflammatory Mediators in Patients with Renal Dysfunction,38612557,10.3390/ijms25073745,CC BY,Int J Mol Sci,2024,2024 Mar 27,1422-0067,Multidisciplinary Digital Publishing Institute (MDPI),False,True,428,90686,88.7,0,0,0
PMC11016838,Medical Measures in Hypertensives Considered Resistant,38124494,10.1093/ajh/hpad118,CC BY,Am J Hypertens,2023,2023 Dec 20,0895-7061,Oxford University Press,True,True,339,63845,62.7,0,0,0
PMC11017426,Neurological and metabolic related pathophysiologies and treatment of comorbid diabetes with depression,37927197,10.1111/cns.14497,CC BY,CNS Neurosci Ther,2023,2023 Nov 6,1755-5930,Wiley,True,True,523,117682,116.6,0,0,0
PMC11018926,Uniportal video-assisted thoracoscopic segmentectomy for fetal adenocarcinoma lung cancer with severe pulmonary emphysema: a case report,38628667,10.3389/fonc.2024.1281211,CC BY,Front Oncol,2024,2024 Apr 2,2234-943X,Frontiers Media SA,False,True,150,18293,18.0,0,0,0
PMC11024783,Impact of Pulsed Electromagnetic Field Therapy and Aerobic Exercise on Patients Suffering With Hypertension: A Systematic Review,38638759,10.7759/cureus.56414,CC BY,Cureus,2024,2024 Mar 18,2168-8184,Cureus Inc.,False,True,152,35180,34.5,0,0,0
PMC11036786,Exploring morphological similarity and randomness in Alzheimer’s disease using adjacent grey matter voxel-based structural analysis,38654366,10.1186/s13195-024-01448-1,CC BY,Alzheimers Res Ther,2024,2024 Apr 23,1758-9193,BMC,False,True,373,72195,70.7,0,0,0
PMC11044850,Risk of Long-Term Ischemic Stroke in Patients With Traumatic Brain Injury and Incident Hypertension,38666008,10.1089/neur.2024.0015,CC BY,Neurotrauma Rep,2024,2024 Apr 22,2689-288X,SAGE Publications,False,True,204,20559,20.4,0,0,0
PMC11055154,Exploring Lifestyle Factors and Treatment Adherence among Older Adults with Hypertension Attending a Mobile Health Unit (MHU) in a Rural Area of Central Portugal,38674805,10.3390/nu16081112,CC BY,Nutrients,2024,2024 Apr 10,2072-6643,Multidisciplinary Digital Publishing Institute (MDPI),False,True,353,49030,48.4,0,0,0
PMC11059984,Resveratrol Has Histone 4 and Beta-Defensin 1-Mediated Favorable Biotherapeutic Effects on Liver and Other Target Organs in Diabetic Rats,39128051,10.5152/tjg.2024.23068,CC BY,Turk J Gastroenterol,2024,2024 Mar 1,1300-4948,Turkish Society of Gastroenterology,False,True,321,39501,39.0,0,0,0
PMC11063022,Expression patterns of novel immunotherapy targets in intermediate- and high-grade lung neuroendocrine neoplasms,38693435,10.1007/s00262-024-03704-7,CC BY,Cancer Immunol Immunother,2024,2024 May 2,0340-7004,Springer,False,True,394,63673,62.6,0,0,0
PMC11075875,"Prevalence of undiagnosed diabetes mellitus and associated factors among adult residents of Mizan Aman town, Southwest Ethiopia: Community-based cross-sectional study",38713690,10.1371/journal.pone.0302167,CC BY,PLoS One,2024,2024 May 7,1932-6203,PLOS,False,True,795,74311,73.2,0,20,0
PMC11093484,Precise and safe pulmonary segmentectomy enabled by visualizing cancer margins with dual-channel near-infrared fluorescence,38241308,10.1097/JS9.0000000000001045,CC BY-ND,Int J Surg,2024,2024 Jan 18,1743-9191,,False,True,283,51844,50.9,0,0,0
PMC11093495,A commentary on ‘Organ preservation strategies after neoadjuvant chemoimmunotherapy in resectable non-small cell lung cancer: a multicenter retrospective cohort study’,38445491,10.1097/JS9.0000000000001229,CC BY-SA,Int J Surg,2024,2024 Mar 4,1743-9191,,False,True,110,8001,7.9,0,0,0
PMC11112893,A comparison of oral bacteriome isolated from periodontal pockets of participants with or without diabetes mellitus in Uganda: a case control study,38778408,10.1186/s13104-024-06804-w,CC BY,BMC Res Notes,2024,2024 May 22,1756-0500,BMC,False,True,300,33756,33.1,0,0,0
PMC11134622,Current status of electronic health literacy among pregnant women with gestational diabetes mellitus and their perceptions of online health information: a mixed-methods study,38807050,10.1186/s12884-024-06594-w,CC BY,BMC Pregnancy Childbirth,2024,2024 May 28,1471-2393,BMC,False,True,425,58273,57.3,0,0,0
PMC11135165,Alcohol Use Disorder and Dementia: A Review,38812709,10.35946/arcr.v44.1.03,CC0,Alcohol Res,2024,2024 May 23,2168-3492,National Institute on Alcohol Abuse and Alcoholism,True,True,610,139752,137.7,0,0,0
PMC11157728,"Minimisation of dialysis risk in hospital patients with chronic kidney disease (MinDial): study protocol for a multicentre, stepped-wedge, cluster-randomised controlled trial",38849916,10.1186/s13063-024-08182-x,CC BY,Trials,2024,2024 Jun 7,1745-6215,BMC,False,True,715,72630,71.4,0,0,0
PMC11163696,Determinants of mortality in hypertensive patients admitted with COVID-19: a single-centre retrospective study at a tertiary hospital in South Africa,38858632,10.1186/s12872-024-03964-2,CC BY,BMC Cardiovasc Disord,2024,2024 Jun 10,1471-2261,BMC,False,True,458,51359,50.9,0,0,0
PMC11189917,Deep Ensemble learning and quantum machine learning approach for Alzheimer’s disease detection,38902368,10.1038/s41598-024-61452-1,CC BY,Sci Rep,2024,2024 Jun 20,2045-2322,Nature Publishing Group,False,True,214,38747,38.0,0,0,0
PMC11190273,Gliovascular transcriptional perturbations in Alzheimer’s disease reveal molecular mechanisms of blood brain barrier dysfunction,38902234,10.1038/s41467-024-48926-6,CC BY,Nat Commun,2024,,2041-1723,Nature Publishing Group,False,True,676,164269,161.5,0,0,0
PMC11193202,"Age, sex and Alzheimer’s disease: a longitudinal study of 3xTg-AD mice reveals sex-specific disease trajectories and inflammatory responses mirrored in postmortem brains from Alzheimer’s patients",38909241,10.1186/s13195-024-01492-x,CC BY,Alzheimers Res Ther,2024,2024 Jun 22,1758-9193,BMC,False,True,415,112452,110.8,0,0,0
PMC11203558,Immune Checkpoint Inhibitors in Non-Small Cell Lung Cancer (NSCLC) Treatment: Quo Vadis?,38928013,10.3390/ijms25126309,CC BY,Int J Mol Sci,2024,2024 Jun 7,1422-0067,Multidisciplinary Digital Publishing Institute (MDPI),False,True,82,13858,13.6,0,0,0
PMC11210264,The association between diabetes mellitus and prostate cancer: a meta-analysis and Mendelian randomization,38836754,10.18632/aging.205886,CC BY,Aging (Albany NY),2024,2024 Jun 4,1945-4589,"Impact Journals, LLC",False,True,267,33146,32.5,0,0,0
PMC11213983,The effect of diabetes mellitus on perioperative outcomes after colorectal resection: a national cohort study,38760264,10.1016/j.bja.2024.04.010,CC BY,Br J Anaesth,2024,2024 May 16,0007-0912,Elsevier,False,True,432,46222,45.7,0,0,0
PMC11216020,Functional autoantibodies against G protein-coupled receptors in hepatic and pulmonary hypertensions in human schistosomiasis,38953035,10.3389/fimmu.2024.1404384,CC BY,Front Immunol,2024,2024 Jun 17,1664-3224,Frontiers Media SA,False,True,241,37741,37.1,0,0,0
PMC11219383,"Genetically Proxied Therapeutic Effect of Metformin Use, Blood Pressure, and Hypertension’s Risk: a Drug Target-Based Mendelian Randomization Study",38012470,10.1007/s12265-023-10460-z,CC BY,J Cardiovasc Transl Res,2023,2023 Nov 27,1937-5387,,False,True,218,25755,25.4,0,0,0
PMC11221832,Overview of global healthcare policies for patients with chronic kidney disease: an integrative literature review,39046071,10.31744/einstein_journal/2024RW0519,CC BY,Einstein (Sao Paulo),2024,2024 Jul 2,1679-4508,Instituto de Ensino e Pesquisa Albert Einstein,True,True,594,69625,68.1,0,0,0
PMC11232199,Combined expert-in-the-loop—random forest multiclass segmentation U-net based artificial intelligence model: evaluation of non-small cell lung cancer in fibrotic and non-fibrotic microenvironments,38978066,10.1186/s12967-024-05394-2,CC BY,J Transl Med,2024,2024 Jul 8,1479-5876,BMC,False,True,321,47649,46.8,0,0,0
PMC11238481,Stereotactic body radiation therapy for multiple lung cancers in a patient with six primary cancers: a case report,38987857,10.1186/s13256-024-04633-w,CC BY,J Med Case Rep,2024,2024 Jul 11,1752-1947,BMC,False,True,200,24704,24.2,0,0,0
PMC11241132,Resistance Exercise Training as a New Trend in Alzheimer’s Disease Research: From Molecular Mechanisms to Prevention,39000191,10.3390/ijms25137084,CC BY,Int J Mol Sci,2024,2024 Jun 27,1422-0067,Multidisciplinary Digital Publishing Institute (MDPI),False,True,359,82108,80.5,0,0,0
PMC11242587,Associations between Diabetes Mellitus and Selected Cancers,39000583,10.3390/ijms25137476,CC BY,Int J Mol Sci,2024,2024 Jul 8,1422-0067,Multidisciplinary Digital Publishing Institute (MDPI),False,True,808,211934,207.6,0,0,0
PMC11249421,Continued decline in the incidence of myocardial infarction beyond the COVID-19 pandemic: a nationwide study of the Swedish population aged 60 and older during 2015–2022,38652414,10.1007/s10654-024-01118-4,CC BY,Eur J Epidemiol,2024,2024 Apr 23,0393-2990,,False,True,202,37861,37.1,0,0,0
PMC11254205,A commentary on ‘Impact of lymphadenectomy extent on immunotherapy efficacy in postresectional recurred non-small cell lung cancer: a multi-institutional retrospective cohort study’,38477108,10.1097/JS9.0000000000001347,CC BY-SA,Int J Surg,2024,2024 Mar 12,1743-9191,,False,True,107,7746,7.6,0,0,0
PMC11254288,Intentional wedge resection versus segmentectomy for ≤2 cm ground-glass-opacity-dominant non-small cell lung cancer: a real-world study using inverse probability of treatment weighting,38518080,10.1097/JS9.0000000000001361,CC BY-SA,Int J Surg,2024,2024 Mar 21,1743-9191,,False,True,348,39711,39.1,0,0,0
PMC11260076,Secretomic changes of amyloid beta peptides on Alzheimer’s disease related proteins in differentiated human SH-SY5Y neuroblastoma cells,39035166,10.7717/peerj.17732,CC0,PeerJ,2024,2024 Jul 17,2167-8359,"PeerJ, Inc",False,True,324,55539,54.5,0,0,0
PMC11262345,Physical Activity and Hypertension,39077709,10.31083/j.rcm2309302,CC BY,Rev Cardiovasc Med,2022,2022 Sep 5,1530-6550,IMR Press,False,True,392,72663,71.5,0,0,0
PMC11267951,"Dietary adherence and associated factors among hypertensive patients in governmental hospitals of Guji zone, Oromia, Ethiopia",39044296,10.1186/s41043-024-00598-0,CC BY,J Health Popul Nutr,2024,2024 Jul 23,1606-0997,BMC,False,True,387,50140,49.2,0,0,0
PMC11288809,Random forest model used to predict the medical out-of-pocket costs of hypertensive patients,39086805,10.3389/fpubh.2024.1382354,CC BY,Front Public Health,2024,2024 Jul 17,2296-2565,Frontiers Media SA,False,True,315,46148,45.3,0,0,0
PMC11300943,The Effect of Bone Marrow Mesenchymal Stem Cells on Nestin and Sox-2 Gene Expression and Spatial Learning (Percent Alternation Y-Maze Test) against AlCl3-Induced Alzheimer’s-like Pathology in a Rat Model,39114632,10.30476/ijms.2023.98912.3104,CC BY-ND,Iran J Med Sci,2024,2024 Jul 1,0253-0716,Shiraz University of Medical Sciences,False,True,262,35346,34.7,0,0,0
PMC11313584,Incident heart failure in chronic kidney disease: proteomics informs biology and risk stratification,38757788,10.1093/eurheartj/ehae288,CC BY,Eur Heart J,2024,,0195-668X,Oxford University Press,True,True,469,72704,71.2,0,0,0
PMC11340942,"Tamsulosin use in benign prostatic hyperplasia and risks of Parkinson’s disease, Alzheimer’s disease and mortality: An observational cohort study of elderly Medicare enrollees",39172922,10.1371/journal.pone.0309222,CC0,PLoS One,2024,2024 Aug 22,1932-6203,PLOS,False,True,552,55057,54.3,0,0,0
PMC11346707,Impact of Hypertension on the Dose-Response Association Between Physical Activity and Stroke: A Cohort Study,39114902,10.1161/STROKEAHA.123.045870,CC BY,Stroke,2024,2024 Aug 8,0039-2499,,False,True,240,38125,37.4,0,0,0
PMC11346952,An approach to integrated management of diabetes in tuberculosis patients: Availability and readiness of the health facilities of Bangladesh,39186706,10.1371/journal.pone.0309372,CC BY,PLoS One,2024,2024 Aug 26,1932-6203,PLOS,False,True,265,34797,34.1,0,0,0
PMC11349176,"Perception and coping mechanisms of patients with diabetes mellitus during the COVID-19 pandemic in Ibadan, Nigeria",39190716,10.1371/journal.pone.0309451,CC BY,PLoS One,2024,2024 Aug 27,1932-6203,PLOS,False,True,1119,101600,99.6,0,0,0
PMC11349294,Disentangling the relationship between cancer mortality and COVID-19 in the US,39190600,10.7554/eLife.93758,CC0,eLife,2024,2024 Aug 27,2050-084X,"eLife Sciences Publications, Ltd",True,True,812,115337,113.8,0,0,0
PMC11353311,Impact of the COVID-19 Pandemic on the Diagnosis of Malignant Neoplasia of the Bronchus and Lung in the Burgos Region,39201235,10.3390/healthcare12161677,CC BY,Healthcare (Basel),2024,2024 Aug 22,2227-9032,Multidisciplinary Digital Publishing Institute (MDPI),False,True,327,40843,40.1,0,0,0
PMC11357349,Therapeutic Potential of Various Intermittent Fasting Regimens in Alleviating Type 2 Diabetes Mellitus and Prediabetes: A Narrative Review,39203828,10.3390/nu16162692,CC BY,Nutrients,2024,2024 Aug 14,2072-6643,Multidisciplinary Digital Publishing Institute (MDPI),False,True,472,86056,84.1,0,0,0
PMC11357982,Markers of imminent myocardial infarction,39196201,10.1038/s44161-024-00422-2,CC BY,Nat Cardiovasc Res,2024,2024 Feb 12,2731-0590,,False,True,390,65690,64.5,0,0,0
PMC11368228,Diabetes mellitus in patients with heart failure and effect modification of risk factors for short-term mortality: An observational study from the Registro Colombiano de Falla Cardíaca (RECOLFACA),39079149,10.7705/biomedica.6951,CC BY,Biomedica,2024,2024 May 31,0120-4157,"Instituto Nacional de Salud, Colombia",True,True,550,57517,56.5,0,0,0
PMC11392073,Prediction of the pathological subtypes by intraoperative frozen section for patients with cT1N0M0 invasive lung adenocarcinoma (ECTOP-1015): a prospective multicenter study,38781043,10.1097/JS9.0000000000001667,CC BY-SA,Int J Surg,2024,2024 May 23,1743-9191,,False,True,432,44770,44.1,0,0,0
PMC11392149,Assessment of surgery delay-associated risk in resectable stages I–IIIA non-small-cell lung cancer,38729116,10.1097/JS9.0000000000001612,CC BY-SA,Int J Surg,2024,2024 May 9,1743-9191,,False,True,151,11057,10.9,0,0,0
PMC11407953,Missed opportunities for hypertension screening of older people in the Philippines: cross-sectional analysis of nationally representative individual-level data,39296578,10.1016/j.lanwpc.2024.101188,CC BY,Lancet Reg Health West Pac,2024,2024 Sep 4,2666-6065,Elsevier,True,True,403,59851,59.0,0,0,0
PMC11410575,Cardiovascular risk assessment using non-laboratory based WHO CVD risk prediction chart with respect to hypertension status among older Indian adults: insights from nationally representative survey,39301516,10.3389/fpubh.2024.1407918,CC BY,Front Public Health,2024,2024 Sep 5,2296-2565,Frontiers Media SA,False,True,360,54612,53.7,0,0,0
PMC11411240,Comparison of histopathological and triphenyl tetrazolium chloride test in diagnosing myocardial infarction: An autopsy study,39301274,10.12688/f1000research.152421.1,CC BY,F1000Res,2024,2024 Sep 12,2046-1402,Faculty of 1000 Ltd,False,True,417,31983,31.3,0,0,0
PMC11444230,The role of first-trimester systemic immune-inflammation index for the prediction of gestational diabetes mellitus,39356958,10.1590/1806-9282.20240532,CC BY,Rev Assoc Med Bras (1992),1992,2024 Sep 30,0104-4230,Associação Médica Brasileira,True,True,170,23039,22.7,0,0,0
PMC11445359,Adherence to the dietary approaches to stop hypertension diet reduces the risk of diabetes mellitus: a systematic review and dose-response meta-analysis,38816664,10.1007/s12020-024-03882-5,CC BY,Endocrine,2024,2024 May 30,1355-008X,,False,True,365,68960,68.0,0,0,0
PMC11460644,Investigation of serum Metrnl levels in pregnant women with gestational diabetes mellitus: a prospective non-interventional cohort study,39383393,10.1590/1806-9282.20240660,CC BY,Rev Assoc Med Bras (1992),1992,2024 Oct 7,0104-4230,Associação Médica Brasileira,True,True,259,29803,29.3,0,0,0
PMC11462739,"Private provider practices and incentives for hypertension management in rural and peri-urban Telangana, India– a qualitative study",39385278,10.1186/s12913-024-11560-5,CC BY,BMC Health Serv Res,2024,2024 Oct 9,1472-6963,BMC,False,True,454,55810,55.0,0,0,0
PMC11483014,NIAGADS: A Comprehensive National Data Repository for Alzheimer’s Disease and Related Dementia Genetics and Genomics Research,39417134,10.1101/2024.10.07.24315029,CC BY-ND,medRxiv,2024,2024 Dec 7,,Cold Spring Harbor Laboratory Preprints,False,True,444,92037,90.3,0,0,0
PMC11484852,"National trends in type 2 diabetes mellitus stratified by central adiposity using waist-to-height ratio in South Korea, 2005–2022",39414865,10.1038/s41598-024-75002-2,CC BY,Sci Rep,2024,2024 Oct 16,2045-2322,Nature Publishing Group,False,True,537,94707,93.1,0,0,0
PMC11485294,Insufficient evidence for an association between iatrogenic Alzheimer's disease and cadaveric pituitary‐derived growth hormone,39034810,10.1002/alz.14127,CC BY,Alzheimers Dement,2024,2024 Jul 22,1552-5260,Wiley,True,True,141,16299,16.0,0,0,0
PMC11510088,The Role of Vericiguat in Early Phases of Anterior Myocardial Infarction: A Potential Game-Changer?,39459382,10.3390/medicina60101595,CC BY,Medicina (Kaunas),2024,2024 Sep 28,1010-660X,Multidisciplinary Digital Publishing Institute (MDPI),False,True,220,38332,37.5,0,0,0
PMC11526289,Use of Telenursing in the conservative treatment of patients with chronic renal insufficiency: scoping review,39476138,10.1590/1518-8345.7013.4359,CC BY,Rev Lat Am Enfermagem,2024,2024 Oct 25,0104-1169,"Escola de Enfermagem de Ribeirao Preto, Universidade de Sao Paulo",True,True,1025,123998,123.6,0,0,0
PMC11537125,Acetate-producing bacterium Paenibacillus odorifer hampers lung cancer growth in lower respiratory tract: an in vitro study,39365050,10.1128/spectrum.00719-24,CC BY,Microbiol Spectr,2024,2024 Oct 4,2165-0497,American Society for Microbiology (ASM),True,True,235,46999,46.0,0,0,0
PMC11546175,Epigenetic DNA Methylation and Protein Homocysteinylation: Key Players in Hypertensive Renovascular Damage,39519150,10.3390/ijms252111599,CC BY,Int J Mol Sci,2024,2024 Oct 29,1422-0067,Multidisciplinary Digital Publishing Institute (MDPI),False,True,493,114972,112.5,0,0,0
PMC11561119,Multi-trait association analysis reveals shared genetic loci between Alzheimer’s disease and cardiovascular traits,39537608,10.1038/s41467-024-53452-6,CC BY,Nat Commun,2024,2024 Nov 13,2041-1723,Nature Publishing Group,False,True,430,80724,79.9,0,0,0
PMC11575783,Genomic variants associated with type 2 diabetes mellitus among Filipinos,39561140,10.1371/journal.pone.0312291,CC BY,PLoS One,2024,2024 Nov 19,1932-6203,PLOS,False,True,457,59554,58.4,0,0,0
PMC11580841,Age- and amyloid-β-dependent initiation of neurofibrillary tau tangles: an improved mouse model of Alzheimer’s disease without mutations in MAPT,39574656,10.1101/2024.11.04.621900,CC BY-ND,bioRxiv,2024,2024 Nov 4,2692-8205,Cold Spring Harbor Laboratory Preprints,False,True,207,35250,34.6,0,0,0
PMC11583597,"Brain uptake pharmacokinetics of albiglutide, dulaglutide, tirzepatide, and DA5-CH in the search for new treatments of Alzheimer’s and Parkinson’s diseases",38095516,10.1080/21688370.2023.2292461,CC0,Tissue Barriers,2023,2023 Dec 14,2168-8362,Taylor & Francis,True,True,460,87062,86.5,0,0,0
PMC11594033,"Prevalence and Determinants of Household Self-Reported Diabetes Mellitus in Gauteng, South Africa",39595804,10.3390/ijerph21111537,CC BY,Int J Environ Res Public Health,2024,2024 Nov 20,1661-7827,Multidisciplinary Digital Publishing Institute (MDPI),False,True,374,45955,45.3,0,0,0
PMC11600683,"The relationship between serum levels of LOX-1, hs-cTnT, NGAL, and renal function, and their diagnostic value in patients with chronic kidney disease: a retrospective study",39604892,10.1186/s12882-024-03875-6,CC BY,BMC Nephrol,2024,2024 Nov 27,1471-2369,BMC,False,True,270,37075,36.6,0,0,0
PMC11608614,"Reproducibility of daytime hypertension, night-time hypertension, and nocturnal blood pressure dipping patterns in young to middle age patients with stage 1 hypertension",39288253,10.1097/HJH.0000000000003874,CC BY,J Hypertens,2024,2024 Oct 11,0263-6352,,False,True,263,42662,42.1,0,0,0
PMC11634311,Osteoprotegerina e Disfunção Vascular em Pacientes com Doença Renal Crônica Estágio 3 e em Pacientes sem Disfunção Renal: Estudo Caso-Controle,39607169,10.36660/abc.20240122,CC BY,Arq Bras Cardiol,2024,2024 Nov 7,0066-782X,Sociedade Brasileira de Cardiologia,False,True,552,70932,70.6,0,0,0
PMC11637408,Association between Angiotensin-converting enzyme (ACE) insertion/deletion polymorphism and hypertension in a Ghanaian population,39666621,10.1371/journal.pone.0311692,CC BY,PLoS One,2024,2024 Dec 12,1932-6203,PLOS,True,True,676,62273,61.1,0,0,0
PMC11643159,Alzheimer’s Disease Sequencing Project Release 4 Whole Genome Sequencing Dataset,39677464,10.1101/2024.12.03.24317000,CC BY-ND,medRxiv,2024,,,Cold Spring Harbor Laboratory Preprints,True,True,576,106362,104.5,0,0,0
PMC11645421,The Effect of Eight Weeks of High-Intensity Interval Training on Follistatin Gene Expression in the Fast and Slow Twitch Muscles of Rats with Myocardial Infarction,39678528,10.30476/ijms.2024.99387.3141,CC BY-ND,Iran J Med Sci,2024,2024 Nov 1,0253-0716,Shiraz University of Medical Sciences,False,True,275,31044,30.4,0,0,0
PMC11676660,Impact of the COVID-19 pandemic on lung cancer diagnosis in northern Poland–addressing the COVID-19 debt,39729487,10.1371/journal.pone.0316261,CC BY,PLoS One,2024,2024 Dec 27,1932-6203,PLOS,True,True,234,29201,28.6,0,0,0
PMC11698444,Disparities in time to treatment initiation of invasive lung cancer among Black and White patients in Tennessee,39752448,10.1371/journal.pone.0311186,CC0,PLoS One,2025,2025 Jan 3,1932-6203,PLOS,False,True,393,60034,59.2,0,0,0
PMC11711671,Atopic dermatitis and diabetes mellitus—is there a link?,39652177,10.1007/s00105-024-05440-6,CC BY,Dermatologie (Heidelb),2024,2024 Dec 9,2731-7005,,False,True,231,28660,28.4,0,0,0
PMC11720251,Hypertension: A Continuing Public Healthcare Issue,39795981,10.3390/ijms26010123,CC BY,Int J Mol Sci,2024,2024 Dec 26,1422-0067,Multidisciplinary Digital Publishing Institute (MDPI),False,True,297,75231,73.6,0,0,0
PMC11739250,Anti-hypertensive medications and erectile dysfunction: focus on β-blockers,39269577,10.1007/s12020-024-04020-x,CC BY,Endocrine,2024,2024 Sep 13,1355-008X,,False,True,540,87649,86.3,0,0,0
PMC11745611,Salvage surgery and conversion surgery for patients with nonsmall cell lung cancer: a narrative review,38990285,10.1097/JS9.0000000000001921,CC BY-SA,Int J Surg,2024,2024 Jul 11,1743-9191,,False,True,364,60755,59.9,0,0,0
PMC11765393,Associations Between Diabetes Mellitus and Neurodegenerative Diseases,39859258,10.3390/ijms26020542,CC BY,Int J Mol Sci,2025,2025 Jan 10,1422-0067,Multidisciplinary Digital Publishing Institute (MDPI),False,True,795,227612,223.6,0,0,0
PMC11771898,Alzheimer’s disease image classification based on enhanced residual attention network,39869613,10.1371/journal.pone.0317376,CC BY,PLoS One,2025,2025 Jan 27,1932-6203,PLOS,False,True,979,78385,76.9,0,0,0
PMC11801616,Impact of type 2 diabetes mellitus on results in the animal naming test in patients with and without liver cirrhosis,39913415,10.1371/journal.pone.0316490,CC BY,PLoS One,2025,2025 Feb 6,1932-6203,PLOS,False,True,332,37118,36.3,0,0,0
PMC11801730,"The impact of apolipoprotein E, type ∊4 allele on Alzheimer’s disease pathological biomarkers: a comprehensive post-mortem pilot-analysis",39913635,10.1371/journal.pone.0303486,CC0,PLoS One,2025,2025 Feb 6,1932-6203,PLOS,False,True,253,60695,60.0,0,0,0
PMC11835506,Myocardial Fibroblast Activation After Acute Myocardial Infarction: A Positron Emission Tomography and Magnetic Resonance Study,39772364,10.1016/j.jacc.2024.10.103,CC BY,J Am Coll Cardiol,2025,,0735-1097,,False,True,392,56061,55.3,0,0,0
PMC11849043,Qing-Xin-Jie-Yu Granule attenuates myocardial infarction-induced inflammatory response by regulating the MK2/TTP pathway,39980416,10.1080/13880209.2025.2467377,CC BY,Pharm Biol,2025,2025 Feb 21,1388-0209,Taylor & Francis,True,True,288,61410,60.7,0,0,0
PMC11852269,Propionate and butyrate counteract renal damage and progression to chronic kidney disease,38794880,10.1093/ndt/gfae118,CC BY,Nephrol Dial Transplant,2024,2024 May 24,0931-0509,Oxford University Press,True,True,420,75927,75.1,0,0,0
PMC11892870,"Kaempferia parviflora extract and its methoxyflavones as potential anti-Alzheimer assessing in vitro, integrated computational approach, and in vivo impact on behaviour in scopolamine-induced amnesic mice",40063637,10.1371/journal.pone.0316888,CC0,PLoS One,2025,2025 Mar 10,1932-6203,PLOS,False,True,434,89814,88.6,0,0,0
PMC11908747,Cutaneous manifestations of diabetes mellitus: a narrative review,40105573,10.31744/einstein_journal/2025RW1193,CC BY,Einstein (Sao Paulo),2025,2025 Mar 10,1679-4508,Instituto de Ensino e Pesquisa Albert Einstein,True,True,266,51803,50.7,0,0,0
PMC11918843,Association between lipoprotein(a) and coronary heart disease risk in type 2 diabetes mellitus and evaluation of statin treatment effects,40105548,10.1590/1806-9282.20240870,CC BY,Rev Assoc Med Bras (1992),1992,2025 Mar 17,0104-4230,Associação Médica Brasileira,True,True,202,25604,25.1,0,0,0
PMC11924289,Blood biomarker profiles in young-onset neurocognitive disorders: A cohort study,39825484,10.1177/00048674241312805,CC BY,Aust N Z J Psychiatry,2025,2025 Jan 17,0004-8674,,False,True,353,58222,57.3,0,0,0
PMC11925477,Association between pre-existing cardiovascular risk factors and post-acute sequelae of COVID-19 in older adults,39949251,10.23938/ASSN.1103,CC BY-SA,An Sist Sanit Navar,2025,2025 Feb 14,1137-6627,Departamento de Salud del Gobierno de Navarra,True,True,286,42461,41.6,0,0,0
PMC11929527,Implications of a new clinical classification of acute myocardial infarction,39824208,10.1093/ehjacc/zuaf002,CC BY,Eur Heart J Acute Cardiovasc Care,2025,2025 Jan 18,2048-8726,Oxford University Press,True,True,361,51159,50.5,0,0,0
PMC11965360,Global research trends of tumor microenvironment in non-small cell lung cancer with epidermal growth factor receptor mutation: a bibliometric analysis from 2014 to 2023,40181972,10.3389/fimmu.2025.1555216,CC BY,Front Immunol,2025,2025 Mar 20,1664-3224,Frontiers Media SA,False,True,286,39800,39.3,0,0,0
PMC11972561,Tumor marker elevations in chronic kidney disease: a retrospective study,40191749,10.7717/peerj.19240,CC BY,PeerJ,2025,2025 Apr 3,2167-8359,"PeerJ, Inc",False,True,332,37344,36.6,0,0,0
PMC11975859,Knowledge domains and hotspots of the association between hypertension and noise: a bibliometric analysis and visualization study from 2003 to 2023,40201787,10.3389/fcvm.2025.1492051,CC BY,Front Cardiovasc Med,2025,2025 Mar 25,2297-055X,Frontiers Media SA,False,True,330,54175,53.3,0,0,0
PMC11980039,Metabolomics for the Identification of Biomarkers in Kidney Diseases,40212952,10.7150/ntno.108320,CC BY,Nanotheranostics,2025,2025 Mar 24,2206-7418,Ivyspring International Publisher,False,True,368,63684,62.2,0,0,0
PMC11988729,"Assessing the Impact of Hypertension on Health-Related Quality of Life: Insights from Sociodemographic, Economic, and Clinical Features Using SF-36",40218136,10.3390/healthcare13070838,CC BY,Healthcare (Basel),2025,2025 Apr 7,2227-9032,Multidisciplinary Digital Publishing Institute (MDPI),False,True,328,46377,45.7,0,0,0
PMC12017104,"Incidence Trends of Type 2 Diabetes Mellitus, Medication-Induced Diabetes, and Monogenic Diabetes in Canadian Children, Then (2006–2008) and Now (2017–2019)",40303241,10.1155/2023/5511049,CC BY,Pediatr Diabetes,2023,2023 Nov 14,1399-543X,Maximum Academic Press,False,True,322,52815,52.1,0,0,0
PMC12040632,Expression Pattern Study of miR-200a and XIAP Gene in the Non-small Cell Lung Cancer Patients’ Blood,40223411,10.61186/ibj.4354,CC BY-ND,Iran Biomed J,2024,2024 Dec 29,1028-852X,Pasteur Institute of Iran,False,True,271,28560,27.9,0,0,0
PMC12051716,"Exploring Knowledge of Hypertension and Treatment Adherence in Hypertensive Patients From Lahore, Pakistan",40330332,10.7759/cureus.81762,CC BY,Cureus,2025,2025 Apr 5,2168-8184,Cureus Inc.,False,True,316,40018,39.2,0,0,0
PMC12057956,Association between hypertension and self-perception of health status: Findings from a decade population-based survey in Spanish adults,40333948,10.1371/journal.pone.0322577,CC BY,PLoS One,2025,2025 May 7,1932-6203,PLOS,False,True,1073,108306,106.6,0,0,0
PMC12067569,Psychological insulin resistance among patients with diabetes mellitus in Botswana,40336418,10.4102/phcfm.v17i1.4752,CC BY,Afr J Prim Health Care Fam Med,2025,2025 Apr 22,2071-2928,AOSIS,False,True,363,37788,37.1,0,0,0
PMC12096032,Triple synchronous primary lung adenocarcinoma: A diagnostic challenge,40279496,10.23938/ASSN.1104,CC BY-SA,An Sist Sanit Navar,2025,2025 Apr 25,1137-6627,Departamento de Salud del Gobierno de Navarra,True,False,170,22295,22.2,0,0,0
PMC12104544,Uncovering Novel Anti-Lung Cancer Compounds: Insights from Marine Sponge-Derived Agents: A Bibliometric Review,40433187,10.30476/ijms.2024.103270.3646,CC BY-ND,Iran J Med Sci,2025,2025 May 1,0253-0716,Shiraz University of Medical Sciences,False,True,463,71290,69.8,0,0,0
PMC12111827,Effect of KLF15-Mediated Circadian Rhythm on Myocardial Infarction: A Narrative Review,40429972,10.3390/ijms26104831,CC BY,Int J Mol Sci,2025,2025 May 18,1422-0067,Multidisciplinary Digital Publishing Institute (MDPI),False,True,304,64401,63.0,0,0,0
PMC12114311,Chronic Hepatitis E Virus Infection Without Liver Injury in a Patient with Chronic Kidney Disease,40430741,10.3390/pathogens14050420,CC BY,Pathogens,2025,2025 Apr 26,2076-0817,Multidisciplinary Digital Publishing Institute (MDPI),False,True,196,28576,28.0,0,0,0
PMC12116197,Incidence of Cardiovascular Events in Hypertensive Patients Based on the Quantity of Major Risk Factors According to the Isfahan Cohort Study,40433464,10.1155/ijhy/3743691,CC BY,Int J Hypertens,2025,2025 May 20,2090-0384,Wiley,False,True,319,47481,47.0,0,0,0
PMC12133462,Gut-associated metabolites and diabetes pathology: a systematic review,40469436,10.3389/fendo.2025.1559638,CC BY,Front Endocrinol (Lausanne),2025,2025 May 21,1664-2392,Frontiers Media SA,True,True,811,92285,91.2,0,0,0
PMC12140463,P-glycoprotein and Alzheimer’s Disease: Threats and Opportunities,40264334,10.1080/17590914.2025.2495632,CC0,ASN Neuro,2025,2025 Apr 23,1759-0914,Taylor & Francis,True,True,352,82711,81.6,0,0,0
PMC12185656,New insights into imaging of pulmonary metastases from extra-thoracic neoplasms,40167931,10.1007/s11547-025-02008-9,CC BY,Radiol Med,2025,2025 Apr 1,0033-8362,,False,True,1212,118056,116.4,0,0,0
PMC12197912,Identification of stable reference genes and differential miRNA expression in Sri Lankan type 2 diabetes mellitus patients: a cross-sectional study,40575262,10.3389/fendo.2025.1554827,CC BY,Front Endocrinol (Lausanne),2025,2025 Jun 12,1664-2392,Frontiers Media SA,False,True,480,57290,56.3,0,0,0
PMC12202395,Impacts of amino acid supplementation on renal function and nutritional parameters in patients with renal insufficiency: bibliometric analysis and meta-analysis,40584098,10.3389/fnut.2025.1594507,CC BY,Front Nutr,2025,2025 Jun 13,2296-861X,Frontiers Media SA,False,True,454,61087,60.1,0,0,0
PMC12212162,Recognition and diagnosis of Alzheimer’s Disease using T1-weighted magnetic resonance imaging via integrating CNN and Swin vision transformer,40532357,10.1016/j.clinsp.2025.100673,CC BY,Clinics (Sao Paulo),2025,2025 Jun 17,1807-5932,Hospital das Clinicas da Faculdade de Medicina da Universidade de Sao Paulo,False,True,326,44591,43.7,0,0,0
PMC12221810,Genetically determined Alzheimer's disease research advances: The Down Syndrome & Autosomal Dominant Alzheimer's Disease 2024 Conference,40604347,10.1002/alz.70309,CC BY,Alzheimers Dement,2025,,1552-5260,Wiley,True,True,526,80255,79.2,0,0,0
PMC12224910,Immunotherapy for hypertensive end-organ damage: a new therapeutic strategy,40134277,10.1042/EBC20243000,CC BY,Essays Biochem,2025,2025 Mar 25,0071-1365,,True,True,259,45417,44.5,0,0,0
PMC12237589,"Comprehensive Assessment of the Impact of Blood Pressure, Body Mass Index, Smoking, and Diabetes on Healthy Life Expectancy in Japan: NIPPON DATA90",39805597,10.2188/jea.JE20240298,CC BY,J Epidemiol,2025,2025 Aug 5,0917-5040,Japan Epidemiological Association,False,True,246,35519,34.9,0,0,0
PMC12238016,Chronic kidney disease as a catalyst for cerebral microbleeds: understanding the underlying mechanisms and treatment approaches,40636365,10.3389/fmed.2025.1578666,CC BY,Front Med (Lausanne),2025,2025 Jun 25,2296-858X,Frontiers Media SA,False,True,510,98520,96.7,0,0,0
PMC12244252,"Effect of Magnesium Supplements on Improving Glucose Control, Blood Pressure and Lipid Profile in Patients With Type 2 Diabetes Mellitus: A systematic review and meta-analysis",40641714,10.18295/2075-0528.2848,CC BY-ND,Sultan Qaboos Univ Med J,2025,2025 May 16,2075-051X,Sultan Qaboos University,True,True,308,53745,52.8,0,0,0
PMC12245100,Identification of risk factors in myocardial infarction with non-obstructive coronary arteries,40638468,10.1590/1806-9282.20242040,CC BY,Rev Assoc Med Bras (1992),1992,2025 Jul 7,0104-4230,Associação Médica Brasileira,True,True,253,25573,25.1,0,0,0
PMC12255961,Management of Elevated Blood Pressure and Hypertension in Hospitalized Non-hypertensive Patients: A Systematic Guideline Review,40656280,10.7759/cureus.85904,CC BY,Cureus,2025,2025 Jun 13,2168-8184,Cureus Inc.,False,True,224,48527,47.5,0,0,0
PMC12276399,A Novel CLTC::RPS6KB1 Fusion in a Poorly Differentiated Carcinoma Involving the Lung and Mediastinum,40091373,10.1177/10668969251323935,CC BY,Int J Surg Pathol,2025,2025 Mar 16,1066-8969,,False,True,135,17030,16.7,0,0,0
PMC12280729,The Epidemiology of Alzheimer's Disease Modifiable Risk Factors and Prevention,34101789,10.14283/jpad.2021.15,CC BY,J Prev Alzheimers Dis,2021,2021 Apr 10,2274-5807,Elsevier,False,True,317,67372,66.0,0,0,0
PMC12280795,Diagnosis of Early Alzheimer's Disease: Clinical Practice in 2021,34101796,10.14283/jpad.2021.23,CC BY,J Prev Alzheimers Dis,2021,2021 Jun 9,2274-5807,Elsevier,False,True,452,94762,92.8,0,0,0
PMC12289147,Use of automated quantitative pupillometric evaluation for monitoring the severity of diabetic retinopathy,33470340,10.5935/0004-2749.20210007,CC BY,Arq Bras Oftalmol,2025,2025 Feb 2,0004-2749,Conselho Brasileiro de Oftalmologia,False,True,264,37566,36.9,0,0,0
PMC12316839,Post-myocardial Infarction Cardiac Remodeling: Multidimensional Mechanisms and Clinical Prospects of Stem Cell Therapy,40323498,10.1007/s12015-025-10888-7,CC BY,Stem Cell Rev Rep,2025,2025 May 5,2629-3269,,True,True,1503,434429,425.4,0,0,0
PMC12342259,Association between homocysteine levels and hypertension prevalence as well as all-cause mortality and cardiovascular mortality among hypertensive patients: A population-based study,40794648,10.1371/journal.pone.0330267,CC BY,PLoS One,2025,2025 Aug 12,1932-6203,PLOS,False,True,304,42519,41.8,0,0,0
PMC12352845,Cannabidiol improves learning and memory deficits and alleviates anxiety in 12-month-old SAMP8 mice,40811673,10.1371/journal.pone.0296586,CC0,PLoS One,2025,2025 Aug 14,1932-6203,PLOS,False,True,260,54305,53.4,0,0,0
PMC1236936,Validation of self reported diagnosis of hypertension in a cohort of university graduates in Spain,16156889,10.1186/1471-2458-5-94,CC BY,BMC Public Health,2005,2005 Sep 12,1471-2458,BMC,False,True,253,29476,29.0,0,0,0
PMC12438852,The relationship between depressive symptoms and medication adherence among individuals with hypertension: An updated systematic review,,10.1192/j.eurpsy.2025.1255,CC BY,Eur Psychiatry,2025,2025 Aug 26,0924-9338,Cambridge University Press,False,True,72,3286,3.2,0,0,0
PMC12451019,Chronic kidney disease and valvular heart disease: State of the art,40976977,10.14814/phy2.70544,CC BY,Physiol Rep,2025,2025 Sep 21,2051-817X,Wiley,True,True,281,70858,70.2,0,0,0
PMC12469920,Hyperuricemia in Chronic Kidney Disease: Emerging Pathophysiology and a Novel Therapeutic Strategy,41009566,10.3390/ijms26189000,CC BY,Int J Mol Sci,2025,2025 Sep 16,1422-0067,Multidisciplinary Digital Publishing Institute (MDPI),False,True,312,63177,61.8,0,0,0
PMC1247478,"Lead, Diabetes, Hypertension, and Renal Function: The Normative Aging Study",15289163,10.1289/ehp.7024,CC0,Environ Health Perspect,2004,2004 Jun 3,0091-6765,American Chemical Society,False,True,255,40947,40.2,0,0,0
PMC1247618,Lung Cancer in Railroad Workers Exposed to Diesel Exhaust,15531439,10.1289/ehp.7195,CC0,Environ Health Perspect,2004,2004 Aug 5,0091-6765,American Chemical Society,False,True,278,44558,43.9,0,0,0
PMC12477764,Correlation analysis of ApoB and TyG index levels with residual cardiovascular risk in patients with acute myocardial infarction,41030852,10.3389/fendo.2025.1542190,CC BY,Front Endocrinol (Lausanne),2025,2025 Sep 2,1664-2392,Frontiers Media SA,False,True,331,48386,47.5,0,0,0
PMC12482560,GDF15 attenuates myocardial infarction-induced injury by preserving mitochondrial function and suppressing oxidative stress,41023695,10.1186/s40001-025-03144-8,CC BY,Eur J Med Res,2025,2025 Sep 29,0949-2321,BMC,False,True,242,42899,42.4,0,0,0
PMC12482903,A meta-analysis about the relationship of serum nesfatin-1 levels in patients with type 2 diabetes mellitus,40865110,10.7705/biomedica.7708,CC BY,Biomedica,2025,2025 Aug 11,0120-4157,"Instituto Nacional de Salud, Colombia",True,False,306,32878,32.7,0,0,0
PMC12483167,Association of copeptin levels in the postpartum period with gestational diabetes,41004665,10.20945/2359-4292-2025-0053,CC BY,Arch Endocrinol Metab,2025,2025 Sep 22,2359-3997,Sociedade Brasileira de Endocrinologia e Metabologia,False,True,230,30609,30.0,0,0,0
PMC12492052,Contemporary Incidence and Survival of Lung Neuroendocrine Neoplasms,41037264,10.1001/jamanetworkopen.2025.35125,CC BY,JAMA Netw Open,2025,,2574-3805,,False,True,334,41847,40.9,0,0,0
PMC12503227,Histological Analysis of Arterial and Venous Grafts Used in Coronary Bypass for Patients With Renal Insufficiency: A Prospective Multicentre Observational Study,40991346,10.1093/icvts/ivaf222,CC BY,Interdiscip Cardiovasc Thorac Surg,2025,2025 Sep 24,2753-670X,Oxford University Press,True,True,415,35714,35.3,0,0,0
PMC12520724,Relationship between dietary inflammatory index and risk of gestational diabetes mellitus: a systematic review,41098672,10.61622/rbgo/2025rbgo34,CC BY,Rev Bras Ginecol Obstet,2025,2025 Sep 8,0100-7203,Federação Brasileira das Associações de Ginecologia e Obstetrícia,True,True,305,37197,36.4,0,0,0
PMC12539876,Management and optimization of chronic renal insufficiency in the setting of kidney cancer A Systematic Review,40658472,10.1590/S1677-5538.IBJU.2025.0303,CC BY,Int Braz J Urol,2025,2025 Jun 15,1677-5538,Brazilian Society of Urology,True,True,269,35326,34.5,0,0,0
PMC12542130,"Hypertension prevalence and associated factors among bank workers in Africa, 2024: a systematic review and meta-analysis ",41126137,10.1186/s12889-025-24706-9,CC BY,BMC Public Health,2025,2025 Oct 22,1471-2458,BMC,False,True,583,77641,76.7,0,0,0
PMC12561165,Data Augmentation-Enhanced Myocardial Infarction Classification and Localization Using a ResNet-Transformer Cascaded Network,41154828,10.3390/biology14101425,CC BY,Biology (Basel),2025,2025 Oct 16,2079-7737,Multidisciplinary Digital Publishing Institute (MDPI),True,True,526,73889,72.5,0,0,0
PMC12585095,"Green synthesis of silver nanoparticles from Brownlowia tersa leaf extract: multifaceted evaluation of antibacterial, antioxidant, cytotoxic, and anti-alzheimer potential",41187208,10.1371/journal.pone.0335524,CC0,PLoS One,2025,2025 Nov 4,1932-6203,PLOS,False,True,2026,182216,179.1,0,7,0
PMC12626506,Pan-cancer multi-omics profiling of MS4A2 unveils its functional landscape in lung adenocarcinoma,40607924,10.1097/JS9.0000000000002903,CC BY-SA,Int J Surg,2025,2025 Jul 2,1743-9191,,False,True,276,56466,55.5,0,0,0
PMC12630314,The role of renal denervation for the treatment of hypertension in patients with chronic kidney disease: a position paper of the Italian Society of Nephrology,40920285,10.1007/s40620-025-02406-2,CC BY,J Nephrol,2025,2025 Sep 8,1121-8428,,False,True,464,85967,84.4,0,0,0
PMC12634942,The future of biomarkers for vascular contributions to cognitive impairment and dementia (VCID): proceedings of the 2025 annual workshop of the Albert research institute for white matter and cognition,40542975,10.1007/s11357-025-01746-y,CC BY,GeroScience,2025,2025 Jun 21,2509-2715,Springer,True,True,310,69795,68.4,0,0,0
PMC12645157,A systems immunology analysis of Alzheimer's disease reveals an age‐ and environmental exposure‐independent disturbance in B cell maturation,41287979,10.1002/alz.70952,CC BY,Alzheimers Dement,2025,2025 Nov 25,1552-5260,Wiley,True,True,356,61309,60.7,0,0,0
PMC12651626,Contribution of Final-Year Medical Students to Hypertension Diagnosis in Primary Care Units,41294647,10.3390/clinpract15110216,CC BY,Clin Pract,2025,2025 Nov 20,2039-7275,Multidisciplinary Digital Publishing Institute (MDPI),False,True,330,52400,51.3,0,0,0
PMC12669179,γδ T cells in diabetes mellitus: dual roles and therapeutic implications,41341586,10.3389/fimmu.2025.1693466,CC BY,Front Immunol,2025,2025 Nov 18,1664-3224,Frontiers Media SA,False,True,477,101212,100.2,0,0,0
PMC12678194,Identification of an Exosomal miRNA Signature in Newly Diagnosed Essential Hypertensive Adults,41356094,10.3389/bjbs.2025.14780,CC BY,Br J Biomed Sci,2025,2025 Nov 21,0967-4845,Frontiers Media SA,True,True,505,76960,75.6,0,0,0
PMC12711146,Preoperative glycemic response to a very low-calorie diet predicts long-term type 2 diabetes remission after bariatric surgery,41417301,10.1590/0102-67202025000050e1919,CC BY,Arq Bras Cir Dig,2025,2025 Dec 19,0102-6720,Colégio Brasileiro de Cirurgia Digestiva,True,True,302,29540,29.0,0,0,0
PMC12726608,Hypertension's underestimated role in dementia,,10.1002/alz70860_105645,CC BY,Alzheimers Dement,2025,2025 Dec 23,1552-5260,Wiley,True,True,70,3083,3.0,0,0,0
PMC12760238,Mechanisms of Generating Health Disparities in the Risk of Alzheimer’s Disease,,10.1093/geroni/igaf122.2042,CC BY,Innov Aging,2025,2025 Dec 31,2399-5300,Oxford University Press,True,False,47,3471,3.4,0,0,0
PMC12778126,Thoracic splenosis initially misdiagnosed as lung neoplasms: An unusual case and literature review,41496102,10.1097/MD.0000000000047056,CC BY,Medicine (Baltimore),2026,2026 Jan 2,0025-7974,Wolters Kluwer Health,False,True,126,12656,12.4,0,0,0
PMC12802613,From fragmented to integrated healthcare managing hypertension post-stroke: a qualitative study,41541850,10.3389/fstro.2025.1453087,CC BY,Front Stroke,2025,2025 Jan 30,2813-3056,Frontiers Media SA,False,True,378,67712,66.4,0,0,0
PMC12810801,Quality of life in hypertensive patients using the WHOQOL-BREF instrument in the post-pandemic Bangladesh: A cross-sectional study,41544084,10.1371/journal.pone.0340897,CC BY,PLoS One,2026,2026 Jan 16,1932-6203,PLOS,False,True,1163,126612,124.7,0,0,0
PMC12811966,Passive smoking and the risk of hypertension in nonsmoking adults: a systematic review and meta-analysis,41551450,10.7717/peerj.20639,CC BY,PeerJ,2026,2026 Jan 14,2167-8359,"PeerJ, Inc",False,True,287,49159,48.2,0,0,0
PMC12820519,Proprotein Convertase Subtilisin/Kexin Type 9 Induces Platelet‐Derived Transforming Growth Factor‐β to Promote Myocardial Fibrosis After Myocardial Infarction,41573336,10.1155/humu/4574795,CC BY,Hum Mutat,2026,2026 Jan 21,1059-7794,Wiley,False,True,383,50538,50.1,0,0,0
PMC12820609,Collagen XV preserves heart function and protects from pathological remodelling after myocardial infarction,40832756,10.1111/febs.70212,CC BY,FEBS J,2025,2025 Aug 20,1742-464X,,False,True,399,89971,91.1,0,0,0
PMC12827185,The latest progression of N6-methyladenosine (m6A) RNA modification in diabetes mellitus and diabetic complications,41585810,10.3389/fendo.2025.1705600,CC BY,Front Endocrinol (Lausanne),2026,2026 Jan 9,1664-2392,Frontiers Media SA,False,True,375,69650,68.4,0,0,0
PMC12868036,"Effect of patient education in improving quality of life, fatigue and anxiety in people diagnosed with lung cancer: systematic review",41632307,10.1007/s00520-026-10331-8,CC BY,Support Care Cancer,2026,2026 Feb 3,0941-4355,,True,True,317,51761,50.9,0,0,0
PMC12953007,Mutations in ammonia transporter RhBG that impair NH3/NH4 + transport in patients with chronic kidney disease,41674104,10.1113/JP288958,CC BY,J Physiol,2026,2026 Feb 11,0022-3751,,True,True,719,110964,111.5,0,0,0
PMC12969435,Managing Acute Myocardial Infarction in Remote Oman: Real-world data from Al Wusta Governorate,41809612,10.18295/2075-0528.2969,CC BY-ND,Sultan Qaboos Univ Med J,2026,2026 Feb 17,2075-051X,Sultan Qaboos University,True,True,292,38526,37.8,0,0,0
PMC12995263,Association Between Depression and Increased Odds of Inpatient Mortality Following Hip Fracture Repair,41837885,10.5435/JAAOSGlobal-D-25-00292,CC BY-ND,J Am Acad Orthop Surg Glob Res Rev,2026,2026 Mar 16,2474-7661,Wolters Kluwer Health,False,True,283,39169,38.3,0,0,0
PMC13019561,Quantifying Change in Proteinuria After Acute Kidney Injury Among Patients With Chronic Kidney Disease: Findings From the Chronic Renal Insufficiency Cohort (CRIC) Study,41908617,10.1016/j.xkme.2026.101272,CC BY,Kidney Med,2026,2026 Jan 29,2590-0595,Elsevier,False,True,323,42761,41.9,0,0,0
PMC13036687,Preoperative Contrast-enhanced CT Features Associated with Occult Lymph Node Metastasis in Early-Stage Solid Non–Small Cell Lung Cancer,41790023,10.1148/rycan.250448,CC BY,Radiol Imaging Cancer,2026,2026 Mar 6,2638-616X,Radiological Society of North America,True,True,450,53748,52.9,0,0,0
PMC13037665,Computed Tomography-Guided Percutaneous Core Needle Biopsy of Lung Lesions: Factors influencing diagnostic yield and complications,41924208,10.18295/2075-0528.2980,CC BY-ND,Sultan Qaboos Univ Med J,2026,2026 Mar 13,2075-051X,Sultan Qaboos University,True,True,385,38238,37.7,0,0,0
PMC13061220,White matter microstructure disruption associated with PET and cognitive impairment in Alzheimer’s disease,41950270,10.1371/journal.pone.0346661,CC0,PLoS One,2026,2026 Apr 8,1932-6203,PLOS,False,True,371,58174,57.7,0,0,0
PMC13073800,Chronic Kidney Disease and Cellular Senescence,41977388,10.3390/ijms27073205,CC BY,Int J Mol Sci,2026,2026 Apr 1,1422-0067,Multidisciplinary Digital Publishing Institute (MDPI),False,True,712,142192,139.0,0,0,0
PMC13078772,"Profile, follow-up adherence and progression of people with advanced chronic kidney disease in specialized care centers: a retrospective study, Santa Catarina state, Brazil, 2021-2024",42718411,10.1590/S2237-96222026v35e20250690.en,CC BY,Epidemiol Serv Saude,2026,2026 Apr 10,1679-4974,Secretaria de Vigilância em Saúde e Ambiente - Ministério da Saúde do Brasil,True,True,472,56061,55.6,0,0,0
PMC13083371,Short-Term Safety and Healthcare Utilization Following Intragastric Balloon Placement in Patients With and Without Diabetes Mellitus: A Propensity-Matched Analysis,41870788,10.1007/s11695-026-08622-4,CC BY,Obes Surg,2026,2026 Mar 23,0960-8923,,False,True,448,73733,72.5,0,0,0
PMC13094361,Enhancing Diagnostic Pathways for Bronchopulmonary Neuroendocrine Tumors: Assessment of the South Wales Neuroendocrine Tumor Service Transformation,42007770,10.1111/1759-7714.70282,CC BY,Thorac Cancer,2026,2026 Apr 20,1759-7706,Wiley,True,True,302,40488,40.2,0,0,0
PMC13115799,Predictive Biomarkers for Coronary Collateral Circulation Development After Myocardial Infarction,42074310,10.3390/ijms27083671,CC BY,Int J Mol Sci,2026,2026 Apr 20,1422-0067,Multidisciplinary Digital Publishing Institute (MDPI),False,True,465,77603,76.0,0,0,0
PMC13132715,Metabolic syndrome and kidney dysfunction: emerging molecular and cellular mechanisms at the metabolic–renal interface,42077451,10.3389/fendo.2026.1785937,CC BY,Front Endocrinol (Lausanne),2026,2026 Apr 17,1664-2392,Frontiers Media SA,False,True,487,89416,87.9,0,0,0
PMC13137938,Methodological Considerations in Interpreting Mortality Trends in Aortic Dissection Among Hypertensive Adults,42080761,10.1002/clc.70340,CC BY,Clin Cardiol,2026,2026 May 4,0160-9289,Wiley,False,True,96,6203,6.1,0,0,0
PMC13143615,"Prognostic nutritional index, Naples prognostic score and Osaka prognostic score as predictors of acute respiratory distress syndrome in non-diabetes mellitus patients with sepsis: a loss of predictive efficacy of NPS and OPS in diabetes mellitus cohorts",42100206,10.3389/fendo.2026.1760773,CC BY,Front Endocrinol (Lausanne),2026,2026 Apr 22,1664-2392,Frontiers Media SA,False,True,391,55664,54.9,0,0,0
PMC13154082,Integrated Echo-Hemodynamic Framework for VA-ECMO in Right Ventricular Infarction,41885661,10.1016/j.jaccas.2026.107617,CC BY,JACC Case Rep,2026,2026 Mar 25,2666-0849,Elsevier,False,True,317,35776,35.1,0,0,0
PMC13166505,"Trends, pathological classification of renal diseases proved by biopsy: A 10-year retrospective cohort study in an East Chinese Tertiary Center",42116397,10.1097/MD.0000000000048595,CC BY,Medicine (Baltimore),2026,2026 May 8,0025-7974,Wolters Kluwer Health,False,True,328,40585,40.2,0,0,0
PMC13170013,"Hypertension is a marker of the micro-epidemiologic transition in ageing HIV populations in Kenya, Uganda and Tanzania (AFRICOS, 2013–2023)",41928188,10.1186/s12889-026-27241-3,CC BY,BMC Public Health,2026,2026 Apr 2,1471-2458,BMC,False,True,470,70607,69.9,0,0,0
PMC13189452,Bioinformatics Combined With Biological Experiments to Explore the Promotion of Lung Metastasis by CCL18 in the Immune Microenvironment of Colorectal Cancer,42170304,10.1155/humu/1943814,CC BY,Hum Mutat,2026,2026 May 20,1059-7794,Wiley,False,True,330,57057,56.2,0,0,0
PMC13190168,Association between hypertension and risk of respiratory failure and mortality in patients with COVID-19: a retrospective cohort study with predictive model development,42180703,10.3389/fmed.2026.1825373,CC BY,Front Med (Lausanne),2026,2026 May 7,2296-858X,Frontiers Media SA,False,True,600,80249,79.3,0,0,0
PMC13204155,MicroRNAs in Pediatric Primary Hypertension: Promising Biomarkers or Context-Dependent Regulators?—A Narrative Review,42193987,10.3390/biom16050636,CC BY,Biomolecules,2026,2026 Apr 24,2218-273X,Multidisciplinary Digital Publishing Institute (MDPI),False,True,403,85478,83.7,0,0,0
PMC13205020,Ultra-Processed Foods and Chronic Kidney Disease: Is Inflammaging the Missing Link?,42194010,10.3390/biom16050660,CC BY,Biomolecules,2026,2026 Apr 29,2218-273X,Multidisciplinary Digital Publishing Institute (MDPI),False,True,367,82482,80.8,0,0,0
PMC13218652,Subsequent Hypertension’s Mediation of the Association Between Sleep Duration Trajectories and New-Onset Cardiovascular Disease: Population-Based Cohort Study,42208063,10.2196/78914,CC BY,JMIR Aging,2026,2026 May 28,2561-7605,JMIR Publications Inc.,True,True,454,77046,75.8,0,0,0
PMC13224957,Diabetes mellitus with inadequate blood sugar control increases mortality in Brazilian older adults: evidence from ELSI-Brazil,42233866,10.1590/0102-311XPT163525,CC BY,Cad Saude Publica,2026,2026 May 29,0102-311X,"Escola Nacional de Saúde Pública Sergio Arouca, Fundação Oswaldo Cruz",False,False,334,55449,55.4,0,0,0
PMC13229207,P2X7 receptor and neuroinflammation in neurodegenerative disorders: an autoradiography study with [18F]JNJ-64413739,41944714,10.1097/MNM.0000000000002153,CC BY,Nucl Med Commun,2026,2026 Jun 2,0143-3636,,False,True,246,39726,39.4,0,2,0
PMC13249244,Proteome-wide genetic study identified therapeutic targets for early-onset and late-onset Alzheimer’s disease,42682321,10.1097/JS9.0000000000005020,CC BY-SA,Int J Surg,2026,2026 Mar 4,1743-9191,,False,True,314,66878,65.8,0,0,0
PMC13253839,Exploring the characteristics of gut microbiome changes in lung cancer patients and healthy controls,42000796,10.1038/s41598-026-48560-w,CC BY,Sci Rep,2026,2026 Apr 18,2045-2322,Nature Publishing Group,False,True,295,63139,62.1,0,0,1
PMC13265864,"The Association Between Pulmonary Hypertension, End-Stage Kidney Disease, and Death: An Analysis of the Chronic Renal Insufficiency Cohort Study (CRIC)",42305861,10.1016/j.xkme.2026.101399,CC BY,Kidney Med,2026,2026 May 12,2590-0595,Elsevier,False,True,375,43874,42.9,0,0,0
PMC13280542,Hormone secretion predicts poor prognosis in lung neuroendocrine neoplasms,42227353,10.1530/ERC-26-0142,CC BY,Endocr Relat Cancer,2026,2026 Jun 18,1351-0088,,False,True,295,43353,42.6,0,0,0
PMC13313068,Decoding inflammation: first-trimester biomarkers as predictive tools for gestational diabetes,42385047,10.1590/1806-9282.20251962,CC BY,Rev Assoc Med Bras (1992),1992,2026 Jun 29,0104-4230,Associação Médica Brasileira,True,True,267,29623,29.2,0,0,0
PMC13314499,SASP-mediated cellular senescence following myocardial infarction: from spatiotemporal immune regulation to therapeutic strategies,42382762,10.3389/fimmu.2026.1850084,CC BY,Front Immunol,2026,2026 Jun 16,1664-3224,Frontiers Media SA,False,True,499,136344,133.9,0,0,0
PMC13316862,Relationship between lower urinary system symptoms and urinary incontinence in women with gestational diabetes,42384970,10.1590/1806-9282.20251467,CC BY,Rev Assoc Med Bras (1992),1992,2026 Jun 26,0104-4230,Associação Médica Brasileira,True,True,241,31604,31.2,0,0,0
PMC13322747,Relationship between medication class and ambulatory blood pressure profile in the chronic renal insufficiency cohort (CRIC) study,42251167,10.1038/s41371-026-01166-1,CC BY,J Hum Hypertens,2026,2026 Jun 6,0950-9240,,True,True,372,61327,60.6,0,0,0
PMC13346366,GLP-1 receptor agonists in atherosclerotic cardiovascular disease and diabetes mellitus or obesity: investigation of the potential role in a German inpatient dataset,40839017,10.1007/s00392-025-02735-z,CC BY,Clin Res Cardiol,2025,2025 Aug 21,1861-0684,,False,True,328,43985,43.2,0,0,0
PMC13361392,"Food-Derived Multi-Target Antihypertensive Peptides: Sources, Mechanisms and AI-Driven Strategies",42450468,10.3390/foods15132349,CC BY,Foods,2026,2026 Jul 2,2304-8158,Multidisciplinary Digital Publishing Institute (MDPI),False,True,341,89067,87.1,0,0,0
PMC13437241,Phosphate homeostasis and apparent treatment-resistant hypertension in chronic kidney disease: the Chronic Renal Insufficiency Cohort (CRIC) study,42310367,10.1038/s41440-026-02706-5,CC BY,Hypertens Res,2026,2026 Jun 17,0916-9636,,False,True,405,70844,69.9,0,0,0
PMC13451477,Empagliflozin’s Effects on Carotid Ultrasound Parameters in Type 2 Diabetes Patients Post-ST-Elevation Myocardial Infarction: A Randomized Controlled Trial,42571075,10.30476/ijms.2026.109620.4497,CC BY-ND,Iran J Med Sci,2026,2026 Jul 1,0253-0716,Shiraz University of Medical Sciences,False,True,310,44024,43.2,0,0,0
PMC13452781,In-hospital outcomes among patients admitted for myocardial infarction with coexisting respiratory syncytial virus versus influenza infections,41917518,10.1007/s11739-026-04335-9,CC BY,Intern Emerg Med,2026,2026 Mar 31,1828-0447,,False,True,206,27974,27.6,0,0,0
PMC13459720,Clinical profile of acute myocardial infarction: the Registry of Acute Medical Emergencies registry,42585422,10.1590/1806-9282.20251775,CC BY,Rev Assoc Med Bras (1992),1992,2026 Aug 10,0104-4230,Associação Médica Brasileira,True,True,245,29285,28.7,0,0,0
PMC13481201,Chronic obstructive pulmonary disease and diabetes mellitus: a bidirectional meta-analysis of risk and comorbidity burden,42614200,10.3389/fendo.2026.1912659,CC BY,Front Endocrinol (Lausanne),2026,2026 Aug 4,1664-2392,Frontiers Media SA,False,True,487,88157,86.6,0,0,0
PMC13494960,Current Status of Multidisciplinary Team Consultation for Lung Cancer and Prospects under the Empowerment of Medical Large Models,42452866,10.3779/j.issn.1009-3419.2026.106.12,CC BY,Zhongguo Fei Ai Za Zhi,2026,,1009-3419,Editorial office of Chinese Journal of Lung Cancer,False,False,168,19116,32.8,0,0,6634
PMC13532949,Unveiling the role of the venous system in arterial hypertension: A computational study,42535304,10.1113/JP289895,CC BY,J Physiol,2026,2026 Jul 31,0022-3751,,True,True,407,60731,60.0,0,0,0
PMC1361785,Left ventricular geometric patterns in newly presenting nigerian hypertensives: An echocardiographic study,16426452,10.1186/1471-2261-6-4,CC BY,BMC Cardiovasc Disord,2006,2006 Jan 20,1471-2261,BMC,False,True,261,28469,27.8,0,0,0
PMC1395330,Left ventricular free wall impeding rupture in post-myocardial infarction period diagnosed by myocardial contrast echocardiography: Case report,16438720,10.1186/1476-7120-4-7,CC BY,Cardiovasc Ultrasound,2006,2006 Jan 26,1476-7120,BMC,False,True,102,16357,16.0,0,0,0
PMC1479320,Chronic renal insufficiency among Asian Indians with type 2 diabetes: I. Role of RAAS gene polymorphisms,16672053,10.1186/1471-2350-7-42,CC BY,BMC Med Genet,2006,2006 May 3,1471-2350,BMC,False,True,374,42529,41.7,0,0,0
PMC1501045,Under- treatment and under diagnosis of hypertension: a serious problem in the United Arab Emirates,16753071,10.1186/1471-2261-6-24,CC BY,BMC Cardiovasc Disord,2006,2006 Jun 6,1471-2261,BMC,False,True,239,29739,29.1,0,0,0
PMC1559700,"Prevalence of self-reported hypertension and its relation to dietary habits, in adults; a nutrition & health survey in Greece",16904009,10.1186/1471-2458-6-206,CC BY,BMC Public Health,2006,2006 Aug 13,1471-2458,BMC,False,True,277,46361,45.4,0,0,0
PMC1559722,Negative association of endothelial nitric oxide gene polymorphism with hypertension in Turkish patients: effect of ecNOS polymorphism on left ventricular hypertrophy,16923191,10.1186/1476-7120-4-33,CC BY,Cardiovasc Ultrasound,2006,2006 Aug 21,1476-7120,BMC,False,True,215,25551,25.0,0,0,0
PMC1594582,"A randomized, double blind, cross-over, placebo-controlled clinical trial to assess the effects of Candesartan on the insulin sensitivity on non diabetic, non hypertense subjects with dysglyce mia and abdominal obesity. ""ARAMIA""",16959033,10.1186/1745-6215-7-28,CC BY,Trials,2006,2006 Sep 7,1745-6215,BMC,False,True,474,55827,54.6,0,0,0
PMC1877813,Does the aldosterone: renin ratio predict the efficacy of spironolactone over bendroflumethiazide in hypertension? A clinical trial protocol for RENALDO (RENin-ALDOsterone) study,17490489,10.1186/1471-2261-7-14,CC BY,BMC Cardiovasc Disord,2007,2007 May 9,1471-2261,BMC,False,True,279,33458,32.7,0,0,0
PMC1947951,Resequencing PNMT in European hypertensive and normotensive individuals: no common susceptibilily variants for hypertension and purifying selection on intron 1,17645789,10.1186/1471-2350-8-47,CC BY,BMC Med Genet,2007,2007 Jul 23,1471-2350,BMC,False,True,306,47951,46.9,0,0,0
PMC2024828,Proceedings: Humoral immunity in human lung neoplasms,1212359,10.1038/bjc.1975.166,CC BY,Br J Cancer,1975,,0007-0920,Nature Publishing Group,False,False,36,2721,2.7,0,0,0
PMC2065870,Interactions between the adducin 2 gene and antihypertensive drug therapies in determining blood pressure in people with hypertension,17854487,10.1186/1471-2350-8-61,CC BY,BMC Med Genet,2007,2007 Sep 13,1471-2350,BMC,False,True,269,49056,47.9,0,0,0
PMC2223512,"Comparative analysis of expression of the proprotein convertases furin, PACE4, PC1 and PC2 in human lung tumours",9166946,10.1038/bjc.1997.258,CC BY,Br J Cancer,1997,,0007-0920,Nature Publishing Group,False,False,75,37624,36.8,0,5,0
PMC2275772,Therapeutic strategies to slow chronic kidney disease progression,18335252,10.1007/s00467-008-0789-y,CC BY,Pediatr Nephrol,2008,2008 May 1,0931-041X,,False,True,346,67766,66.3,0,0,0
PMC2287188,Association of dopaminergic pathway gene polymorphisms with chronic renal insufficiency among Asian Indians with type-2 diabetes,18366720,10.1186/1471-2156-9-26,CC BY,BMC Genet,2008,2008 Mar 22,1471-2156,BMC,False,True,322,36436,35.7,0,0,0
PMC2430541,Endothelial nitric oxide synthase gene polymorphisms and cardiovascular damage in hypertensive subjects: an Italian case-control study,18510731,10.1186/1742-4933-5-4,CC BY,Immun Ageing,2008,2008 May 29,1742-4933,BMC,False,True,265,29453,28.9,0,0,0
PMC2432046,The interaction of vasoactive substances during exercise modulates platelet aggregation in hypertension and coronary artery disease,18505546,10.1186/1471-2261-8-11,CC BY,BMC Cardiovasc Disord,2008,2008 May 27,1471-2261,BMC,False,True,252,39017,38.2,0,0,0
PMC2453232,iTRAQ Analysis of Complex Proteome Alterations in 3xTgAD Alzheimer's Mice: Understanding the Interface between Physiology and Disease,18648646,10.1371/journal.pone.0002750,CC0,PLoS One,2008,2008 Jul 23,1932-6203,PLOS,False,True,605,89852,88.0,0,0,0
PMC2519786,Mechanisms of Hybrid Oligomer Formation in the Pathogenesis of Combined Alzheimer's and Parkinson's Diseases,18769546,10.1371/journal.pone.0003135,CC0,PLoS One,2008,2008 Sep 4,1932-6203,PLOS,False,True,426,93992,92.8,0,0,0
PMC2600791,Nephrotic syndrome and kidney failure due to immunocomplex-mediated renal damage in a patient with Waldenström's Macroglobulinemia: a case report,19019245,10.1186/1757-1626-1-333,CC BY,Cases J,2008,2008 Nov 19,1757-1626,BMC,False,True,131,19853,19.4,0,0,0
PMC2632987,Inter-practice variation in diagnosing hypertension and diabetes mellitus: a cross-sectional study in general practice,19159455,10.1186/1471-2296-10-6,CC BY,BMC Fam Pract,2009,2009 Jan 21,1471-2296,BMC,False,True,204,26120,25.5,0,0,0
PMC2649159,Recent developments in Alzheimer's disease therapeutics,19228370,10.1186/1741-7015-7-7,CC BY,BMC Med,2009,2009 Feb 19,1741-7015,BMC,False,True,164,19291,18.9,0,0,0
PMC2663557,Gene therapy by electroporation for the treatment of chronic renal failure in companion animals,19149896,10.1186/1472-6750-9-4,CC BY,BMC Biotechnol,2009,2009 Jan 16,1472-6750,BMC,False,True,866,52090,51.1,0,0,0
PMC2706218,Profile and predictor of health-related quality of life among hypertensive patients in south-western Nigeria,19534800,10.1186/1471-2261-9-25,CC BY,BMC Cardiovasc Disord,2009,2009 Jun 17,1471-2261,BMC,False,True,327,34940,34.2,0,0,0
PMC2753644,Chronic Obstructive Pulmonary Disease and Altered Risk of Lung Cancer in a Population-Based Case-Control Study,19812684,10.1371/journal.pone.0007380,CC0,PLoS One,2009,2009 Oct 8,1932-6203,PLOS,False,True,330,43600,43.3,0,0,0
PMC2760875,Variations in the transcriptome of Alzheimer's disease reveal molecular networks involved in cardiovascular diseases,18842138,10.1186/gb-2008-9-10-r148,CC BY,Genome Biol,2008,2008 Oct 8,1474-7596,BMC,False,True,465,66023,64.5,0,0,0
PMC2777188,Accumulation of neutral lipids in peripheral blood mononuclear cells as a distinctive trait of Alzheimer patients and asymptomatic subjects at risk of disease,19883495,10.1186/1741-7015-7-66,CC BY,BMC Med,2009,2009 Nov 2,1741-7015,BMC,False,True,296,45104,44.1,0,0,0
PMC2801179,Lung Cancer in a U.S. Population with Low to Moderate Arsenic Exposure,20049123,10.1289/ehp.0900566,CC0,Environ Health Perspect,2009,2009 Jul 2,0091-6765,American Chemical Society,False,True,368,50409,49.6,0,0,0
PMC2808666,Chronic kidney disease and small renal tumors: What urologists should know?,19955687,10.4103/0970-1591.57913,CC BY,Indian J Urol,2009,,0970-1591,Wolters Kluwer -- Medknow Publications,False,True,100,11755,11.5,0,0,0
PMC2831070,Genetic Variability in CLU and Its Association with Alzheimer's Disease,20209083,10.1371/journal.pone.0009510,CC0,PLoS One,2010,2010 Mar 3,1932-6203,PLOS,False,True,254,36694,35.9,0,0,0
PMC2854758,Reduction in Heart Rate Variability with Traffic and Air Pollution in Patients with Coronary Artery Disease,20064780,10.1289/ehp.0901003,CC0,Environ Health Perspect,2009,2009 Nov 18,0091-6765,American Chemical Society,False,True,356,49261,48.7,0,0,0
PMC2855324,Admixture Mapping Scans Identify a Locus Affecting Retinal Vascular Caliber in Hypertensive African Americans: the Atherosclerosis Risk in Communities (ARIC) Study,20419148,10.1371/journal.pgen.1000908,CC BY,PLoS Genet,2010,2010 Apr 15,1553-7390,PLOS,False,True,380,64857,63.7,0,0,0
PMC2855565,Cardiovascular magnetic resonance of the myocardium at risk in acute reperfused myocardial infarction: comparison of T2-weighted imaging versus the circumferential endocardial extent of late gadolinium enhancement with transmural projection,20350309,10.1186/1532-429X-12-18,CC BY,J Cardiovasc Magn Reson,2010,2010 Mar 29,1097-6647,Elsevier,False,True,235,35679,34.9,0,0,0
PMC2888343,"Prevalence, Awareness, Treatment, and Control of Hypertension in Rural Areas of Davanagere",20606939,10.4103/0970-0218.62578,CC BY,Indian J Community Med,2010,,0970-0218,Wolters Kluwer -- Medknow Publications,False,True,189,15325,15.0,0,0,0
PMC2914741,Genetic Variation and Antioxidant Response Gene Expression in the Bronchial Airway Epithelium of Smokers at Risk for Lung Cancer,20689807,10.1371/journal.pone.0011934,CC0,PLoS One,2010,2010 Aug 3,1932-6203,PLOS,False,True,319,59611,58.6,0,0,0
PMC2940768,E-selectin gene polymorphisms are associated with essential hypertension: a case-control pilot study in a Chinese population,20796317,10.1186/1471-2350-11-127,CC BY,BMC Med Genet,2010,2010 Aug 27,1471-2350,BMC,False,True,280,33454,32.8,0,0,0
PMC2944093,No Association between Arsenic Exposure from Drinking Water and Diabetes Mellitus: A Cross-Sectional Study in Bangladesh,20813654,10.1289/ehp.0901559,CC0,Environ Health Perspect,2010,2010 May 13,0091-6765,American Chemical Society,False,True,362,52619,51.8,0,0,0
PMC2958444,The Relationship between the Transforming Growth Factor β1 T29C Gene Polymorphism and Left Ventricular Geometry and Function in Hypertensive Subjects,20981300,10.4061/2010/647147,CC BY,Int J Hypertens,2010,2010 Mar 23,2090-0384,Wiley,False,True,308,34533,34.1,0,0,0
PMC2966442,Cigarette Smoke Induces C/EBP-β-Mediated Activation of miR-31 in Normal Human Respiratory Epithelia and Lung Cancer Cells,21048943,10.1371/journal.pone.0013764,CC0,PLoS One,2010,2010 Oct 29,1932-6203,PLOS,False,True,330,57503,56.3,0,0,0
PMC2999601,Three-dimension structure of ventricular myocardial fibers after myocardial infarction,21092295,10.1186/1749-8090-5-116,CC BY,J Cardiothorac Surg,2010,2010 Nov 23,1749-8090,BMC,False,True,148,18527,18.1,0,0,0
PMC3009734,Loss of Caveolin-1 Accelerates Neurodegeneration and Aging,21203469,10.1371/journal.pone.0015697,CC0,PLoS One,2010,2010 Dec 23,1932-6203,PLOS,False,True,285,56317,55.3,0,0,0
PMC3066207,Psoriasis and Hypertension Severity: Results from a Case-Control Study,21479272,10.1371/journal.pone.0018227,CC BY,PLoS One,2011,2011 Mar 29,1932-6203,PLOS,False,True,263,28925,28.5,0,0,0
PMC3083341,N-terminal-pro-brain natriuretic peptide is decreased in insulin dependent gestational diabetes mellitus: a prospective cohort trial,21489265,10.1186/1475-2840-10-28,CC BY,Cardiovasc Diabetol,2011,2011 Apr 13,1475-2840,BMC,False,True,163,18794,18.4,0,0,0
PMC3103416,Evaluation of the impact of genetic polymorphisms in glutathione-related genes on the association between methylmercury or n-3 polyunsaturated long chain fatty acids and risk of myocardial infarction: a case-control study,21504558,10.1186/1476-069X-10-33,CC BY,Environ Health,2011,2011 Apr 19,1476-069X,BMC,False,True,249,33396,32.6,0,0,0
PMC3112133,"Implementing a hypertension management programme in a rural area: local approaches and experiences from Ba-Vi district, Vietnam",21586119,10.1186/1471-2458-11-325,CC BY,BMC Public Health,2011,2011 May 17,1471-2458,BMC,False,True,343,38823,38.0,0,0,0
PMC3114823,Lung Cancer Incidence and Long-Term Exposure to Air Pollution from Traffic,21227886,10.1289/ehp.1002353,CC0,Environ Health Perspect,2011,2011 Jan 12,0091-6765,American Chemical Society,False,True,331,51099,50.3,0,0,0
PMC3117886,"No Elevated Plasma Catecholamine Levels during Sleep in Newly Diagnosed, Untreated Hypertensives",21695061,10.1371/journal.pone.0021292,CC BY,PLoS One,2011,2011 Jun 17,1932-6203,PLOS,False,True,194,35407,34.8,0,0,0
PMC3124550,Amitriptyline-Mediated Cognitive Enhancement in Aged 3×Tg Alzheimer's Disease Mice Is Associated with Neurogenesis and Neurotrophic Activity,21738757,10.1371/journal.pone.0021660,CC0,PLoS One,2011,2011 Jun 27,1932-6203,PLOS,False,True,252,67838,66.6,0,0,0
PMC3157472,Importance of Suitable Reference Gene Selection for Quantitative Real-Time PCR: Special Reference to Mouse Myocardial Infarction Studies,21858224,10.1371/journal.pone.0023793,CC BY,PLoS One,2011,2011 Aug 17,1932-6203,PLOS,False,True,279,44534,43.6,0,0,0
PMC3167747,Stress induced hypertensive response: should it be evaluated more carefully?,21846346,10.1186/1476-7120-9-22,CC BY,Cardiovasc Ultrasound,2011,2011 Aug 16,1476-7120,BMC,False,True,191,39443,38.5,0,0,0
PMC3172237,"CHD5, a Brain-Specific Paralog of Mi2 Chromatin Remodeling Enzymes, Regulates Expression of Neuronal Genes",21931736,10.1371/journal.pone.0024515,CC0,PLoS One,2011,2011 Sep 13,1932-6203,PLOS,False,True,301,55295,54.2,0,0,0
PMC3207949,Mucoepidermoid carcinoma of the lung: a case report,21985459,10.1186/1749-8090-6-132,CC BY,J Cardiothorac Surg,2011,2011 Oct 11,1749-8090,BMC,False,True,101,10605,10.4,0,0,0
PMC3210140,The effect of breast cancer awareness month on internet search activity - a comparison with awareness campaigns for lung and prostate cancer,21993136,10.1186/1471-2407-11-442,CC BY,BMC Cancer,2011,2011 Oct 12,1471-2407,BMC,False,True,197,36168,35.3,0,0,0
PMC3226486,"A Case–Referent Study of Lung Cancer and Incense Smoke, Smoking, and Residential Radon in Chinese Men",22067552,10.1289/ehp.1002790,CC0,Environ Health Perspect,2011,2011 Nov 1,0091-6765,American Chemical Society,False,True,256,44686,43.8,0,0,0
PMC3226505,Lung Cancer and Cardiovascular Disease Mortality Associated with Ambient Air Pollution and Cigarette Smoke: Shape of the Exposure–Response Relationships,21768054,10.1289/ehp.1103639,CC0,Environ Health Perspect,2011,2011 Jul 19,0091-6765,American Chemical Society,False,True,238,52310,51.4,0,0,0
PMC3236837,Validation of an arterial tortuosity measure with application to hypertension collection of clinical hypertensive patients,22166145,10.1186/1471-2105-12-S10-S15,CC BY,BMC Bioinformatics,2011,2011 Oct 18,1471-2105,BMC,False,True,347,50670,49.5,0,0,0
PMC3241693,Immunoglobulin E and Mast Cell Proteases Are Potential Risk Factors of Human Pre-Diabetes and Diabetes Mellitus,22194960,10.1371/journal.pone.0028962,CC BY,PLoS One,2011,2011 Dec 16,1932-6203,PLOS,False,True,373,48709,48.3,0,0,0
PMC3244409,Plasma Biomarkers of Brain Atrophy in Alzheimer's Disease,22205954,10.1371/journal.pone.0028527,CC0,PLoS One,2011,2011 Dec 21,1932-6203,PLOS,False,True,267,38362,37.7,0,0,0
PMC3261941,Circulating Levels of Persistent Organic Pollutants (POPs) and Carotid Atherosclerosis in the Elderly,22222676,10.1289/ehp.1103563,CC0,Environ Health Perspect,2011,2011 Oct 11,0091-6765,American Chemical Society,False,True,307,48307,47.5,0,0,0
PMC3262743,The Chinese version of the Myocardial Infarction Dimensional Assessment Scale (MIDAS): Mokken scaling,22221696,10.1186/1477-7525-10-2,CC BY,Health Qual Life Outcomes,2012,2012 Jan 5,1477-7525,BMC,False,True,144,19656,19.2,0,0,0
PMC3283716,A Novel Classification of Lung Cancer into Molecular Subtypes,22363766,10.1371/journal.pone.0031906,CC0,PLoS One,2012,2012 Feb 21,1932-6203,PLOS,False,True,501,73952,72.4,0,0,0
PMC3286451,Helicobacter pylori Seropositivity and Risk of Lung Cancer,22384154,10.1371/journal.pone.0032106,CC0,PLoS One,2012,2012 Feb 24,1932-6203,PLOS,False,True,254,39612,38.9,0,0,0
PMC3296233,From Brain to Behavior: Hypertension's Modulation of Cognition and Affect,22518290,10.1155/2012/701385,CC BY,Int J Hypertens,2012,2012 Feb 19,2090-0384,Wiley,False,True,257,70839,69.3,0,0,0
PMC3349540,Non-replication study of a genome-wide association study for hypertension and blood pressure in African Americans,22494468,10.1186/1471-2350-13-27,CC BY,BMC Med Genet,2012,2012 Apr 11,1471-2350,BMC,False,True,343,43206,42.3,0,0,0
PMC3371754,Intelligent ZHENG Classification of Hypertension Depending on ML-kNN and Information Fusion,22701510,10.1155/2012/837245,CC BY,Evid Based Complement Alternat Med,2012,2012 Jun 3,1741-427X,Wiley,False,True,191,21848,21.5,0,0,0
PMC3413657,Mood Disorders and Risk of Lung Cancer in the EAGLE Case-Control Study and in the U.S. Veterans Affairs Inpatient Cohort,22880133,10.1371/journal.pone.0042945,CC0,PLoS One,2012,2012 Aug 7,1932-6203,PLOS,False,True,507,57323,56.6,0,0,0
PMC3414744,Individual-based primary prevention of cardiovascular disease in Cambodia and Mongolia: early identification and management of hypertension and diabetes mellitus,22471424,10.1186/1471-2458-12-254,CC BY,BMC Public Health,2012,2012 Apr 2,1471-2458,BMC,False,True,429,44215,43.2,0,0,0
PMC3438025,Association between human cartilage glycoprotein 39 (YKL-40) and arterial stiffness in essential hypertension,22642467,10.1186/1471-2261-12-35,CC BY,BMC Cardiovasc Disord,2012,2012 May 29,1471-2261,BMC,False,True,292,30590,30.8,0,0,73
PMC3454385,Plasma Based Markers of [11C] PiB-PET Brain Amyloid Burden,23028511,10.1371/journal.pone.0044260,CC0,PLoS One,2012,2012 Sep 24,1932-6203,PLOS,False,True,322,63386,62.3,0,0,0
PMC3464381,Metformin in non-Diabetic Patients Presenting with ST Elevation Myocardial Infarction: Rationale and Design of the Glycometabolic Intervention as Adjunct to Primary Percutaneous Intervention in ST Elevation Myocardial Infarction (GIPS)-III Trial,22968678,10.1007/s10557-012-6413-1,CC BY,Cardiovasc Drugs Ther,2012,2012 Sep 12,0920-3206,,False,True,285,42295,41.5,0,0,0
PMC3493278,"Cardiovascular disease prevalence in patients with inflammatory arthritis, diabetes mellitus and osteoarthritis: a cross-sectional study in primary care",22906083,10.1186/1471-2474-13-150,CC BY,BMC Musculoskelet Disord,2012,2012 Aug 21,1471-2474,BMC,False,True,192,25655,25.2,0,0,0
PMC3503717,Altered Gene Expression Pattern in Peripheral Blood Mononuclear Cells in Patients with Acute Myocardial Infarction,23185530,10.1371/journal.pone.0050054,CC BY,PLoS One,2012,2012 Nov 21,1932-6203,PLOS,False,True,416,43937,43.7,0,0,0
PMC3523141,"Serum Lipid Profile of Newly Diagnosed Hypertensive Patients in Nnewi, South-East Nigeria",23304451,10.1155/2012/710486,CC BY,Int J Hypertens,2012,2012 Dec 4,2090-0384,Wiley,False,True,230,33835,33.3,0,0,0
PMC3544747,Comparing Cognitive and Somatic Symptoms of Depression in Myocardial Infarction Patients and Depressed Patients in Primary and Mental Health Care,23342019,10.1371/journal.pone.0053859,CC BY,PLoS One,2013,2013 Jan 14,1932-6203,PLOS,False,True,238,48867,48.1,0,0,0
PMC3559887,"Neurotrophic and Neuroprotective Actions of (−)- and (+)-Phenserine, Candidate Drugs for Alzheimer’s Disease",23382994,10.1371/journal.pone.0054887,CC0,PLoS One,2013,2013 Jan 30,1932-6203,PLOS,False,True,257,52673,51.8,0,0,0
PMC3566173,Pregnancy Outcomes of Anti-Hypertensives for Women with Chronic Hypertension: A Population-Based Study,23405075,10.1371/journal.pone.0053844,CC BY,PLoS One,2013,2013 Feb 6,1932-6203,PLOS,False,True,357,42729,42.4,0,0,0
PMC3569684,Long-term Exposure to PM2.5 and Incidence of Acute Myocardial Infarction,23204289,10.1289/ehp.1205284,CC0,Environ Health Perspect,2012,2012 Nov 29,0091-6765,American Chemical Society,False,True,207,41615,40.8,0,0,0
PMC3598715,The prevalence of traditional herbal medicine use among hypertensives living in South African communities,23414344,10.1186/1472-6882-13-38,CC BY,BMC Complement Altern Med,2013,2013 Feb 18,1472-6882,BMC,False,True,312,35078,34.6,0,0,0
PMC3599954,Overt diabetes mellitus among newly diagnosed Ugandan tuberculosis patients: a cross sectional study,23497232,10.1186/1471-2334-13-122,CC BY,BMC Infect Dis,2013,2013 Mar 5,1471-2334,BMC,False,True,341,32637,32.1,0,0,0
PMC3600316,The Effect of Alpha-Lipoic Acid on Mitochondrial Superoxide and Glucocorticoid-Induced Hypertension,23533693,10.1155/2013/517045,CC BY,Oxid Med Cell Longev,2013,2013 Feb 26,1942-0900,Wiley,False,True,288,43580,42.9,0,0,0
PMC3607605,"Increasing Trends of Diabetes Mellitus and Body Weight: A Ten Year Observation at Gondar University Teaching Referral Hospital, Northwest Ethiopia",23536904,10.1371/journal.pone.0060081,CC BY,PLoS One,2013,2013 Mar 25,1932-6203,PLOS,False,True,198,18938,18.6,0,0,0
PMC3608613,Longer Telomere Length in Peripheral White Blood Cells Is Associated with Risk of Lung Cancer and the rs2736100 (CLPTM1L-TERT) Polymorphism in a Prospective Cohort Study among Women in China,23555636,10.1371/journal.pone.0059230,CC0,PLoS One,2013,2013 Mar 26,1932-6203,PLOS,False,True,249,36851,36.3,0,0,0
PMC3620691,Delayed ventricular septal rupture complicating acute inferior wall myocardial infarction,23537320,10.1186/1756-0500-6-124,CC BY,BMC Res Notes,2013,2013 Mar 28,1756-0500,BMC,False,True,99,12185,11.9,0,0,0
PMC3623866,Mass Spectrometry Quantification Revealed Accumulation of C-Terminal Fragment of Apolipoprotein E in the Alzheimer's Frontal Cortex,23593485,10.1371/journal.pone.0061498,CC0,PLoS One,2013,2013 Apr 11,1932-6203,PLOS,False,True,191,30867,30.3,0,0,0
PMC3664075,"The natural history of, and risk factors for, progressive Chronic Kidney Disease (CKD): the Renal Impairment in Secondary care (RIISC) study; rationale and protocol",23617441,10.1186/1471-2369-14-95,CC BY,BMC Nephrol,2013,2013 Apr 25,1471-2369,BMC,False,True,483,92985,90.9,0,0,0
PMC3673192,Cardiovascular Outcomes and the Physical and Chemical Properties of Metal Ions Found in Particulate Matter Air Pollution: A QICAR Study,23462649,10.1289/ehp.1205793,CC0,Environ Health Perspect,2013,2013 Mar 5,0091-6765,American Chemical Society,False,True,284,50445,49.7,0,0,0
PMC3679066,"TUSC1, a Putative Tumor Suppressor Gene, Reduces Tumor Cell Growth In Vitro and Tumor Growth In Vivo",23776618,10.1371/journal.pone.0066114,CC0,PLoS One,2013,2013 Jun 11,1932-6203,PLOS,False,True,187,39632,38.8,0,0,0
PMC3713042,Assessment of the Magnitude of Contextual and Individual Demographic Effects on Diabetes Mellitus and Glucose Intolerance in Rural Southwest China: A Multilevel Analysis,23874667,10.1371/journal.pone.0068553,CC BY,PLoS One,2013,2013 Jul 16,1932-6203,PLOS,False,True,282,42219,41.4,0,0,0
PMC3721535,Relationship between left ventricular geometric pattern and systolic and diastolic function in treated Nigerian hypertensives,20224841,,CC BY,Cardiovasc J Afr,2010,,1995-1892,Clinics Cardive Publishing (Pty) Ltd.,True,True,234,29132,28.6,0,0,0
PMC3721765,Relationship between left ventricular diastolic function and geometric patterns in Nigerians with newly diagnosed systemic hypertension,19575081,,CC BY,Cardiovasc J Afr,2009,,1995-1892,Clinics Cardive Publishing (Pty) Ltd.,True,True,237,28206,27.8,0,0,0
PMC3721772,Impact of income on the profile of cardiovascular risk factors among hypertensives in a Nigerian tertiary health centre: a cross-sectional study,19701538,,CC BY,Cardiovasc J Afr,2009,,1995-1892,Clinics Cardive Publishing (Pty) Ltd.,True,True,218,30025,29.4,0,0,0
PMC3721881,"Global cardiovascular risk profiles of untreated hypertensives in an urban, developing community in Africa",21161117,10.5830/CVJA-2010-094,CC BY,Cardiovasc J Afr,2011,,1995-1892,Clinics Cardive Publishing (Pty) Ltd.,True,True,271,41649,40.8,0,0,0
PMC3721905,Early diastolic functional abnormalities in normotensive offspring of Nigerian hypertensives,22732892,10.5830/CVJA-2011-030,CC BY,Cardiovasc J Afr,2012,,1995-1892,Clinics Cardive Publishing (Pty) Ltd.,True,True,266,32266,31.5,0,0,0
PMC3721924,Relationship between Tei index of myocardial performance and left ventricular geometry in Nigerians with systemic hypertension,21713301,10.5830/CVJA-2010-050,CC BY,Cardiovasc J Afr,2011,,1995-1892,Clinics Cardive Publishing (Pty) Ltd.,True,True,217,26821,26.4,0,0,0
PMC3732752,Neuronal Autophagy: Self-eating or Self-cannibalism in Alzheimer’s Disease,23737325,10.1007/s11064-013-1082-4,CC BY,Neurochem Res,2013,2013 Jun 5,0364-3190,,False,True,126,29176,28.7,0,0,0
PMC3736467,Ambulatory Blood Pressure Monitoring in a Cohort of Children Referred with Suspected Hypertension: Characteristics of Children with and without Attention Deficit Hyperactivity Disorder,23970957,10.1155/2013/419208,CC BY,Int J Hypertens,2013,2013 Jul 22,2090-0384,Wiley,False,True,120,20820,20.4,0,0,0
PMC3741956,Genetics of Alzheimer's Disease,23984328,10.1155/2013/254954,CC BY,Biomed Res Int,2013,2013 Jul 25,2314-6133,Wiley,False,True,387,78744,77.3,0,0,0
PMC3742514,Decreases in Electrocardiographic R-Wave Amplitude and QT Interval Predict Myocardial Ischemic Infarction in Rhesus Monkeys with Left Anterior Descending Artery Ligation,23967258,10.1371/journal.pone.0071876,CC BY,PLoS One,2013,2013 Aug 13,1932-6203,PLOS,False,True,219,39759,39.1,0,0,0
PMC3747268,"Myocardial Salvage is Reduced in Primary PCI-Treated STEMI Patients with Microvascular Obstruction, Demonstrated by Early and Late CMR",23977143,10.1371/journal.pone.0071780,CC BY,PLoS One,2013,2013 Aug 19,1932-6203,PLOS,False,True,230,33116,32.6,0,0,0
PMC3750602,Prevalence of herbal and dietary supplement usage in Thai outpatients with chronic kidney disease: a cross-sectional survey,23815983,10.1186/1472-6882-13-153,CC BY,BMC Complement Altern Med,2013,2013 Jul 1,1472-6882,BMC,False,True,380,43426,42.8,0,0,0
PMC3767941,Awareness of hypertension and factors associated with uncontrolled hypertension in Sudanese adults,24217260,10.5830/CVJA-2013-035,CC BY,Cardiovasc J Afr,2013,,1995-1892,Clinics Cardive Publishing (Pty) Ltd.,True,True,248,30791,30.1,0,0,0
PMC3770576,Mitochondrial Haplotypes Associated with Biomarkers for Alzheimer’s Disease,24040196,10.1371/journal.pone.0074158,CC BY,PLoS One,2013,2013 Sep 11,1932-6203,PLOS,False,True,350,58765,57.7,0,0,0
PMC3779177,Joint Modeling of Transitional Patterns of Alzheimer's Disease,24073268,10.1371/journal.pone.0075487,CC0,PLoS One,2013,2013 Sep 20,1932-6203,PLOS,False,True,408,55588,54.4,0,0,0
PMC3809380,Higher Incidence of Lung Adenocarcinomas Induced by DMBA in Connexin 43 Heterozygous Knockout Mice,24199196,10.1155/2013/618475,CC BY,Biomed Res Int,2013,2013 Oct 3,2314-6133,Wiley,False,True,207,24324,23.9,0,0,0
PMC3821857,DOK2 Inhibits EGFR-Mutated Lung Adenocarcinoma,24255704,10.1371/journal.pone.0079526,CC0,PLoS One,2013,2013 Nov 8,1932-6203,PLOS,False,True,251,44160,43.2,0,0,0
PMC3826736,Alzheimer's Disease Risk Assessment Using Large-Scale Machine Learning Methods,24250789,10.1371/journal.pone.0077949,CC0,PLoS One,2013,2013 Nov 8,1932-6203,PLOS,False,True,391,66318,65.1,0,0,0
PMC3830791,Effects of Metoprolol and Nebivolol on Exercise Blood Pressure in Patients with Mild Hypertension,24285938,10.1155/2013/608683,CC BY,ScientificWorldJournal,2013,2013 Oct 29,2356-6140,Wiley,False,True,216,28363,28.0,0,0,0
PMC3848873,Prevalence and risk factors for resistant hypertension among hypertensive patients from a developing country,24053215,10.1186/1756-0500-6-373,CC BY,BMC Res Notes,2013,2013 Sep 21,1756-0500,BMC,False,True,260,38865,38.5,0,0,0
PMC3850679,Vitamin D insufficiency and deficiency with stages of chronic kidney disease in an Asian population,24083392,10.1186/1471-2369-14-206,CC BY,BMC Nephrol,2013,2013 Oct 2,1471-2369,BMC,False,True,198,25717,25.2,0,0,0
PMC3852223,Investigating silent strokes in hypertensives: a magnetic resonance imaging study (ISSYS): rationale and protocol design,24083440,10.1186/1471-2377-13-130,CC BY,BMC Neurol,2013,2013 Oct 2,1471-2377,BMC,False,True,315,42383,41.5,0,0,0
PMC3859216,Connected speech as a marker of disease progression in autopsy-proven Alzheimer’s disease,24142144,10.1093/brain/awt269,CC BY,Brain,2013,2013 Oct 18,0006-8950,Oxford University Press,True,True,257,45803,44.9,0,0,0
PMC3860441,Systems Biology in the study of Neurological Disorders: Focus on Alzheimer’s Disease,23584752,,CC0,Alcohol Res Health,2008,,1535-7414,National Institute on Alcohol Abuse and Alcoholism,False,True,162,33104,32.4,0,0,0
PMC3865210,Deficiency of Ataxia Telangiectasia Mutated Kinase Modulates Cardiac Remodeling Following Myocardial Infarction: Involvement in Fibrosis and Apoptosis,24358288,10.1371/journal.pone.0083513,CC0,PLoS One,2013,2013 Dec 16,1932-6203,PLOS,False,True,266,45120,44.2,0,0,0
PMC3871568,Growth Pattern Analysis of Murine Lung Neoplasms by Advanced Semi-Automated Quantification of Micro-CT Images,24376755,10.1371/journal.pone.0083806,CC BY,PLoS One,2013,2013 Dec 23,1932-6203,PLOS,False,True,316,63020,61.8,0,0,0
PMC3877372,"Effects of Baseline CSF α-Synuclein on Regional Brain Atrophy Rates in Healthy Elders, Mild Cognitive Impairment and Alzheimer’s Disease",24392009,10.1371/journal.pone.0085443,CC0,PLoS One,2013,2013 Dec 31,1932-6203,PLOS,False,True,232,44019,43.3,0,0,0
PMC3900389,"A Neurotoxic Glycerophosphocholine Impacts PtdIns-4, 5-Bisphosphate and TORC2 Signaling by Altering Ceramide Biosynthesis in Yeast",24465216,10.1371/journal.pgen.1004010,CC0,PLoS Genet,2014,2014 Jan 23,1553-7390,PLOS,False,True,325,72224,70.8,0,0,0
PMC3907022,Clustering of transcriptional profiles identifies changes to insulin signaling as an early event in a mouse model of Alzheimer’s disease,24274089,10.1186/1471-2164-14-831,CC BY,BMC Genomics,2013,2013 Nov 25,1471-2164,BMC,False,True,297,52525,51.6,0,0,0
PMC3912196,Autoantibody Profiling for Lung Cancer Screening Longitudinal Retrospective Analysis of CT Screening Cohorts,24498409,10.1371/journal.pone.0087947,CC0,PLoS One,2014,2014 Feb 3,1932-6203,PLOS,False,True,179,27442,26.9,0,0,0
PMC3924195,Determinants of the creatinine clearance to glomerular filtration rate ratio in patients with chronic kidney disease: a cross-sectional study,24305166,10.1186/1471-2369-14-268,CC BY,BMC Nephrol,2013,2013 Dec 5,1471-2369,BMC,False,True,283,34570,34.3,0,0,0
PMC3937145,"Effect of pegloticase on renal function in patients with chronic kidney disease: a post hoc subgroup analysis of 2 randomized, placebo-controlled, phase 3 clinical trials",24447425,10.1186/1756-0500-7-54,CC BY,BMC Res Notes,2014,2014 Jan 21,1756-0500,BMC,True,True,233,28120,27.9,0,0,0
PMC3946345,Acupuncture Modulates Resting State Hippocampal Functional Connectivity in Alzheimer Disease,24603951,10.1371/journal.pone.0091160,CC0,PLoS One,2014,2014 Mar 6,1932-6203,PLOS,False,True,317,46555,45.8,0,0,0
PMC3951206,Limited health literacy is associated with low glomerular filtration in the Chronic Renal Insufficiency Cohort (CRIC) study,24219913,10.5414/CN108062,CC BY,Clin Nephrol,2013,2013 Nov 13,0301-0430,Dustri-Verlag,False,True,239,35493,35.0,0,0,0
PMC3956417,Simple Method for Evaluation of Planum Temporale Pyramidal Neurons Shrinkage in Postmortem Tissue of Alzheimer Disease Patients,24719875,10.1155/2014/607171,CC BY,Biomed Res Int,2014,2014 Feb 11,2314-6133,Wiley,False,True,128,21896,21.4,0,0,0
PMC3960483,Treatment Strategies to Prevent Renal Damage in Hypertensive Children,24522942,10.1007/s11906-014-0423-2,CC BY,Curr Hypertens Rep,2014,2014 Feb 14,1522-6417,,False,True,259,51104,50.0,0,0,0
PMC3966409,Role of Methylglyoxal in Alzheimer's Disease,24734229,10.1155/2014/238485,CC BY,Biomed Res Int,2014,2014 Mar 9,2314-6133,Wiley,False,True,384,71989,70.5,0,0,0
PMC3966818,Molecular Topology as Novel Strategy for Discovery of Drugs with Aβ Lowering and Anti-Aggregation Dual Activities for Alzheimer’s Disease,24671215,10.1371/journal.pone.0092750,CC0,PLoS One,2014,2014 Mar 26,1932-6203,PLOS,False,True,240,36780,36.3,0,0,0
PMC3971618,"Characterisation of left ventricular function by tissue Doppler imaging technique in newly diagnosed, untreated hypertensive subjects",18997987,,CC BY,Cardiovasc J Afr,2008,,1995-1892,Clinics Cardive Publishing (Pty) Ltd.,True,True,280,33421,32.7,0,0,0
PMC3975839,Acute large-dose exposure to organophosphates in patients with and without diabetes mellitus: analysis of mortality rate and new-onset diabetes mellitus,24597539,10.1186/1476-069X-13-11,CC BY,Environ Health,2014,2014 Mar 6,1476-069X,BMC,False,True,307,35575,35.4,0,0,0
PMC4016044,Acute Myocardial Infarction in Sub-Saharan Africa: The Need for Data,24816222,10.1371/journal.pone.0096688,CC BY,PLoS One,2014,2014 May 9,1932-6203,PLOS,False,True,243,33319,32.7,0,0,0
PMC4016297,Predictors of high sensitivity cardiac troponin T in chronic kidney disease patients: a cross-sectional study in the chronic renal insufficiency cohort (CRIC),24148285,10.1186/1471-2369-14-229,CC BY,BMC Nephrol,2013,2013 Oct 22,1471-2369,BMC,False,True,293,40149,39.6,0,0,0
PMC4016835,Gender Specific Association of RAS Gene Polymorphism with Essential Hypertension: A Case-Control Study,24860821,10.1155/2014/538053,CC BY,Biomed Res Int,2014,2014 Apr 17,2314-6133,Wiley,False,True,337,53326,52.5,0,0,0
PMC4022589,Diabetes Mellitus and Poorer Prognosis in Hepatocellular Carcinoma: A Systematic Review and Meta-Analysis,24830459,10.1371/journal.pone.0095485,CC BY,PLoS One,2014,2014 May 15,1932-6203,PLOS,False,True,254,40944,40.3,0,0,0
PMC4050398,KNOW-CKD (KoreaN cohort study for Outcome in patients With Chronic Kidney Disease): design and methods,24884708,10.1186/1471-2369-15-80,CC BY,BMC Nephrol,2014,2014 May 19,1471-2369,BMC,False,True,376,44603,45.1,0,0,0
PMC4051660,Changes in QTc Interval in the Citalopram for Agitation in Alzheimer's Disease (CitAD) Randomized Trial,24914549,10.1371/journal.pone.0098426,CC0,PLoS One,2014,2014 Jun 10,1932-6203,PLOS,False,True,549,47896,47.0,0,0,0
PMC4055118,Myocardial transfection of hypoxia-inducible factor-1α and co-transplantation of mesenchymal stem cells enhance cardiac repair in rats with experimental myocardial infarction,24507665,10.1186/scrt410,CC BY,Stem Cell Res Ther,2014,2014 Feb 7,1757-6512,BMC,False,True,323,60895,60.4,0,0,0
PMC4055488,Gene-Wide Analysis Detects Two New Susceptibility Genes for Alzheimer's Disease,24922517,10.1371/journal.pone.0094661,CC0,PLoS One,2014,,1932-6203,PLOS,False,True,682,82928,81.6,0,0,0
PMC4057506,"Cefepime neurotoxicity in the intensive care unit: a cause of severe, underappreciated encephalopathy",24200036,10.1186/cc13094,CC BY,Crit Care,2013,2013 Nov 7,1364-8535,BMC,False,True,200,28637,28.1,0,0,0
PMC4077563,"Cystatin C, a novel indicator of renal function, reflects severity of cerebral microbleeds",24925313,10.1186/1471-2377-14-127,CC BY,BMC Neurol,2014,2014 Jun 12,1471-2377,BMC,False,True,416,53046,52.7,0,0,0
PMC4085089,Gestational diabetes and risk of cardiovascular disease: a scoping review,25009679,,CC BY-SA,Open Med,2014,2014 Jan 7,1911-2092,Open Medicine,False,True,261,40465,39.7,0,0,0
PMC4113441,"Awareness, Treatment, Control of Diabetes Mellitus and the Risk Factors: Survey Results from Northeast China",25068894,10.1371/journal.pone.0103594,CC BY,PLoS One,2014,2014 Jul 28,1932-6203,PLOS,False,True,294,34239,33.8,0,0,0
PMC4132648,A data-driven model of biomarker changes in sporadic Alzheimer's disease,25012224,10.1093/brain/awu176,CC BY,Brain,2014,2014 Jul 9,0006-8950,Oxford University Press,False,True,392,73107,71.9,0,0,0
PMC4144969,Establishment of a Model of Renal Impairment with Mild Renal Insufficiency Associated with Atrial Fibrillation in Canines,25157494,10.1371/journal.pone.0105974,CC BY,PLoS One,2014,2014 Aug 26,1932-6203,PLOS,False,True,283,42340,41.6,0,0,0
PMC4154221,Outdoor Particulate Matter Exposure and Lung Cancer: A Systematic Review and Meta-Analysis,24911630,10.1289/ehp/1408092,CC0,Environ Health Perspect,2014,2014 Jun 6,0091-6765,American Chemical Society,False,True,272,45657,44.8,0,0,0
PMC4169830,Recurrent hypoglycaemia in type-1 diabetes mellitus may unravel the association with Addison’s disease: a case report,25214204,10.1186/1756-0500-7-634,CC BY,BMC Res Notes,2014,2014 Sep 12,1756-0500,BMC,False,True,149,16702,16.4,0,0,0
PMC4177929,Likelihood and Predictors of ST-Elevation in Patients Hospitalized for Myocardial Infarction,25254632,10.1371/journal.pone.0108440,CC BY,PLoS One,2014,2014 Sep 25,1932-6203,PLOS,False,True,214,28322,27.9,0,0,0
PMC4183025,Heart rate variability in children with type 1 diabetes mellitus,25119762,10.1590/0103-0582201432215513,CC BY,Rev Paul Pediatr,2014,2014 Jun,0103-0582,Sociedade De Pediatria De Sao Paulo,False,True,293,48636,48.3,0,0,0
PMC4197296,"Uncontrolled hypertension among hypertensive patients on treatment in Lupane District, Zimbabwe, 2012",25297796,10.1186/1756-0500-7-703,CC BY,BMC Res Notes,2014,2014 Oct 8,1756-0500,BMC,False,True,229,37369,36.7,0,0,0
PMC4203334,Overexpression of type VI collagen in neoplastic lung tissues,25176343,10.3892/or.2014.3438,CC BY,Oncol Rep,2014,2014 Aug 22,1021-335X,Spandidos Publications,False,True,208,39917,39.1,0,0,0
PMC4215861,Atlas-Based Quantification of Cardiac Remodeling Due to Myocardial Infarction,25360520,10.1371/journal.pone.0110243,CC0,PLoS One,2014,2014 Oct 31,1932-6203,PLOS,False,True,329,48093,47.3,0,0,0
PMC4222027,A multifaceted strategy using mobile technology to assist rural primary healthcare doctors and frontline health workers in cardiovascular disease risk management: protocol for the SMARTHealth India cluster randomised controlled trial,24274431,10.1186/1748-5908-8-137,CC BY,Implement Sci,2013,2013 Nov 25,1748-5908,BMC,False,True,261,34832,34.1,0,0,0
PMC4226256,Current ICD10 codes are insufficient to clearly distinguish acute myocardial infarction type: a descriptive study,24195773,10.1186/1472-6963-13-468,CC BY,BMC Health Serv Res,2013,2013 Nov 7,1472-6963,BMC,False,True,201,31828,31.2,0,0,0
PMC4241593,The proposed role of plasma NT pro-brain natriuretic peptide in assessing cardiac remodelling in hypertensive African subjects,25629540,10.5830/CVJA-2014-050,CC BY,Cardiovasc J Afr,2014,,1995-1892,Clinics Cardive Publishing (Pty) Ltd.,True,True,269,32739,32.1,0,0,0
PMC4247067,"Analysis on associated factors of uncontrolled hypertension among elderly hypertensive patients in Southern China: a community-based, cross-sectional survey",25178313,10.1186/1471-2458-14-903,CC BY,BMC Public Health,2014,2014 Sep 2,1471-2458,BMC,False,True,369,38789,38.4,0,0,0
PMC4259326,A Clinical Index to Predict Progression from Mild Cognitive Impairment to Dementia Due to Alzheimer's Disease,25486250,10.1371/journal.pone.0113535,CC0,PLoS One,2014,2014 Dec 8,1932-6203,PLOS,False,True,320,44833,44.0,0,0,0
PMC4283145,Effects of aerobic exercise on cognition and hippocampal volume in Alzheimer’s disease: study protocol of a randomized controlled trial (The FIT-AD trial),25304364,10.1186/1745-6215-15-394,CC BY,Trials,2014,2014 Oct 11,1745-6215,BMC,False,True,527,67313,66.0,0,0,0
PMC4333880,A meta-analysis of prospective studies on the role of physical activity and the prevention of Alzheimer’s disease in older adults,25887627,10.1186/s12877-015-0007-2,CC BY,BMC Geriatr,2015,2015 Feb 11,1471-2318,BMC,False,True,180,28657,28.3,0,0,0
PMC4376775,Differential MR Delayed Enhancement Patterns of Chronic Myocardial Infarction between Extracellular and Intravascular Contrast Media,25816056,10.1371/journal.pone.0121326,CC BY,PLoS One,2015,2015 Mar 27,1932-6203,PLOS,False,True,269,44175,43.3,0,0,0
PMC4381682,The Impact of Incarceration on Obesity: Are Prisoners with Chronic Diseases Becoming Overweight and Obese during Their Confinement?,25866674,10.1155/2015/532468,CC BY,J Obes,2015,2015 Mar 18,2090-0708,Wiley,False,True,255,32499,31.9,0,0,0
PMC4404276,Rodent models of neuroinflammation for Alzheimer’s disease,25890375,10.1186/s12974-015-0291-y,CC BY,J Neuroinflammation,2015,2015 Apr 17,1742-2094,BMC,False,True,443,90277,88.5,0,0,0
PMC4409366,Association between Inflammation and Cardiac Geometry in Chronic Kidney Disease: Findings from the CRIC Study,25909952,10.1371/journal.pone.0124772,CC BY,PLoS One,2015,2015 Apr 24,1932-6203,PLOS,False,True,299,39623,38.9,0,0,0
PMC4411519,Diabetes screening: a pending issue in hypertense/obese patients,25922799,10.7717/peerj.914,CC BY,PeerJ,2015,2015 Apr 23,2167-8359,"PeerJ, Inc",False,True,308,36444,35.8,0,0,0
PMC4422624,Reduced CSF Water Influx in Alzheimer’s Disease Supporting the β-Amyloid Clearance Hypothesis,25946191,10.1371/journal.pone.0123708,CC0,PLoS One,2015,2015 May 6,1932-6203,PLOS,False,True,206,22873,22.5,0,0,0
PMC4422728,Characterization of a Novel Mouse Model of Alzheimer’s Disease—Amyloid Pathology and Unique β-Amyloid Oligomer Profile,25946042,10.1371/journal.pone.0126317,CC0,PLoS One,2015,2015 May 6,1932-6203,PLOS,False,True,368,82432,81.0,0,0,0
PMC4454597,Neuronal Cx3cr1 Deficiency Protects against Amyloid β-Induced Neurotoxicity,26038823,10.1371/journal.pone.0127730,CC0,PLoS One,2015,2015 Jun 3,1932-6203,PLOS,False,True,430,72002,71.1,0,0,0
PMC4495630,Cardiovascular mortality among a cohort of hypertensive and normotensives in Rio de Janeiro - Brazil - 1991–2009,26152148,10.1186/s12889-015-1999-4,CC BY,BMC Public Health,2015,2015 Jul 8,1471-2458,BMC,False,True,385,45913,45.3,0,0,0
PMC4498787,Agreement between Myocardial Infarction Patients and Their Spouses on Reporting of Data on 82 Cardiovascular Risk Exposures,26161850,10.1371/journal.pone.0132601,CC BY,PLoS One,2015,2015 Jul 10,1932-6203,PLOS,False,True,363,51609,50.8,0,0,0
PMC4501756,Meta-Analysis of the Associations of p-Cresyl Sulfate (PCS) and Indoxyl Sulfate (IS) with Cardiovascular Events and All-Cause Mortality in Patients with Chronic Renal Failure,26173073,10.1371/journal.pone.0132589,CC BY,PLoS One,2015,2015 Jul 14,1932-6203,PLOS,False,True,232,33166,32.6,0,0,0
PMC4517989,Hearing Loss is Associated With Risk of Alzheimer’s Disease: A Case-Control Study in Older People,25986155,10.2188/jea.JE20140147,CC BY,J Epidemiol,2015,2015 Aug 5,0917-5040,Japan Epidemiological Association,False,True,225,27143,26.9,0,0,0
PMC4521845,Gout and Risk of Myocardial Infarction: A Systematic Review and Meta-Analysis of Cohort Studies,26230580,10.1371/journal.pone.0134088,CC BY,PLoS One,2015,2015 Jul 31,1932-6203,PLOS,False,True,276,34265,33.7,0,0,0
PMC4522127,Does oral sodium bicarbonate therapy improve function and quality of life in older patients with chronic kidney disease and low-grade acidosis (the BiCARB trial)? Study protocol for a randomized controlled trial,26231610,10.1186/s13063-015-0843-6,CC BY,Trials,2015,2015 Aug 1,1745-6215,BMC,False,True,339,42657,41.7,0,0,0
PMC4534050,Extracellular volume quantification in isolated hypertension - changes at the detectable limits?,26264919,10.1186/s12968-015-0176-3,CC BY,J Cardiovasc Magn Reson,2015,2015 Aug 12,1097-6647,Elsevier,False,True,392,45370,45.6,0,0,0
PMC4544563,Peri-operative kidney injury and long-term chronic kidney disease following orthotopic heart transplantation in children,25115875,10.1007/s00467-014-2878-4,CC BY,Pediatr Nephrol,2014,2014 Aug 14,0931-041X,,False,True,448,72277,71.0,0,0,0
PMC4554129,Brain Metabolism of Less-Educated Patients With Alzheimer Dementia Studied by Positron Emission Tomography,26222866,10.1097/MD.0000000000001252,CC BY-ND,Medicine (Baltimore),2015,2015 Jul 31,0025-7974,Wolters Kluwer Health,True,True,155,26810,26.4,0,0,0
PMC4567586,A community-driven hypertension treatment group in rural Honduras,26362420,10.3402/gha.v8.28041,CC BY,Glob Health Action,2015,2015 Sep 10,1654-9716,Taylor & Francis,False,True,232,24807,24.3,0,0,0
PMC4569584,The Association of Handgrip Strength and Type 2 Diabetes Mellitus in Six Ethnic Groups: An Analysis of the HELIUS Study,26368020,10.1371/journal.pone.0137739,CC BY,PLoS One,2015,2015 Sep 14,1932-6203,PLOS,False,True,288,43040,42.3,0,0,0
PMC4575702,The clinical pattern of renal diseases in the nephrology in-patient unit of the Yaounde General Hospital in Cameroon: a five-year audit,26421100,10.11604/pamj.2015.21.205.5945,CC BY,Pan Afr Med J,2015,2015 Jul 20,1937-8688,The Pan African Medical Journal,False,True,163,21718,21.2,0,0,0
PMC4579246,Being as an iceberg: hypertensive treatment adherence experiences in southeast of Iran,26395925,10.3402/gha.v8.28814,CC BY,Glob Health Action,2015,2015 Sep 21,1654-9716,Taylor & Francis,False,True,308,55965,55.0,0,0,0
PMC4582323,Patient classification of hypertension in Traditional Chinese Medicine using multi-label learning techniques,26399893,10.1186/1755-8794-8-S3-S4,CC BY,BMC Med Genomics,2015,2015 Sep 23,1755-8794,BMC,False,True,267,25511,25.0,0,0,0
PMC4593589,"Oral TNFα Modulation Alters Neutrophil Infiltration, Improves Cognition and Diminishes Tau and Amyloid Pathology in the 3xTgAD Mouse Model",26436670,10.1371/journal.pone.0137305,CC0,PLoS One,2015,2015 Oct 5,1932-6203,PLOS,False,True,396,85216,83.7,0,0,0
PMC4602448,High Body Mass Index Reduces Glomerular Filtration Rate Decline in Type II Diabetes Mellitus Patients With Stage 3 or 4 Chronic Kidney Disease,25101985,10.1097/MD.0000000000000041,CC BY-SA,Medicine (Baltimore),2014,2014 Jul 25,0025-7974,Wolters Kluwer Health,True,True,187,34749,34.4,0,0,0
PMC4602932,Impact of Admission Systolic Blood Pressure and Antecedent Hypertension on Short-Term Outcomes After ST-Segment Elevation Myocardial Infarction: Strobe-Compliant Article,26313807,10.1097/MD.0000000000001446,CC BY-ND,Medicine (Baltimore),2015,2015 Aug 28,0025-7974,Wolters Kluwer Health,True,True,160,29604,29.2,0,0,0
PMC4603066,An Increased Risk of Reversible Dementia May Occur After Zolpidem Derivative Use in the Elderly Population: A Population-Based Case-Control Study,25929937,10.1097/MD.0000000000000809,CC BY-ND,Medicine (Baltimore),2015,2015 May 1,0025-7974,Wolters Kluwer Health,True,True,179,35626,35.2,0,0,0
PMC4603123,Adiponectin is Not Associated With Blood Pressure in Normotensives and Untreated Hypertensives With Normal Kidney Function,25526448,10.1097/MD.0000000000000250,CC BY-ND,Medicine (Baltimore),2014,2014 Dec 2,0025-7974,Wolters Kluwer Health,True,True,204,39398,39.2,0,0,0
PMC4605027,Induction of substantial myocardial regeneration by an active fraction of the Chinese herb Rosa laevigata Michx,26467087,10.1186/s12906-015-0795-0,CC BY,BMC Complement Altern Med,2015,2015 Oct 14,1472-6882,BMC,False,True,221,46756,46.0,0,0,0
PMC4610060,Factors Associated with Medication Nonadherence among Hypertensives in Ghana and Nigeria,26509081,10.1155/2015/205716,CC BY,Int J Hypertens,2015,2015 Oct 5,2090-0384,Wiley,False,True,295,44692,44.1,0,0,0
PMC4616386,Meta-analysis of Cholesteryl Ester Transfer Protein TaqIB Polymorphism and Risk of Myocardial Infarction,25474428,10.1097/MD.0000000000000160,CC BY-SA,Medicine (Baltimore),2014,2014 Dec 5,0025-7974,Wolters Kluwer Health,True,True,187,27804,27.5,0,0,0
PMC4616451,Adiponectin as a Protective Factor Against the Progression Toward Type 2 Diabetes Mellitus in Postmenopausal Women,26287420,10.1097/MD.0000000000001347,CC BY-ND,Medicine (Baltimore),2015,2015 Aug 21,0025-7974,Wolters Kluwer Health,True,True,196,28017,27.5,0,0,0
PMC4616625,Type 1 Diabetes and Increased Risk of Subsequent Asthma: A Nationwide Population-Based Cohort Study,26356702,10.1097/MD.0000000000001466,CC BY-ND,Medicine (Baltimore),2015,2015 Sep 11,0025-7974,Wolters Kluwer Health,True,True,152,27966,27.5,0,0,0
PMC4616658,Metachronous Primary Adenocarcinoma of Lung During Adjuvant Imatinib Mesylate Therapy for Gastrointestinal Stromal Tumor of Stomach: A Case Report,26356712,10.1097/MD.0000000000001484,CC BY-ND,Medicine (Baltimore),2015,2015 Sep 11,0025-7974,Wolters Kluwer Health,True,True,135,24539,24.1,0,0,0
PMC4616690,Efficacy of Adenosine in Patients With Acute Myocardial Infarction Undergoing Primary Percutaneous Coronary Intervention: A PRISMA-Compliant Meta-Analysis,26266362,10.1097/MD.0000000000001279,CC BY-ND,Medicine (Baltimore),2015,2015 Aug 14,0025-7974,Wolters Kluwer Health,True,True,248,36349,35.8,0,32,0
PMC4625452,Renal disease and accidental falls: a review of published evidence,26510510,10.1186/s12882-015-0173-7,CC BY,BMC Nephrol,2015,2015 Oct 29,1471-2369,BMC,False,True,400,46212,45.4,0,0,0
PMC4648559,Iron Chelation Inhibits Osteoclastic Differentiation In Vitro and in Tg2576 Mouse Model of Alzheimer’s Disease,26575486,10.1371/journal.pone.0139395,CC0,PLoS One,2015,2015 Nov 17,1932-6203,PLOS,False,True,249,45247,44.3,0,0,0
PMC4656957,Diabetes mellitus and renal involvement in chronic viral liver disease,26664475,,CC BY,J Med Life,2015,,1844-122X,SC Jurnalul pentru Medicina si Viata SRL,False,True,132,23246,22.7,0,0,0
PMC4660634,Discordant associations of lipid parameters with albuminuria and chronic kidney disease: a population-based study,26607500,10.1186/s12944-015-0153-8,CC BY,Lipids Health Dis,2015,2015 Nov 25,1476-511X,BMC,False,True,333,44833,44.3,0,0,0
PMC4666664,Can Genetic Analysis of Putative Blood Alzheimer’s Disease Biomarkers Lead to Identification of Susceptibility Loci?,26625115,10.1371/journal.pone.0142360,CC0,PLoS One,2015,2015 Dec 1,1932-6203,PLOS,False,True,394,65665,64.5,0,0,0
PMC4667510,Transient Neonatal Diabetes Mellitus followed by recurrent asymptomatic hypoglycaemia: a case report,26631065,10.1186/s12887-015-0512-7,CC BY,BMC Pediatr,2015,2015 Dec 2,1471-2431,BMC,False,True,136,17285,17.0,0,0,0
PMC4668678,Progenitor-like cells derived from mouse kidney protect against renal fibrosis in a remnant kidney model via decreased endothelial mesenchymal transition,26631265,10.1186/s13287-015-0241-8,CC BY,Stem Cell Res Ther,2015,2015 Dec 2,1757-6512,BMC,False,True,285,52211,51.4,0,0,0
PMC4670225,Quality and Cost of Diabetes Mellitus Care in Community Health Centers in the United States,26636324,10.1371/journal.pone.0144075,CC0,PLoS One,2015,2015 Dec 4,1932-6203,PLOS,False,True,326,34008,33.6,0,0,0
PMC4676825,"Gastrointestinal symptoms, inflammation and hypoalbuminemia in chronic kidney disease patients: a cross-sectional study",26651991,10.1186/s12882-015-0209-z,CC BY,BMC Nephrol,2015,2015 Dec 11,1471-2369,BMC,False,True,309,39490,39.9,0,0,0
PMC4719699,Genome-wide12 DNA methylation profiling in the superior temporal gyrus reveals epigenetic signatures associated with Alzheimer’s disease,26803900,10.1186/s13073-015-0258-8,CC BY,Genome Med,2016,2016 Jan 19,1756-994X,BMC,False,True,346,75537,74.4,0,0,0
PMC4730636,Anemia and risk for cognitive decline in chronic kidney disease,26823182,10.1186/s12882-016-0226-6,CC BY,BMC Nephrol,2016,2016 Jan 28,1471-2369,BMC,False,True,327,34110,33.6,0,0,0
PMC4736777,"Diabetes Mellitus in Outpatients in Debre Berhan Referral Hospital, Ethiopia",26881245,10.1155/2016/3571368,CC BY,J Diabetes Res,2016,2016 Jan 6,2314-6745,Wiley,False,True,321,28168,27.8,0,0,0
PMC4739105,Markers of increased atherosclerotic risk in patients with chronic kidney disease: a preliminary study,26843213,10.1186/s12944-016-0191-x,CC BY,Lipids Health Dis,2016,2016 Feb 3,1476-511X,BMC,False,True,399,70891,69.6,0,0,0
PMC4739587,Interleukin-6 Is a Risk Factor for Atrial Fibrillation in Chronic Kidney Disease: Findings from the CRIC Study,26840403,10.1371/journal.pone.0148189,CC BY,PLoS One,2016,2016 Feb 3,1932-6203,PLOS,False,True,283,44507,43.7,0,0,0
PMC4748920,Recent Trends in Hospitalization for Acute Myocardial Infarction in Beijing: Increasing Overall Burden and a Transition From ST-Segment Elevation to Non-ST-Segment Elevation Myocardial Infarction in a Population-Based Study,26844503,10.1097/MD.0000000000002677,CC BY-ND,Medicine (Baltimore),2016,2016 Feb 8,0025-7974,Wolters Kluwer Health,True,True,183,34618,34.0,0,0,0
PMC4753919,Small-Cell Lung Cancer Transformation in Patients With Pulmonary Adenocarcinoma: A Case Report and Review of Literature,26871823,10.1097/MD.0000000000002752,CC BY-ND,Medicine (Baltimore),2016,2016 Feb 12,0025-7974,Wolters Kluwer Health,True,True,123,26315,25.8,0,0,0
PMC4759941,Hypertension unawareness among Chinese patients with first-ever stroke,26893185,10.1186/s12889-016-2835-1,CC BY,BMC Public Health,2016,2016 Feb 19,1471-2458,BMC,False,True,246,30913,30.6,0,0,0
PMC4772370,Sudden death associated with silent myocardial infarction in a 35-year-old man: a case report,26925778,10.1186/s13256-016-0823-9,CC BY,J Med Case Rep,2016,2016 Feb 29,1752-1947,BMC,False,True,149,12752,12.5,0,0,0
PMC4776390,Abnormal phosphorylation of Tie2/Akt/eNOS signaling pathway and decreased number or function of circulating endothelial progenitor cells in prehypertensive premenopausal women with diabetes mellitus,26936372,10.1186/s12902-016-0093-y,CC BY,BMC Endocr Disord,2016,2016 Mar 2,1472-6823,BMC,False,True,280,46441,46.1,0,0,0
PMC4780701,Genome-Wide Association Study for Incident Myocardial Infarction and Coronary Heart Disease in Prospective Cohort Studies: The CHARGE Consortium,26950853,10.1371/journal.pone.0144997,CC0,PLoS One,2016,,1932-6203,PLOS,False,True,519,55788,55.2,0,0,0
PMC4786976,Traffic-Related Air Pollution and Dementia Incidence in Northern Sweden: A Longitudinal Study,26305859,10.1289/ehp.1408322,CC0,Environ Health Perspect,2015,2015 Jul 31,0091-6765,American Chemical Society,False,True,321,52334,51.4,0,0,0
PMC4796473,Erectile Dysfunction Among Male Hypertensives in a Tertiary Health Facility in South-West Nigeria,25560353,10.5539/gjhs.v7n1p154,CC BY,Glob J Health Sci,2014,2014 Aug 22,1916-9736,Canadian Center of Science and Education,False,True,231,24014,23.5,0,0,0
PMC4803201,Health Insurance Coverage and Hypertension Control in China: Results from the China Health and Nutrition Survey,27002634,10.1371/journal.pone.0152091,CC BY,PLoS One,2016,2016 Mar 22,1932-6203,PLOS,False,True,413,41437,41.2,0,0,0
PMC4818501,Mitochondrial DNA damage and vascular function in patients with diabetes mellitus and atherosclerotic cardiovascular disease,27036979,10.1186/s12933-016-0372-y,CC BY,Cardiovasc Diabetol,2016,2016 Mar 31,1475-2840,BMC,False,True,250,36173,35.7,0,0,0
PMC4829998,"Radon Exposure, IL-6 Promoter Variants, and Lung Squamous Cell Carcinoma in Former Uranium Miners",26372664,10.1289/ehp.1409437,CC0,Environ Health Perspect,2015,2015 Sep 15,0091-6765,American Chemical Society,False,True,259,53357,52.3,0,0,0
PMC4831797,Positive Impact of Nutritional Interventions on Serum Symmetric Dimethylarginine and Creatinine Concentrations in Client-Owned Geriatric Cats,27078852,10.1371/journal.pone.0153654,CC BY,PLoS One,2016,2016 Apr 14,1932-6203,PLOS,False,True,433,46446,45.7,0,0,0
PMC4834151,Role of Myeloperoxidase in Patients with Chronic Kidney Disease,27127544,10.1155/2016/1069743,CC BY,Oxid Med Cell Longev,2016,2016 Apr 3,1942-0900,Wiley,False,True,226,63084,61.7,0,0,0
PMC4839801,The Incidence of Cardiovascular Events Is Comparable Between Normoalbuminuric and Albuminuric Diabetic Patients With Chronic Kidney Disease,27082557,10.1097/MD.0000000000003175,CC BY,Medicine (Baltimore),2016,2016 Apr 18,0025-7974,Wolters Kluwer Health,True,True,171,34117,33.5,0,0,0
PMC4848912,Additive Effect of Non-Alcoholic Fatty Liver Disease on Metabolic Syndrome-Related Endothelial Dysfunction in Hypertensive Patients,27023537,10.3390/ijms17040456,CC BY,Int J Mol Sci,2016,2016 Mar 26,1422-0067,Multidisciplinary Digital Publishing Institute (MDPI),False,True,272,40223,39.7,0,0,0
PMC4872999,ABCG1 and ABCG4 Suppress γ-Secretase Activity and Amyloid β Production,27196068,10.1371/journal.pone.0155400,CC0,PLoS One,2016,2016 May 19,1932-6203,PLOS,False,True,360,64847,63.8,0,0,0
PMC4889076,Influence of Coding Variability in APP-Aβ Metabolism Genes in Sporadic Alzheimer’s Disease,27249223,10.1371/journal.pone.0150079,CC0,PLoS One,2016,2016 Jun 1,1932-6203,PLOS,False,True,389,54646,53.7,0,0,0
PMC4894669,Etiology of endocrine arterial hypertensions: about a series of cases,27303586,10.11604/pamj.2016.23.170.8968,CC BY,Pan Afr Med J,2016,2016 Apr 7,1937-8688,The Pan African Medical Journal,False,True,203,25873,26.0,0,0,0
PMC4898308,Risk prediction to inform surveillance of chronic kidney disease in the US Healthcare Safety Net: a cohort study,27276913,10.1186/s12882-016-0272-0,CC BY,BMC Nephrol,2016,2016 Jun 8,1471-2369,BMC,False,True,297,49457,48.6,0,0,0
PMC4902352,Body Mass Index and Cancer Mortality Among Korean Older Middle-Aged Men: A Prospective Cohort Study,27227928,10.1097/MD.0000000000003684,CC BY-SA,Medicine (Baltimore),2016,2016 May 27,0025-7974,Wolters Kluwer Health,True,True,222,38918,38.4,0,0,0
PMC4912299,Risk Factors for Long-Term Mortality and Progressive Chronic Kidney Disease Associated With Acute Kidney Injury After Cardiac Surgery,26559305,10.1097/MD.0000000000002025,CC BY-ND,Medicine (Baltimore),2015,2015 Nov 13,0025-7974,Wolters Kluwer Health,True,True,174,26985,26.7,0,0,0
PMC4960337,Smoking Cessation Carries a Short-Term Rising Risk for Newly Diagnosed Diabetes Mellitus Independently of Weight Gain: A 6-Year Retrospective Cohort Study,27478846,10.1155/2016/3961756,CC BY,J Diabetes Res,2016,2016 Jul 12,2314-6745,Wiley,False,True,173,33645,33.0,0,0,0
PMC4978855,Ethnic difference in the prevalence of pre-diabetes and diabetes mellitus in regions with Sami and non-Sami populations in Norway – the SAMINOR1 study,27507149,10.3402/ijch.v75.31697,CC BY,Int J Circumpolar Health,2016,2016 Aug 8,1239-9736,Taylor & Francis,False,True,306,37182,36.6,0,0,0
PMC4985410,Assessment of Left Ventricular Ejection Fraction Calculation on Long-axis Views From Cardiac Magnetic Resonance Imaging in Patients With Acute Myocardial Infarction,26512596,10.1097/MD.0000000000001856,CC BY-ND,Medicine (Baltimore),2015,2015 Oct 30,0025-7974,Wolters Kluwer Health,True,True,231,32158,31.7,0,0,0
PMC4985413,Characterization of Benign Myocarditis Using Quantitative Delayed-Enhancement Imaging Based on Molli T1 Mapping,26512599,10.1097/MD.0000000000001868,CC BY-ND,Medicine (Baltimore),2015,2015 Oct 30,0025-7974,Wolters Kluwer Health,True,True,166,23364,23.2,0,0,0
PMC4987477,Systemic Redox Imbalance in Chronic Kidney Disease: A Systematic Review,27563376,10.1155/2016/8598253,CC BY,Oxid Med Cell Longev,2016,2016 Aug 3,1942-0900,Wiley,False,True,604,83816,83.2,0,0,0
PMC4998775,Improving the Blood Pressure Control With the ProActive Attitude of Hypertensive Patients Seeking Follow-up Services: Evidence From China,27057859,10.1097/MD.0000000000003233,CC BY-ND,Medicine (Baltimore),2016,2016 Apr 8,0025-7974,Wolters Kluwer Health,True,True,187,27437,26.9,0,0,0
PMC5010396,Ambient Fine Particulate Matter and Mortality among Survivors of Myocardial Infarction: Population-Based Cohort Study,27152932,10.1289/EHP185,CC0,Environ Health Perspect,2016,2016 May 6,0091-6765,American Chemical Society,False,True,360,54129,53.0,0,0,0
PMC5016561,LIGHT/TNFSF14 is increased in patients with type 2 diabetes mellitus and promotes islet cell dysfunction and endothelial cell inflammation in vitro,27421726,10.1007/s00125-016-4036-y,CC BY,Diabetologia,2016,2016 Jul 15,0012-186X,,False,True,372,44334,43.9,0,0,0
PMC5023915,Increased GABA concentrations in type 2 diabetes mellitus are related to lower cognitive functioning,27603392,10.1097/MD.0000000000004803,CC BY-ND,Medicine (Baltimore),2016,2016 Sep 9,0025-7974,Wolters Kluwer Health,True,True,205,34792,34.1,0,0,0
PMC5048479,The pre-synaptic vesicle protein synaptotagmin is a novel biomarker for Alzheimer’s disease,27716408,10.1186/s13195-016-0208-8,CC BY,Alzheimers Res Ther,2016,2016 Oct 3,1758-9193,BMC,False,True,319,46468,46.7,0,0,0
PMC5052499,The prognostic value of blood glucose level on admission in non-diabetic patients with acute myocardial infarction,20112471,,CC BY,J Med Life,2009,,1844-122X,SC Jurnalul pentru Medicina si Viata SRL,False,True,276,26277,25.7,0,0,0
PMC5059092,From biportal to uniportal video-assisted thoracoscopic anatomical lung resection: A single-institute experience,27749589,10.1097/MD.0000000000005097,CC BY-ND,Medicine (Baltimore),2016,2016 Oct 7,0025-7974,Wolters Kluwer Health,True,True,165,26131,25.9,0,0,0
PMC5059654,An Analysis of Anthropometric Indicators and Modifiable Lifestyle Parameters Associated with Hypertensive Nephropathy,27774313,10.1155/2016/6598921,CC BY,Int J Hypertens,2016,2016 Sep 27,2090-0384,Wiley,False,True,401,66397,66.3,0,0,0
PMC5067668,Influence of age on androgen deprivation therapy-associated Alzheimer’s disease,27752112,10.1038/srep35695,CC BY,Sci Rep,2016,2016 Oct 18,2045-2322,Nature Publishing Group,False,True,135,19189,19.1,0,0,0
PMC5072721,Rare Functional Variant in TM2D3 is Associated with Late-Onset Alzheimer's Disease,27764101,10.1371/journal.pgen.1006327,CC0,PLoS Genet,2016,,1553-7390,PLOS,True,True,450,63637,62.5,0,0,0
PMC5072944,Radiation-induced heart disease in lung cancer radiotherapy: A dosimetric update,27741117,10.1097/MD.0000000000005051,CC BY-ND,Medicine (Baltimore),2016,2016 Oct 14,0025-7974,Wolters Kluwer Health,True,True,209,39198,38.5,0,0,0
PMC5075179,Correction of metabolic acidosis improves insulin resistance in chronic kidney disease,27770799,10.1186/s12882-016-0372-x,CC BY,BMC Nephrol,2016,2016 Oct 22,1471-2369,BMC,False,True,379,46413,46.4,0,0,0
PMC5078799,Racial differences in microRNA and gene expression in hypertensive women,27779208,10.1038/srep35815,CC BY,Sci Rep,2016,2016 Oct 25,2045-2322,Nature Publishing Group,False,True,280,67083,66.0,0,0,0
PMC5079310,Impact of performance grading on annual numbers of acute myocardial infarction-associated emergency department visits in Taiwan: Results of segmented regression analysis,27759626,10.1097/MD.0000000000004937,CC BY-ND,Medicine (Baltimore),2016,2016 Oct 21,0025-7974,Wolters Kluwer Health,True,True,188,31023,30.5,0,0,0
PMC5079314,Risk of hospitalization for hypoglycemia among older Korean people with diabetes mellitus: Interactions between treatment modalities and comorbidities,27759630,10.1097/MD.0000000000005016,CC BY-ND,Medicine (Baltimore),2016,2016 Oct 21,0025-7974,Wolters Kluwer Health,True,True,193,39569,38.7,0,0,0
PMC5089099,Effects of flavopiridol on critical regulation pathways of CD133high/CD44high lung cancer stem cells,27787370,10.1097/MD.0000000000005150,CC BY-ND,Medicine (Baltimore),2016,2016 Oct 28,0025-7974,Wolters Kluwer Health,True,True,237,41343,40.6,0,0,0
PMC5105280,"Obesity and diabetes mellitus association in rural community of Katana, South Kivu, in Eastern Democratic Republic of Congo: Bukavu Observ Cohort Study Results",27835951,10.1186/s12902-016-0143-5,CC BY,BMC Endocr Disord,2016,2016 Nov 11,1472-6823,BMC,False,True,357,36212,35.8,0,0,0
PMC5120955,Ratio of lymph node to primary tumor SUVmax multiplied by maximal tumor diameter on positron emission tomography/integrated computed tomography may be a predictor of mediastinal lymph node malignancy in lung cancer,27861398,10.1097/MD.0000000000005457,CC BY-SA,Medicine (Baltimore),2016,2016 Nov 18,0025-7974,Wolters Kluwer Health,True,True,176,28976,28.5,0,0,0
PMC5131697,Comparative Prognostic Utility of Indexes of Microvascular Function Alone or in Combination in Patients With an Acute ST-Segment–Elevation Myocardial Infarction,27803036,10.1161/CIRCULATIONAHA.116.022603,CC BY,Circulation,2016,2016 Dec 5,0009-7322,,False,True,366,60718,59.5,0,0,0
PMC5131971,Are Urinary Tubular Injury Markers Useful in Chronic Kidney Disease? A Systematic Review and Meta Analysis,27907168,10.1371/journal.pone.0167334,CC BY,PLoS One,2016,2016 Dec 1,1932-6203,PLOS,False,True,327,38902,38.1,0,0,0
PMC5153917,Desire for predictive testing for Alzheimer’s disease and impact on advance care planning: a cross-sectional study,27955707,10.1186/s13195-016-0223-9,CC BY,Alzheimers Res Ther,2016,2016 Dec 13,1758-9193,BMC,False,True,256,31733,31.3,0,0,0
PMC5164907,The Markers of Glutamate Metabolism in Peripheral Blood Mononuclear Cells and Neurological Complications in Lung Cancer Patients,28044066,10.1155/2016/2895972,CC BY,Dis Markers,2016,2016 Dec 4,0278-0240,Wiley,False,True,282,41934,41.3,0,0,0
PMC5201285,Phosphocalcic Markers and Calcification Propensity for Assessment of Interstitial Fibrosis and Vascular Lesions in Kidney Allograft Recipients,28036331,10.1371/journal.pone.0167929,CC BY,PLoS One,2016,2016 Dec 30,1932-6203,PLOS,False,True,511,62408,61.2,0,0,0
PMC5207550,Efficacy of an early home-based cardiac rehabilitation program for patients after acute myocardial infarction: A three-dimensional speckle tracking echocardiography randomized trial,28033254,10.1097/MD.0000000000005638,CC BY-ND,Medicine (Baltimore),2016,2016 Dec 30,0025-7974,Wolters Kluwer Health,True,True,256,42001,41.2,0,0,0
PMC5207554,"Impact of disease-management programs on metabolic control in patients with type 1 diabetes mellitus: A cohort study in Shantou, China",28033258,10.1097/MD.0000000000005681,CC BY-ND,Medicine (Baltimore),2016,2016 Dec 30,0025-7974,Wolters Kluwer Health,True,True,204,35625,35.0,0,0,0
PMC5207586,Sudden death due to ventricular double rupture as a complication of inferior acute myocardial infarction: A case report,28033290,10.1097/MD.0000000000005757,CC BY-SA,Medicine (Baltimore),2016,2016 Dec 30,0025-7974,Wolters Kluwer Health,True,True,127,14782,14.5,0,0,0
PMC5218460,The Systematic Evaluation of Identifying the Infarct Related Artery Utilizing Cardiac Magnetic Resonance in Patients Presenting with ST-Elevation Myocardial Infarction,28060863,10.1371/journal.pone.0169108,CC0,PLoS One,2017,2017 Jan 6,1932-6203,PLOS,False,True,319,38046,37.2,0,0,0
PMC5224976,"Maysin and Its Flavonoid Derivative from Centipedegrass Attenuates Amyloid Plaques by Inducting Humoral Immune Response with Th2 Skewed Cytokine Response in the Tg (APPswe, PS1dE9) Alzheimer’s Mouse Model",28072821,10.1371/journal.pone.0169509,CC0,PLoS One,2017,2017 Jan 10,1932-6203,PLOS,False,True,265,69627,68.4,0,0,0
PMC5228690,Bortezomib combined with lenalidomide as the first-line treatment for the rare synchronous occurrence of multiple myeloma and pulmonary adenocarcinoma: A case report,28072730,10.1097/MD.0000000000005787,CC BY-SA,Medicine (Baltimore),2017,2017 Jan 10,0025-7974,Wolters Kluwer Health,True,True,122,19044,18.7,0,0,0
PMC5260128,Non-high-density lipoprotein cholesterol predicts nonfatal recurrent myocardial infarction in patients with ST segment elevation myocardial infarction,28114933,10.1186/s12944-017-0418-5,CC BY,Lipids Health Dis,2017,2017 Jan 23,1476-511X,BMC,False,True,344,43021,42.4,0,0,0
PMC5266063,Weight loss before a diagnosis of type 2 diabetes mellitus is a risk factor for diabetes complications,27930591,10.1097/MD.0000000000005618,CC BY-ND,Medicine (Baltimore),2016,2016 Dec 9,0025-7974,Wolters Kluwer Health,True,True,167,22068,21.7,0,0,0
PMC5266065,Usefulness of 3-dimensional stereotactic surface projection FDG PET images for the diagnosis of dementia,27930593,10.1097/MD.0000000000005622,CC BY-ND,Medicine (Baltimore),2016,2016 Dec 9,0025-7974,Wolters Kluwer Health,True,True,191,31416,30.8,0,0,0
PMC5268044,EGFR-TKIs versus taxanes agents in therapy for nonsmall-cell lung cancer patients: A PRISMA-compliant systematic review with meta-analysis and meta-regression,27977598,10.1097/MD.0000000000005601,CC BY-SA,Medicine (Baltimore),2016,2016 Dec 16,0025-7974,Wolters Kluwer Health,True,True,268,43697,43.3,0,0,0
PMC5287964,Not only for melanoma. Subcutaneous pseudoprogression in lung squamous-cell carcinoma treated with nivolumab: A case report,28121940,10.1097/MD.0000000000005951,CC BY-SA,Medicine (Baltimore),2017,2017 Jan 27,0025-7974,Wolters Kluwer Health,True,True,111,8369,8.2,0,0,0
PMC5287973,Reactive oxygen species modulator 1 (Romo1) as a novel diagnostic marker for lung cancer-related malignant effusion,28121949,10.1097/MD.0000000000005975,CC BY-ND,Medicine (Baltimore),2017,2017 Jan 27,0025-7974,Wolters Kluwer Health,True,True,149,27093,26.7,0,0,0
PMC5299097,Assessment and classification of patients with myocardial injury and infarction in clinical practice,27806987,10.1136/heartjnl-2016-309530,CC BY,Heart,2016,2016 Nov 2,1355-6037,,False,True,262,44782,43.9,0,0,0
PMC5301382,Early detection of myocardial infarction following blunt chest trauma by computed tomography: a case report,28183285,10.1186/s12872-017-0496-3,CC BY,BMC Cardiovasc Disord,2017,2017 Feb 10,1471-2261,BMC,False,True,162,15957,15.6,0,0,0
PMC5302066,"The impact of gender, level of amputation and diabetes on prosthetic fit rates following major lower extremity amputation",26850990,10.1177/0309364616628341,CC BY,Prosthet Orthot Int,2016,2016 Feb 5,0309-3646,,False,True,271,34037,33.8,0,0,0
PMC5304385,Comparisons of serum miRNA expression profiles in patients with diabetic retinopathy and type 2 diabetes mellitus,28273235,10.6061/clinics/2017(02)08,CC BY,Clinics (Sao Paulo),2017,2017 Feb,1807-5932,Hospital das Clinicas da Faculdade de Medicina da Universidade de Sao Paulo,False,True,190,23676,23.2,0,0,0
PMC5305035,Mapping the methylation status of the miR-145 promoter in saphenous vein smooth muscle cells from individuals with type 2 diabetes,28185533,10.1177/1479164116677968,CC BY,Diab Vasc Dis Res,2016,2016 Dec 21,1479-1641,,False,True,233,34326,33.8,0,0,0
PMC5312986,Chaperonin (HSP60) and annexin-2 are candidate biomarkers for non-small cell lung carcinoma,28178129,10.1097/MD.0000000000005903,CC BY-ND,Medicine (Baltimore),2017,2017 Feb 10,0025-7974,Wolters Kluwer Health,True,True,188,31241,30.8,0,0,0
PMC5313025,"Rapid intracranial response to osimertinib, without radiotherapy, in nonsmall cell lung cancer patients harboring the EGFR T790M mutation: Two Case Reports",28178168,10.1097/MD.0000000000006087,CC BY-SA,Medicine (Baltimore),2017,2017 Feb 10,0025-7974,Wolters Kluwer Health,True,True,167,25190,24.7,0,0,0
PMC5316179,Formulation of evidence-based messages to promote the use of physical activity to prevent and manage Alzheimer’s disease,28212648,10.1186/s12889-017-4090-5,CC BY,BMC Public Health,2017,2017 Feb 17,1471-2458,BMC,False,True,543,80536,79.6,0,0,0
PMC5319785,Genome-wide study of resistant hypertension identified from electronic health records,28222112,10.1371/journal.pone.0171745,CC0,PLoS One,2017,,1932-6203,PLOS,False,True,460,77586,76.1,0,0,0
PMC5326029,"Hypertension in the Ferlo (Northern Senegal): prevalence, awareness, treatment and control",28292139,10.11604/pamj.2016.25.177.10105,CC BY,Pan Afr Med J,2016,2016 Nov 21,1937-8688,The Pan African Medical Journal,False,True,252,33955,33.3,0,0,0
PMC5331721,"A mixed-methods needs assessment of adult diabetes mellitus (type II) and hypertension care in Toledo, Belize",28245810,10.1186/s12913-017-2075-9,CC BY,BMC Health Serv Res,2017,2017 Feb 28,1472-6963,BMC,False,True,433,51943,51.8,0,0,0
PMC5342499,Epigenome-wide association study of smoking and DNA methylation in non-small cell lung neoplasms,27602958,10.18632/oncotarget.11831,CC BY,Oncotarget,2016,2016 Sep 2,1949-2553,"Impact Journals, LLC",False,True,270,50999,50.0,0,0,0
PMC5344074,Validation of self-reported diabetes in a representative sample of São Paulo city,28355348,10.1590/S1518-8787.2017051006378,CC BY,Rev Saude Publica,2017,2017 Mar 7,0034-8910,Universidade de São Paulo. Faculdade de Saúde Pública.,True,True,384,40387,40.1,0,0,0
PMC5348162,Genetic characterization drives personalized therapy for early-stage non-small-cell lung cancer (NSCLC) patients and survivors with metachronous second primary tumor (MST): A case report,28272214,10.1097/MD.0000000000006221,CC BY-ND,Medicine (Baltimore),2017,2017 Mar 10,0025-7974,Wolters Kluwer Health,True,True,169,30790,30.3,0,0,0
PMC5349685,Microstructural white matter alterations in preclinical Alzheimer’s disease detected using free water elimination diffusion tensor imaging,28291839,10.1371/journal.pone.0173982,CC0,PLoS One,2017,2017 Mar 14,1932-6203,PLOS,False,True,486,73810,72.7,0,0,0
PMC5360226,Association between fatty acid metabolism in the brain and Alzheimer disease neuropathology and cognitive performance: A nontargeted metabolomic study,28323825,10.1371/journal.pmed.1002266,CC0,PLoS Med,2017,2017 Mar 21,1549-1277,PLOS,False,True,555,67608,66.9,0,0,0
PMC5369930,Giant hepatic metastasis in a patient with coin-like small cell lung carcinoma incidentally diagnosed at autopsy: A case report,28296775,10.1097/MD.0000000000006366,CC BY-ND,Medicine (Baltimore),2017,2017 Mar 24,0025-7974,Wolters Kluwer Health,True,True,127,13268,13.0,0,0,0
PMC5371492,"Head-to-head comparison of 11C-PiB and 18F-FC119S for Aβ imaging in healthy subjects, mild cognitive impairment patients, and Alzheimer's disease patients",28328855,10.1097/MD.0000000000006441,CC BY-ND,Medicine (Baltimore),2017,2017 Mar 24,0025-7974,Wolters Kluwer Health,True,True,212,34010,33.6,0,0,0
PMC5396487,Effective Universal Coverage of Diabetes Mellitus Type 2 in Chile,28403339,10.1590/1518-8345.1630.2871,CC BY,Rev Lat Am Enfermagem,2017,2017 Apr 6,0104-1169,"Escola de Enfermagem de Ribeirao Preto, Universidade de Sao Paulo",True,True,229,34441,33.7,0,0,0
PMC5402593,Comparative clinical implications of admission electrocardiographic findings for patients with non-ST-segment elevation myocardial infarction,27631250,10.1097/MD.0000000000004862,CC BY-ND,Medicine (Baltimore),2016,2016 Sep 16,0025-7974,Wolters Kluwer Health,True,True,153,23066,22.7,0,0,0
PMC5403074,High expression of CD8 predicts favorable prognosis in patients with lung adenocarcinoma: A cohort study,28403077,10.1097/MD.0000000000006472,CC BY-ND,Medicine (Baltimore),2017,2017 Apr 14,0025-7974,Wolters Kluwer Health,True,True,167,23290,22.9,0,0,0
PMC5403080,Subclinical hypothyroidism and the risk of chronic kidney disease in T2D subjects: A case-control and dose-response analysis,28403083,10.1097/MD.0000000000006519,CC BY-ND,Medicine (Baltimore),2017,2017 Apr 14,0025-7974,Wolters Kluwer Health,True,True,220,29927,29.6,0,0,0
PMC5405955,Transplantation of induced mesenchymal stem cells for treating chronic renal insufficiency,28445516,10.1371/journal.pone.0176273,CC BY,PLoS One,2017,2017 Apr 26,1932-6203,PLOS,False,True,295,38240,37.5,0,0,0
PMC5406079,Risk factors and prognosis of pulmonary embolism in patients with lung cancer,28422863,10.1097/MD.0000000000006638,CC BY-ND,Medicine (Baltimore),2017,2017 Apr 21,0025-7974,Wolters Kluwer Health,True,True,124,15830,15.5,0,0,0
PMC5409651,"Job Strain and Casual Blood Pressure Distribution: Looking beyond the Adjusted Mean and Taking Gender, Age, and Use of Antihypertensives into Account. Results from ELSA-Brasil",28441727,10.3390/ijerph14040451,CC BY,Int J Environ Res Public Health,2017,2017 Apr 22,1661-7827,Multidisciplinary Digital Publishing Institute (MDPI),False,True,315,64023,62.7,0,0,0
PMC5409713,Vegetarian Diet in Chronic Kidney Disease—A Friend or Foe,28394274,10.3390/nu9040374,CC BY,Nutrients,2017,2017 Apr 10,2072-6643,Multidisciplinary Digital Publishing Institute (MDPI),False,True,232,58758,57.6,0,0,0
PMC5419913,Glycated hemoglobin level is an independent predictor of major adverse cardiac events after nonfatal acute myocardial infarction in nondiabetic patients: A retrospective observational study,28471967,10.1097/MD.0000000000006743,CC BY-ND,Medicine (Baltimore),2017,2017 May 5,0025-7974,Wolters Kluwer Health,True,True,199,33648,33.1,0,0,0
PMC5423430,Non-dipper hypertension is associated with slow coronary flow among hypertensives with normal coronary angiogram,27177043,10.5830/CVJA-2016-045,CC BY,Cardiovasc J Afr,2017,,1995-1892,Clinics Cardive Publishing (Pty) Ltd.,True,True,286,31871,31.3,0,0,0
PMC5427558,Concordant clear cell “mesonephric” carcinoma of the bladder and lung adenocarcinoma with clear cell features – multiple primaries versus metastatic neoplasms: a case report,28494807,10.1186/s13256-017-1295-2,CC BY,J Med Case Rep,2017,2017 May 12,1752-1947,BMC,False,True,195,26033,25.5,0,0,0
PMC5428615,Clinical characteristics and outcomes of patients with myocarditis mimicking ST-segment elevation myocardial infarction: Analysis of a case series,28489781,10.1097/MD.0000000000006863,CC BY-ND,Medicine (Baltimore),2017,2017 May 12,0025-7974,Wolters Kluwer Health,True,True,166,31997,31.4,0,0,0
PMC5444287,A Comparative Analysis of Structural Brain MRI in the Diagnosis of Alzheimer’s Disease,19847041,10.3233/BEN-2009-0225,CC BY,Behav Neurol,2009,2009 Oct 21,0953-4180,Wiley,False,False,54,1790,1.8,0,0,0
PMC5457596,Serum uric acid concentration is associated with hypertensive retinopathy in hypertensive chinese adults,28577362,10.1186/s12886-017-0470-y,CC BY,BMC Ophthalmol,2017,2017 Jun 2,1471-2415,BMC,False,True,378,48420,47.7,0,0,0
PMC5457871,Evidence of elemene injection combined radiotherapy in lung cancer treatment among patients with brain metastases: A systematic review and meta-analysis,28538391,10.1097/MD.0000000000006963,CC BY-ND,Medicine (Baltimore),2017,2017 May 26,0025-7974,Wolters Kluwer Health,True,True,236,27960,27.6,0,0,0
PMC5457881,Atrial fibrillation was changed into sinus bradycardia in a ROS1-positive advanced lung adenocarcinoma patient who achieved durable response to Crizotinib: A case report and literature review,28538401,10.1097/MD.0000000000006979,CC BY-ND,Medicine (Baltimore),2017,2017 May 26,0025-7974,Wolters Kluwer Health,True,True,126,18034,17.7,0,0,0
PMC5457885,Marked response to nab-paclitaxel in EGFR mutated lung neuroendocrine carcinoma: A case report,28538405,10.1097/MD.0000000000006985,CC BY-SA,Medicine (Baltimore),2017,2017 May 26,0025-7974,Wolters Kluwer Health,True,True,146,20701,20.4,0,0,0
PMC5457896,Case report of 2 sudden deaths after surgery for bone fracture: Usefulness of immunohistochemical analysis of coronary artery for identifying acute myocardial infarction,28538416,10.1097/MD.0000000000007006,CC BY-ND,Medicine (Baltimore),2017,2017 May 26,0025-7974,Wolters Kluwer Health,True,True,131,15648,15.4,0,0,0
PMC5463396,"CKD.QLD: establishment of a chronic kidney disease [CKD] registry in Queensland, Australia",28592254,10.1186/s12882-017-0607-5,CC BY,BMC Nephrol,2017,2017 Jun 7,1471-2369,BMC,False,True,363,48837,47.8,0,0,0
PMC5464539,"Obesity, metabolic factors and risk of different histological types of lung cancer: A Mendelian randomization study",28594918,10.1371/journal.pone.0177875,CC0,PLoS One,2017,,1932-6203,PLOS,False,True,535,53554,52.5,0,0,0
PMC5464887,Identification of STXBP2 as a novel susceptibility locus for myocardial infarction in Japanese individuals by an exome-wide association study,28380445,10.18632/oncotarget.16536,CC BY,Oncotarget,2017,2017 Mar 23,1949-2553,"Impact Journals, LLC",False,True,249,37590,36.9,0,0,0
PMC5473552,Association of Alzhemier's disease with hepatitis C among patients with bipolar disorder,28622343,10.1371/journal.pone.0179312,CC BY,PLoS One,2017,2017 Jun 16,1932-6203,PLOS,False,True,267,37564,37.0,0,0,0
PMC5478118,The association between serum uric acid and the incidence of prediabetes and type 2 diabetes mellitus: The Rotterdam Study,28632742,10.1371/journal.pone.0179482,CC BY,PLoS One,2017,2017 Jun 20,1932-6203,PLOS,False,True,297,40111,39.3,0,0,0
PMC5485046,"Renal safety of canagliflozin, a sodium glucose co‐transporter 2 inhibitor, in patients with type 2 diabetes mellitus",28083972,10.1111/dom.12876,CC BY-ND,Diabetes Obes Metab,2017,2017 Mar 16,1462-8902,,False,True,164,22645,22.4,0,0,0
PMC5485944,Cholesterol Crystal Embolism and Chronic Kidney Disease,28538699,10.3390/ijms18061120,CC BY,Int J Mol Sci,2017,2017 May 24,1422-0067,Multidisciplinary Digital Publishing Institute (MDPI),False,True,270,43529,42.5,0,0,0
PMC5489649,TET1-mediated DNA hypomethylation regulates the expression of MUC4 in lung cancer,28680536,10.18632/genesandcancer.139,CC BY,Genes Cancer,2017,2017 Mar,1947-6019,"Impact Journals, LLC",False,True,308,41444,40.6,0,0,0
PMC5507536,ANK1 is up-regulated in laser captured microglia in Alzheimer’s brain; the importance of addressing cellular heterogeneity,28700589,10.1371/journal.pone.0177814,CC0,PLoS One,2017,2017 Jul 12,1932-6203,PLOS,False,True,300,39597,38.8,0,0,0
PMC5515760,Correlation of iodine uptake and perfusion parameters between dual-energy CT imaging and first-pass dual-input perfusion CT in lung cancer,28700488,10.1097/MD.0000000000007479,CC BY-ND,Medicine (Baltimore),2017,2017 Jul 14,0025-7974,Wolters Kluwer Health,True,True,205,33755,33.4,0,0,0
PMC5520342,Circulating sortilin level as a potential biomarker for coronary atherosclerosis and diabetes mellitus,28728579,10.1186/s12933-017-0568-9,CC BY,Cardiovasc Diabetol,2017,2017 Jul 20,1475-2840,BMC,False,True,300,35149,34.8,0,0,0
PMC5521921,Assessment of optic disc and ganglion cell layer in diabetes mellitus type 2,28723781,10.1097/MD.0000000000007556,CC BY-ND,Medicine (Baltimore),2017,2017 Jul 21,0025-7974,Wolters Kluwer Health,True,True,156,23682,23.4,0,0,0
PMC5530523,"Risk factors for type 2 diabetes mellitus among out-patients in Ho, the Volta regional capital of Ghana: a case–control study",28747218,10.1186/s13104-017-2648-z,CC BY,BMC Res Notes,2017,2017 Jul 26,1756-0500,BMC,False,True,375,45705,45.1,0,0,0
PMC5531470,Corticotropin-releasing factor receptor-1 modulates biomarkers of DNA oxidation in Alzheimer’s disease mice,28750017,10.1371/journal.pone.0181367,CC0,PLoS One,2017,2017 Jul 27,1932-6203,PLOS,False,True,232,43739,42.9,0,0,0
PMC5554219,Circulating CD40 and sCD40L Predict Changes in Renal Function in Subjects with Chronic Kidney Disease,28801616,10.1038/s41598-017-08426-8,CC BY,Sci Rep,2017,2017 Aug 11,2045-2322,Nature Publishing Group,False,True,253,38000,37.6,0,0,0
PMC5570270,Influence of coronary architecture on the variability in myocardial infarction induced by coronary ligation in rats,28837679,10.1371/journal.pone.0183323,CC BY,PLoS One,2017,2017 Aug 24,1932-6203,PLOS,False,True,211,33464,32.8,0,0,0
PMC5571687,Pemetrexed-carboplatin with intercalated icotinib in the treatment of patient with advanced EGFR wild-type lung adenocarcinoma: A case report,28816950,10.1097/MD.0000000000007732,CC BY-ND,Medicine (Baltimore),2017,2017 Aug 18,0025-7974,Wolters Kluwer Health,True,True,162,22849,22.4,0,0,0
PMC5571705,Two-portal versus three-port video-assist thoracoscopic surgery for early stage nonsmall cell lung cancer: A retrospective study,28816968,10.1097/MD.0000000000007796,CC BY-ND,Medicine (Baltimore),2017,2017 Aug 18,0025-7974,Wolters Kluwer Health,True,True,144,18176,17.8,0,0,0
PMC5571721,"Age threshold for moderate and severe periodontitis among Korean adults without diabetes mellitus, hypertension, metabolic syndrome, and/or obesity",28816984,10.1097/MD.0000000000007835,CC BY-ND,Medicine (Baltimore),2017,2017 Aug 18,0025-7974,Wolters Kluwer Health,True,True,178,27531,27.1,0,0,0
PMC5572005,Effect of charted mental illness on reperfusion therapy in hospitalized patients with an acute myocardial infarction in Florida,28834883,10.1097/MD.0000000000007788,CC BY-ND,Medicine (Baltimore),2017,2017 Aug 25,0025-7974,Wolters Kluwer Health,True,True,169,37617,36.9,0,0,0
PMC5585474,Comparative assessment of the efficacy and safety of acarbose and metformin combined with premixed insulin in patients with type 2 diabetes mellitus,28858080,10.1097/MD.0000000000007533,CC BY-ND,Medicine (Baltimore),2017,2017 Sep 1,0025-7974,Wolters Kluwer Health,True,True,185,23885,23.5,0,0,0
PMC5585497,Efficacy of nanoparticle albumin-bound paclitaxel regimens for relapsed small cell lung cancer: A retrospective analysis,28858103,10.1097/MD.0000000000007884,CC BY-SA,Medicine (Baltimore),2017,2017 Sep 1,0025-7974,Wolters Kluwer Health,True,True,198,27357,26.8,0,0,0
PMC5590153,Low serum vitamin D levels in type 2 diabetes patients are associated with decreased mycobacterial activity,28882103,10.1186/s12879-017-2705-1,CC BY,BMC Infect Dis,2017,2017 Sep 7,1471-2334,BMC,False,True,317,46027,45.4,0,0,0
PMC5591166,Global longitudinal strain predicts incident atrial fibrillation and stroke occurrence after acute myocardial infarction,27858918,10.1097/MD.0000000000005338,CC BY-ND,Medicine (Baltimore),2016,2016 Nov 4,0025-7974,Wolters Kluwer Health,True,True,190,39772,39.1,0,0,0
PMC5604625,Shared polymorphisms and modifiable behavior factors for myocardial infarction and high cholesterol in a retrospective population study,28906356,10.1097/MD.0000000000007683,CC BY-SA,Medicine (Baltimore),2017,2017 Sep 15,0025-7974,Wolters Kluwer Health,True,True,211,39459,39.0,0,0,0
PMC5604672,The role of serum angiopoietin-2 levels in progression and prognosis of lung cancer: A meta-analysis,28906403,10.1097/MD.0000000000008063,CC BY-SA,Medicine (Baltimore),2017,2017 Sep 15,0025-7974,Wolters Kluwer Health,True,True,217,32045,31.6,0,0,0
PMC5609608,Heart rate variability based on risk stratification for type 2 diabetes mellitus,28767910,10.1590/S1679-45082017AO3888,CC BY,Einstein (Sao Paulo),2017,2017 Apr-Jun,1679-4508,Instituto de Ensino e Pesquisa Albert Einstein,True,True,289,33451,32.9,0,0,0
PMC5614644,CCL11 is increased in the CNS in chronic traumatic encephalopathy but not in Alzheimer’s disease,28950005,10.1371/journal.pone.0185541,CC0,PLoS One,2017,2017 Sep 26,1932-6203,PLOS,False,True,240,56132,55.0,0,0,0
PMC5617704,The prognostic value of shock index for the outcomes of acute myocardial infarction patients: A systematic review and meta-analysis,28930837,10.1097/MD.0000000000008014,CC BY-ND,Medicine (Baltimore),2017,2017 Sep 22,0025-7974,Wolters Kluwer Health,True,True,211,22504,22.2,0,0,0
PMC5657061,"The effect of renal denervation in an experimental model of chronic renal insufficiency, The REmnant kidney Denervation In Pigs study (REDIP study)",29070043,10.1186/s12967-017-1319-0,CC BY,J Transl Med,2017,2017 Oct 25,1479-5876,BMC,False,True,277,34608,34.2,0,0,0
PMC5659028,Endothelin A receptor blocker and calcimimetic in the adenine rat model of chronic renal insufficiency,29078759,10.1186/s12882-017-0742-z,CC BY,BMC Nephrol,2017,2017 Oct 27,1471-2369,BMC,False,True,360,57485,56.8,0,0,0
PMC5675402,Increasing prevalence of diabetes mellitus in a developing country and its related factors,29112962,10.1371/journal.pone.0187670,CC BY,PLoS One,2017,2017 Nov 7,1932-6203,PLOS,False,True,279,37352,36.6,0,0,0
PMC5682784,"Identification of differential expressed PE exosomal miRNA in lung adenocarcinoma, tuberculosis, and other benign lesions",29095265,10.1097/MD.0000000000008361,CC BY-SA,Medicine (Baltimore),2017,2017 Nov 3,0025-7974,Wolters Kluwer Health,True,True,255,38656,38.0,0,0,0
PMC5690584,Abnormal brain white matter microstructure is associated with both pre-hypertension and hypertension,29145428,10.1371/journal.pone.0187600,CC BY,PLoS One,2017,2017 Nov 16,1932-6203,PLOS,False,True,353,51105,50.5,0,0,0
PMC5690724,Subcellular localization of β-arrestin1 and its prognostic value in lung adenocarcinoma,29137031,10.1097/MD.0000000000008450,CC BY-ND,Medicine (Baltimore),2017,2017 Nov 10,0025-7974,Wolters Kluwer Health,True,True,199,34497,34.0,0,0,0
PMC5691402,Lower incidence of myocardial infarction after smoke-free legislation enforcement in Chile,29151635,10.2471/BLT.16.189894,CC BY,Bull World Health Organ,2017,2017 Aug 28,0042-9686,World Health Organization,True,True,346,51922,54.9,0,0,387
PMC5706061,Impact of the delay to start treatment in patients with lung cancer treated in a densely populated area of Brazil,29236913,10.6061/clinics/2017(11)05,CC BY,Clinics (Sao Paulo),2017,2017 Nov,1807-5932,Hospital das Clinicas da Faculdade de Medicina da Universidade de Sao Paulo,False,True,238,24740,24.3,0,0,0
PMC5708934,Salvage chemoradiotherapy with cisplatin and vinorelbine for postoperative locoregional recurrence of non-small cell lung cancer,29381935,10.1097/MD.0000000000008635,CC BY-SA,Medicine (Baltimore),2017,2017 Nov 27,0025-7974,Wolters Kluwer Health,True,True,185,27683,27.2,0,0,0
PMC5708951,Association between the number of natural teeth and diabetic retinopathy among type 2 diabetes mellitus: The Korea national health and nutrition examination survey,29381952,10.1097/MD.0000000000008694,CC BY-ND,Medicine (Baltimore),2017,2017 Nov 27,0025-7974,Wolters Kluwer Health,True,True,188,30902,30.5,0,0,0
PMC5708966,Responses to crizotinib and disease monitoring with circulating tumor cells in lung adenocarcinoma patient with MET exon 14 skipping mutation: A case report,29381967,10.1097/MD.0000000000008744,CC BY-ND,Medicine (Baltimore),2017,2017 Nov 27,0025-7974,Wolters Kluwer Health,True,True,156,22593,22.2,0,0,0
PMC5709852,Renal association clinical practice guideline on Anaemia of Chronic Kidney Disease,29191165,10.1186/s12882-017-0688-1,CC BY,BMC Nephrol,2017,2017 Nov 30,1471-2369,BMC,True,True,1326,155359,152.5,0,0,0
PMC5728822,Assessment of change in glucose metabolism in white matter of amyloid-positive patients with Alzheimer disease using F-18 FDG PET,29310421,10.1097/MD.0000000000009042,CC BY-ND,Medicine (Baltimore),2017,2017 Dec 1,0025-7974,Wolters Kluwer Health,True,True,187,31389,30.9,0,0,0
PMC5728893,Tonsillar metastasis of nonsmall cell lung cancer with G719S mutation in exon 18: A case report,29245278,10.1097/MD.0000000000009003,CC BY-SA,Medicine (Baltimore),2017,2017 Dec 8,0025-7974,Wolters Kluwer Health,True,True,135,13865,13.6,0,0,0
PMC5728943,Endobronchial hamartoma mimicking malignant lung tumor contralateral endobronchial metastasis: A case report,29245328,10.1097/MD.0000000000009085,CC BY-ND,Medicine (Baltimore),2017,2017 Dec 8,0025-7974,Wolters Kluwer Health,True,True,130,11985,11.8,0,0,0
PMC5738010,A case report of tongue metastasis from lung squamous cell carcinoma and literature review,28984774,10.1097/MD.0000000000008208,CC BY-ND,Medicine (Baltimore),2017,2017 Oct 27,0025-7974,Wolters Kluwer Health,True,True,160,20108,19.7,0,0,0
PMC5747262,Abnormal elevation of myocardial necrosis biomarkers after coronary artery bypass grafting without established myocardial infarction assessed by cardiac magnetic resonance,29284532,10.1186/s13019-017-0684-3,CC BY,J Cardiothorac Surg,2017,2017 Dec 29,1749-8090,BMC,False,True,263,31026,30.5,0,0,0
PMC5747597,The QardioArm App in the Assessment of Blood Pressure and Heart Rate: Reliability and Validity Study,29246880,10.2196/mhealth.8458,CC BY,JMIR Mhealth Uhealth,2017,2017 Dec 15,2291-5222,JMIR Publications Inc.,False,True,516,42680,41.8,0,0,0
PMC5764276,Associations of plasma clusterin and Alzheimer’s disease-related MRI markers in adults at mid-life: The CARDIA Brain MRI sub-study,29324756,10.1371/journal.pone.0190478,CC0,PLoS One,2018,2018 Jan 11,1932-6203,PLOS,False,True,409,52363,51.9,0,0,0
PMC5779336,"Lung Cancer Incidence Trends Among Men and Women — United States, 2005–2009",24402465,,CC0,MMWR Morb Mortal Wkly Rep,2014,2014 Jan 10,0149-2195,Centers for Disease Control and Prevention,False,True,203,20332,21.2,0,0,0
PMC5784884,Brain and blood metabolite signatures of pathology and progression in Alzheimer disease: A targeted metabolomics study,29370177,10.1371/journal.pmed.1002482,CC0,PLoS Med,2018,2018 Jan 25,1549-1277,PLOS,False,True,766,114052,112.0,0,0,0
PMC5794406,Prognostic impact of left ventricular mass change in patients with ST-elevation myocardial infarction,29369222,10.1097/MD.0000000000009748,CC BY-SA,Medicine (Baltimore),2018,2018 Jan 26,0025-7974,Wolters Kluwer Health,True,True,156,23191,23.0,0,0,0
PMC5800125,Endocrine Disrupting Chemicals Mediated through Binding Androgen Receptor Are Associated with Diabetes Mellitus,29295509,10.3390/ijerph15010025,CC BY,Int J Environ Res Public Health,2017,2017 Dec 23,1661-7827,Multidisciplinary Digital Publishing Institute (MDPI),False,True,293,64945,63.5,0,0,0
PMC5815687,Synchronous diffuse large B-cell lymphoma of the stomach and small cell lung carcinoma: A case report,29390275,10.1097/MD.0000000000008873,CC BY,Medicine (Baltimore),2017,2017 Dec 15,0025-7974,Wolters Kluwer Health,True,True,134,12417,12.3,0,0,0
PMC5815792,Significant efficacy and well safety of apatinib combined with radiotherapy in NSCLC: Case report,29390380,10.1097/MD.0000000000009276,CC BY-SA,Medicine (Baltimore),2017,2017 Dec 15,0025-7974,Wolters Kluwer Health,True,True,135,20563,20.2,0,0,0
PMC5817724,KRAS oncogene in non-small cell lung cancer: clinical perspectives on the treatment of an old target,29455666,10.1186/s12943-018-0789-x,CC BY,Mol Cancer,2018,2018 Feb 19,1476-4598,BMC,False,True,445,81325,79.6,0,0,0
PMC5833374,Monoglyceride lipase gene knockout in mice leads to increased incidence of lung adenocarcinoma,29348400,10.1038/s41419-017-0188-z,CC BY,Cell Death Dis,2018,2018 Jan 18,2041-4889,Nature Publishing Group,False,True,242,49305,48.6,0,0,0
PMC5835263,Mitochondrial Genome Mutations Associated with Myocardial Infarction,29670672,10.1155/2018/9749457,CC BY,Dis Markers,2018,2018 Feb 18,0278-0240,Wiley,False,True,266,29235,28.8,0,0,0
PMC5842784,Metabolic brain networks in aging and preclinical Alzheimer's disease,29527500,10.1016/j.nicl.2017.12.037,CC BY,Neuroimage Clin,2017,2017 Dec 28,2213-1582,Elsevier,False,True,343,76856,75.7,0,0,0
PMC5851744,Effect of hypoglycemic agents on survival outcomes of lung cancer patients with diabetes mellitus: A meta-analysis,29489653,10.1097/MD.0000000000010035,CC BY-ND,Medicine (Baltimore),2018,2018 Mar 2,0025-7974,Wolters Kluwer Health,True,True,223,35626,35.1,0,0,0
PMC5854359,Cost-effectiveness analysis of elbasvir-grazoprevir regimen for treating hepatitis C virus genotype 1 infection in stage 4-5 chronic kidney disease patients in France,29543897,10.1371/journal.pone.0194329,CC BY,PLoS One,2018,2018 Mar 15,1932-6203,PLOS,False,True,539,67678,66.6,0,0,0
PMC5880091,Can increased vigilance for chronic kidney disease in hospitalised patients decrease late referral and improve dialysis-free survival?,29606094,10.1186/s12882-018-0869-6,CC BY,BMC Nephrol,2018,2018 Apr 2,1471-2369,BMC,False,True,207,27628,27.2,0,0,0
PMC5882250,Long-Term Outcomes in Patients With Type 2 Myocardial Infarction and Myocardial Injury,29150426,10.1161/CIRCULATIONAHA.117.031806,CC BY,Circulation,2018,2018 Mar 12,0009-7322,,False,True,231,44538,43.6,0,0,0
PMC5888938,Left frontal hub connectivity delays cognitive impairment in autosomal-dominant and sporadic Alzheimer’s disease,29462334,10.1093/brain/awy008,CC BY,Brain,2018,,0006-8950,Oxford University Press,True,True,468,80426,79.2,0,0,0
PMC5895306,Statin in the treatment of patients with myocardial infarction: A meta-analysis,29561426,10.1097/MD.0000000000010167,CC BY-SA,Medicine (Baltimore),2018,2018 Mar 23,0025-7974,Wolters Kluwer Health,True,True,160,16586,16.3,0,0,0
PMC5895397,High scavenger receptor class B type I expression is related to tumor aggressiveness and poor prognosis in lung adenocarcinoma: A STROBE compliant article,29595658,10.1097/MD.0000000000010203,CC BY-ND,Medicine (Baltimore),2018,2018 Mar 30,0025-7974,Wolters Kluwer Health,True,True,218,30330,29.8,0,0,0
PMC5931551,Paraneoplastic limbic encephalitis associated with lung cancer,29717222,10.1038/s41598-018-25294-y,CC BY,Sci Rep,2018,2018 May 1,2045-2322,Nature Publishing Group,False,True,213,31971,31.3,0,0,0
PMC5944517,Immunological markers as predictors of developing steroid-induced diabetes mellitus in pemphigus vulgaris patients: An observational study,29702999,10.1097/MD.0000000000010463,CC BY-ND,Medicine (Baltimore),2018,2018 Apr 27,0025-7974,Wolters Kluwer Health,True,True,208,20984,20.6,0,0,0
PMC5959434,Early tumor shrinkage served as a prognostic factor for patients with stage III non-small cell lung cancer treated with concurrent chemoradiotherapy,29742701,10.1097/MD.0000000000010632,CC BY-ND,Medicine (Baltimore),2018,2018 May 11,0025-7974,Wolters Kluwer Health,True,True,182,26779,26.6,0,0,0
PMC5966768,Guidelines for experimental models of myocardial ischemia and infarction,29351451,10.1152/ajpheart.00335.2017,CC BY,Am J Physiol Heart Circ Physiol,2018,2018 Jan 12,0363-6135,American Physiological Society,False,True,789,199028,195.2,0,0,0
PMC5976344,Lung cancer screening CT-based coronary artery calcification in predicting cardiovascular events: A systematic review and meta-analysis,29768322,10.1097/MD.0000000000010461,CC BY-ND,Medicine (Baltimore),2018,2018 May 18,0025-7974,Wolters Kluwer Health,True,True,208,24154,23.8,0,0,0
PMC5983168,Pericardial application as a new route for implanting stem‐cell cardiospheres to treat myocardial infarction,29736937,10.1113/JP275548,CC BY,J Physiol,2018,2018 May 7,0022-3751,Wiley,True,True,367,65897,65.6,0,0,0
PMC5986147,Myocardial infarction and alcohol consumption: A case-control study,29864160,10.1371/journal.pone.0198129,CC BY,PLoS One,2018,2018 Jun 4,1932-6203,PLOS,False,True,383,59915,59.0,0,0,0
PMC5992231,Recent Findings in the Genetics of Blood Pressure: How to Apply in Practice or Is a Moonshot Required?,29881931,10.1007/s11906-018-0863-1,CC BY,Curr Hypertens Rep,2018,2018 Jun 7,1522-6417,,True,True,136,28340,27.8,0,0,0
PMC5992611,A guide to using functional magnetic resonance imaging to study Alzheimer's disease in animal models,29784664,10.1242/dmm.031724,CC BY,Dis Model Mech,2018,2018 May 18,1754-8403,Company of Biologists,True,True,385,93343,91.3,0,0,0
PMC5999662,Stereotactic Body Radiaton Therapy for 15 Patients with Small Lung Neoplasms,21426671,10.3779/j.issn.1009-3419.2011.03.12,CC BY,Zhongguo Fei Ai Za Zhi,2011,,1009-3419,Editorial office of Chinese Journal of Lung Cancer,False,True,195,14040,20.5,0,0,3057
PMC5999712,Survival after Radiofrequency Ablation for 100 Cases of Lung Neoplasms,21496432,10.3779/j.issn.1009-3419.2011.04.06,CC BY,Zhongguo Fei Ai Za Zhi,2011,,1009-3419,Editorial office of Chinese Journal of Lung Cancer,False,True,185,13728,23.1,0,0,4425
PMC5999988,Radiofrequency Ablation for the Treatment of Lung Neoplasms: A Retrospective Study of 329 Cases,22104221,10.3779/j.issn.1009-3419.2011.11.06,CC BY,Zhongguo Fei Ai Za Zhi,2011,,1009-3419,Editorial office of Chinese Journal of Lung Cancer,False,True,231,13740,21.3,0,0,3631
PMC6000097,Radiofrequency Ablation for Lung Neoplasms with Isolated Postsurgical Local Recurrences or Metastases of Non-small Cell Lung Cancer,24949685,10.3779/j.issn.1009-3419.2014.06.04,CC BY,Zhongguo Fei Ai Za Zhi,2014,,1009-3419,Editorial office of Chinese Journal of Lung Cancer,False,True,177,13658,20.5,0,0,3277
PMC6000495,Clinical Application and Advances in Radiofrequency Ablation of Lung Neoplasms,21081050,10.3779/j.issn.1009-3419.2010.11.13,CC BY,Zhongguo Fei Ai Za Zhi,2010,,1009-3419,Editorial office of Chinese Journal of Lung Cancer,True,True,222,20833,31.7,0,0,5227
PMC6000574,Interpretation of IASLC/ATS/ERS International Multidisciplinary Classifcation of Lung Neoplasms,23769340,10.3779/j.issn.1009-3419.2013.06.01,CC BY,Zhongguo Fei Ai Za Zhi,2013,,1009-3419,Editorial office of Chinese Journal of Lung Cancer,False,True,165,12219,22.0,0,0,4691
PMC6010458,Uncontrolled hypertension increases risk of all-cause and cardiovascular disease mortality in US adults: the NHANES III Linked Mortality Study,29925884,10.1038/s41598-018-27377-2,CC BY,Sci Rep,2018,2018 Jun 20,2045-2322,Nature Publishing Group,False,True,213,34943,34.7,0,0,0
PMC6020240,Hematuria as a risk factor for progression of chronic kidney disease and death: findings from the Chronic Renal Insufficiency Cohort (CRIC) Study,29940877,10.1186/s12882-018-0951-0,CC BY,BMC Nephrol,2018,2018 Jun 26,1471-2369,BMC,False,True,453,52492,51.9,0,0,0
PMC6022660,Genetic study of multimodal imaging Alzheimer’s disease progression score implicates novel loci,29860282,10.1093/brain/awy141,CC BY,Brain,2018,2018 May 30,0006-8950,Oxford University Press,True,True,339,70546,69.5,0,0,0
PMC6023630,Metabolic Syndrome-Related Features in Controlled and Resistant Hypertensive Subjects,30226908,10.5935/abc.20180076,CC BY,Arq Bras Cardiol,2018,2018 Jul,0066-782X,Sociedade Brasileira de Cardiologia,False,True,272,37085,36.4,0,0,0
PMC6028095,Serum uric acid and arterial hypertension—Data from Sephar III survey,29966019,10.1371/journal.pone.0199865,CC BY,PLoS One,2018,2018 Jul 2,1932-6203,PLOS,False,True,274,26934,26.4,0,0,0
PMC6054391,Body mass index ≥23 is a risk factor for insulin resistance and diabetes in Japanese people: A brief report,30028879,10.1371/journal.pone.0201052,CC BY,PLoS One,2018,2018 Jul 20,1932-6203,PLOS,False,True,221,30317,29.8,0,0,0
PMC6064622,Impact of serum cholesterol esterification rates on the development of diabetes mellitus in a general population,30055622,10.1186/s12944-018-0822-5,CC BY,Lipids Health Dis,2018,2018 Jul 28,1476-511X,BMC,False,True,305,39286,38.9,0,0,0
PMC6076114,A case report of pediatric calciphylaxis–a rare and potentially fatal under diagnosed condition,29979398,10.1097/MD.0000000000011300,CC BY-ND,Medicine (Baltimore),2018,2018 Jul 6,0025-7974,Wolters Kluwer Health,True,True,203,23525,23.1,0,0,0
PMC6079422,The Impact of Type 2 Diabetes Mellitus on Long-Term Prognosis in Patients of Different Ages with Myocardial Infarction,30116733,10.1155/2018/1780683,CC BY,J Diabetes Res,2018,2018 Jul 10,2314-6745,Wiley,False,True,167,28502,28.0,0,0,0
PMC6126877,MDHGI: Matrix Decomposition and Heterogeneous Graph Inference for miRNA-disease association prediction,30142158,10.1371/journal.pcbi.1006418,CC BY,PLoS Comput Biol,2018,2018 Aug 24,1553-734X,PLOS,False,True,495,76694,75.3,0,0,0
PMC6128455,Increases in plasma corin levels following experimental myocardial infarction reflect the severity of ischemic injury,30192780,10.1371/journal.pone.0202571,CC BY,PLoS One,2018,2018 Sep 7,1932-6203,PLOS,False,True,261,52621,51.6,0,0,0
PMC6166969,Lack of vitamin D signalling per se does not aggravate cardiac functional impairment induced by myocardial infarction in mice,30273386,10.1371/journal.pone.0204803,CC BY,PLoS One,2018,2018 Oct 1,1932-6203,PLOS,False,True,276,55775,54.8,0,0,0
PMC6171234,An open-label pilot study on preventing glucocorticoid-induced diabetes mellitus with linagliptin,30285859,10.1186/s13256-018-1817-6,CC BY,J Med Case Rep,2018,2018 Oct 4,1752-1947,BMC,False,True,195,25382,24.9,0,0,0
PMC6195263,Modeling the impact of obesity on the lifetime risk of chronic kidney disease in the United States using updated estimates of GFR progression from the CRIC study,30339684,10.1371/journal.pone.0205530,CC0,PLoS One,2018,2018 Oct 19,1932-6203,PLOS,False,True,281,33411,32.9,0,0,0
PMC6196770,Acute myocardial infarction hospital admissions and deaths in England: a national follow-back and follow-forward record-linkage study,29253451,10.1016/S2468-2667(17)30032-4,CC BY,Lancet Public Health,2017,2017 Mar 1,2468-2667,,True,True,255,50164,49.3,0,0,0
PMC6202421,Prediction of potential disease-associated microRNAs by composite network based inference,30361693,10.1038/s41598-018-34180-6,CC BY,Sci Rep,2018,2018 Oct 25,2045-2322,Nature Publishing Group,False,True,254,36553,36.1,0,0,0
PMC6203969,Identifying associations between diabetes and acute respiratory distress syndrome in patients with acute hypoxemic respiratory failure: an analysis of the LUNG SAFE database,30367670,10.1186/s13054-018-2158-y,CC BY,Crit Care,2018,2018 Oct 27,1364-8535,BMC,False,True,515,103156,101.6,0,0,0
PMC6210689,Lack of Association of Coffee Consumption with the Prevalence of Self-Reported Type 2 Diabetes Mellitus in a Mexican Population: A Cross-Sectional Study,30257442,10.3390/ijerph15102100,CC BY,Int J Environ Res Public Health,2018,2018 Sep 25,1661-7827,Multidisciplinary Digital Publishing Institute (MDPI),False,True,223,32063,31.5,0,0,0
PMC6211704,Parahippocampal gyrus expression of endothelial and insulin receptor signaling pathway genes is modulated by Alzheimer’s disease and normalized by treatment with anti-diabetic agents,30383799,10.1371/journal.pone.0206547,CC0,PLoS One,2018,2018 Nov 1,1932-6203,PLOS,False,True,357,66850,65.6,0,0,0
PMC6214001,The Proposal of Molecular Mechanisms of Weak Organic Acids Intake-Induced Improvement of Insulin Resistance in Diabetes Mellitus via Elevation of Interstitial Fluid pH,30347717,10.3390/ijms19103244,CC BY,Int J Mol Sci,2018,2018 Oct 19,1422-0067,Multidisciplinary Digital Publishing Institute (MDPI),False,True,324,90536,88.7,0,0,0
PMC6221621,The ratio of urinary sodium and potassium and chronic kidney disease progression: Results from the KoreaN Cohort Study for Outcomes in Patients with Chronic Kidney Disease (KNOW-CKD),30383635,10.1097/MD.0000000000012820,CC BY,Medicine (Baltimore),2018,2018 Nov 2,0025-7974,Wolters Kluwer Health,True,True,203,30437,30.0,0,0,0
PMC6247241,Familial history of hypertension-induced impairment on heart rate variability was not observed in strength-trained subjects,30462769,10.1590/1414-431X20187310,CC BY,Braz J Med Biol Res,2018,2018 Nov 14,0100-879X,Associação Brasileira de Divulgação Científica,False,True,141,23304,22.8,0,0,0
PMC6280809,Prognostic value of plasma NT-proBNP levels in very old patients with moderate renal insufficiency in China,29058070,10.1007/s00391-017-1327-y,CC BY,Z Gerontol Geriatr,2017,2017 Oct 20,0948-6704,,False,True,263,39328,39.0,0,0,0
PMC6287897,Incidence of Hospitalization for Heart Failure and Case-Fatality Among 3.25 Million People With and Without Diabetes Mellitus,29950404,10.1161/CIRCULATIONAHA.118.034986,CC BY,Circulation,2018,2018 Dec 10,0009-7322,,False,True,327,54479,53.3,0,0,0
PMC6289164,"Christmas, national holidays, sport events, and time factors as triggers of acute myocardial infarction: SWEDEHEART observational study 1998-2013",30541902,10.1136/bmj.k4811,CC BY,BMJ,2018,2018 Dec 12,0959-8138,BMJ Publishing Group,True,True,328,41865,41.1,0,0,0
PMC6299491,Perceived family support among older persons in diabetes mellitus self-management,30563474,10.1186/s12877-018-0981-2,CC BY,BMC Geriatr,2018,2018 Dec 19,1471-2318,BMC,False,True,197,24217,23.8,0,0,0
PMC6300886,Heterogeneity of Alzheimer’s disease: consequence for drug trials?,30567585,10.1186/s13195-018-0455-y,CC BY,Alzheimers Res Ther,2018,2018 Dec 19,1758-9193,BMC,True,True,134,16410,16.2,0,0,0
PMC6312584,"Toxoplasma gondii Infection in Diabetes Mellitus Patients in China: Seroprevalence, Risk Factors, and Case-Control Studies",30662909,10.1155/2018/4723739,CC BY,Biomed Res Int,2018,2018 Dec 18,2314-6133,Wiley,False,True,384,39863,40.2,0,0,0
PMC6319708,Thoracic aortic calcification across the clinical dysglycemic continuum in a large Asian population free of cardiovascular symptoms,30608944,10.1371/journal.pone.0207089,CC BY,PLoS One,2019,2019 Jan 4,1932-6203,PLOS,False,True,349,48704,48.0,0,0,0
PMC6324382,Factors Associated With Return to Work After Acute Myocardial Infarction in China,30646375,10.1001/jamanetworkopen.2018.4831,CC BY,JAMA Netw Open,2018,,2574-3805,,False,True,417,55513,54.4,0,0,0
PMC6337639,Lung Macrophages: Multifunctional Regulator Cells for Metastatic Cells,30597969,10.3390/ijms20010116,CC BY,Int J Mol Sci,2018,2018 Dec 29,1422-0067,Multidisciplinary Digital Publishing Institute (MDPI),False,True,294,57152,55.9,0,0,0
PMC6371567,sRAGE and early signs of cardiac target organ damage in mild hypertensives,30755202,10.1186/s12933-019-0821-5,CC BY,Cardiovasc Diabetol,2019,2019 Feb 12,1475-2840,BMC,False,True,386,42637,42.6,0,0,0
PMC6372132,Wave intensity analysis in the internal carotid artery of hypertensive subjects using phase-contrast MR angiography and preliminary assessment of the effect of vessel morphology on wave dynamics,30192235,10.1088/1361-6579/aadfc5,CC BY,Physiol Meas,2018,2018 Oct 18,0967-3334,,True,True,235,38197,38.7,0,0,0
PMC6381520,Awareness of hypertension and depressive symptoms: a cross-sectional study in a primary care population,30139283,10.1080/02813432.2018.1499588,CC BY,Scand J Prim Health Care,2018,2018 Aug 23,0281-3432,Taylor & Francis,True,True,243,28447,28.1,0,0,0
PMC6383235,"Insulin resistance and chronic kidney disease progression, cardiovascular events, and death: findings from the chronic renal insufficiency cohort study",30786864,10.1186/s12882-019-1220-6,CC BY,BMC Nephrol,2019,2019 Feb 20,1471-2369,BMC,False,True,447,54839,54.4,0,0,0
PMC6388331,Oxidative Stress in Animal Models of Acute and Chronic Renal Failure,30886657,10.1155/2019/8690805,CC BY,Dis Markers,2019,2019 Feb 11,0278-0240,Wiley,False,True,234,43442,42.7,0,0,0
PMC6392805,Effects of slow breathing rate on heart rate variability and arterial baroreflex sensitivity in essential hypertension,29718876,10.1097/MD.0000000000010639,CC BY-ND,Medicine (Baltimore),2018,2018 May 4,0025-7974,Wolters Kluwer Health,True,True,210,23709,23.4,0,0,0
PMC6392978,Therapeutic efficacy of neuromuscular electrical stimulation and electromyographic biofeedback on Alzheimer's disease patients with dysphagia,28885365,10.1097/MD.0000000000008008,CC BY-ND,Medicine (Baltimore),2017,2017 Sep 8,0025-7974,Wolters Kluwer Health,True,True,179,24118,23.7,0,0,0
PMC6392996,Concomitant coronary and pulmonary embolism associated with patent foramen ovale: A case report,29384941,10.1097/MD.0000000000009480,CC BY-SA,Medicine (Baltimore),2017,2017 Dec 29,0025-7974,Wolters Kluwer Health,True,True,132,13058,12.8,0,0,0
PMC6393031,High red cell distribution width at the time of ST segment elevation myocardial infarction is better at predicting diastolic than systolic left ventricular dysfunction: A single-center prospective cohort study,29718862,10.1097/MD.0000000000010601,CC BY-ND,Medicine (Baltimore),2018,2018 May 4,0025-7974,Wolters Kluwer Health,True,True,248,39529,39.3,0,0,0
PMC6394668,Central systolic blood pressure and central pulse pressure predict left ventricular hypertrophy in hypertensive children,30426220,10.1007/s00467-018-4136-7,CC BY,Pediatr Nephrol,2018,2018 Nov 13,0931-041X,,False,True,289,47228,47.4,0,0,0
PMC6400970,Optimal cardiac strategy based on the history of myocardial infarction in type 2 diabetic patients with coronary artery disease,30837527,10.1038/s41598-019-39857-0,CC BY,Sci Rep,2019,2019 Mar 5,2045-2322,Nature Publishing Group,False,True,253,38598,38.2,0,0,0
PMC6417234,Prevalence of diabetes mellitus among tuberculosis patients in Sub-Saharan Africa: a systematic review and meta-analysis of observational studies,30866836,10.1186/s12879-019-3892-8,CC BY,BMC Infect Dis,2019,2019 Mar 13,1471-2334,BMC,False,True,369,49640,48.7,0,0,0
PMC6451770,Does pregnancy complication history improve cardiovascular disease risk prediction? Findings from the HUNT study in Norway,30596987,10.1093/eurheartj/ehy863,CC BY,Eur Heart J,2018,2018 Dec 27,0195-668X,Oxford University Press,True,True,350,56339,55.6,0,0,0
PMC6490907,Cardiovascular disease risk factor prevalence and estimated 10-year cardiovascular risk scores in Indonesia: The SMARThealth Extend study,31039155,10.1371/journal.pone.0215219,CC BY,PLoS One,2019,2019 Apr 30,1932-6203,PLOS,False,True,374,41137,40.6,0,0,0
PMC6491556,Hyperuricemia has increased the risk of progression of chronic kidney disease: propensity score matching analysis from the KNOW-CKD study,31040373,10.1038/s41598-019-43241-3,CC BY,Sci Rep,2019,2019 Apr 30,2045-2322,Nature Publishing Group,False,True,265,44123,43.7,0,0,0
PMC6502320,Alzheimer's disease: Estimating its prevalence rate in a French geographical unit using the National Alzheimer Data Bank and national health insurance information systems,31059547,10.1371/journal.pone.0216221,CC BY,PLoS One,2019,2019 May 6,1932-6203,PLOS,False,True,233,38385,37.8,0,0,0
PMC6510908,Association between serum Na–Cl level and renal function decline in chronic kidney disease: results from the chronic kidney disease Japan cohort (CKD-JAC) study,30168046,10.1007/s10157-018-1631-x,CC BY,Clin Exp Nephrol,2018,2018 Aug 24,1342-1751,,False,True,256,34165,34.1,0,0,0
PMC6512017,The Burden of Undiagnosed Diabetes Mellitus in Adult African Population: A Systematic Review and Meta-Analysis,31183383,10.1155/2019/4134937,CC BY,J Diabetes Res,2019,2019 Apr 28,2314-6745,Wiley,False,True,244,32477,31.7,0,0,0
PMC6515018,"Regional Variation in Comorbid Prediabetes and Diabetes and Associated Factors among Hypertensive Individuals in Rural Bangladesh, Pakistan, and Sri Lanka",31183214,10.1155/2019/4914158,CC BY,J Obes,2019,2019 Apr 30,2090-0708,Wiley,False,True,357,59839,59.2,0,0,0
PMC6516640,“I can’t get it into my head that I have cancer…”—A qualitative interview study on needs of patients with lung cancer,31086395,10.1371/journal.pone.0216778,CC BY,PLoS One,2019,2019 May 14,1932-6203,PLOS,False,True,409,56872,56.1,0,0,0
PMC6544065,Non-Medical Strategies to Improve Pregnancy Outcomes of Women with Gestational Diabetes Mellitus: A literature review,31198588,10.18295/squmj.2019.19.01.002,CC BY-ND,Sultan Qaboos Univ Med J,2019,2019 May 30,2075-051X,Sultan Qaboos University,False,True,232,34155,33.5,0,0,0
PMC6555784,Analysis of 2897 hospitalization events for patients with chronic kidney disease: results from CKD-JAC study,30968244,10.1007/s10157-019-01730-9,CC BY,Clin Exp Nephrol,2019,2019 Apr 9,1342-1751,,False,True,374,42697,41.8,0,0,0
PMC6586400,Are associations between psychosocial stressors and incident lung cancer attributable to smoking?,31220129,10.1371/journal.pone.0218439,CC0,PLoS One,2019,2019 Jun 20,1932-6203,PLOS,False,True,363,44118,43.8,0,0,0
PMC6594608,Oral extracellular vesicles in early pregnancy can identify patients at risk of developing gestational diabetes mellitus,31242249,10.1371/journal.pone.0218616,CC0,PLoS One,2019,2019 Jun 26,1932-6203,PLOS,False,True,267,44091,43.3,0,0,0
PMC6598737,Longitudinal neuroanatomical and cognitive progression of posterior cortical atrophy,31219516,10.1093/brain/awz136,CC BY,Brain,2019,2019 Jun 20,0006-8950,Oxford University Press,True,True,269,62258,61.3,0,0,0
PMC6604195,Screening for chronic kidney disease in rural Malawi: results from a diabetic clinic,31262351,10.1186/s13104-019-4415-9,CC BY,BMC Res Notes,2019,2019 Jul 1,1756-0500,BMC,False,True,279,26865,26.5,0,0,0
PMC6634561,Inequalities in Structural Social Capital and Health between Migrant and Local Hypertensive Patients,30924617,10.5334/aogh.2398,CC BY,Ann Glob Health,2019,2019 Mar 27,2214-9996,Ubiquity Press,False,True,320,36536,36.4,0,0,0
PMC6679484,The neuropathological diagnosis of Alzheimer’s disease,31375134,10.1186/s13024-019-0333-5,CC BY,Mol Neurodegener,2019,2019 Aug 2,1750-1326,BMC,False,True,430,98478,96.9,0,0,0
PMC6683563,The longitudinal effect of subclinical hypothyroidism on urine microalbumin-to-urine creatinine ratio in patients with type 2 diabetes mellitus,31382952,10.1186/s12902-019-0405-0,CC BY,BMC Endocr Disord,2019,2019 Aug 5,1472-6823,BMC,False,True,268,26544,26.4,0,0,0
PMC6705707,Alcohol Use and the Risk of Developing Alzheimer’s Disease,11910708,,CC0,Alcohol Res Health,2001,,1535-7414,National Institute on Alcohol Abuse and Alcoholism,True,True,211,45195,44.3,0,0,0
PMC6706224,Sarcopenia and sarcopenic obesity as prognostic predictors in hospitalized elderly patients with acute myocardial infarction,31433007,10.31744/einstein_journal/2019AO4632,CC BY,Einstein (Sao Paulo),2019,2019 Aug 14,1679-4508,Instituto de Ensino e Pesquisa Albert Einstein,True,True,679,71549,70.8,0,0,0
PMC6723949,Polypharmacy in Type 2 Diabetes Mellitus: Insights from an Internal Medicine Department,31382651,10.3390/medicina55080436,CC BY,Medicina (Kaunas),2019,2019 Aug 3,1010-660X,Multidisciplinary Digital Publishing Institute (MDPI),False,True,261,38284,37.5,0,0,0
PMC6739800,Incidence of Acute Kidney Injury in Patients with Chronic Renal Insufficiency: Transcatheter versus Surgical Aortic Valve Replacement,31772554,10.1155/2019/9780415,CC BY,J Interv Cardiol,2019,2019 Apr 23,0896-4327,Wiley,False,True,211,31475,30.8,0,0,0
PMC6741394,Primary Pulmonary Involvement in Mucosa-associated Lymphoid Tissue Lymphoma,31523541,10.7759/cureus.5110,CC BY,Cureus,2019,2019 Jul 9,2168-8184,Cureus Inc.,False,True,117,15322,15.0,0,0,0
PMC6801437,Anti-Myocardial Infarction Effects of Radix Aconiti Lateralis Preparata Extracts and Their Influence on Small Molecules in the Heart Using Matrix-Assisted Laser Desorption/Ionization–Mass Spectrometry Imaging,31569464,10.3390/ijms20194837,CC BY,Int J Mol Sci,2019,2019 Sep 29,1422-0067,Multidisciplinary Digital Publishing Institute (MDPI),False,True,278,55536,54.4,0,0,0
PMC6801649,Predictor Factors of Perceived Health in Family Caregivers of People Diagnosed with Mild or Moderate Alzheimer’s Disease,31591314,10.3390/ijerph16193762,CC BY,Int J Environ Res Public Health,2019,2019 Oct 7,1661-7827,Multidisciplinary Digital Publishing Institute (MDPI),False,True,327,50129,49.6,0,0,0
PMC6801685,Impact of Diabetes Mellitus on Bone Health,31575077,10.3390/ijms20194873,CC BY,Int J Mol Sci,2019,2019 Sep 30,1422-0067,Multidisciplinary Digital Publishing Institute (MDPI),False,True,410,100238,98.0,0,0,0
PMC6813084,The cost of lost productivity due to premature lung cancer-related mortality: results from Spain over a 10-year period,31646991,10.1186/s12885-019-6243-7,CC BY,BMC Cancer,2019,2019 Oct 23,1471-2407,BMC,False,True,203,20676,20.3,0,0,0
PMC6814951,"Risk factors for hypertension among young adults (18-35) years attending in Tenwek Mission Hospital, Bomet County, Kenya in 2018",31692887,10.11604/pamj.2019.33.210.18407,CC BY,Pan Afr Med J,2019,2019 Jul 16,1937-8688,The Pan African Medical Journal,False,True,254,23962,23.5,0,0,0
PMC6824746,Paget disease of bone in an elderly patient with chronic renal disease and weight loss: A case report,31626101,10.1097/MD.0000000000017458,CC BY,Medicine (Baltimore),2019,2019 Oct 18,0025-7974,Wolters Kluwer Health,True,True,152,16646,16.3,0,0,0
PMC6837603,A prospective study assessing feasibility of performing percutaneous nephrolithotomy in chronic kidney disease patients - What factors affect the outcome?,31136109,10.1590/S1677-5538.IBJU.2018.0816,CC BY,Int Braz J Urol,2019,2019 Sep 2,1677-5538,Brazilian Society of Urology,True,True,362,36822,36.1,0,0,0
PMC6863566,Factors associated with medication adherence among people with diabetes mellitus in poor urban areas of Cambodia: A cross-sectional study,31743349,10.1371/journal.pone.0225000,CC BY,PLoS One,2019,2019 Nov 19,1932-6203,PLOS,False,True,450,58163,57.5,0,0,0
PMC6875401,Diabetes Mellitus among Adult Tuberculosis Patients Attending Tuberculosis Clinics in Eastern Ethiopia,31781641,10.1155/2019/7640836,CC BY,Biomed Res Int,2019,2019 Nov 6,2314-6133,Wiley,False,True,354,31118,30.6,0,0,0
PMC6885231,Atorvastatin Improves Hepatic Lipid Metabolism and Protects Renal Damage in Adenine-Induced Chronic Kidney Disease in Sprague-Dawley Rats,31828139,10.1155/2019/8714363,CC BY,Biomed Res Int,2019,2019 Nov 5,2314-6133,Wiley,False,True,280,49594,49.3,0,0,0
PMC6888331,Risk of Cancer for Workers Exposed to Antimony Compounds: A Systematic Review,31739404,10.3390/ijerph16224474,CC BY,Int J Environ Res Public Health,2019,2019 Nov 14,1661-7827,Multidisciplinary Digital Publishing Institute (MDPI),True,True,487,85645,83.9,0,0,0
PMC6889673,Expression profiles of long noncoding RNAs and messenger RNAs in the border zone of myocardial infarction in rats,31827539,10.1186/s11658-019-0185-6,CC BY,Cell Mol Biol Lett,2019,2019 Dec 2,1425-8153,BMC,False,True,300,43045,42.2,0,0,0
PMC6903756,Omentin-1 in diabetes mellitus: A systematic review and meta-analysis,31821362,10.1371/journal.pone.0226292,CC BY,PLoS One,2019,2019 Dec 10,1932-6203,PLOS,False,True,392,54077,53.1,0,0,0
PMC6907272,"No increased risk of glucose metabolism disorders in adults with growth hormone deficiency undergoing long-term treatment with biosimilar somatropin (Omnitrope®): data from an observational, longitudinal study",31829160,10.1186/s12902-019-0464-2,CC BY,BMC Endocr Disord,2019,2019 Dec 11,1472-6823,BMC,False,True,282,42729,42.1,0,0,0
PMC6918019,Guidelines for the nursing management of gestational diabetes mellitus: An integrative literature review,31871693,10.1002/nop2.324,CC BY,Nurs Open,2019,2019 Sep 30,2054-1058,Wiley,True,True,401,59062,59.1,0,0,0
PMC6930276,Intravoxel Incoherent Motion Magnetic Resonance Imaging with Integrated Slice-specific Shimming for old myocardial infarction: A Pilot Study,31875029,10.1038/s41598-019-56489-6,CC BY,Sci Rep,2019,2019 Dec 24,2045-2322,Nature Publishing Group,False,True,166,37272,36.6,0,0,0
PMC6944834,"Trends in the prevalence, awareness, treatment and control of diabetes in rural areas of northern China from 1992 to 2011",31172682,10.1111/jdi.13095,CC BY,J Diabetes Investig,2019,2019 Jun 27,2040-1116,Wiley,True,True,377,44686,44.9,0,0,0
PMC6950911,Cardiac surgery in acute myocardial infarction: crystalloid versus blood cardioplegia – an experimental study,31915024,10.1186/s13019-020-1058-9,CC BY,J Cardiothorac Surg,2020,2020 Jan 8,1749-8090,BMC,False,True,286,33614,33.3,0,0,0
PMC6952872,18F-FDG PET-Based Imaging of Myocardial Inflammation Predicts a Functional Outcome Following Transplantation of mESC-Derived Cardiac Induced Cells in a Mouse Model of Myocardial Infarction,31835854,10.3390/cells8121613,CC BY,Cells,2019,2019 Dec 11,2073-4409,Multidisciplinary Digital Publishing Institute (MDPI),False,True,296,50254,49.2,0,0,0
PMC6970546,High-Sensitivity Cardiac Troponin and the Universal Definition of Myocardial Infarction,31587565,10.1161/CIRCULATIONAHA.119.042960,CC BY,Circulation,2019,2019 Oct 7,0009-7322,,False,True,282,48322,47.3,0,0,0
PMC6974975,"Road proximity, air pollution, noise, green space and neurologic disease incidence: a population-based cohort study",31964412,10.1186/s12940-020-0565-4,CC BY,Environ Health,2020,2020 Jan 21,1476-069X,BMC,False,True,542,65560,64.7,0,0,0
PMC6980402,Dysregulation of multiple metabolic networks related to brain transmethylation and polyamine pathways in Alzheimer disease: A targeted metabolomic and transcriptomic study,31978055,10.1371/journal.pmed.1003012,CC0,PLoS Med,2020,2020 Jan 24,1549-1277,PLOS,True,True,725,105764,103.8,0,0,0
PMC6980611,Redefining transcriptional regulation of the APOE gene and its association with Alzheimer’s disease,31978088,10.1371/journal.pone.0227667,CC0,PLoS One,2020,2020 Jan 24,1932-6203,PLOS,False,True,755,98405,96.7,0,0,0
PMC6982778,"8-Oxo-7,8-Dihydro-2′-Deoxyguanosine (8-oxodG) and 8-Hydroxy-2′-Deoxyguanosine (8-OHdG) as a Potential Biomarker for Gestational Diabetes Mellitus (GDM) Development",31947819,10.3390/molecules25010202,CC BY,Molecules,2020,2020 Jan 3,1420-3049,Multidisciplinary Digital Publishing Institute (MDPI),False,True,272,49394,48.4,0,0,0
PMC6998275,Effects of gestational diabetes mellitus on risk of adverse maternal outcomes: a prospective cohort study in Northwest Ethiopia,32013909,10.1186/s12884-020-2759-8,CC BY,BMC Pregnancy Childbirth,2020,2020 Feb 3,1471-2393,BMC,False,True,501,63732,62.6,0,0,0
PMC7021702,Fractional Anisotropy changes in Parahippocampal Cingulum due to Alzheimer’s Disease,32060334,10.1038/s41598-020-59327-2,CC BY,Sci Rep,2020,2020 Feb 14,2045-2322,Nature Publishing Group,False,True,239,42982,42.2,0,0,0
PMC7028821,Diagnosis of myocardial infarction at autopsy: AECVP reappraisal in the light of the current clinical classification,31522288,10.1007/s00428-019-02662-1,CC BY,Virchows Arch,2019,2019 Sep 14,0945-6317,,False,True,426,75354,73.8,0,0,0
PMC7037353,Unfavorable Reduction in the Ratio of Endothelin B to A Receptors in Experimental 5/6 Nephrectomy and Adenine Models of Chronic Renal Insufficiency,32023824,10.3390/ijms21030936,CC BY,Int J Mol Sci,2020,2020 Jan 31,1422-0067,Multidisciplinary Digital Publishing Institute (MDPI),False,True,332,62794,61.6,0,0,0
PMC7038071,Manifestation of Systemic Toxicity in Rats after a Short-Time Inhalation of Lead Oxide Nanoparticles,31973040,10.3390/ijms21030690,CC BY,Int J Mol Sci,2020,2020 Jan 21,1422-0067,Multidisciplinary Digital Publishing Institute (MDPI),False,True,377,51154,50.4,0,0,0
PMC7065699,Association between Bioactive Molecules in Breast Milk and Type 1 Diabetes Mellitus,32190364,10.18295/squmj.2020.20.01.002,CC BY-ND,Sultan Qaboos Univ Med J,2020,2020 Mar 9,2075-051X,Sultan Qaboos University,False,True,307,41267,40.4,0,0,0
PMC7069391,Cerebral Blood Flow Response to Simulated Hypovolemia in Essential Hypertension: A Magnetic Resonance Imaging Study,31656098,10.1161/HYPERTENSIONAHA.119.13229,CC BY,Hypertension,2019,2019 Oct 28,0194-911X,,True,True,275,41206,40.4,0,0,0
PMC7072986,Human-Induced Pluripotent Stem Cells and Herbal Small-Molecule Drugs for Treatment of Alzheimer’s Disease,32079110,10.3390/ijms21041327,CC BY,Int J Mol Sci,2020,2020 Feb 16,1422-0067,Multidisciplinary Digital Publishing Institute (MDPI),False,True,383,66491,65.4,0,0,26
PMC7094867,No clear associations of adult BMI and diabetes mellitus with non-muscle invasive bladder cancer recurrence and progression,32210471,10.1371/journal.pone.0229384,CC BY,PLoS One,2020,2020 Mar 25,1932-6203,PLOS,False,True,460,59308,58.3,0,0,0
PMC7098606,"Knowledge and associated factors towards diabetes mellitus among adult non-diabetic community members of Gondar city, Ethiopia 2019",32214398,10.1371/journal.pone.0230880,CC BY,PLoS One,2020,2020 Mar 26,1932-6203,PLOS,False,True,377,35120,34.4,0,0,0
PMC7117725,Prevalence of anemia in predialysis chronic kidney disease: Is the study center a significant factor?,32240223,10.1371/journal.pone.0230980,CC BY,PLoS One,2020,2020 Apr 2,1932-6203,PLOS,False,True,718,61240,60.7,0,0,0
PMC7137510,Relationship between body composition indicators and risk of type 2 diabetes mellitus in Chinese adults,32252701,10.1186/s12889-020-08552-5,CC BY,BMC Public Health,2020,2020 Apr 6,1471-2458,BMC,False,True,289,29065,28.9,0,0,0
PMC7171657,"Effects of Flash Glucose Monitoring on Dietary Variety, Physical Activity, and Self-Care Behaviors in Patients with Diabetes",32352017,10.1155/2020/9463648,CC BY,J Diabetes Res,2020,2020 Apr 9,2314-6745,Wiley,False,True,218,33945,33.3,0,0,0
PMC7179879,Self-reported health behaviors and longitudinal cognitive performance in late middle age: Results from the Wisconsin Registry for Alzheimer’s Prevention,32324741,10.1371/journal.pone.0221985,CC0,PLoS One,2020,2020 Apr 23,1932-6203,PLOS,False,True,372,65099,64.0,0,0,0
PMC7222568,Impact of type 2 diabetes mellitus on mid-term mortality for hypertrophic cardiomyopathy patients who underwent septal myectomy,32404127,10.1186/s12933-020-01036-1,CC BY,Cardiovasc Diabetol,2020,2020 May 13,1475-2840,BMC,False,True,353,38799,38.5,0,0,0
PMC7248019,"Post-contrast acute kidney injury in a hospitalized population: short-, mid-, and long-term outcome and risk factors for adverse events",32080754,10.1007/s00330-020-06690-3,CC BY,Eur Radiol,2020,2020 Feb 21,0938-7994,,False,True,438,50976,50.6,0,0,0
PMC7268748,"The cascade of care in managing hypertension in the Arab world: a systematic assessment of the evidence on awareness, treatment and control",32493255,10.1186/s12889-020-08678-6,CC BY,BMC Public Health,2020,2020 Jun 3,1471-2458,BMC,False,True,509,67138,66.4,0,0,0
PMC7296682,White-coat hypertension and incident end-stage renal disease in patients with non-dialysis chronic kidney disease: results from the C-STRIDE Study,32539728,10.1186/s12967-020-02413-w,CC BY,J Transl Med,2020,2020 Jun 15,1479-5876,BMC,False,True,430,54646,54.5,0,0,0
PMC7311953,Diabetes in Pregnancy and Risk of Antepartum Depression: A Systematic Review and Meta-Analysis of Cohort Studies,32466479,10.3390/ijerph17113767,CC BY,Int J Environ Res Public Health,2020,2020 May 26,1661-7827,Multidisciplinary Digital Publishing Institute (MDPI),False,True,282,50627,49.6,0,0,0
PMC7312694,The Emerging Role of Innate Immunity in Chronic Kidney Diseases,32512831,10.3390/ijms21114018,CC BY,Int J Mol Sci,2020,2020 Jun 4,1422-0067,Multidisciplinary Digital Publishing Institute (MDPI),False,True,418,73613,72.0,0,0,0
PMC7315309,"Risk Factors of Hypertension among Diabetic Patients from Yaoundé Central Hospital and Etoug-Ebe Baptist Health Centre, Cameroon",32626776,10.1155/2020/1853516,CC BY,J Diabetes Res,2020,2020 Jun 15,2314-6745,Wiley,False,True,266,40295,39.6,0,0,0
PMC7376925,American Indian chronic Renal insufficiency cohort study (AI-CRIC study),32698776,10.1186/s12882-020-01954-y,CC BY,BMC Nephrol,2020,2020 Jul 22,1471-2369,BMC,False,True,459,64362,63.0,0,0,0
PMC7382460,Impact of an active lifestyle on heart rate variability and oxidative stress markers in offspring of hypertensives,32709890,10.1038/s41598-020-69104-w,CC BY,Sci Rep,2020,2020 Jul 24,2045-2322,Nature Publishing Group,False,True,234,38129,37.8,0,0,0
PMC7400945,The Effects of Legume Consumption on Markers of Glycaemic Control in Individuals with and without Diabetes Mellitus: A Systematic Literature Review of Randomised Controlled Trials,32708949,10.3390/nu12072123,CC BY,Nutrients,2020,2020 Jul 17,2072-6643,Multidisciplinary Digital Publishing Institute (MDPI),False,True,673,59546,58.4,0,0,0
PMC7404689,Dysautonomia in Alzheimer's Disease,32650427,10.3390/medicina56070337,CC BY,Medicina (Kaunas),2020,2020 Jul 8,1010-660X,Multidisciplinary Digital Publishing Institute (MDPI),False,True,224,50936,49.8,0,0,0
PMC7428638,Clinical Potential of Targeting Fibroblast Growth Factor‐23 and αKlotho in the Treatment of Uremic Cardiomyopathy,32212912,10.1161/JAHA.120.016041,CC BY,J Am Heart Assoc,2020,2020 Mar 26,2047-9980,Wiley,True,True,467,94030,93.0,0,0,0
PMC7436637,Imminent risk of COVID-19 in diabetes mellitus and undiagnosed diabetes mellitus patients,32874422,10.11604/pamj.2020.36.158.24011,CC BY,Pan Afr Med J,2020,2020 Jul 6,1937-8688,The Pan African Medical Journal,False,True,85,17091,16.7,0,0,0
PMC7438828,Current Knowledge Regarding the Interaction Between Oral Bone Metabolic Disorders and Diabetes Mellitus,32903738,10.3389/fendo.2020.00536,CC BY,Front Endocrinol (Lausanne),2020,2020 Aug 7,1664-2392,Frontiers Media SA,False,True,321,79415,77.9,0,0,0
PMC7467615,Serum uric acid and left ventricular hypertrophy in hypertensive patients in Ado-Ekiti,32952834,10.11604/pamj.2020.36.190.21072,CC BY,Pan Afr Med J,2020,2020 Jul 16,1937-8688,The Pan African Medical Journal,False,True,268,40687,39.8,0,0,0
PMC7469006,Beneficial Effects of Vitamin K Status on Glycemic Regulation and Diabetes Mellitus: A Mini-Review,32824773,10.3390/nu12082485,CC BY,Nutrients,2020,2020 Aug 18,2072-6643,Multidisciplinary Digital Publishing Institute (MDPI),False,True,270,56849,55.6,0,0,0
PMC7500018,Trends in the incidence of diabetes mellitus: results from the Global Burden of Disease Study 2017 and implications for diabetes mellitus prevention,32943028,10.1186/s12889-020-09502-x,CC BY,BMC Public Health,2020,2020 Sep 17,1471-2458,BMC,False,True,333,48493,48.5,0,0,0
PMC7503359,Physical Activity Programs during Pregnancy Are Effective for the Control of Gestational Diabetes Mellitus,32847106,10.3390/ijerph17176151,CC BY,Int J Environ Res Public Health,2020,2020 Aug 24,1661-7827,Multidisciplinary Digital Publishing Institute (MDPI),False,True,376,51254,50.5,0,0,0
PMC7526458,IL-10 provides cardioprotection in diabetic myocardial infarction via upregulation of Heme clearance pathways,32879134,10.1172/jci.insight.133050,CC BY,JCI Insight,2020,2020 Sep 3,2379-3708,American Society for Clinical Investigation,False,True,295,46849,45.9,0,0,0
PMC7565991,Uremic Toxins Affect Erythropoiesis during the Course of Chronic Kidney Disease: A Review,32899941,10.3390/cells9092039,CC BY,Cells,2020,2020 Sep 6,2073-4409,Multidisciplinary Digital Publishing Institute (MDPI),False,True,388,68722,67.2,0,0,0
PMC7582407,Preconditioned and Genetically Modified Stem Cells for Myocardial Infarction Treatment,33023264,10.3390/ijms21197301,CC BY,Int J Mol Sci,2020,2020 Oct 2,1422-0067,Multidisciplinary Digital Publishing Institute (MDPI),False,True,274,76716,75.0,0,0,0
PMC7595287,"Prevalence, placenta development, and perinatal outcomes of women with hypertensive disorders of pregnancy at Komfo Anokye Teaching Hospital",33119603,10.1371/journal.pone.0233817,CC BY,PLoS One,2020,2020 Oct 29,1932-6203,PLOS,False,True,371,51482,50.6,0,0,0
PMC7598962,Type 2 Myocardial Infarction Resulted from the Left Thoracic Stomach,33118752,10.21470/1678-9741-2019-0208,CC BY,Braz J Cardiovasc Surg,2020,2020 Sep-Oct,0102-7638,Sociedade Brasileira de Cirurgia Cardiovascular,False,True,85,6829,6.7,0,0,0
PMC7644637,Mapping the genetic basis of diabetes mellitus in the Australian Burmese cat (Felis catus),33154479,10.1038/s41598-020-76166-3,CC BY,Sci Rep,2020,2020 Nov 5,2045-2322,Nature Publishing Group,False,True,298,61591,60.7,0,0,0
PMC7646193,NEMPD: a network embedding-based method for predicting miRNA-disease associations by preserving behavior and attribute information,32912137,10.1186/s12859-020-03716-x,CC BY,BMC Bioinformatics,2020,2020 Sep 10,1471-2105,BMC,False,True,384,46829,46.1,0,0,0
PMC7654398,SARS‐CoV‐2 infection associated acute kidney injury in patients with pre‐existing chronic renal disease: A report of two cases,32725744,10.1002/iid3.333,CC BY,Immun Inflamm Dis,2020,2020 Jul 28,2050-4527,Wiley,True,True,201,25098,25.0,0,0,0
PMC7683166,Risk Factors of Cerebral Infarction and Myocardial Infarction after Carotid Endarterectomy Analyzed by Machine Learning,33273961,10.1155/2020/6217392,CC BY,Comput Math Methods Med,2020,2020 Nov 12,1748-670X,Wiley,False,True,256,38432,37.6,0,0,0
PMC7700208,The Causes of Insulin Resistance in Type 1 Diabetes Mellitus: Is There a Place for Quaternary Prevention?,33233346,10.3390/ijerph17228651,CC BY,Int J Environ Res Public Health,2020,2020 Nov 21,1661-7827,Multidisciplinary Digital Publishing Institute (MDPI),False,True,251,57012,55.8,0,0,0
PMC7706226,Investigating the prevalence of hypertension and its associated risk factors in a population-based study: Fasa PERSIAN COHORT data,33256609,10.1186/s12872-020-01797-3,CC BY,BMC Cardiovasc Disord,2020,2020 Dec 1,1471-2261,BMC,False,True,302,34472,34.3,0,0,0
PMC7727236,Inverse association of diabetes and dialysis with the severity of femoropopliteal lesions and chronic total occlusion: a cross-sectional study of 2056 cases,33297956,10.1186/s12872-020-01805-6,CC BY,BMC Cardiovasc Disord,2020,2020 Dec 9,1471-2261,BMC,False,True,228,27242,26.9,0,0,0
PMC7727251,Non-pharmacological interventions for the prevention of type 2 diabetes mellitus in low and middle-income countries: protocol for a systematic review and meta-analysis of randomized controlled trials,33298172,10.1186/s13643-020-01550-z,CC BY,Syst Rev,2020,2020 Dec 9,2046-4053,BMC,False,True,288,34785,34.4,0,0,0
PMC7732055,Hospitalizations among adults with chronic kidney disease in the United States: A cohort study,33306688,10.1371/journal.pmed.1003470,CC BY,PLoS Med,2020,2020 Dec 11,1549-1277,PLOS,True,True,820,89105,87.3,0,0,0
PMC7757917,Use of Intracoronary Thrombolysis for Huge Thrombus Burden in an Ectatic Right Coronary Artery,33414947,10.18295/squmj.2020.20.04.018,CC BY-ND,Sultan Qaboos Univ Med J,2020,2020 Dec 21,2075-051X,Sultan Qaboos University,False,True,111,18134,17.7,0,0,0
PMC7772165,Media coverage of prevention and treatment options using the examples of diabetes mellitus and depression,33258048,10.1007/s00103-020-03250-4,CC BY,Bundesgesundheitsblatt Gesundheitsforschung Gesundheitsschutz,2020,2020 Nov 30,1436-9990,,False,True,265,43875,43.6,0,0,0
PMC7774736,Incidence trends of lung and gastroenteropancreatic neuroendocrine neoplasms in Switzerland,33078908,10.1002/cam4.3524,CC BY,Cancer Med,2020,2020 Oct 20,2045-7634,Wiley,True,True,263,33348,33.0,0,0,0
PMC7787774,Oxidative Storm Induced by Tryptophan Metabolites: Missing Link between Atherosclerosis and Chronic Kidney Disease,33456671,10.1155/2020/6656033,CC BY,Oxid Med Cell Longev,2020,2020 Dec 29,1942-0900,Wiley,False,True,424,92676,90.6,0,0,0
PMC7793332,Correlates of Residual Thrombus Burden in Successfully Thrombolysed Patients of ST-Elevation Myocardial Infarction Receiving Dual Anti-Platelet Therapy,33437557,10.7759/cureus.12017,CC BY,Cureus,2020,2020 Dec 10,2168-8184,Cureus Inc.,False,True,239,31392,30.8,0,0,0
PMC7794905,Association between Gene Polymorphisms of Vitamin D Receptor and Gestational Diabetes Mellitus: A Systematic Review and Meta-Analysis,33383970,10.3390/ijerph18010205,CC BY,Int J Environ Res Public Health,2020,2020 Dec 29,1661-7827,Multidisciplinary Digital Publishing Institute (MDPI),False,True,270,37619,36.9,0,0,0
PMC7801646,The interaction between self-care behavior and disease knowledge on the decline in renal function in chronic kidney disease,33432037,10.1038/s41598-020-79873-z,CC BY,Sci Rep,2021,2021 Jan 11,2045-2322,Nature Publishing Group,False,True,342,47993,48.0,0,0,0
PMC7804125,Fast walking is a preventive factor against new-onset diabetes mellitus in a large cohort from a Japanese general population,33436978,10.1038/s41598-020-80572-y,CC BY,Sci Rep,2021,2021 Jan 12,2045-2322,Nature Publishing Group,False,True,364,48572,48.7,0,0,0
PMC7809586,Association of the Estimated Glomerular Filtration Rate With vs Without a Coefficient for Race With Time to Eligibility for Kidney Transplant,33443583,10.1001/jamanetworkopen.2020.34004,CC BY,JAMA Netw Open,2021,2021 Jan 14,2574-3805,,False,True,359,42262,41.5,0,0,0
PMC7827637,Effectively Prescribing Oral Magnesium Therapy for Hypertension: A Categorized Systematic Review of 49 Clinical Trials,33435187,10.3390/nu13010195,CC BY,Nutrients,2021,2021 Jan 10,2072-6643,Multidisciplinary Digital Publishing Institute (MDPI),False,True,362,63527,62.4,0,0,0
PMC7828433,Role of Omentin in Obesity Paradox in Lung Cancer,33450975,10.3390/cancers13020275,CC BY,Cancers (Basel),2021,2021 Jan 13,2072-6694,Multidisciplinary Digital Publishing Institute (MDPI),True,True,303,56384,55.3,0,0,0
PMC7828659,"Plausible Role of Estrogens in Pathogenesis, Progression and Therapy of Lung Cancer",33466597,10.3390/ijerph18020648,CC BY,Int J Environ Res Public Health,2021,2021 Jan 14,1661-7827,Multidisciplinary Digital Publishing Institute (MDPI),False,True,292,61173,59.9,0,0,0
PMC7833138,"Risk factors of heart failure among patients with hypertension attending a tertiary hospital in Ibadan, Nigeria: The RISK-HHF case-control study",33493215,10.1371/journal.pone.0245734,CC BY,PLoS One,2021,2021 Jan 25,1932-6203,PLOS,False,True,376,62017,60.8,0,0,0
PMC7835148,Risk factors for pancreas and lung neuroendocrine neoplasms: a case–control study,32869113,10.1007/s12020-020-02464-5,CC BY,Endocrine,2020,2020 Aug 31,1355-008X,,False,True,354,37037,36.7,0,0,0
PMC7840028,Are Ethiopian diabetic patients protected from financial hardship?,33503048,10.1371/journal.pone.0245839,CC0,PLoS One,2021,2021 Jan 27,1932-6203,PLOS,False,True,959,76162,74.7,0,0,0
PMC7907127,Choriocapillaris microvasculature dysfunction in systemic hypertension,33633311,10.1038/s41598-021-84136-6,CC BY,Sci Rep,2021,2021 Feb 25,2045-2322,Nature Publishing Group,False,True,272,42192,41.8,0,0,0
PMC7913410,The clinical profiles and outcomes of HIV-negative cryptococcal meningitis patients in type II diabetes mellitus,33639846,10.1186/s12879-021-05867-5,CC BY,BMC Infect Dis,2021,2021 Feb 27,1471-2334,BMC,False,True,320,34248,33.9,0,0,0
PMC7914443,Protein Expression of Angiotensin-Converting Enzyme 2 (ACE2) is Upregulated in Brains with Alzheimer’s Disease,33567524,10.3390/ijms22041687,CC BY,Int J Mol Sci,2021,2021 Feb 8,1422-0067,Multidisciplinary Digital Publishing Institute (MDPI),False,True,243,47075,46.3,0,0,0
PMC7952797,Preoperative predictors of restoration in quality of life after surgery for lung cancer,33508893,10.1111/1759-7714.13819,CC BY-ND,Thorac Cancer,2021,2021 Jan 28,1759-7706,Wiley,True,True,382,44684,44.4,0,0,0
PMC7954292,Troponin elevation pattern and subsequent cardiac and non-cardiac outcomes: Implementing the Fourth Universal Definition of Myocardial Infarction and high-sensitivity troponin at a population level,33711079,10.1371/journal.pone.0248289,CC BY,PLoS One,2021,2021 Mar 12,1932-6203,PLOS,False,True,808,93578,92.0,0,0,0
PMC7966641,Morphologic and molecular classification of lung neuroendocrine neoplasms,33474631,10.1007/s00428-020-03015-z,CC BY,Virchows Arch,2021,2021 Jan 21,0945-6317,,False,True,328,74343,72.8,0,0,0
PMC8018890,Zinc Status Alters Alzheimer's Disease Progression through NLRP3-Dependent Inflammation,33597269,10.1523/JNEUROSCI.1980-20.2020,CC BY,J Neurosci,2021,,0270-6474,Society for Neuroscience,False,True,301,79293,77.8,0,0,0
PMC8028515,Prevalence of Type II Diabetes Mellitus Among Adult Population in Medical Department of A Tertiary Care Centre,34506376,10.31729/jnma.5647,CC BY,JNMA J Nepal Med Assoc,2020,2020 Dec 31,0028-2715,Nepal Medical Association,True,True,149,11340,11.1,0,0,0
PMC8042020,COPD significantly increases cerebral and cardiovascular events in hypertensives,33846434,10.1038/s41598-021-86963-z,CC BY,Sci Rep,2021,2021 Apr 12,2045-2322,Nature Publishing Group,False,True,258,36119,35.7,0,0,0
PMC8045338,"Occupational lifting and risk of hypertension, stratified by use of anti-hypertensives and age - a cross-sectional and prospective cohort study",33853574,10.1186/s12889-021-10651-w,CC BY,BMC Public Health,2021,2021 Apr 14,1471-2458,BMC,False,True,354,55317,54.7,0,0,0
PMC8046536,"Prevalence and Risk Factors of Gestational Diabetes Mellitus among Women Attending Antenatal Care in Hadiya Zone Public Hospitals, Southern Nation Nationality People Region",33880369,10.1155/2021/5564668,CC BY,Biomed Res Int,2021,2021 Apr 5,2314-6133,Wiley,False,True,538,48231,47.3,0,0,0
PMC8047269,Risk Factors for Anemia in Patients with Chronic Renal Failure: A Systematic Review and Meta-Analysis,33911845,10.4314/ejhs.v30i5.23,CC BY,Ethiop J Health Sci,2020,,1029-1857,College of Public Health and Medical Sciences of Jimma University,False,True,271,38316,37.5,0,0,0
PMC8060969,Alzheimer's disease medication and outcomes of hospitalisation among patients with dementia,31722770,10.1017/S2045796019000702,CC BY,Epidemiol Psychiatr Sci,2019,2019 Nov 14,2045-7960,Cambridge University Press,True,True,377,56730,55.9,0,0,0
PMC8074411,Investigation of candidate genes and mechanisms underlying obesity associated type 2 diabetes mellitus using bioinformatics analysis and screening of small drug molecules,33902539,10.1186/s12902-021-00718-5,CC BY,BMC Endocr Disord,2021,2021 Apr 26,1472-6823,BMC,False,True,1568,165720,162.0,0,0,0
PMC8085261,MicroRNA Profiles in Normotensive and Hypertensive South African Individuals,33937359,10.3389/fcvm.2021.645541,CC BY,Front Cardiovasc Med,2021,2021 Apr 16,2297-055X,Frontiers Media SA,False,True,285,50932,50.0,0,0,0
PMC8088439,"Genetic predisposition, Aβ misfolding in blood plasma, and Alzheimer’s disease",33934115,10.1038/s41398-021-01380-0,CC BY,Transl Psychiatry,2021,2021 May 1,2158-3188,Nature Publishing Group,True,True,350,47406,47.2,0,0,0
PMC8111520,"Diagnosis of gestational diabetes in Uganda: The reactions of women, family members and health workers",33929913,10.1177/17455065211013769,CC BY,Womens Health (Lond),2021,2021 Apr 30,1745-5057,SAGE Publications,False,True,244,32554,31.9,0,0,0
PMC8136679,"Attitude towards diabetes mellitus among adult communities in Gondar city, Ethiopia",34014991,10.1371/journal.pone.0251777,CC BY,PLoS One,2021,2021 May 20,1932-6203,PLOS,False,True,326,33388,32.7,0,0,0
PMC8137086,The effect of concomitant chronic kidney disease on the recurrence of atrial fibrillation after catheter ablation: A protocol for systematic review and meta-analysis,34011057,10.1097/MD.0000000000025903,CC BY,Medicine (Baltimore),2021,2021 May 21,0025-7974,Wolters Kluwer Health,True,True,160,15118,14.9,0,0,0
PMC8152353,Longitudinal study of primary progressive aphasia in a patient with pathologically diagnosed Alzheimer’s disease: a case report,34034805,10.1186/s13256-021-02867-6,CC BY,J Med Case Rep,2021,2021 May 26,1752-1947,BMC,False,True,255,24216,23.8,0,0,0
PMC8197013,miR155 Deficiency Reduces Myofibroblast Density but Fails to Improve Cardiac Function after Myocardial Infarction in Dyslipidemic Mouse Model,34067440,10.3390/ijms22115480,CC BY,Int J Mol Sci,2021,2021 May 22,1422-0067,Multidisciplinary Digital Publishing Institute (MDPI),False,True,183,31987,31.4,0,0,0
PMC8209386,Dysregulation of the Excitatory Renal Reflex in the Sympathetic Activation of Spontaneously Hypertensive Rat,34149454,10.3389/fphys.2021.673950,CC BY,Front Physiol,2021,2021 Jun 3,1664-042X,Frontiers Media SA,False,True,213,36626,35.9,0,0,0
PMC8213256,The use of cisplatin in patients after kidney transplantation with chronic renal insufficiency: Is the benefit higher than potential risks in therapy of non-seminomatous germ cell tumors?,34128899,10.1097/MD.0000000000026381,CC BY,Medicine (Baltimore),2021,2021 Jun 18,0025-7974,Wolters Kluwer Health,True,True,156,19450,19.1,0,0,0
PMC8215706,Fractalkine (CX3CL1) and Its Receptor CX3CR1: A Promising Therapeutic Target in Chronic Kidney Disease?,34163473,10.3389/fimmu.2021.664202,CC BY,Front Immunol,2021,2021 Jun 7,1664-3224,Frontiers Media SA,False,True,292,82162,80.6,0,0,0
PMC8235104,Altered Cardiovascular Reactivity to and Recovery from Cold Face Test-Induced Parasympathetic Stimulation in Essential Hypertension,34205387,10.3390/jcm10122714,CC BY,J Clin Med,2021,2021 Jun 19,2077-0383,Multidisciplinary Digital Publishing Institute (MDPI),False,True,339,58611,57.5,0,0,0
PMC8235611,"Demographic, socioeconomic, and biological correlates of hypertension in an adult population: evidence from the Bangladesh demographic and health survey 2017–18",34174868,10.1186/s12889-021-11234-5,CC BY,BMC Public Health,2021,2021 Jun 26,1471-2458,BMC,False,True,454,75090,74.0,0,0,0
PMC8249442,Bidirectional association between periodontal disease and diabetes mellitus: a systematic review and meta-analysis of cohort studies,34211029,10.1038/s41598-021-93062-6,CC BY,Sci Rep,2021,2021 Jul 1,2045-2322,Nature Publishing Group,False,True,245,43605,42.7,0,0,0
PMC8265258,"Chronic kidney diseases among homeless and slum dwellers in Accra, Ghana",34285762,10.11604/pamj.2021.38.340.27106,CC BY,Pan Afr Med J,2021,2021 Apr 8,1937-8688,The Pan African Medical Journal,False,True,237,25775,25.2,0,0,0
PMC8266602,Performance of the GRACE 2.0 score in patients with type 1 and type 2 myocardial infarction,32516805,10.1093/eurheartj/ehaa375,CC BY,Eur Heart J,2020,2020 Jun 9,0195-668X,Oxford University Press,True,True,314,49624,49.2,0,0,0
PMC8275379,The Potential Benefits of Nanotechnology in Treating Alzheimer's Disease,34285915,10.1155/2021/5550938,CC BY,Biomed Res Int,2021,2021 Jul 4,2314-6133,Wiley,False,True,267,47203,46.2,0,0,0
PMC8283556,Analysis of Estimated and Measured Glomerular Filtration Rates and the CKD-EPI Equation Race Coefficient in the Chronic Renal Insufficiency Cohort Study,34264332,10.1001/jamanetworkopen.2021.17080,CC BY,JAMA Netw Open,2021,2021 Jul 15,2574-3805,,False,True,153,13742,13.5,0,0,0
PMC8288490,Knockdown of Myeloid Cell Leukemia-1 by MicroRNA-101 Increases Sensitivity of A549 Lung Cancer Cells to Etoposide,34305242,10.30476/ijms.2020.83173.1203,CC BY-ND,Iran J Med Sci,2021,,0253-0716,Shiraz University of Medical Sciences,False,True,246,38667,37.9,0,0,0
PMC8301937,The Relationship between Diabetes Mellitus and Gastric Cancer and the Potential Benefits of Metformin: An Extensive Review of the Literature,34356646,10.3390/biom11071022,CC BY,Biomolecules,2021,2021 Jul 13,2218-273X,Multidisciplinary Digital Publishing Institute (MDPI),False,True,768,118558,116.0,0,0,0
PMC8319704,"Morbidity and mortality outcomes of COVID-19 patients with and without hypertension in Lagos, Nigeria: a retrospective cohort study",34325747,10.1186/s41256-021-00210-6,CC BY,Glob Health Res Policy,2021,2021 Jul 29,2397-0642,Wuhan University,False,True,348,35510,35.3,0,0,0
PMC8320299,Systemic infection exacerbates cerebrovascular dysfunction in Alzheimer’s disease,33723589,10.1093/brain/awab094,CC BY,Brain,2021,2021 Mar 16,0006-8950,Oxford University Press,True,True,346,69448,68.8,0,0,0
PMC8335700,Advances in the mechanism and treatment of mitochondrial quality control involved in myocardial infarction,34160885,10.1111/jcmm.16744,CC BY,J Cell Mol Med,2021,2021 Jun 23,1582-1838,Wiley,True,True,322,68645,67.8,0,0,0
PMC8336333,"The prevalence, relative risk factors and MTHFR C677T genotype of H type hypertension of the elderly hypertensives in Shanghai, China: a cross-section study: Prevalence of H type hypertension",34348647,10.1186/s12872-021-02151-x,CC BY,BMC Cardiovasc Disord,2021,2021 Aug 4,1471-2261,BMC,False,True,336,46490,46.3,0,0,0
PMC8347098,Acute Stress-Induced Blood Lipid Reactivity in Hypertensive and Normotensive Men and Prospective Associations with Future Cardiovascular Risk,34362177,10.3390/jcm10153400,CC BY,J Clin Med,2021,2021 Jul 30,2077-0383,Multidisciplinary Digital Publishing Institute (MDPI),False,True,393,65864,65.0,0,0,0
PMC8356939,"Management of diabetes mellitus at the household level using community health strategy in Embu County, Kenya",34422158,10.11604/pamj.2021.39.35.27753,CC BY,Pan Afr Med J,2021,2021 May 12,1937-8688,The Pan African Medical Journal,False,True,254,32782,32.0,0,0,0
PMC8375146,Association of sex-specific differences in lipoprotein(a) concentrations with cardiovascular mortality in individuals with type 2 diabetes mellitus,34407812,10.1186/s12933-021-01363-x,CC BY,Cardiovasc Diabetol,2021,2021 Aug 18,1475-2840,BMC,False,True,403,58312,57.3,0,0,0
PMC8379120,Prognostic ability of mid-term worsening renal function after percutaneous coronary intervention: findings from the SHINANO registry,33825976,10.1007/s00380-021-01837-8,CC BY,Heart Vessels,2021,2021 Apr 7,0910-8327,,False,True,283,34426,34.2,0,0,0
PMC8391392,New Insights on Old Biomarkers Involved in Tumor Microenvironment Changes and Their Diagnostic Relevance in Non-Small Cell Lung Carcinoma,34439874,10.3390/biom11081208,CC BY,Biomolecules,2021,2021 Aug 13,2218-273X,Multidisciplinary Digital Publishing Institute (MDPI),False,True,602,76857,75.9,0,0,0
PMC8395801,Hipertensão Arterial e Ácido Úrico Sérico em Idosos - Estudo SEPHAR III,34495236,10.36660/abc.20200004,CC BY,Arq Bras Cardiol,2021,2021 Aug 9,0066-782X,Sociedade Brasileira de Cardiologia,False,True,452,52914,52.4,0,0,0
PMC8414895,Estimates of Type 2 Diabetes Mellitus Burden Attributable to Particulate Matter Pollution and Its 30-Year Change Patterns: A Systematic Analysis of Data From the Global Burden of Disease Study 2019,34484113,10.3389/fendo.2021.689079,CC BY,Front Endocrinol (Lausanne),2021,2021 Aug 13,1664-2392,Frontiers Media SA,False,True,288,45692,44.8,0,0,0
PMC8422353,Cardiovascular brain impulses in Alzheimer’s disease,33787890,10.1093/brain/awab144,CC BY,Brain,2021,2021 Mar 31,0006-8950,Oxford University Press,True,True,312,62214,61.7,0,0,0
PMC8422756,"Association of plasma and CSF cytochrome P450, soluble epoxide hydrolase, and ethanolamide metabolism with Alzheimer’s disease",34488866,10.1186/s13195-021-00893-6,CC BY,Alzheimers Res Ther,2021,2021 Sep 6,1758-9193,BMC,False,True,436,80206,78.7,0,0,0
PMC8430558,Self-Reported Diabetes Mellitus and Tooth Extraction Due to Periodontal Disease and Dental Caries in the Japanese Population,34501613,10.3390/ijerph18179024,CC BY,Int J Environ Res Public Health,2021,2021 Aug 27,1661-7827,Multidisciplinary Digital Publishing Institute (MDPI),False,True,253,29952,29.3,0,0,0
PMC8467937,Common Metabolites in Two Different Hypertensive Mouse Models: A Serum and Urine Metabolome Study,34572600,10.3390/biom11091387,CC BY,Biomolecules,2021,2021 Sep 21,2218-273X,Multidisciplinary Digital Publishing Institute (MDPI),False,True,218,42199,41.3,0,0,3
PMC8476992,Circulating Levels of MicroRNAs Associated With Hypertension: A Cross-Sectional Study in Male and Female South African Participants,34594360,10.3389/fgene.2021.710438,CC BY,Front Genet,2021,2021 Sep 14,1664-8021,Frontiers Media SA,False,True,307,46909,46.1,0,0,0
PMC8480850,Transcriptome analyses reveal tau isoform-driven changes in transposable element and gene expression,34587152,10.1371/journal.pone.0251611,CC0,PLoS One,2021,2021 Sep 29,1932-6203,PLOS,False,True,297,65081,63.8,0,0,0
PMC8484170,Ten-year clinical outcomes of polymer-free versus durable polymer new-generation drug-eluting stent in patients with coronary artery disease with and without diabetes mellitus: Results of the Intracoronary Stenting and Angiographic Results: Test Efficacy of Sirolimus- and Probucol- and Zotarolimus-Eluting Stents (ISAR-TEST 5) trial,34156521,10.1007/s00392-021-01854-7,CC BY,Clin Res Cardiol,2021,2021 Jun 22,1861-0684,,False,True,331,48230,47.6,0,0,0
PMC8500622,Risk factors for anemia in patients with chronic kidney disease: A protocol for systematic review and meta-analysis,34622838,10.1097/MD.0000000000027371,CC BY,Medicine (Baltimore),2021,2021 Oct 8,0025-7974,Wolters Kluwer Health,True,True,151,15447,15.2,0,0,0
PMC8539280,Metabolic Profiling and Metabolites Fingerprints in Human Hypertension: Discovery and Potential,34677402,10.3390/metabo11100687,CC BY,Metabolites,2021,2021 Oct 7,2218-1989,Multidisciplinary Digital Publishing Institute (MDPI),False,True,279,73708,72.1,0,0,0
PMC8565009,The association between diabetes mellitus and HRQoL of older people in Shanghai,34732146,10.1186/s12877-021-02590-3,CC BY,BMC Geriatr,2021,2021 Nov 3,1471-2318,BMC,False,True,329,33335,33.1,0,0,0
PMC8575250,Unbiased high-content screening reveals Aβ- and tau-independent synaptotoxic activities in human brain homogenates from Alzheimer’s patients and high-pathology controls,34748596,10.1371/journal.pone.0259335,CC0,PLoS One,2021,2021 Nov 8,1932-6203,PLOS,False,True,320,61178,60.2,0,0,0
PMC8582182,Antihypertensive treatments and risks of lung Cancer: a large population-based cohort study in Hong Kong,34763668,10.1186/s12885-021-08971-6,CC BY,BMC Cancer,2021,2021 Nov 11,1471-2407,BMC,False,True,282,42790,42.4,0,0,0
PMC8610118,Identification of the function and mechanism of m6A reader IGF2BP2 in Alzheimer’s disease,34705667,10.18632/aging.203652,CC BY,Aging (Albany NY),2021,2021 Oct 27,1945-4589,"Impact Journals, LLC",False,True,250,45249,44.5,0,0,0
PMC8636005,Innate Lymphoid Cells and Myocardial Infarction,34867998,10.3389/fimmu.2021.758272,CC BY,Front Immunol,2021,2021 Nov 11,1664-3224,Frontiers Media SA,False,True,229,43834,43.0,0,0,0
PMC8646025,Managing Severe Dysgeusia and Dysosmia in Lung Cancer Patients: A Systematic Scoping Review,34881185,10.3389/fonc.2021.774081,CC BY,Front Oncol,2021,2021 Nov 22,2234-943X,Frontiers Media SA,False,True,587,83939,82.4,0,0,0
PMC8668094,Prevalence and predictive risk factors of hypertension in patients hospitalized in Kamenge Military hospital and Kamenge University teaching hospital in 2019: A fixed effect modelling study in Burundi,34898616,10.1371/journal.pone.0260225,CC BY,PLoS One,2021,2021 Dec 13,1932-6203,PLOS,False,True,955,82500,81.1,0,0,0
PMC8670729,Metabolic syndrome in hypertensive and non‐hypertensive subjects,34938898,10.1002/hsr2.454,CC BY,Health Sci Rep,2021,2021 Dec 14,2398-8835,Wiley,True,True,275,28054,27.9,0,0,0
PMC8688487,Undiagnosed diabetes mellitus and associated factors among adults in Ethiopia: a systematic review and meta-analysis,34931004,10.1038/s41598-021-03669-y,CC BY,Sci Rep,2021,2021 Dec 20,2045-2322,Nature Publishing Group,False,True,262,37194,36.5,0,0,0
PMC8688977,Chronic limb threatening ischemia and diabetes mellitus: the severity of tibial atherosclerosis and outcome after infrapopliteal revascularization,33225841,10.1177/1457496920968679,CC BY,Scand J Surg,2020,2020 Nov 23,1457-4969,,False,True,374,50463,50.0,0,0,0
PMC8696230,Treatment of hypertension with angiotensin‐converting enzyme inhibitors or angiotensin receptor blockers and resting metabolic rate: A cross‐sectional study,34846787,10.1111/jch.14392,CC BY,J Clin Hypertens (Greenwich),2021,2021 Nov 30,1524-6175,Wiley,True,True,345,41084,40.9,0,0,0
PMC8699079,Mitochondrial Bioenergetic and Proteomic Phenotyping Reveals Organ-Specific Consequences of Chronic Kidney Disease in Mice,34943790,10.3390/cells10123282,CC BY,Cells,2021,2021 Nov 24,2073-4409,Multidisciplinary Digital Publishing Institute (MDPI),False,True,281,77036,75.5,0,0,0
PMC8702745,"Myocardial Infarction Complications After Surgery in Vietnam: Estimates of Incremental Cost, Readmission Risk, and Length of Hospital Stay",34957040,10.3389/fpubh.2021.799529,CC BY,Front Public Health,2021,2021 Dec 10,2296-2565,Frontiers Media SA,False,True,353,39524,38.9,0,0,0
PMC8741798,Interrelationship between 2019-nCov receptor DPP4 and diabetes mellitus targets based on protein interaction network,34996987,10.1038/s41598-021-03912-6,CC BY,Sci Rep,2022,2022 Jan 7,2045-2322,Nature Publishing Group,False,True,298,28775,28.2,0,0,0
PMC8742505,Assessment of erythrocyte morphology in patients with type 2 diabetes mellitus: a pilot study of electron microscopy-based analysis in relation to healthy controls,34174794,10.3906/sag-2103-336,CC BY,Turk J Med Sci,2021,2021 Oct 21,1300-0144,The Scientific and Technological Research Council of Turkey,False,True,206,33228,32.6,0,0,0
PMC8746801,Dietary Acid Load and Relationship with Albuminuria and Glomerular Filtration Rate in Individuals with Chronic Kidney Disease at Predialysis State,35011042,10.3390/nu14010170,CC BY,Nutrients,2021,2021 Dec 30,2072-6643,Multidisciplinary Digital Publishing Institute (MDPI),False,True,237,43448,42.5,0,0,0
PMC8757580,Risk factors for type 1 and type 2 myocardial infarction,34431993,10.1093/eurheartj/ehab581,CC BY,Eur Heart J,2021,2021 Aug 25,0195-668X,Oxford University Press,True,True,246,49798,49.5,0,0,0
PMC8759265,Plasma Lipocalin 2 in Alzheimer’s disease: potential utility in the differential diagnosis and relationship with other biomarkers,35027079,10.1186/s13195-021-00955-9,CC BY,Alzheimers Res Ther,2022,2022 Jan 13,1758-9193,BMC,False,True,377,58568,58.2,0,0,0
PMC8776520,The Association of Lung Cancer and Sarcoidosis: A Systematic Review,35103216,10.7759/cureus.21169,CC BY,Cureus,2022,2022 Jan 12,2168-8184,Cureus Inc.,False,True,176,35910,35.2,0,0,0
PMC8778233,Right Heart Pulmonary Circulation Unit Response to Exercise in Patients with Controlled Systemic Arterial Hypertension: Insights from the RIGHT Heart International NETwork (RIGHT-NET),35054145,10.3390/jcm11020451,CC BY,J Clin Med,2022,2022 Jan 17,2077-0383,Multidisciplinary Digital Publishing Institute (MDPI),False,True,433,52426,51.7,0,0,0
PMC8789717,Wearable cardioverter-defibrillators after myocardial infarction: a review of its clinical utility and unmet needs in current clinical practice,34195951,10.1007/s12928-021-00788-1,CC BY,Cardiovasc Interv Ther,2021,2021 Jul 1,1868-4300,,False,True,202,30684,30.2,0,0,0
PMC8791222,The effects of metformin and alendronate in attenuating bone loss and improving glucose metabolism in diabetes mellitus mice,35027504,10.18632/aging.203729,CC BY,Aging (Albany NY),2022,2022 Jan 14,1945-4589,"Impact Journals, LLC",False,True,252,38394,37.7,0,0,0
PMC8795812,"The Spectrum of Malignant Neoplasms among Liver Transplant Recipients: Sociodemographic Factors, Mortality, and Hospital Burden",35165515,10.7150/ijms.66533,CC BY,Int J Med Sci,2022,2022 Jan 9,1449-1907,Ivyspring International Publisher,False,True,358,46404,45.3,0,0,0
PMC8873103,The Relationship Between Diabetes Mellitus and Cancers and Its Underlying Mechanisms,35222270,10.3389/fendo.2022.800995,CC BY,Front Endocrinol (Lausanne),2022,2022 Feb 11,1664-2392,Frontiers Media SA,False,True,352,69623,68.5,0,0,0
PMC8875627,Estimated Glomerular Filtration Rate in Chronic Kidney Disease: A Critical Review of Estimate-Based Predictions of Individual Outcomes in Kidney Disease,35202154,10.3390/toxins14020127,CC BY,Toxins (Basel),2022,2022 Feb 8,2072-6651,Multidisciplinary Digital Publishing Institute (MDPI),True,True,317,72886,71.3,0,0,0
PMC8880395,"Health care seeking behaviour and financial protection of patients with hypertension: A cross-sectional study in rural West Bengal, India",35213621,10.1371/journal.pone.0264314,CC BY,PLoS One,2022,2022 Feb 25,1932-6203,PLOS,False,True,375,48179,47.8,0,0,0
PMC8901279,Efficacy of statins on renal function in patients with chronic kidney disease: a systematic review and meta-analysis,33926359,10.1080/0886022X.2021.1915799,CC BY,Ren Fail,2021,2021 Apr 29,0886-022X,Taylor & Francis,True,True,383,47282,47.0,0,0,0
PMC8904105,Expression Levels and Genetic Polymorphism of Scavenger Receptor Class B Type 1 as a Biomarker of Type 2 Diabetes Mellitus,35299814,10.18295/squmj.4.2021.042,CC BY-ND,Sultan Qaboos Univ Med J,2022,2022 Feb 28,2075-051X,Sultan Qaboos University,False,True,218,26351,25.9,0,0,0
PMC8932168,Association between total and leisure time physical activity and risk of myocardial infarction and stroke – a Swedish cohort study,35303845,10.1186/s12889-022-12923-5,CC BY,BMC Public Health,2022,2022 Mar 18,1471-2458,BMC,False,True,591,63098,63.5,0,0,0
PMC8954358,UGT1A1 Gene Polymorphism Contributes as a Risk Factor for Lung Cancer: A Pilot Study with Patients from the Amazon,35328047,10.3390/genes13030493,CC BY,Genes (Basel),2022,2022 Mar 11,2073-4425,Multidisciplinary Digital Publishing Institute (MDPI),False,True,295,38986,38.3,0,0,0
PMC8965260,Renal biomarkers in cats: A review of the current status in chronic kidney disease,35218249,10.1111/jvim.16377,CC BY,J Vet Intern Med,2022,2022 Feb 26,0891-6640,Oxford University Press,True,True,626,115945,115.0,0,0,0
PMC8965715,Hypertension Associated With Hearing Loss and Tinnitus Among Hypertensive Adults at a Tertiary Hospital in South Africa,35370902,10.3389/fneur.2022.857600,CC BY,Front Neurol,2022,2022 Mar 16,1664-2295,Frontiers Media SA,False,True,371,49508,48.7,0,0,0
PMC8973653,Metformin is associated with favorable outcomes in patients with COVID-19 and type 2 diabetes mellitus,35365744,10.1038/s41598-022-09639-2,CC BY,Sci Rep,2022,2022 Apr 1,2045-2322,Nature Publishing Group,False,True,194,30812,30.3,0,0,0
PMC8983729,Impact of weather changes on hospital admissions for hypertension,35383236,10.1038/s41598-022-09644-5,CC BY,Sci Rep,2022,2022 Apr 5,2045-2322,Nature Publishing Group,False,True,232,35034,34.7,0,0,0
PMC9003277,Role of Beta-Carotene in Lung Cancer Primary Chemoprevention: A Systematic Review with Meta-Analysis and Meta-Regression,35405977,10.3390/nu14071361,CC BY,Nutrients,2022,2022 Mar 24,2072-6643,Multidisciplinary Digital Publishing Institute (MDPI),False,True,287,31707,31.2,0,0,0
PMC9005286,Toll-Like Receptors/TNF-α Pathway Crosstalk and Impact on Different Sites of Recurrent Myocardial Infarction in Elderly Patients,35425840,10.1155/2022/1280350,CC BY,Biomed Res Int,2022,2022 Apr 5,2314-6133,Wiley,False,True,372,56689,56.4,0,0,0
PMC9038723,The influence of personality on the risk of myocardial infarction in UK Biobank cohort,35468914,10.1038/s41598-022-10573-6,CC BY,Sci Rep,2022,2022 Apr 25,2045-2322,Nature Publishing Group,False,True,392,55139,54.8,0,0,0
PMC9038861,Feasibility of diffusion-weighted magnetic resonance imaging in evaluation of early therapeutic response after CT-guided microwave ablation of inoperable lung neoplasms,34797384,10.1007/s00330-021-08387-7,CC BY,Eur Radiol,2021,2021 Nov 19,0938-7994,,False,True,278,34998,34.3,0,0,0
PMC9051153,A novel soluble epoxide hydrolase vaccine protects murine cardiac muscle against myocardial infarction,35484372,10.1038/s41598-022-10641-x,CC BY,Sci Rep,2022,2022 Apr 28,2045-2322,Nature Publishing Group,False,True,287,45736,45.2,0,0,0
PMC9052331,Validation of the myocardial-ischaemic-injury-index machine learning algorithm to guide the diagnosis of myocardial infarction in a heterogenous population: a prespecified exploratory analysis,35461689,10.1016/S2589-7500(22)00025-5,CC BY,Lancet Digit Health,2022,2022 Apr 20,2589-7500,,True,True,270,50642,49.9,0,0,0
PMC9055740,The incidence of gestational diabetes mellitus among women with polycystic ovary syndrome: a meta-analysis of longitudinal studies,35488240,10.1186/s12884-022-04690-3,CC BY,BMC Pregnancy Childbirth,2022,2022 Apr 29,1471-2393,BMC,False,True,381,53738,53.3,0,0,0
PMC9075491,Deoxycholic Acid and Coronary Artery Calcification in the Chronic Renal Insufficiency Cohort,35322682,10.1161/JAHA.121.022891,CC BY,J Am Heart Assoc,2022,2022 Mar 24,2047-9980,Wiley,False,True,494,53492,53.0,0,0,0
PMC9107826,Silent Myocardial Infarction and Acute Multiorgan Failure in a COVID-19 Patient: A Case Report,35199691,10.31729/jnma.6933,CC BY,JNMA J Nepal Med Assoc,2021,2021 Oct 31,0028-2715,Nepal Medical Association,True,True,114,14290,14.0,0,0,0
PMC9120723,The relationship between isolated hypertension with brain volumes in UK Biobank,35362209,10.1002/brb3.2525,CC BY,Brain Behav,2022,2022 Apr 1,2162-3279,Wiley,True,True,318,61575,60.8,0,0,0
PMC9127560,Association of Alzheimer Disease With Life Expectancy in People With Down Syndrome,35604690,10.1001/jamanetworkopen.2022.12910,CC BY,JAMA Netw Open,2022,,2574-3805,,False,True,389,58940,57.8,0,0,0
PMC9129905,"Modifiable Risk Factors for Alzheimer Disease and Related Dementias Among Adults Aged ≥45 Years — United States, 2019",35587456,10.15585/mmwr.mm7120a2,CC0,MMWR Morb Mortal Wkly Rep,2022,2022 May 20,0149-2195,Centers for Disease Control and Prevention,True,True,242,31591,32.1,0,0,0
PMC9152091,"THIRSTY FOR FRUCTOSE: Arginine Vasopressin, Fructose, and the Pathogenesis of Metabolic and Renal Disease",35656391,10.3389/fcvm.2022.883365,CC BY,Front Cardiovasc Med,2022,2022 May 17,2297-055X,Frontiers Media SA,False,True,189,46024,45.1,0,0,3
PMC9155036,Delays in Presentation by Patients with ST Elevation Myocardial Infarction: A single centre experience from Oman,35673283,10.18295/squmj.4.2021.069,CC BY-ND,Sultan Qaboos Univ Med J,2022,2022 May 26,2075-051X,Sultan Qaboos University,False,True,201,25443,24.9,0,0,0
PMC9163811,Allograft Function as Endpoint for Clinical Trials in Kidney Transplantation,35669976,10.3389/ti.2022.10139,CC BY,Transpl Int,2022,2022 May 20,0934-0874,Frontiers Media SA,False,True,361,63625,62.5,0,0,0
PMC9175339,Neuropathological and behavioral features of an APP/PS1/MAPT (6xTg) transgenic model of Alzheimer’s disease,35676711,10.1186/s13041-022-00933-8,CC BY,Mol Brain,2022,2022 Jun 8,1756-6606,BMC,False,True,378,59265,58.7,0,0,0
PMC9181472,"Polysomnographic Evaluation of Sleep Bruxism Intensity and Sleep Architecture in Nonapneic Hypertensives: A Prospective, Observational Study",35683499,10.3390/jcm11113113,CC BY,J Clin Med,2022,2022 May 31,2077-0383,Multidisciplinary Digital Publishing Institute (MDPI),False,True,285,39087,38.3,0,0,0
PMC9195252,Prevalence and prognosis of left ventricular diastolic dysfunction in community hypertension patients,35698035,10.1186/s12872-022-02709-3,CC BY,BMC Cardiovasc Disord,2022,2022 Jun 13,1471-2261,BMC,False,True,389,41665,41.8,0,0,0
PMC9226727,Gestational Diabetes Mellitus among Pregnant Women Delivering in a Tertiary Care Hospital: A Descriptive Cross-sectional Study,35633259,10.31729/jnma.7304,CC BY,JNMA J Nepal Med Assoc,2022,2022 Mar 31,0028-2715,Nepal Medical Association,True,True,199,20859,20.4,0,0,0
PMC9228912,"Prevalence, complications and factors associated with severely elevated blood pressure in patients with hypertension: a cross-sectional study in two hospitals in Yaoundé, Cameroon",35812259,10.11604/pamj.2022.42.20.34146,CC BY,Pan Afr Med J,2022,2022 May 10,1937-8688,The Pan African Medical Journal,False,True,238,28144,27.6,0,0,0
PMC9229324,Biomarkers Predictive for In-Hospital Mortality in Patients with Diabetes Mellitus and Prediabetes Hospitalized for COVID-19 in Austria: An Analysis of COVID-19 in Diabetes Registry,35746755,10.3390/v14061285,CC BY,Viruses,2022,2022 Jun 13,1999-4915,Multidisciplinary Digital Publishing Institute (MDPI),False,True,341,45162,44.3,0,0,0
PMC9252224,End-Stage Renal Disease among Patients Undergoing Haemodialysis at a Tertiary Care Centre: A Descriptive Cross-sectional Study,35633246,10.31729/jnma.7258,CC BY,JNMA J Nepal Med Assoc,2022,2022 May 31,0028-2715,Nepal Medical Association,True,True,213,19942,19.5,0,0,0
PMC9274319,Assessment of Oxygen Supply-Demand Imbalance and Outcomes Among Patients With Type 2 Myocardial Infarction: A Secondary Analysis of the High-STEACS Cluster Randomized Clinical Trial,35816305,10.1001/jamanetworkopen.2022.20162,CC BY,JAMA Netw Open,2022,,2574-3805,,False,True,430,56905,55.7,0,0,0
PMC9276513,Cardiac Magnetic Resonance Assessment of the Protective Effect of Remote Ischemic Postconditioning on Coronary Microcirculation after Reperfusion Therapy for Acute ST-Segment Elevation Myocardial Infarction,35836923,10.1155/2022/5629763,CC BY,Comput Math Methods Med,2022,2022 Jul 5,1748-670X,Wiley,False,True,172,26305,25.8,0,0,0
PMC9283055,Silencing lncRNA 93358 Inhibits the Apoptosis of Myocardial Cells in Myocardial Infarction Rats by Inducing the Expression of SLC8A1,35845941,10.1155/2022/1138709,CC BY,Biomed Res Int,2022,2022 Jul 7,2314-6133,Wiley,False,True,248,34642,33.9,0,0,0
PMC9297346,Diabetes Mellitus among Adult Outpatients Visiting a Tertiary Care Centre: A Descriptive Cross-sectional Study,36705205,10.31729/jnma.7027,CC BY,JNMA J Nepal Med Assoc,2022,2022 Jul 31,0028-2715,Nepal Medical Association,True,True,198,15983,15.6,0,0,0
PMC9329413,Myeloid leukocytes’ diverse effects on cardiovascular and systemic inflammation in chronic kidney disease,35896846,10.1007/s00395-022-00945-4,CC BY,Basic Res Cardiol,2022,2022 Jul 27,0300-8428,,False,True,333,92201,90.5,0,0,0
PMC9330693,"Vitamin D and Secondary Hyperparathyroidism in Chronic Kidney Disease: A Critical Appraisal of the Past, Present, and the Future",35893866,10.3390/nu14153009,CC BY,Nutrients,2022,2022 Jul 22,2072-6643,Multidisciplinary Digital Publishing Institute (MDPI),False,True,260,57824,56.7,0,0,0
PMC9338576,Video-assisted thoracoscopic treatment as two-day surgery for lung neoplasms: a propensity-matched analysis,35907842,10.1186/s12885-022-09938-x,CC BY,BMC Cancer,2022,2022 Jul 30,1471-2407,BMC,False,True,318,32767,32.3,0,0,0
PMC9339419,Empagliflozin in the treatment of heart failure and type 2 diabetes mellitus: Evidence from several large clinical trials,35919809,10.7150/ijms.72772,CC BY,Int J Med Sci,2022,2022 Jun 21,1449-1907,Ivyspring International Publisher,False,True,148,25689,25.1,0,0,0
PMC9345691,Identification of Metabolite Markers Associated with Kidney Function,35928631,10.1155/2022/6190333,CC BY,J Immunol Res,2022,2022 Jul 26,2314-8861,Wiley,False,True,234,34992,34.3,0,0,0
PMC9355720,Finding Lung-Cancer-Related lncRNAs Based on Laplacian Regularized Least Squares With Unbalanced Bi-Random Walk,35938010,10.3389/fgene.2022.933009,CC BY,Front Genet,2022,2022 Jul 22,1664-8021,Frontiers Media SA,False,True,331,39832,39.2,0,0,0
PMC9360537,Follow-up management service and health outcomes of hypertensive patients in China: A cross-sectional analysis from the national health service survey in Jiangsu province,35958831,10.3389/fpubh.2022.956711,CC BY,Front Public Health,2022,2022 Jul 26,2296-2565,Frontiers Media SA,False,True,478,68457,67.1,0,0,0
PMC9360707,Breastfeeding mobile application for mothers with gestational diabetes mellitus: designed by mothers and experts,35941620,10.1186/s12889-022-13952-w,CC BY,BMC Public Health,2022,2022 Aug 8,1471-2458,BMC,False,True,276,34738,34.0,0,0,0
PMC9367874,How Is It to Live with Diabetes Mellitus? The Voices of the Diabetes Mellitus Clients,35954993,10.3390/ijerph19159638,CC BY,Int J Environ Res Public Health,2022,2022 Aug 5,1661-7827,Multidisciplinary Digital Publishing Institute (MDPI),True,True,317,42732,42.2,0,0,0
PMC9368588,Effects of Tobacco Smoking on the Survivability of Patients with Multiple Cancers and Single Lung Cancer,35954530,10.3390/ijerph19159179,CC BY,Int J Environ Res Public Health,2022,2022 Jul 27,1661-7827,Multidisciplinary Digital Publishing Institute (MDPI),False,True,378,40655,39.8,0,0,0
PMC9368716,Nine-Year Trends in Atrial Fibrillation Prevalence among Romanian Adult Hypertensives: A Post-Hoc Analysis of SEPHAR II-IV Surveys,35954602,10.3390/ijerph19159250,CC BY,Int J Environ Res Public Health,2022,2022 Jul 28,1661-7827,Multidisciplinary Digital Publishing Institute (MDPI),False,True,292,43134,42.3,0,0,0
PMC9375274,Perspectives and challenges in patient stratification in Alzheimer’s disease,35964143,10.1186/s13195-022-01055-y,CC BY,Alzheimers Res Ther,2022,2022 Aug 13,1758-9193,BMC,False,True,350,67845,66.5,0,0,0
PMC9376236,Impact of preexisting diabetes mellitus on cardiovascular and all-cause mortality in patients with atrial fibrillation: A meta-analysis,35979438,10.3389/fendo.2022.921159,CC BY,Front Endocrinol (Lausanne),2022,2022 Aug 1,1664-2392,Frontiers Media SA,False,True,383,37956,37.5,0,0,0
PMC9376240,Circular RNAs in diabetes mellitus and its complications,35979435,10.3389/fendo.2022.885650,CC BY,Front Endocrinol (Lausanne),2022,2022 Aug 1,1664-2392,Frontiers Media SA,False,True,445,93110,91.5,0,0,0
PMC9386961,Prevalence and risk factors of prehypertension and hypertension in Algeria,35982441,10.1186/s12889-022-13942-y,CC BY,BMC Public Health,2022,2022 Aug 18,1471-2458,BMC,False,True,649,69187,68.5,0,0,0
PMC9394018,Undergraduate nursing students’ knowledge of and attitudes toward people with alzheimer’s disease,35996080,10.1186/s12877-022-03389-6,CC BY,BMC Geriatr,2022,2022 Aug 22,1471-2318,BMC,False,True,352,46658,45.8,0,0,0
PMC9411953,Analysis of Clinicopathologic Features of 9 Cases of SMARCA4-deficient Non-small Cell Lung Cancer,36002194,10.3779/j.issn.1009-3419.2022.102.27,CC BY,Zhongguo Fei Ai Za Zhi,2022,,1009-3419,Editorial office of Chinese Journal of Lung Cancer,False,True,238,22424,32.5,0,0,4819
PMC9420096,A stronger association of diabetes mellitus with impaired hyperaemia using a novel ECG-gated device compared with peripheral arterial tonometry,35672599,10.1007/s10792-022-02276-8,CC BY,Int Ophthalmol,2022,2022 Jun 7,0165-5701,,False,True,257,48495,47.9,0,0,0
PMC9423753,The Diagnostic Dilemma of Ruptured Liver Metastasis in a Patient with Lung Cancer: A case report,36072072,10.18295/squmj.6.2021.091,CC BY-ND,Sultan Qaboos Univ Med J,2022,2022 Aug 25,2075-051X,Sultan Qaboos University,False,True,127,22381,21.9,0,0,0
PMC9424486,A meta-analysis of genome-wide gene expression differences identifies promising targets for type 2 diabetes mellitus,36051390,10.3389/fendo.2022.985857,CC BY,Front Endocrinol (Lausanne),2022,2022 Aug 16,1664-2392,Frontiers Media SA,False,True,299,41520,40.8,0,0,0
PMC9433206,Related Factors and Economic Burden Evaluation of Nosocomial Infection in Patients with Chronic Kidney Disease,36082060,10.1155/2022/9889917,CC BY,Contrast Media Mol Imaging,2022,2022 Aug 24,1555-4309,Wiley,False,True,265,44964,44.0,0,0,0
PMC9446016,Hearing Loss in Patients with Diabetes Mellitus,19784428,10.1016/S1808-8694(15)30498-5,CC BY,Braz J Otorhinolaryngol,2015,2015 Oct 19,1808-8694,Elsevier,True,True,259,24646,24.1,0,0,0
PMC9446362,P300 latency and amplitude in Alzheimer's disease: a systematic review,22936149,10.1590/S1808-86942012000400023,CC BY,Braz J Otorhinolaryngol,2015,2015 Oct 20,1808-8694,Elsevier,False,True,261,34829,34.1,0,0,0
PMC9453102,Evidence and Potential Mechanisms of Traditional Chinese Medicine for the Adjuvant Treatment of Coronary Heart Disease in Patients with Diabetes Mellitus: A Systematic Review and Meta-Analysis with Trial Sequential Analysis,36090589,10.1155/2022/2545476,CC BY,J Diabetes Res,2022,2022 Aug 31,2314-6745,Wiley,False,True,376,51724,50.7,0,0,0
PMC9477943,Evaluating the efficacy and mechanism of metformin targets on reducing Alzheimer’s disease risk in the general population: a Mendelian randomisation study,35902387,10.1007/s00125-022-05743-0,CC BY,Diabetologia,2022,2022 Jul 29,0012-186X,,False,True,299,51065,50.1,0,0,0
PMC9517047,Potential Protective Role of Galectin-3 in Patients with Gonarthrosis and Diabetes Mellitus: A Cross-Sectional Study,36141752,10.3390/ijerph191811480,CC BY,Int J Environ Res Public Health,2022,2022 Sep 13,1661-7827,Multidisciplinary Digital Publishing Institute (MDPI),False,True,280,42923,42.2,0,0,0
PMC9518626,Effect of vegetarian diets on renal function in patients with chronic kidney disease under non-dialysis treatment: A scoping review,35138323,10.1590/2175-8239-JBN-2021-0126,CC BY,J Bras Nefrol,2022,2022 Jan 31,0101-2800,Sociedade Brasileira de Nefrologia,True,True,173,26245,25.7,0,0,0
PMC9544472,The additive effect of periodontitis with hypertension on risk of systemic disease and mortality,35460076,10.1002/JPER.21-0621,CC BY,J Periodontol,2022,2022 May 27,0022-3492,,True,True,348,43210,42.9,0,0,0
PMC9576679,Generalizable deep learning model for early Alzheimer’s disease detection from structural MRIs,36253382,10.1038/s41598-022-20674-x,CC BY,Sci Rep,2022,2022 Oct 17,2045-2322,Nature Publishing Group,False,True,434,61282,60.3,0,0,0
PMC9587068,Characterization of microtubule-associated protein tau isoforms and Alzheimer’s disease-like pathology in normal sheep (Ovis aries): relevance to their potential as a model of Alzheimer’s disease,36269420,10.1007/s00018-022-04572-z,CC BY,Cell Mol Life Sci,2022,2022 Oct 21,1420-682X,,False,True,416,85691,84.7,0,0,0
PMC9592305,Efficacy and safety of dual antiplatelet therapy after percutaneous coronary drug-eluting stenting: A network meta-analysis,36281144,10.1097/MD.0000000000031158,CC BY,Medicine (Baltimore),2022,2022 Oct 21,0025-7974,Wolters Kluwer Health,False,True,420,45725,45.6,0,0,0
PMC9608980,Polypharmacy in Older Adults with Alzheimer’s Disease,36295605,10.3390/medicina58101445,CC BY,Medicina (Kaunas),2022,2022 Oct 13,1010-660X,Multidisciplinary Digital Publishing Institute (MDPI),False,True,220,41583,40.7,0,0,0
PMC9626446,Is dietary intake of antioxidant vitamins associated with reduced adverse effects of air pollution on diabetes? Findings from a large cohort study,36270037,10.1016/j.ecoenv.2022.114182,CC BY,Ecotoxicol Environ Saf,2022,,0147-6513,,False,True,366,47224,46.4,0,0,0
PMC9627198,Genetic risk score to improve prediction and treatment in gestational diabetes mellitus,36339414,10.3389/fendo.2022.955821,CC BY,Front Endocrinol (Lausanne),2022,2022 Oct 19,1664-2392,Frontiers Media SA,False,True,242,48203,47.4,0,0,0
PMC9645600,"Primary hypertension, anti-hypertensive medications and the risk of severe COVID-19 in UK Biobank",36350810,10.1371/journal.pone.0276781,CC BY,PLoS One,2022,2022 Nov 9,1932-6203,PLOS,False,True,272,48760,47.8,0,0,0
PMC9657840,Natriuretic Peptides—New Targets for Neurocontrol of Blood Pressure via Baroreflex Afferent Pathway,36362405,10.3390/ijms232113619,CC BY,Int J Mol Sci,2022,2022 Nov 7,1422-0067,Multidisciplinary Digital Publishing Institute (MDPI),False,True,266,56682,55.5,0,0,0
PMC9668925,"Elevated platelet–leukocyte complexes are associated with, but dispensable for myocardial ischemia–reperfusion injury",36383299,10.1007/s00395-022-00970-3,CC BY,Basic Res Cardiol,2022,2022 Nov 16,0300-8428,,False,True,422,55077,54.3,0,0,0
PMC9678479,"New Onset of Diabetes Mellitus and Associated Factors among COVID-19 Patients in COVID-19 Care Centers, Addis Ababa, Ethiopia 2022",36420090,10.1155/2022/9652940,CC BY,J Diabetes Res,2022,2022 Nov 12,2314-6745,Wiley,False,True,371,42103,41.2,0,0,0
PMC9690494,A Study on Types of Medication Adherence in Hypertension among Older Patients and Influencing Factors,36421646,10.3390/healthcare10112322,CC BY,Healthcare (Basel),2022,2022 Nov 20,2227-9032,Multidisciplinary Digital Publishing Institute (MDPI),False,True,260,35902,35.2,0,0,0
PMC9692622,Essential Hypertension and Oxidative Stress: Novel Future Perspectives,36430967,10.3390/ijms232214489,CC BY,Int J Mol Sci,2022,2022 Nov 21,1422-0067,Multidisciplinary Digital Publishing Institute (MDPI),False,True,507,57310,56.3,0,0,0
PMC9704679,The impact of increasing expenditure on National Essential Public Health Services on the medical costs of hypertension in China: A difference-in-difference analysis,36441726,10.1371/journal.pone.0278026,CC BY,PLoS One,2022,2022 Nov 28,1932-6203,PLOS,True,True,1014,89323,87.9,0,0,0
PMC9704759,Dosing time optimization of antihypertensive medications by including the circadian rhythm in pharmacokinetic-pharmacodynamic models,36374862,10.1371/journal.pcbi.1010711,CC BY,PLoS Comput Biol,2022,2022 Nov 14,1553-734X,PLOS,False,True,449,89343,88.0,0,0,0
PMC9714776,Metabolite profiling of CKD progression in the chronic renal insufficiency cohort study,36048534,10.1172/jci.insight.161696,CC BY,JCI Insight,2022,2022 Oct 24,2379-3708,American Society for Clinical Investigation,False,True,305,55308,54.2,0,0,0
PMC9714856,Interpretation of pre-morbid cardiac 3T MRI findings in overweight and hypertensive young adults,36454872,10.1371/journal.pone.0278308,CC BY,PLoS One,2022,2022 Dec 1,1932-6203,PLOS,True,True,891,79029,77.8,0,0,0
PMC9733606,Computed tomography coronary angiography in non-ST-segment elevation myocardial infarction,36017975,10.1259/bjr.20220346,CC BY,Br J Radiol,2022,2022 Sep 19,0007-1285,Oxford University Press,False,True,291,60386,59.3,0,0,0
PMC9740491,Gender and Renal Insufficiency: Opportunities for Their Therapeutic Management?,36497080,10.3390/cells11233820,CC BY,Cells,2022,2022 Nov 29,2073-4409,Multidisciplinary Digital Publishing Institute (MDPI),False,True,270,63589,62.2,0,0,0
PMC9743545,"The costs of interventions for type 2 diabetes mellitus, hypertension and cardiovascular disease in South Africa – a systematic literature review",36510178,10.1186/s12889-022-14730-4,CC BY,BMC Public Health,2022,2022 Dec 12,1471-2458,BMC,False,True,339,49632,48.8,0,0,0
PMC9754908,"Epidemiology of myocardial infarction in Korea: hospitalization incidence, prevalence, and mortality",35843602,10.4178/epih.e2022057,CC BY,Epidemiol Health,2022,2022 Jul 12,2092-7193,Korean Society of Epidemiology,False,True,306,46409,45.4,0,0,0
PMC9761000,The effect of increase in blood glucose level on hearing loss,35729043,10.1016/j.bjorl.2022.06.003,CC BY,Braz J Otorhinolaryngol,2022,2022 Jun 15,1808-8694,Elsevier,False,True,244,31817,31.6,0,0,0
PMC9771776,"High prevalence of dyslipidaemia among persons with diabetes mellitus and hypertension at a tertiary hospital in Blantyre, Malawi",36544081,10.1186/s12872-022-03011-y,CC BY,BMC Cardiovasc Disord,2022,2022 Dec 22,1471-2261,BMC,False,True,390,48292,47.6,0,0,0
PMC9777169,Prevalence and Predictors of Renal Disease in a National Representative Sample of the Romanian Adult Population: Data from the SEPHAR IV Survey,36553206,10.3390/diagnostics12123199,CC BY,Diagnostics (Basel),2022,2022 Dec 16,2075-4418,Multidisciplinary Digital Publishing Institute (MDPI),False,True,368,62247,61.2,0,0,0
PMC9805431,Cardiac magnetic resonance feature tracking global and segmental strain in acute and chronic ST-elevation myocardial infarction,36587037,10.1038/s41598-022-26968-4,CC BY,Sci Rep,2022,2022 Dec 31,2045-2322,Nature Publishing Group,False,True,333,44895,45.0,0,0,0
PMC9816180,Single-cell-led drug repurposing for Alzheimer’s disease,36604493,10.1038/s41598-023-27420-x,CC BY,Sci Rep,2023,2023 Jan 5,2045-2322,Nature Publishing Group,False,True,350,68805,67.5,0,0,0
PMC9821184,The Role of the JAK/STAT Signaling Pathway in the Pathogenesis of Alzheimer’s Disease: New Potential Treatment Target,36614305,10.3390/ijms24010864,CC BY,Int J Mol Sci,2023,2023 Jan 3,1422-0067,Multidisciplinary Digital Publishing Institute (MDPI),False,True,390,83338,81.7,0,0,0
PMC9825023,A systematic review and meta-analysis of the association between sarcopenia and myocardial infarction,36609231,10.1186/s12877-022-03712-1,CC BY,BMC Geriatr,2023,2023 Jan 6,1471-2318,BMC,False,True,288,32821,32.2,0,0,0
PMC9831930,"Hypertension and cardiomyopathy associated with chronic kidney disease: epidemiology, pathogenesis and treatment considerations",36138105,10.1038/s41371-022-00751-4,CC BY,J Hum Hypertens,2022,2022 Sep 22,0950-9240,,False,True,614,137539,134.6,0,0,0
PMC9840603,Lactate dehydrogenase is associated with flow-mediated dilation in hypertensive patients,36641500,10.1038/s41598-023-27614-3,CC BY,Sci Rep,2023,2023 Jan 14,2045-2322,Nature Publishing Group,False,True,322,47334,47.9,0,0,0
PMC9842641,Exploring the mechanism of active components from ginseng to manage diabetes mellitus based on network pharmacology and molecular docking,36646777,10.1038/s41598-023-27540-4,CC BY,Sci Rep,2023,2023 Jan 16,2045-2322,Nature Publishing Group,False,True,400,63216,63.8,0,0,0
PMC9843455,Identification of Key Genes and Biological Pathways Related to Myocardial Infarction through Integrated Bioinformatics Analysis,36688193,10.30476/IJMS.2022.92656.2395,CC BY-ND,Iran J Med Sci,2023,,0253-0716,Shiraz University of Medical Sciences,False,True,259,28928,28.3,0,0,0
PMC9855828,CISD1 Is a Breast Cancer Prognostic Biomarker Associated with Diabetes Mellitus,36671422,10.3390/biom13010037,CC BY,Biomolecules,2022,2022 Dec 25,2218-273X,Multidisciplinary Digital Publishing Institute (MDPI),False,True,352,40200,39.5,0,0,0
PMC9901094,Impact of free maternity services on outcomes related to hypertensive disorders of pregnancy at Moi Teaching and Referral Hospital in Kenya: a retrospective analysis,36747137,10.1186/s12884-023-05381-3,CC BY,BMC Pregnancy Childbirth,2023,2023 Feb 6,1471-2393,BMC,False,True,428,43944,43.4,0,0,0
PMC9905079,"Rare variant aggregation in 148,508 exomes identifies genes associated with proxy dementia",36750708,10.1038/s41598-023-29108-8,CC BY,Sci Rep,2023,2023 Feb 7,2045-2322,Nature Publishing Group,False,True,244,51686,51.4,0,0,0
PMC9942303,A generalized covariate-adjusted top-scoring pair algorithm with applications to diabetic kidney disease stage classification in the Chronic Renal Insufficiency Cohort (CRIC) Study,36803209,10.1186/s12859-023-05171-w,CC BY,BMC Bioinformatics,2023,2023 Feb 20,1471-2105,BMC,False,True,306,55959,55.0,0,0,0
PMC9954858,Machine Learning System for Lung Neoplasms Distinguished Based on Scleral Data,36832135,10.3390/diagnostics13040648,CC BY,Diagnostics (Basel),2023,2023 Feb 9,2075-4418,Multidisciplinary Digital Publishing Institute (MDPI),False,True,251,40089,39.3,0,0,0
PMC9957054,"Association between Polymorphism of Genes IL-1A, NFKB1, PAR1, TP53, and UCP2 and Susceptibility to Non-Small Cell Lung Cancer in the Brazilian Amazon",36833388,10.3390/genes14020461,CC BY,Genes (Basel),2023,2023 Feb 10,2073-4425,Multidisciplinary Digital Publishing Institute (MDPI),False,True,316,40650,40.0,0,0,0
PMC9973389,"Smoking-associated Downregulation of FILIP1L Enhances Lung Adenocarcinoma Progression Through Mucin Production, Inflammation, and Fibrosis",36860703,10.1158/2767-9764.CRC-22-0233,CC BY,Cancer Res Commun,2022,2022 Oct 18,2767-9764,American Association for Cancer Research,False,True,354,87945,86.2,0,0,0
PMC9977539,A Systematic Review and Meta-Analysis of Influences of Chronic Kidney Disease on Patients after Percutaneous Coronary Intervention for Chronic Total Occlusions,36873791,10.1155/2023/9450752,CC BY,Comput Math Methods Med,2023,2023 Feb 22,1748-670X,Wiley,False,True,274,33452,32.7,0,0,0
