stratum,pmcid,n_lines,n_chars,title
short,PMC5444287,54,1790,A Comparative Analysis of Structural Brain MRI in the Diagnosis of Alzheimer’s Disease
short,PMC2024828,36,2721,Proceedings: Humoral immunity in human lung neoplasms
short,PMC12726608,70,3083,Hypertension's underestimated role in dementia
short,PMC12438852,72,3286,The relationship between depressive symptoms and medication adherence among individuals with hypertension: An updated systematic review
short,PMC12760238,47,3471,Mechanisms of Generating Health Disparities in the Risk of Alzheimer’s Disease
short,PMC10737162,58,3729,AGE-SPECIFIC POPULATION ATTRIBUTABLE FRACTIONS FOR THE IMPACT OF HYPERTENSION ON INCIDENT DEMENTIA
short,PMC13137938,96,6203,Methodological Considerations in Interpreting Mortality Trends in Aortic Dissection Among Hypertensive Adults
short,PMC7598962,85,6829,Type 2 Myocardial Infarction Resulted from the Left Thoracic Stomach
short,PMC11254205,107,7746,A commentary on ‘Impact of lymphadenectomy extent on immunotherapy efficacy in postresectional recurred non-small cell lung cancer: a multi-institutional retrospective cohort study’
short,PMC11093495,110,8001,A commentary on ‘Organ preservation strategies after neoadjuvant chemoimmunotherapy in resectable non-small cell lung cancer: a multicenter retrospective cohort study’
short,PMC5287964,111,8369,Not only for melanoma. Subcutaneous pseudoprogression in lung squamous-cell carcinoma treated with nivolumab: A case report
short,PMC10754309,75,10387,A Rare Pathology Masquerading as Myocardial Infarction
short,PMC3207949,101,10605,Mucoepidermoid carcinoma of the lung: a case report
short,PMC10924494,298,10805,Ultrasound Guided Biopsy among Patients with Lung Lesions Undergoing Procedures in Interventional Radiology of a Tertiary Care Centre
short,PMC11392149,151,11057,Assessment of surgery delay-associated risk in resectable stages I–IIIA non-small-cell lung cancer
short,PMC8028515,149,11340,Prevalence of Type II Diabetes Mellitus Among Adult Population in Medical Department of A Tertiary Care Centre
short,PMC2808666,100,11755,Chronic kidney disease and small renal tumors: What urologists should know?
short,PMC5728943,130,11985,Endobronchial hamartoma mimicking malignant lung tumor contralateral endobronchial metastasis: A case report
short,PMC3620691,99,12185,Delayed ventricular septal rupture complicating acute inferior wall myocardial infarction
short,PMC6000574,165,12219,Interpretation of IASLC/ATS/ERS International Multidisciplinary Classifcation of Lung Neoplasms
short,PMC5815687,134,12417,Synchronous diffuse large B-cell lymphoma of the stomach and small cell lung carcinoma: A case report
short,PMC10725226,200,12503,Diabetes Mellitus among Patients with Non-alcoholic Fatty Liver Disease Visiting the Outpatient Department of Internal Medicine in a Tertiary Care Centre
short,PMC12778126,126,12656,Thoracic splenosis initially misdiagnosed as lung neoplasms: An unusual case and literature review
short,PMC10795236,144,12693,A rare case: Endobronchial solitary mixed papilloma
short,PMC4772370,149,12752,Sudden death associated with silent myocardial infarction in a 35-year-old man: a case report
short,PMC6392996,132,13058,Concomitant coronary and pulmonary embolism associated with patent foramen ovale: A case report
short,PMC5369930,127,13268,Giant hepatic metastasis in a patient with coin-like small cell lung carcinoma incidentally diagnosed at autopsy: A case report
short,PMC6000097,177,13658,Radiofrequency Ablation for Lung Neoplasms with Isolated Postsurgical Local Recurrences or Metastases of Non-small Cell Lung Cancer
short,PMC5999712,185,13728,Survival after Radiofrequency Ablation for 100 Cases of Lung Neoplasms
short,PMC5999988,231,13740,Radiofrequency Ablation for the Treatment of Lung Neoplasms: A Retrospective Study of 329 Cases
short,PMC8283556,153,13742,Analysis of Estimated and Measured Glomerular Filtration Rates and the CKD-EPI Equation Race Coefficient in the Chronic Renal Insufficiency Cohort Study
short,PMC11203558,82,13858,Immune Checkpoint Inhibitors in Non-Small Cell Lung Cancer (NSCLC) Treatment: Quo Vadis?
short,PMC5728893,135,13865,Tonsillar metastasis of nonsmall cell lung cancer with G719S mutation in exon 18: A case report
short,PMC5999662,195,14040,Stereotactic Body Radiaton Therapy for 15 Patients with Small Lung Neoplasms
short,PMC9107826,114,14290,Silent Myocardial Infarction and Acute Multiorgan Failure in a COVID-19 Patient: A Case Report
short,PMC10924502,235,14737,Diabetes Mellitus among Patients with Acute Ischemic Stroke Admitted to the Department of Medicine in a Tertiary Care Centre
short,PMC5207586,127,14782,Sudden death due to ventricular double rupture as a complication of inferior acute myocardial infarction: A case report
short,PMC8137086,160,15118,The effect of concomitant chronic kidney disease on the recurrence of atrial fibrillation after catheter ablation: A protocol for systematic review and meta-analysis
short,PMC6741394,117,15322,Primary Pulmonary Involvement in Mucosa-associated Lymphoid Tissue Lymphoma
short,PMC2888343,189,15325,"Prevalence, Awareness, Treatment, and Control of Hypertension in Rural Areas of Davanagere"
short,PMC8500622,151,15447,Risk factors for anemia in patients with chronic kidney disease: A protocol for systematic review and meta-analysis
short,PMC5457896,131,15648,Case report of 2 sudden deaths after surgery for bone fracture: Usefulness of immunohistochemical analysis of coronary artery for identifying acute myocardial infarction
short,PMC5406079,124,15830,Risk factors and prognosis of pulmonary embolism in patients with lung cancer
short,PMC5301382,162,15957,Early detection of myocardial infarction following blunt chest trauma by computed tomography: a case report
short,PMC9297346,198,15983,Diabetes Mellitus among Adult Outpatients Visiting a Tertiary Care Centre: A Descriptive Cross-sectional Study
short,PMC11485294,141,16299,Insufficient evidence for an association between iatrogenic Alzheimer's disease and cadaveric pituitary‐derived growth hormone
short,PMC10579777,284,16309,Dyslipidemia among Patients with Type 2 Diabetes Mellitus Visiting a Tertiary Care Centre
short,PMC1395330,102,16357,Left ventricular free wall impeding rupture in post-myocardial infarction period diagnosed by myocardial contrast echocardiography: Case report
short,PMC6300886,134,16410,Heterogeneity of Alzheimer’s disease: consequence for drug trials?
short,PMC5895306,160,16586,Statin in the treatment of patients with myocardial infarction: A meta-analysis
short,PMC6824746,152,16646,Paget disease of bone in an elderly patient with chronic renal disease and weight loss: A case report
short,PMC4169830,149,16702,Recurrent hypoglycaemia in type-1 diabetes mellitus may unravel the association with Addison’s disease: a case report
short,PMC12276399,135,17030,A Novel CLTC::RPS6KB1 Fusion in a Poorly Differentiated Carcinoma Involving the Lung and Mediastinum
short,PMC7436637,85,17091,Imminent risk of COVID-19 in diabetes mellitus and undiagnosed diabetes mellitus patients
short,PMC4667510,136,17285,Transient Neonatal Diabetes Mellitus followed by recurrent asymptomatic hypoglycaemia: a case report
short,PMC5457881,126,18034,Atrial fibrillation was changed into sinus bradycardia in a ROS1-positive advanced lung adenocarcinoma patient who achieved durable response to Crizotinib: A case report and literature review
short,PMC7757917,111,18134,Use of Intracoronary Thrombolysis for Huge Thrombus Burden in an Ectatic Right Coronary Artery
short,PMC5571705,144,18176,Two-portal versus three-port video-assist thoracoscopic surgery for early stage nonsmall cell lung cancer: A retrospective study
short,PMC11018926,150,18293,Uniportal video-assisted thoracoscopic segmentectomy for fetal adenocarcinoma lung cancer with severe pulmonary emphysema: a case report
short,PMC2999601,148,18527,Three-dimension structure of ventricular myocardial fibers after myocardial infarction
short,PMC3083341,163,18794,N-terminal-pro-brain natriuretic peptide is decreased in insulin dependent gestational diabetes mellitus: a prospective cohort trial
short,PMC3607605,198,18938,"Increasing Trends of Diabetes Mellitus and Body Weight: A Ten Year Observation at Gondar University Teaching Referral Hospital, Northwest Ethiopia"
short,PMC5228690,122,19044,Bortezomib combined with lenalidomide as the first-line treatment for the rare synchronous occurrence of multiple myeloma and pulmonary adenocarcinoma: A case report
short,PMC13494960,168,19116,Current Status of Multidisciplinary Team Consultation for Lung Cancer and Prospects under the Empowerment of Medical Large Models
short,PMC5067668,135,19189,Influence of age on androgen deprivation therapy-associated Alzheimer’s disease
short,PMC2649159,164,19291,Recent developments in Alzheimer's disease therapeutics
short,PMC8213256,156,19450,The use of cisplatin in patients after kidney transplantation with chronic renal insufficiency: Is the benefit higher than potential risks in therapy of non-seminomatous germ cell tumors?
short,PMC3262743,144,19656,The Chinese version of the Myocardial Infarction Dimensional Assessment Scale (MIDAS): Mokken scaling
short,PMC10089046,247,19811,Occluded Coronary Artery among Non-ST Elevation Myocardial Infarction Patients in Department of Cardiology of a Tertiary Care Centre: A Descriptive Cross-sectional Study
short,PMC2600791,131,19853,Nephrotic syndrome and kidney failure due to immunocomplex-mediated renal damage in a patient with Waldenström's Macroglobulinemia: a case report
short,PMC9252224,213,19942,End-Stage Renal Disease among Patients Undergoing Haemodialysis at a Tertiary Care Centre: A Descriptive Cross-sectional Study
short,PMC5738010,160,20108,A case report of tongue metastasis from lung squamous cell carcinoma and literature review
short,PMC10574155,117,20261,"Type 1 and Type 2 Diabetes Mellitus: Commonalities, Differences and the Importance of Exercise and Nutrition"
short,PMC5779336,203,20332,"Lung Cancer Incidence Trends Among Men and Women — United States, 2005–2009"
short,PMC11044850,204,20559,Risk of Long-Term Ischemic Stroke in Patients With Traumatic Brain Injury and Incident Hypertension
short,PMC5815792,135,20563,Significant efficacy and well safety of apatinib combined with radiotherapy in NSCLC: Case report
short,PMC6813084,203,20676,The cost of lost productivity due to premature lung cancer-related mortality: results from Spain over a 10-year period
short,PMC5457885,146,20701,Marked response to nab-paclitaxel in EGFR mutated lung neuroendocrine carcinoma: A case report
short,PMC3736467,120,20820,Ambulatory Blood Pressure Monitoring in a Cohort of Children Referred with Suspected Hypertension: Characteristics of Children with and without Attention Deficit Hyperactivity Disorder
short,PMC6000495,222,20833,Clinical Application and Advances in Radiofrequency Ablation of Lung Neoplasms
short,PMC10365959,188,20842,Research Progress of Klotho in Lung Neoplasms
short,PMC9226727,199,20859,Gestational Diabetes Mellitus among Pregnant Women Delivering in a Tertiary Care Hospital: A Descriptive Cross-sectional Study
short,PMC5944517,208,20984,Immunological markers as predictors of developing steroid-induced diabetes mellitus in pemphigus vulgaris patients: An observational study
short,PMC4575702,163,21718,The clinical pattern of renal diseases in the nephrology in-patient unit of the Yaounde General Hospital in Cameroon: a five-year audit
short,PMC3371754,191,21848,Intelligent ZHENG Classification of Hypertension Depending on ML-kNN and Information Fusion
short,PMC3956417,128,21896,Simple Method for Evaluation of Planum Temporale Pyramidal Neurons Shrinkage in Postmortem Tissue of Alzheimer Disease Patients
short,PMC5266063,167,22068,Weight loss before a diagnosis of type 2 diabetes mellitus is a risk factor for diabetes complications
short,PMC12096032,170,22295,Triple synchronous primary lung adenocarcinoma: A diagnostic challenge
short,PMC9423753,127,22381,The Diagnostic Dilemma of Ruptured Liver Metastasis in a Patient with Lung Cancer: A case report
short,PMC9411953,238,22424,Analysis of Clinicopathologic Features of 9 Cases of SMARCA4-deficient Non-small Cell Lung Cancer
short,PMC5617704,211,22504,The prognostic value of shock index for the outcomes of acute myocardial infarction patients: A systematic review and meta-analysis
short,PMC5708966,156,22593,Responses to crizotinib and disease monitoring with circulating tumor cells in lung adenocarcinoma patient with MET exon 14 skipping mutation: A case report
short,PMC5485046,164,22645,"Renal safety of canagliflozin, a sodium glucose co‐transporter 2 inhibitor, in patients with type 2 diabetes mellitus"
short,PMC5571687,162,22849,Pemetrexed-carboplatin with intercalated icotinib in the treatment of patient with advanced EGFR wild-type lung adenocarcinoma: A case report
short,PMC4422624,206,22873,Reduced CSF Water Influx in Alzheimer’s Disease Supporting the β-Amyloid Clearance Hypothesis
short,PMC10835556,210,22971,Serum and salivary adiponectin levels as predictive markers for diabetes mellitus in children with a family history of diabetes
short,PMC11444230,170,23039,The role of first-trimester systemic immune-inflammation index for the prediction of gestational diabetes mellitus
short,PMC5402593,153,23066,Comparative clinical implications of admission electrocardiographic findings for patients with non-ST-segment elevation myocardial infarction
short,PMC5794406,156,23191,Prognostic impact of left ventricular mass change in patients with ST-elevation myocardial infarction
short,PMC4656957,132,23246,Diabetes mellitus and renal involvement in chronic viral liver disease
short,PMC5403074,167,23290,High expression of CD8 predicts favorable prognosis in patients with lung adenocarcinoma: A cohort study
short,PMC6247241,141,23304,Familial history of hypertension-induced impairment on heart rate variability was not observed in strength-trained subjects
short,PMC4985413,166,23364,Characterization of Benign Myocarditis Using Quantitative Delayed-Enhancement Imaging Based on Molli T1 Mapping
short,PMC6076114,203,23525,A case report of pediatric calciphylaxis–a rare and potentially fatal under diagnosed condition
short,PMC5304385,190,23676,Comparisons of serum miRNA expression profiles in patients with diabetic retinopathy and type 2 diabetes mellitus
short,PMC5521921,156,23682,Assessment of optic disc and ganglion cell layer in diabetes mellitus type 2
short,PMC6392805,210,23709,Effects of slow breathing rate on heart rate variability and arterial baroreflex sensitivity in essential hypertension
short,PMC5585474,185,23885,Comparative assessment of the efficacy and safety of acarbose and metformin combined with premixed insulin in patients with type 2 diabetes mellitus
short,PMC6814951,254,23962,"Risk factors for hypertension among young adults (18-35) years attending in Tenwek Mission Hospital, Bomet County, Kenya in 2018"
short,PMC4796473,231,24014,Erectile Dysfunction Among Male Hypertensives in a Tertiary Health Facility in South-West Nigeria
short,PMC6392978,179,24118,Therapeutic efficacy of neuromuscular electrical stimulation and electromyographic biofeedback on Alzheimer's disease patients with dysphagia
short,PMC5976344,208,24154,Lung cancer screening CT-based coronary artery calcification in predicting cardiovascular events: A systematic review and meta-analysis
short,PMC8152353,255,24216,Longitudinal study of primary progressive aphasia in a patient with pathologically diagnosed Alzheimer’s disease: a case report
short,PMC6299491,197,24217,Perceived family support among older persons in diabetes mellitus self-management
short,PMC3809380,207,24324,Higher Incidence of Lung Adenocarcinomas Induced by DMBA in Connexin 43 Heterozygous Knockout Mice
short,PMC4616658,135,24539,Metachronous Primary Adenocarcinoma of Lung During Adjuvant Imatinib Mesylate Therapy for Gastrointestinal Stromal Tumor of Stomach: A Case Report
short,PMC9446016,259,24646,Hearing Loss in Patients with Diabetes Mellitus
short,PMC11238481,200,24704,Stereotactic body radiation therapy for multiple lung cancers in a patient with six primary cancers: a case report
short,PMC5706061,238,24740,Impact of the delay to start treatment in patients with lung cancer treated in a densely populated area of Brazil
short,PMC4567586,232,24807,A community-driven hypertension treatment group in rural Honduras
short,PMC7654398,201,25098,SARS‐CoV‐2 infection associated acute kidney injury in patients with pre‐existing chronic renal disease: A report of two cases
short,PMC5313025,167,25190,"Rapid intracranial response to osimertinib, without radiotherapy, in nonsmall cell lung cancer patients harboring the EGFR T790M mutation: Two Case Reports"
short,PMC6171234,195,25382,An open-label pilot study on preventing glucocorticoid-induced diabetes mellitus with linagliptin
short,PMC9155036,201,25443,Delays in Presentation by Patients with ST Elevation Myocardial Infarction: A single centre experience from Oman
short,PMC4582323,267,25511,Patient classification of hypertension in Traditional Chinese Medicine using multi-label learning techniques
short,PMC1559722,215,25551,Negative association of endothelial nitric oxide gene polymorphism with hypertension in Turkish patients: effect of ecNOS polymorphism on left ventricular hypertrophy
short,PMC12245100,253,25573,Identification of risk factors in myocardial infarction with non-obstructive coronary arteries
short,PMC11918843,202,25604,Association between lipoprotein(a) and coronary heart disease risk in type 2 diabetes mellitus and evaluation of statin treatment effects
short,PMC3493278,192,25655,"Cardiovascular disease prevalence in patients with inflammatory arthritis, diabetes mellitus and osteoarthritis: a cross-sectional study in primary care"
short,PMC9339419,148,25689,Empagliflozin in the treatment of heart failure and type 2 diabetes mellitus: Evidence from several large clinical trials
short,PMC3850679,198,25717,Vitamin D insufficiency and deficiency with stages of chronic kidney disease in an Asian population
short,PMC11219383,218,25755,"Genetically Proxied Therapeutic Effect of Metformin Use, Blood Pressure, and Hypertension’s Risk: a Drug Target-Based Mendelian Randomization Study"
short,PMC8265258,237,25775,"Chronic kidney diseases among homeless and slum dwellers in Accra, Ghana"
short,PMC4894669,203,25873,Etiology of endocrine arterial hypertensions: about a series of cases
short,PMC5427558,195,26033,Concordant clear cell “mesonephric” carcinoma of the bladder and lung adenocarcinoma with clear cell features – multiple primaries versus metastatic neoplasms: a case report
short,PMC2632987,204,26120,Inter-practice variation in diagnosing hypertension and diabetes mellitus: a cross-sectional study in general practice
short,PMC5059092,165,26131,From biportal to uniportal video-assisted thoracoscopic anatomical lung resection: A single-institute experience
short,PMC9518626,173,26245,Effect of vegetarian diets on renal function in patients with chronic kidney disease under non-dialysis treatment: A scoping review
short,PMC5052499,276,26277,The prognostic value of blood glucose level on admission in non-diabetic patients with acute myocardial infarction
short,PMC9276513,172,26305,Cardiac Magnetic Resonance Assessment of the Protective Effect of Remote Ischemic Postconditioning on Coronary Microcirculation after Reperfusion Therapy for Acute ST-Segment Elevation Myocardial Infarction
short,PMC10185944,244,26307,Myocardial infarction in a 33-year-old with inflammatory bowel disease: a case report
short,PMC4753919,123,26315,Small-Cell Lung Cancer Transformation in Patients With Pulmonary Adenocarcinoma: A Case Report and Review of Literature
short,PMC8904105,218,26351,Expression Levels and Genetic Polymorphism of Scavenger Receptor Class B Type 1 as a Biomarker of Type 2 Diabetes Mellitus
short,PMC6683563,268,26544,The longitudinal effect of subclinical hypothyroidism on urine microalbumin-to-urine creatinine ratio in patients with type 2 diabetes mellitus
short,PMC5959434,182,26779,Early tumor shrinkage served as a prognostic factor for patients with stage III non-small cell lung cancer treated with concurrent chemoradiotherapy
short,PMC4554129,155,26810,Brain Metabolism of Less-Educated Patients With Alzheimer Dementia Studied by Positron Emission Tomography
short,PMC3721924,217,26821,Relationship between Tei index of myocardial performance and left ventricular geometry in Nigerians with systemic hypertension
short,PMC6604195,279,26865,Screening for chronic kidney disease in rural Malawi: results from a diabetic clinic
short,PMC10754314,217,26866,Angiographic Predictors of Viability During Intervention for a ST Elevation Myocardial Infarction
short,PMC6028095,274,26934,Serum uric acid and arterial hypertension—Data from Sephar III survey
short,PMC4912299,174,26985,Risk Factors for Long-Term Mortality and Progressive Chronic Kidney Disease Associated With Acute Kidney Injury After Cardiac Surgery
short,PMC5287973,149,27093,Reactive oxygen species modulator 1 (Romo1) as a novel diagnostic marker for lung cancer-related malignant effusion
short,PMC4517989,225,27143,Hearing Loss is Associated With Risk of Alzheimer’s Disease: A Case-Control Study in Older People
short,PMC10444873,252,27154,A novel index for measuring the impact of devices on hypertension
short,PMC7727236,228,27242,Inverse association of diabetes and dialysis with the severity of femoropopliteal lesions and chronic total occlusion: a cross-sectional study of 2056 cases
short,PMC10627647,196,27332,The relationship between Alzheimer disease and thyroiditis: A two-sample Mendelian randomization study
short,PMC5585497,198,27357,Efficacy of nanoparticle albumin-bound paclitaxel regimens for relapsed small cell lung cancer: A retrospective analysis
short,PMC4998775,187,27437,Improving the Blood Pressure Control With the ProActive Attitude of Hypertensive Patients Seeking Follow-up Services: Evidence From China
short,PMC3912196,179,27442,Autoantibody Profiling for Lung Cancer Screening Longitudinal Retrospective Analysis of CT Screening Cohorts
short,PMC5571721,178,27531,"Age threshold for moderate and severe periodontitis among Korean adults without diabetes mellitus, hypertension, metabolic syndrome, and/or obesity"
short,PMC5880091,207,27628,Can increased vigilance for chronic kidney disease in hospitalised patients decrease late referral and improve dialysis-free survival?
short,PMC5708934,185,27683,Salvage chemoradiotherapy with cisplatin and vinorelbine for postoperative locoregional recurrence of non-small cell lung cancer
short,PMC4616386,187,27804,Meta-analysis of Cholesteryl Ester Transfer Protein TaqIB Polymorphism and Risk of Myocardial Infarction
short,PMC5457871,236,27960,Evidence of elemene injection combined radiotherapy in lung cancer treatment among patients with brain metastases: A systematic review and meta-analysis
short,PMC4616625,152,27966,Type 1 Diabetes and Increased Risk of Subsequent Asthma: A Nationwide Population-Based Cohort Study
short,PMC13452781,206,27974,In-hospital outcomes among patients admitted for myocardial infarction with coexisting respiratory syncytial virus versus influenza infections
short,PMC4616451,196,28017,Adiponectin as a Protective Factor Against the Progression Toward Type 2 Diabetes Mellitus in Postmenopausal Women
short,PMC8670729,275,28054,Metabolic syndrome in hypertensive and non‐hypertensive subjects
short,PMC3937145,233,28120,"Effect of pegloticase on renal function in patients with chronic kidney disease: a post hoc subgroup analysis of 2 randomized, placebo-controlled, phase 3 clinical trials"
short,PMC9228912,238,28144,"Prevalence, complications and factors associated with severely elevated blood pressure in patients with hypertension: a cross-sectional study in two hospitals in Yaoundé, Cameroon"
short,PMC4736777,321,28168,"Diabetes Mellitus in Outpatients in Debre Berhan Referral Hospital, Ethiopia"
short,PMC3721765,237,28206,Relationship between left ventricular diastolic function and geometric patterns in Nigerians with newly diagnosed systemic hypertension
short,PMC4177929,214,28322,Likelihood and Predictors of ST-Elevation in Patients Hospitalized for Myocardial Infarction
short,PMC5992231,136,28340,Recent Findings in the Genetics of Blood Pressure: How to Apply in Practice or Is a Moonshot Required?
short,PMC3830791,216,28363,Effects of Metoprolol and Nebivolol on Exercise Blood Pressure in Patients with Mild Hypertension
short,PMC6381520,243,28447,Awareness of hypertension and depressive symptoms: a cross-sectional study in a primary care population
short,PMC1361785,261,28469,Left ventricular geometric patterns in newly presenting nigerian hypertensives: An echocardiographic study
short,PMC6079422,167,28502,The Impact of Type 2 Diabetes Mellitus on Long-Term Prognosis in Patients of Different Ages with Myocardial Infarction
short,PMC12040632,271,28560,Expression Pattern Study of miR-200a and XIAP Gene in the Non-small Cell Lung Cancer Patients’ Blood
short,PMC12114311,196,28576,Chronic Hepatitis E Virus Infection Without Liver Injury in a Patient with Chronic Kidney Disease
short,PMC4057506,200,28637,"Cefepime neurotoxicity in the intensive care unit: a cause of severe, underappreciated encephalopathy"
short,PMC4333880,180,28657,A meta-analysis of prospective studies on the role of physical activity and the prevention of Alzheimer’s disease in older adults
short,PMC11711671,231,28660,Atopic dermatitis and diabetes mellitus—is there a link?
short,PMC8741798,298,28775,Interrelationship between 2019-nCov receptor DPP4 and diabetes mellitus targets based on protein interaction network
short,PMC3066207,263,28925,Psoriasis and Hypertension Severity: Results from a Case-Control Study
short,PMC9843455,259,28928,Identification of Key Genes and Biological Pathways Related to Myocardial Infarction through Integrated Bioinformatics Analysis
short,PMC5120955,176,28976,Ratio of lymph node to primary tumor SUVmax multiplied by maximal tumor diameter on positron emission tomography/integrated computed tomography may be a predictor of mediastinal lymph node malignancy in lung cancer
short,PMC7137510,289,29065,Relationship between body composition indicators and risk of type 2 diabetes mellitus in Chinese adults
short,PMC3721535,234,29132,Relationship between left ventricular geometric pattern and systolic and diastolic function in treated Nigerian hypertensives
short,PMC3732752,126,29176,Neuronal Autophagy: Self-eating or Self-cannibalism in Alzheimer’s Disease
short,PMC11676660,234,29201,Impact of the COVID-19 pandemic on lung cancer diagnosis in northern Poland–addressing the COVID-19 debt
short,PMC5835263,266,29235,Mitochondrial Genome Mutations Associated with Myocardial Infarction
short,PMC13459720,245,29285,Clinical profile of acute myocardial infarction: the Registry of Acute Medical Emergencies registry
short,PMC2430541,265,29453,Endothelial nitric oxide synthase gene polymorphisms and cardiovascular damage in hypertensive subjects: an Italian case-control study
short,PMC1236936,253,29476,Validation of self reported diagnosis of hypertension in a cohort of university graduates in Spain
short,PMC12711146,302,29540,Preoperative glycemic response to a very low-calorie diet predicts long-term type 2 diabetes remission after bariatric surgery
short,PMC4602932,160,29604,Impact of Admission Systolic Blood Pressure and Antecedent Hypertension on Short-Term Outcomes After ST-Segment Elevation Myocardial Infarction: Strobe-Compliant Article
short,PMC13313068,267,29623,Decoding inflammation: first-trimester biomarkers as predictive tools for gestational diabetes
short,PMC1501045,239,29739,Under- treatment and under diagnosis of hypertension: a serious problem in the United Arab Emirates
short,PMC11460644,259,29803,Investigation of serum Metrnl levels in pregnant women with gestational diabetes mellitus: a prospective non-interventional cohort study
short,PMC5403080,220,29927,Subclinical hypothyroidism and the risk of chronic kidney disease in T2D subjects: A case-control and dose-response analysis
short,PMC8430558,253,29952,Self-Reported Diabetes Mellitus and Tooth Extraction Due to Periodontal Disease and Dental Caries in the Japanese Population
short,PMC10803342,189,29967,Expression levels and clinical significance of ferroptosis-related genes in patients with myocardial infarction
short,PMC3721772,218,30025,Impact of income on the profile of cardiovascular risk factors among hypertensives in a Nigerian tertiary health centre: a cross-sectional study
short,PMC6054391,221,30317,Body mass index ≥23 is a risk factor for insulin resistance and diabetes in Japanese people: A brief report
short,PMC5895397,218,30330,High scavenger receptor class B type I expression is related to tumor aggressiveness and poor prognosis in lung adenocarcinoma: A STROBE compliant article
short,PMC10518896,332,30380,Short-Term Mortality Associated With Hypertensive Emergencies: A Prospective Observational Cohort Study From South India
short,PMC6221621,203,30437,The ratio of urinary sodium and potassium and chronic kidney disease progression: Results from the KoreaN Cohort Study for Outcomes in Patients with Chronic Kidney Disease (KNOW-CKD)
short,PMC3438025,292,30590,Association between human cartilage glycoprotein 39 (YKL-40) and arterial stiffness in essential hypertension
short,PMC12483167,230,30609,Association of copeptin levels in the postpartum period with gestational diabetes
short,PMC8789717,202,30684,Wearable cardioverter-defibrillators after myocardial infarction: a review of its clinical utility and unmet needs in current clinical practice
short,PMC5348162,169,30790,Genetic characterization drives personalized therapy for early-stage non-small-cell lung cancer (NSCLC) patients and survivors with metachronous second primary tumor (MST): A case report
short,PMC3767941,248,30791,Awareness of hypertension and factors associated with uncontrolled hypertension in Sudanese adults
short,PMC8973653,194,30812,Metformin is associated with favorable outcomes in patients with COVID-19 and type 2 diabetes mellitus
short,PMC3623866,191,30867,Mass Spectrometry Quantification Revealed Accumulation of C-Terminal Fragment of Apolipoprotein E in the Alzheimer's Frontal Cortex
short,PMC5708951,188,30902,Association between the number of natural teeth and diabetic retinopathy among type 2 diabetes mellitus: The Korea national health and nutrition examination survey
short,PMC4759941,246,30913,Hypertension unawareness among Chinese patients with first-ever stroke
short,PMC5079310,188,31023,Impact of performance grading on annual numbers of acute myocardial infarction-associated emergency department visits in Taiwan: Results of segmented regression analysis
short,PMC5747262,263,31026,Abnormal elevation of myocardial necrosis biomarkers after coronary artery bypass grafting without established myocardial infarction assessed by cardiac magnetic resonance
short,PMC11645421,275,31044,The Effect of Eight Weeks of High-Intensity Interval Training on Follistatin Gene Expression in the Fast and Slow Twitch Muscles of Rats with Myocardial Infarction
short,PMC6875401,354,31118,Diabetes Mellitus among Adult Tuberculosis Patients Attending Tuberculosis Clinics in Eastern Ethiopia
short,PMC10150548,258,31164,Guillain–Barre syndrome after myocardial infarction: a case report and literature review
short,PMC5312986,188,31241,Chaperonin (HSP60) and annexin-2 are candidate biomarkers for non-small cell lung carcinoma
short,PMC10010752,307,31335,"Racial and Ethnic Differences in Subjective Cognitive Decline — United States, 2015–2020"
short,PMC5728822,187,31389,Assessment of change in glucose metabolism in white matter of amyloid-positive patients with Alzheimer disease using F-18 FDG PET
short,PMC7793332,239,31392,Correlates of Residual Thrombus Burden in Successfully Thrombolysed Patients of ST-Elevation Myocardial Infarction Receiving Dual Anti-Platelet Therapy
short,PMC5266065,191,31416,Usefulness of 3-dimensional stereotactic surface projection FDG PET images for the diagnosis of dementia
short,PMC6739800,211,31475,Incidence of Acute Kidney Injury in Patients with Chronic Renal Insufficiency: Transcatheter versus Surgical Aortic Valve Replacement
short,PMC9129905,242,31591,"Modifiable Risk Factors for Alzheimer Disease and Related Dementias Among Adults Aged ≥45 Years — United States, 2019"
short,PMC13316862,241,31604,Relationship between lower urinary system symptoms and urinary incontinence in women with gestational diabetes
short,PMC10133371,206,31653,"Diabetes mellitus, coronary artery disease and heart disease (Update 2023)"
short,PMC9003277,287,31707,Role of Beta-Carotene in Lung Cancer Primary Chemoprevention: A Systematic Review with Meta-Analysis and Meta-Regression
short,PMC5153917,256,31733,Desire for predictive testing for Alzheimer’s disease and impact on advance care planning: a cross-sectional study
short,PMC9761000,244,31817,The effect of increase in blood glucose level on hearing loss
short,PMC4226256,201,31828,Current ICD10 codes are insufficient to clearly distinguish acute myocardial infarction type: a descriptive study
short,PMC5423430,286,31871,Non-dipper hypertension is associated with slow coronary flow among hypertensives with normal coronary angiogram
short,PMC5931551,213,31971,Paraneoplastic limbic encephalitis associated with lung cancer
short,PMC11411240,417,31983,Comparison of histopathological and triphenyl tetrazolium chloride test in diagnosing myocardial infarction: An autopsy study
short,PMC8197013,183,31987,miR155 Deficiency Reduces Myofibroblast Density but Fails to Improve Cardiac Function after Myocardial Infarction in Dyslipidemic Mouse Model
short,PMC5428615,166,31997,Clinical characteristics and outcomes of patients with myocarditis mimicking ST-segment elevation myocardial infarction: Analysis of a case series
short,PMC5604672,217,32045,The role of serum angiopoietin-2 levels in progression and prognosis of lung cancer: A meta-analysis
short,PMC6210689,223,32063,Lack of Association of Coffee Consumption with the Prevalence of Self-Reported Type 2 Diabetes Mellitus in a Mexican Population: A Cross-Sectional Study
short,PMC4985410,231,32158,Assessment of Left Ventricular Ejection Fraction Calculation on Long-axis Views From Cardiac Magnetic Resonance Imaging in Patients With Acute Myocardial Infarction
short,PMC3721905,266,32266,Early diastolic functional abnormalities in normotensive offspring of Nigerian hypertensives
short,PMC6512017,244,32477,The Burden of Undiagnosed Diabetes Mellitus in Adult African Population: A Systematic Review and Meta-Analysis
short,PMC4381682,255,32499,The Impact of Incarceration on Obesity: Are Prisoners with Chronic Diseases Becoming Overweight and Obese during Their Confinement?
short,PMC8111520,244,32554,"Diagnosis of gestational diabetes in Uganda: The reactions of women, family members and health workers"
short,PMC3599954,341,32637,Overt diabetes mellitus among newly diagnosed Ugandan tuberculosis patients: a cross sectional study
short,PMC4241593,269,32739,The proposed role of plasma NT pro-brain natriuretic peptide in assessing cardiac remodelling in hypertensive African subjects
short,PMC9338576,318,32767,Video-assisted thoracoscopic treatment as two-day surgery for lung neoplasms: a propensity-matched analysis
short,PMC8356939,254,32782,"Management of diabetes mellitus at the household level using community health strategy in Embu County, Kenya"
short,PMC9825023,288,32821,A systematic review and meta-analysis of the association between sarcopenia and myocardial infarction
short,PMC12482903,306,32878,A meta-analysis about the relationship of serum nesfatin-1 levels in patients with type 2 diabetes mellitus
short,PMC3860441,162,33104,Systems Biology in the study of Neurological Disorders: Focus on Alzheimer’s Disease
short,PMC3747268,230,33116,"Myocardial Salvage is Reduced in Primary PCI-Treated STEMI Patients with Microvascular Obstruction, Demonstrated by Early and Late CMR"
short,PMC11210264,267,33146,The association between diabetes mellitus and prostate cancer: a meta-analysis and Mendelian randomization
short,PMC4501756,232,33166,Meta-Analysis of the Associations of p-Cresyl Sulfate (PCS) and Indoxyl Sulfate (IS) with Cardiovascular Events and All-Cause Mortality in Patients with Chronic Renal Failure
short,PMC8742505,206,33228,Assessment of erythrocyte morphology in patients with type 2 diabetes mellitus: a pilot study of electron microscopy-based analysis in relation to healthy controls
short,PMC4016044,243,33319,Acute Myocardial Infarction in Sub-Saharan Africa: The Need for Data
short,PMC8565009,329,33335,The association between diabetes mellitus and HRQoL of older people in Shanghai
short,PMC7774736,263,33348,Incidence trends of lung and gastroenteropancreatic neuroendocrine neoplasms in Switzerland
short,PMC10916801,278,33384,"Genetic polymorphisms in the angiotensin converting enzyme, actinin 3 and paraoxonase 1 genes in women with diabetes and hypertension"
short,PMC8136679,326,33388,"Attitude towards diabetes mellitus among adult communities in Gondar city, Ethiopia"
short,PMC3103416,249,33396,Evaluation of the impact of genetic polymorphisms in glutathione-related genes on the association between methylmercury or n-3 polyunsaturated long chain fatty acids and risk of myocardial infarction: a case-control study
short,PMC6195263,281,33411,Modeling the impact of obesity on the lifetime risk of chronic kidney disease in the United States using updated estimates of GFR progression from the CRIC study
short,PMC3971618,280,33421,"Characterisation of left ventricular function by tissue Doppler imaging technique in newly diagnosed, untreated hypertensive subjects"
short,PMC5609608,289,33451,Heart rate variability based on risk stratification for type 2 diabetes mellitus
short,PMC9977539,274,33452,A Systematic Review and Meta-Analysis of Influences of Chronic Kidney Disease on Patients after Percutaneous Coronary Intervention for Chronic Total Occlusions
short,PMC2940768,280,33454,E-selectin gene polymorphisms are associated with essential hypertension: a case-control pilot study in a Chinese population
short,PMC1877813,279,33458,Does the aldosterone: renin ratio predict the efficacy of spironolactone over bendroflumethiazide in hypertension? A clinical trial protocol for RENALDO (RENin-ALDOsterone) study
short,PMC5570270,211,33464,Influence of coronary architecture on the variability in myocardial infarction induced by coronary ligation in rats
short,PMC10768552,257,33481,Prevalence of gestational diabetes mellitus and associated factors among women receiving antenatal care at a tertiary hospital in South-Western Uganda
short,PMC6950911,286,33614,Cardiac surgery in acute myocardial infarction: crystalloid versus blood cardioplegia – an experimental study
short,PMC10256605,221,33645,Implementation of the 2018 ESC/ESH Guidelines for the management of hypertension in primary care: the HYPEDIA study
short,PMC4960337,173,33645,Smoking Cessation Carries a Short-Term Rising Risk for Newly Diagnosed Diabetes Mellitus Independently of Weight Gain: A 6-Year Retrospective Cohort Study
short,PMC5419913,199,33648,Glycated hemoglobin level is an independent predictor of major adverse cardiac events after nonfatal acute myocardial infarction in nondiabetic patients: A retrospective observational study
short,PMC5515760,205,33755,Correlation of iodine uptake and perfusion parameters between dual-energy CT imaging and first-pass dual-input perfusion CT in lung cancer
short,PMC11112893,300,33756,A comparison of oral bacteriome isolated from periodontal pockets of participants with or without diabetes mellitus in Uganda: a case control study
short,PMC3523141,230,33835,"Serum Lipid Profile of Newly Diagnosed Hypertensive Patients in Nnewi, South-East Nigeria"
short,PMC10065091,306,33938,Depressive symptoms among older adults with diabetes mellitus: a cross-sectional study
short,PMC7171657,218,33945,"Effects of Flash Glucose Monitoring on Dietary Variety, Physical Activity, and Self-Care Behaviors in Patients with Diabetes"
short,PMC5326029,252,33955,"Hypertension in the Ferlo (Northern Senegal): prevalence, awareness, treatment and control"
short,PMC4670225,326,34008,Quality and Cost of Diabetes Mellitus Care in Community Health Centers in the United States
short,PMC5371492,212,34010,"Head-to-head comparison of 11C-PiB and 18F-FC119S for Aβ imaging in healthy subjects, mild cognitive impairment patients, and Alzheimer's disease patients"
short,PMC5302066,271,34037,"The impact of gender, level of amputation and diabetes on prosthetic fit rates following major lower extremity amputation"
short,PMC4730636,327,34110,Anemia and risk for cognitive decline in chronic kidney disease
short,PMC4839801,171,34117,The Incidence of Cardiovascular Events Is Comparable Between Normoalbuminuric and Albuminuric Diabetic Patients With Chronic Kidney Disease
short,PMC6544065,232,34155,Non-Medical Strategies to Improve Pregnancy Outcomes of Women with Gestational Diabetes Mellitus: A literature review
short,PMC6510908,256,34165,Association between serum Na–Cl level and renal function decline in chronic kidney disease: results from the chronic kidney disease Japan cohort (CKD-JAC) study
short,PMC4113441,294,34239,"Awareness, Treatment, Control of Diabetes Mellitus and the Risk Factors: Survey Results from Northeast China"
short,PMC7913410,320,34248,The clinical profiles and outcomes of HIV-negative cryptococcal meningitis patients in type II diabetes mellitus
short,PMC4521845,276,34265,Gout and Risk of Myocardial Infarction: A Systematic Review and Meta-Analysis of Cohort Studies
short,PMC5305035,233,34326,Mapping the methylation status of the miR-145 promoter in saphenous vein smooth muscle cells from individuals with type 2 diabetes
short,PMC8379120,283,34426,Prognostic ability of mid-term worsening renal function after percutaneous coronary intervention: findings from the SHINANO registry
short,PMC5396487,229,34441,Effective Universal Coverage of Diabetes Mellitus Type 2 in Chile
short,PMC7706226,302,34472,Investigating the prevalence of hypertension and its associated risk factors in a population-based study: Fasa PERSIAN COHORT data
short,PMC5690724,199,34497,Subcellular localization of β-arrestin1 and its prognostic value in lung adenocarcinoma
short,PMC2958444,308,34533,The Relationship between the Transforming Growth Factor β1 T29C Gene Polymorphism and Left Ventricular Geometry and Function in Hypertensive Subjects
short,PMC3924195,283,34570,Determinants of the creatinine clearance to glomerular filtration rate ratio in patients with chronic kidney disease: a cross-sectional study
short,PMC5657061,277,34608,"The effect of renal denervation in an experimental model of chronic renal insufficiency, The REmnant kidney Denervation In Pigs study (REDIP study)"
short,PMC4748920,183,34618,Recent Trends in Hospitalization for Acute Myocardial Infarction in Beijing: Increasing Overall Burden and a Transition From ST-Segment Elevation to Non-ST-Segment Elevation Myocardial Infarction in a Population-Based Study
short,PMC9283055,248,34642,Silencing lncRNA 93358 Inhibits the Apoptosis of Myocardial Cells in Myocardial Infarction Rats by Inducing the Expression of SLC8A1
short,PMC9360707,276,34738,Breastfeeding mobile application for mothers with gestational diabetes mellitus: designed by mothers and experts
short,PMC10606350,248,34741,The Clinical and Molecular Profile of Lung Cancer Patients Harboring the TP53 R337H Germline Variant in a Brazilian Cancer Center: The Possible Mechanism of Carcinogenesis
short,PMC4602448,187,34749,High Body Mass Index Reduces Glomerular Filtration Rate Decline in Type II Diabetes Mellitus Patients With Stage 3 or 4 Chronic Kidney Disease
short,PMC7727251,288,34785,Non-pharmacological interventions for the prevention of type 2 diabetes mellitus in low and middle-income countries: protocol for a systematic review and meta-analysis of randomized controlled trials
short,PMC5023915,205,34792,Increased GABA concentrations in type 2 diabetes mellitus are related to lower cognitive functioning
short,PMC11346952,265,34797,An approach to integrated management of diabetes in tuberculosis patients: Availability and readiness of the health facilities of Bangladesh
short,PMC9446362,261,34829,P300 latency and amplitude in Alzheimer's disease: a systematic review
short,PMC4222027,261,34832,A multifaceted strategy using mobile technology to assist rural primary healthcare doctors and frontline health workers in cardiovascular disease risk management: protocol for the SMARTHealth India cluster randomised controlled trial
short,PMC10100199,310,34878,Predictors and characteristics of Rib fracture following SBRT for lung tumors
short,PMC2706218,327,34940,Profile and predictor of health-related quality of life among hypertensive patients in south-western Nigeria
short,PMC6010458,213,34943,Uncontrolled hypertension increases risk of all-cause and cardiovascular disease mortality in US adults: the NHANES III Linked Mortality Study
short,PMC9345691,234,34992,Identification of Metabolite Markers Associated with Kidney Function
short,PMC9038861,278,34998,Feasibility of diffusion-weighted magnetic resonance imaging in evaluation of early therapeutic response after CT-guided microwave ablation of inoperable lung neoplasms
short,PMC8983729,232,35034,Impact of weather changes on hospital admissions for hypertension
short,PMC10081979,221,35070,Identification of Chromatin Regulatory Factors Related to Immunity and Treatment of Alzheimer’s Disease
short,PMC3598715,312,35078,The prevalence of traditional herbal medicine use among hypertensives living in South African communities
short,PMC7098606,377,35120,"Knowledge and associated factors towards diabetes mellitus among adult non-diabetic community members of Gondar city, Ethiopia 2019"
short,PMC5520342,300,35149,Circulating sortilin level as a potential biomarker for coronary atherosclerosis and diabetes mellitus
short,PMC11024783,152,35180,Impact of Pulsed Electromagnetic Field Therapy and Aerobic Exercise on Patients Suffering With Hypertension: A Systematic Review
short,PMC11580841,207,35250,Age- and amyloid-β-dependent initiation of neurofibrillary tau tangles: an improved mouse model of Alzheimer’s disease without mutations in MAPT
short,PMC12539876,269,35326,Management and optimization of chronic renal insufficiency in the setting of kidney cancer A Systematic Review
short,PMC11300943,262,35346,The Effect of Bone Marrow Mesenchymal Stem Cells on Nestin and Sox-2 Gene Expression and Spatial Learning (Percent Alternation Y-Maze Test) against AlCl3-Induced Alzheimer’s-like Pathology in a Rat Model
short,PMC10113056,228,35371,Relationship between Changes in Blood Glucose and Blood Lipid Levels and the Risk of Thyroid Cancer in Patients with Type 2 Diabetes Mellitus
short,PMC3117886,194,35407,"No Elevated Plasma Catecholamine Levels during Sleep in Newly Diagnosed, Untreated Hypertensives"
short,PMC3951206,239,35493,Limited health literacy is associated with low glomerular filtration in the Chronic Renal Insufficiency Cohort (CRIC) study
short,PMC8319704,348,35510,"Morbidity and mortality outcomes of COVID-19 patients with and without hypertension in Lagos, Nigeria: a retrospective cohort study"
short,PMC12237589,246,35519,"Comprehensive Assessment of the Impact of Blood Pressure, Body Mass Index, Smoking, and Diabetes on Healthy Life Expectancy in Japan: NIPPON DATA90"
short,PMC3975839,307,35575,Acute large-dose exposure to organophosphates in patients with and without diabetes mellitus: analysis of mortality rate and new-onset diabetes mellitus
short,PMC5207554,204,35625,"Impact of disease-management programs on metabolic control in patients with type 1 diabetes mellitus: A cohort study in Shantou, China"
short,PMC4603066,179,35626,An Increased Risk of Reversible Dementia May Occur After Zolpidem Derivative Use in the Elderly Population: A Population-Based Case-Control Study
short,PMC5851744,223,35626,Effect of hypoglycemic agents on survival outcomes of lung cancer patients with diabetes mellitus: A meta-analysis
short,PMC2855565,235,35679,Cardiovascular magnetic resonance of the myocardium at risk in acute reperfused myocardial infarction: comparison of T2-weighted imaging versus the circumferential endocardial extent of late gadolinium enhancement with transmural projection
short,PMC12503227,415,35714,Histological Analysis of Arterial and Venous Grafts Used in Coronary Bypass for Patients With Renal Insufficiency: A Prospective Multicentre Observational Study
short,PMC13154082,317,35776,Integrated Echo-Hemodynamic Framework for VA-ECMO in Right Ventricular Infarction
short,PMC10798730,304,35793,Meta-analysis of risk factors for posttraumatic stress disorder in myocardial infarction
short,PMC9690494,260,35902,A Study on Types of Medication Adherence in Hypertension among Older Patients and Influencing Factors
short,PMC8776520,176,35910,The Association of Lung Cancer and Sarcoidosis: A Systematic Review
short,PMC10503878,225,36071,Beyond Conventional Control: Insights Into Drug-Resistant Hypertension
mid,PMC10236766,226,36103,Risk prediction of gestational diabetes mellitus in women with polycystic ovary syndrome based on a nomogram model
mid,PMC8042020,258,36119,COPD significantly increases cerebral and cardiovascular events in hypertensives
mid,PMC3210140,197,36168,The effect of breast cancer awareness month on internet search activity - a comparison with awareness campaigns for lung and prostate cancer
mid,PMC4818501,250,36173,Mitochondrial DNA damage and vascular function in patients with diabetes mellitus and atherosclerotic cardiovascular disease
mid,PMC5105280,357,36212,"Obesity and diabetes mellitus association in rural community of Katana, South Kivu, in Eastern Democratic Republic of Congo: Bukavu Observ Cohort Study Results"
mid,PMC11001573,266,36334,Multifactorial prevention program for cardiovascular disease in primary care: hypertension status and effect on mortality
mid,PMC4616690,248,36349,Efficacy of Adenosine in Patients With Acute Myocardial Infarction Undergoing Primary Percutaneous Coronary Intervention: A PRISMA-Compliant Meta-Analysis
mid,PMC2287188,322,36436,Association of dopaminergic pathway gene polymorphisms with chronic renal insufficiency among Asian Indians with type-2 diabetes
mid,PMC4411519,308,36444,Diabetes screening: a pending issue in hypertense/obese patients
mid,PMC6634561,320,36536,Inequalities in Structural Social Capital and Health between Migrant and Local Hypertensive Patients
mid,PMC6202421,254,36553,Prediction of potential disease-associated microRNAs by composite network based inference
mid,PMC10659497,227,36570,Cross-phenotype associations between Alzheimer’s Disease and its comorbidities may provide clues to progression
mid,PMC8209386,213,36626,Dysregulation of the Excitatory Renal Reflex in the Sympathetic Activation of Spontaneously Hypertensive Rat
mid,PMC2831070,254,36694,Genetic Variability in CLU and Its Association with Alzheimer's Disease
mid,PMC3966818,240,36780,Molecular Topology as Novel Strategy for Discovery of Drugs with Aβ Lowering and Anti-Aggregation Dual Activities for Alzheimer’s Disease
mid,PMC6837603,362,36822,A prospective study assessing feasibility of performing percutaneous nephrolithotomy in chronic kidney disease patients - What factors affect the outcome?
mid,PMC3608613,249,36851,Longer Telomere Length in Peripheral White Blood Cells Is Associated with Risk of Lung Cancer and the rs2736100 (CLPTM1L-TERT) Polymorphism in a Prospective Cohort Study among Women in China
mid,PMC7835148,354,37037,Risk factors for pancreas and lung neuroendocrine neoplasms: a case–control study
mid,PMC11600683,270,37075,"The relationship between serum levels of LOX-1, hs-cTnT, NGAL, and renal function, and their diagnostic value in patients with chronic kidney disease: a retrospective study"
mid,PMC6023630,272,37085,Metabolic Syndrome-Related Features in Controlled and Resistant Hypertensive Subjects
mid,PMC11801616,332,37118,Impact of type 2 diabetes mellitus on results in the animal naming test in patients with and without liver cirrhosis
mid,PMC4978855,306,37182,Ethnic difference in the prevalence of pre-diabetes and diabetes mellitus in regions with Sami and non-Sami populations in Norway – the SAMINOR1 study
mid,PMC8688487,262,37194,Undiagnosed diabetes mellitus and associated factors among adults in Ethiopia: a systematic review and meta-analysis
mid,PMC12520724,305,37197,Relationship between dietary inflammatory index and risk of gestational diabetes mellitus: a systematic review
mid,PMC6930276,166,37272,Intravoxel Incoherent Motion Magnetic Resonance Imaging with Integrated Slice-specific Shimming for old myocardial infarction: A Pilot Study
mid,PMC11972561,332,37344,Tumor marker elevations in chronic kidney disease: a retrospective study
mid,PMC5675402,279,37352,Increasing prevalence of diabetes mellitus in a developing country and its related factors
mid,PMC4197296,229,37369,"Uncontrolled hypertension among hypertensive patients on treatment in Lupane District, Zimbabwe, 2012"
mid,PMC5473552,267,37564,Association of Alzhemier's disease with hepatitis C among patients with bipolar disorder
mid,PMC12289147,264,37566,Use of automated quantitative pupillometric evaluation for monitoring the severity of diabetic retinopathy
mid,PMC5464887,249,37590,Identification of STXBP2 as a novel susceptibility locus for myocardial infarction in Japanese individuals by an exome-wide association study
mid,PMC5572005,169,37617,Effect of charted mental illness on reperfusion therapy in hospitalized patients with an acute myocardial infarction in Florida
mid,PMC7794905,270,37619,Association between Gene Polymorphisms of Vitamin D Receptor and Gestational Diabetes Mellitus: A Systematic Review and Meta-Analysis
mid,PMC2223512,75,37624,"Comparative analysis of expression of the proprotein convertases furin, PACE4, PC1 and PC2 in human lung tumours"
mid,PMC11216020,241,37741,Functional autoantibodies against G protein-coupled receptors in hepatic and pulmonary hypertensions in human schistosomiasis
mid,PMC12067569,363,37788,Psychological insulin resistance among patients with diabetes mellitus in Botswana
mid,PMC11249421,202,37861,Continued decline in the incidence of myocardial infarction beyond the COVID-19 pandemic: a nationwide study of the Swedish population aged 60 and older during 2015–2022
mid,PMC9376236,383,37956,Impact of preexisting diabetes mellitus on cardiovascular and all-cause mortality in patients with atrial fibrillation: A meta-analysis
mid,PMC10509015,250,37966,Immune checkpoint inhibitor– and phosphatidylinositol-3-kinase inhibitor–related diabetes induced by antineoplastic drugs: two case reports and a literature review
mid,PMC5554219,253,38000,Circulating CD40 and sCD40L Predict Changes in Renal Function in Subjects with Chronic Kidney Disease
mid,PMC5218460,319,38046,The Systematic Evaluation of Identifying the Infarct Related Artery Utilizing Cardiac Magnetic Resonance in Patients Presenting with ST-Elevation Myocardial Infarction
mid,PMC11346707,240,38125,Impact of Hypertension on the Dose-Response Association Between Physical Activity and Stroke: A Cohort Study
mid,PMC7382460,234,38129,Impact of an active lifestyle on heart rate variability and oxidative stress markers in offspring of hypertensives
mid,PMC6372132,235,38197,Wave intensity analysis in the internal carotid artery of hypertensive subjects using phase-contrast MR angiography and preliminary assessment of the effect of vessel morphology on wave dynamics
mid,PMC13037665,385,38238,Computed Tomography-Guided Percutaneous Core Needle Biopsy of Lung Lesions: Factors influencing diagnostic yield and complications
mid,PMC5405955,295,38240,Transplantation of induced mesenchymal stem cells for treating chronic renal insufficiency
mid,PMC6723949,261,38284,Polypharmacy in Type 2 Diabetes Mellitus: Insights from an Internal Medicine Department
mid,PMC8047269,271,38316,Risk Factors for Anemia in Patients with Chronic Renal Failure: A Systematic Review and Meta-Analysis
mid,PMC11510088,220,38332,The Role of Vericiguat in Early Phases of Anterior Myocardial Infarction: A Potential Game-Changer?
mid,PMC3244409,267,38362,Plasma Biomarkers of Brain Atrophy in Alzheimer's Disease
mid,PMC6502320,233,38385,Alzheimer's disease: Estimating its prevalence rate in a French geographical unit using the National Alzheimer Data Bank and national health insurance information systems
mid,PMC8791222,252,38394,The effects of metformin and alendronate in attenuating bone loss and improving glucose metabolism in diabetes mellitus mice
mid,PMC7683166,256,38432,Risk Factors of Cerebral Infarction and Myocardial Infarction after Carotid Endarterectomy Analyzed by Machine Learning
mid,PMC12969435,292,38526,Managing Acute Myocardial Infarction in Remote Oman: Real-world data from Al Wusta Governorate
mid,PMC6400970,253,38598,Optimal cardiac strategy based on the history of myocardial infarction in type 2 diabetic patients with coronary artery disease
mid,PMC5682784,255,38656,"Identification of differential expressed PE exosomal miRNA in lung adenocarcinoma, tuberculosis, and other benign lesions"
mid,PMC8288490,246,38667,Knockdown of Myeloid Cell Leukemia-1 by MicroRNA-101 Increases Sensitivity of A549 Lung Cancer Cells to Etoposide
mid,PMC11189917,214,38747,Deep Ensemble learning and quantum machine learning approach for Alzheimer’s disease detection
mid,PMC4247067,369,38789,"Analysis on associated factors of uncontrolled hypertension among elderly hypertensive patients in Southern China: a community-based, cross-sectional survey"
mid,PMC7222568,353,38799,Impact of type 2 diabetes mellitus on mid-term mortality for hypertrophic cardiomyopathy patients who underwent septal myectomy
mid,PMC3112133,343,38823,"Implementing a hypertension management programme in a rural area: local approaches and experiences from Ba-Vi district, Vietnam"
mid,PMC3848873,260,38865,Prevalence and risk factors for resistant hypertension among hypertensive patients from a developing country
mid,PMC5131971,327,38902,Are Urinary Tubular Injury Markers Useful in Chronic Kidney Disease? A Systematic Review and Meta Analysis
mid,PMC4902352,222,38918,Body Mass Index and Cancer Mortality Among Korean Older Middle-Aged Men: A Prospective Cohort Study
mid,PMC8954358,295,38986,UGT1A1 Gene Polymorphism Contributes as a Risk Factor for Lung Cancer: A Pilot Study with Patients from the Amazon
mid,PMC2432046,252,39017,The interaction of vasoactive substances during exercise modulates platelet aggregation in hypertension and coronary artery disease
mid,PMC10804508,253,39075,The correlation between tumor radiological features and spread through air spaces in peripheral stage IA lung adenocarcinoma: a propensity score-matched analysis
mid,PMC10714632,306,39083,Post-traumatic stress disorder among heart disease patients: a clinical follow-up of individuals with myocardial infarction in the Tromsø Study
mid,PMC9181472,285,39087,"Polysomnographic Evaluation of Sleep Bruxism Intensity and Sleep Architecture in Nonapneic Hypertensives: A Prospective, Observational Study"
mid,PMC12995263,283,39169,Association Between Depression and Increased Odds of Inpatient Mortality Following Hip Fracture Repair
mid,PMC5072944,209,39198,Radiation-induced heart disease in lung cancer radiotherapy: A dosimetric update
mid,PMC10134524,292,39199,Diagnostic value of neutrophil gelatinase-associated lipocalin (NGAL) as an early biomarker for detection of renal failure in hypertensives: a case–control study in a regional hospital in Ghana
mid,PMC6064622,305,39286,Impact of serum cholesterol esterification rates on the development of diabetes mellitus in a general population
mid,PMC6280809,263,39328,Prognostic value of plasma NT-proBNP levels in very old patients with moderate renal insufficiency in China
mid,PMC4603123,204,39398,Adiponectin is Not Associated With Blood Pressure in Normotensives and Untreated Hypertensives With Normal Kidney Function
mid,PMC3167747,191,39443,Stress induced hypertensive response: should it be evaluated more carefully?
mid,PMC5604625,211,39459,Shared polymorphisms and modifiable behavior factors for myocardial infarction and high cholesterol in a retrospective population study
mid,PMC4676825,309,39490,"Gastrointestinal symptoms, inflammation and hypoalbuminemia in chronic kidney disease patients: a cross-sectional study"
mid,PMC11059984,321,39501,Resveratrol Has Histone 4 and Beta-Defensin 1-Mediated Favorable Biotherapeutic Effects on Liver and Other Target Organs in Diabetic Rats
mid,PMC8702745,353,39524,"Myocardial Infarction Complications After Surgery in Vietnam: Estimates of Incremental Cost, Readmission Risk, and Length of Hospital Stay"
mid,PMC6393031,248,39529,High red cell distribution width at the time of ST segment elevation myocardial infarction is better at predicting diastolic than systolic left ventricular dysfunction: A single-center prospective cohort study
mid,PMC5079314,193,39569,Risk of hospitalization for hypoglycemia among older Korean people with diabetes mellitus: Interactions between treatment modalities and comorbidities
mid,PMC10901917,362,39580,The influence of chronic renal insufficiency on multi-therapeutic modalities for breast cancer: a single-center experience
mid,PMC5507536,300,39597,ANK1 is up-regulated in laser captured microglia in Alzheimer’s brain; the importance of addressing cellular heterogeneity
mid,PMC3286451,254,39612,Helicobacter pylori Seropositivity and Risk of Lung Cancer
mid,PMC4409366,299,39623,Association between Inflammation and Cardiac Geometry in Chronic Kidney Disease: Findings from the CRIC Study
mid,PMC3679066,187,39632,"TUSC1, a Putative Tumor Suppressor Gene, Reduces Tumor Cell Growth In Vitro and Tumor Growth In Vivo"
mid,PMC11254288,348,39711,Intentional wedge resection versus segmentectomy for ≤2 cm ground-glass-opacity-dominant non-small cell lung cancer: a real-world study using inverse probability of treatment weighting
mid,PMC13229207,246,39726,P2X7 receptor and neuroinflammation in neurodegenerative disorders: an autoradiography study with [18F]JNJ-64413739
mid,PMC3742514,219,39759,Decreases in Electrocardiographic R-Wave Amplitude and QT Interval Predict Myocardial Ischemic Infarction in Rhesus Monkeys with Left Anterior Descending Artery Ligation
mid,PMC5591166,190,39772,Global longitudinal strain predicts incident atrial fibrillation and stroke occurrence after acute myocardial infarction
mid,PMC11965360,286,39800,Global research trends of tumor microenvironment in non-small cell lung cancer with epidermal growth factor receptor mutation: a bibliometric analysis from 2014 to 2023
mid,PMC9355720,331,39832,Finding Lung-Cancer-Related lncRNAs Based on Laplacian Regularized Least Squares With Unbalanced Bi-Random Walk
mid,PMC6312584,384,39863,"Toxoplasma gondii Infection in Diabetes Mellitus Patients in China: Seroprevalence, Risk Factors, and Case-Control Studies"
mid,PMC10754311,257,39903,Post-Infarction Ventricular Septal Defect: A quarter century experience
mid,PMC4203334,208,39917,Overexpression of type VI collagen in neoplastic lung tissues
mid,PMC12051716,316,40018,"Exploring Knowledge of Hypertension and Treatment Adherence in Hypertensive Patients From Lahore, Pakistan"
mid,PMC9954858,251,40089,Machine Learning System for Lung Neoplasms Distinguished Based on Scleral Data
mid,PMC5478118,297,40111,The association between serum uric acid and the incidence of prediabetes and type 2 diabetes mellitus: The Rotterdam Study
mid,PMC4016297,293,40149,Predictors of high sensitivity cardiac troponin T in chronic kidney disease patients: a cross-sectional study in the chronic renal insufficiency cohort (CRIC)
mid,PMC9855828,352,40200,CISD1 Is a Breast Cancer Prognostic Biomarker Associated with Diabetes Mellitus
mid,PMC4848912,272,40223,Additive Effect of Non-Alcoholic Fatty Liver Disease on Metabolic Syndrome-Related Endothelial Dysfunction in Hypertensive Patients
mid,PMC7315309,266,40295,"Risk Factors of Hypertension among Diabetic Patients from Yaoundé Central Hospital and Etoug-Ebe Baptist Health Centre, Cameroon"
mid,PMC1090564,291,40331,Angiotensinogen M235T gene variants and its association with essential hypertension and plasma renin activity in Malaysian subjects: A case control study
mid,PMC5344074,384,40387,Validation of self-reported diabetes in a representative sample of São Paulo city
mid,PMC4085089,261,40465,Gestational diabetes and risk of cardiovascular disease: a scoping review
mid,PMC13094361,302,40488,Enhancing Diagnostic Pathways for Bronchopulmonary Neuroendocrine Tumors: Assessment of the South Wales Neuroendocrine Tumor Service Transformation
mid,PMC13166505,328,40585,"Trends, pathological classification of renal diseases proved by biopsy: A 10-year retrospective cohort study in an East Chinese Tertiary Center"
mid,PMC9957054,316,40650,"Association between Polymorphism of Genes IL-1A, NFKB1, PAR1, TP53, and UCP2 and Susceptibility to Non-Small Cell Lung Cancer in the Brazilian Amazon"
mid,PMC9368588,378,40655,Effects of Tobacco Smoking on the Survivability of Patients with Multiple Cancers and Single Lung Cancer
mid,PMC7467615,268,40687,Serum uric acid and left ventricular hypertrophy in hypertensive patients in Ado-Ekiti
mid,PMC10694352,301,40797,Free triiodothyronine (FT3)-to-free thyroxine (FT4) ratio identified as a risk factor for gestational diabetes in euthyroid pregnant women: insights from a Chinese population cohort study
mid,PMC11353311,327,40843,Impact of the COVID-19 Pandemic on the Diagnosis of Malignant Neoplasia of the Bronchus and Lung in the Burgos Region
mid,PMC10548403,350,40858,Parental History of Hypertension: A Risk for Autonomic Dysfunction and Metabolic and Vascular Derangement in Normotensive Male Offspring
mid,PMC4022589,254,40944,Diabetes Mellitus and Poorer Prognosis in Hepatocellular Carcinoma: A Systematic Review and Meta-Analysis
mid,PMC1247478,255,40947,"Lead, Diabetes, Hypertension, and Renal Function: The Normative Aging Study"
mid,PMC8696230,345,41084,Treatment of hypertension with angiotensin‐converting enzyme inhibitors or angiotensin receptor blockers and resting metabolic rate: A cross‐sectional study
mid,PMC6490907,374,41137,Cardiovascular disease risk factor prevalence and estimated 10-year cardiovascular risk scores in Indonesia: The SMARThealth Extend study
mid,PMC7069391,275,41206,Cerebral Blood Flow Response to Simulated Hypovolemia in Essential Hypertension: A Magnetic Resonance Imaging Study
mid,PMC7065699,307,41267,Association between Bioactive Molecules in Breast Milk and Type 1 Diabetes Mellitus
mid,PMC5089099,237,41343,Effects of flavopiridol on critical regulation pathways of CD133high/CD44high lung cancer stem cells
mid,PMC4803201,413,41437,Health Insurance Coverage and Hypertension Control in China: Results from the China Health and Nutrition Survey
mid,PMC5489649,308,41444,TET1-mediated DNA hypomethylation regulates the expression of MUC4 in lung cancer
mid,PMC9424486,299,41520,A meta-analysis of genome-wide gene expression differences identifies promising targets for type 2 diabetes mellitus
mid,PMC9608980,220,41583,Polypharmacy in Older Adults with Alzheimer’s Disease
mid,PMC3569684,207,41615,Long-term Exposure to PM2.5 and Incidence of Acute Myocardial Infarction
mid,PMC3721881,271,41649,"Global cardiovascular risk profiles of untreated hypertensives in an urban, developing community in Africa"
mid,PMC9195252,389,41665,Prevalence and prognosis of left ventricular diastolic dysfunction in community hypertension patients
mid,PMC12492052,334,41847,Contemporary Incidence and Survival of Lung Neuroendocrine Neoplasms
mid,PMC6289164,328,41865,"Christmas, national holidays, sport events, and time factors as triggers of acute myocardial infarction: SWEDEHEART observational study 1998-2013"
mid,PMC5164907,282,41934,The Markers of Glutamate Metabolism in Peripheral Blood Mononuclear Cells and Neurological Complications in Lung Cancer Patients
mid,PMC5207550,256,42001,Efficacy of an early home-based cardiac rehabilitation program for patients after acute myocardial infarction: A three-dimensional speckle tracking echocardiography randomized trial
mid,PMC9678479,371,42103,"New Onset of Diabetes Mellitus and Associated Factors among COVID-19 Patients in COVID-19 Care Centers, Addis Ababa, Ethiopia 2022"
mid,PMC7907127,272,42192,Choriocapillaris microvasculature dysfunction in systemic hypertension
mid,PMC8467937,218,42199,Common Metabolites in Two Different Hypertensive Mouse Models: A Serum and Urine Metabolome Study
mid,PMC3713042,282,42219,Assessment of the Magnitude of Contextual and Individual Demographic Effects on Diabetes Mellitus and Glucose Intolerance in Rural Southwest China: A Multilevel Analysis
mid,PMC7809586,359,42262,Association of the Estimated Glomerular Filtration Rate With vs Without a Coefficient for Race With Time to Eligibility for Kidney Transplant
mid,PMC3464381,285,42295,Metformin in non-Diabetic Patients Presenting with ST Elevation Myocardial Infarction: Rationale and Design of the Glycometabolic Intervention as Adjunct to Primary Percutaneous Intervention in ST Elevation Myocardial Infarction (GIPS)-III Trial
mid,PMC4144969,283,42340,Establishment of a Model of Renal Impairment with Mild Renal Insufficiency Associated with Atrial Fibrillation in Canines
mid,PMC3852223,315,42383,Investigating silent strokes in hypertensives: a magnetic resonance imaging study (ISSYS): rationale and protocol design
mid,PMC11925477,286,42461,Association between pre-existing cardiovascular risk factors and post-acute sequelae of COVID-19 in older adults
mid,PMC10148459,296,42482,Diagnostic accuracy of left atrial function and strain for differentiating between acute and chronic myocardial infarction
mid,PMC12342259,304,42519,Association between homocysteine levels and hypertension prevalence as well as all-cause mortality and cardiovascular mortality among hypertensive patients: A population-based study
mid,PMC1479320,374,42529,Chronic renal insufficiency among Asian Indians with type 2 diabetes: I. Role of RAAS gene polymorphisms
mid,PMC6371567,386,42637,sRAGE and early signs of cardiac target organ damage in mild hypertensives
mid,PMC4522127,339,42657,Does oral sodium bicarbonate therapy improve function and quality of life in older patients with chronic kidney disease and low-grade acidosis (the BiCARB trial)? Study protocol for a randomized controlled trial
mid,PMC11608614,263,42662,"Reproducibility of daytime hypertension, night-time hypertension, and nocturnal blood pressure dipping patterns in young to middle age patients with stage 1 hypertension"
mid,PMC5747597,516,42680,The QardioArm App in the Assessment of Blood Pressure and Heart Rate: Reliability and Validity Study
mid,PMC6555784,374,42697,Analysis of 2897 hospitalization events for patients with chronic kidney disease: results from CKD-JAC study
mid,PMC3566173,357,42729,Pregnancy Outcomes of Anti-Hypertensives for Women with Chronic Hypertension: A Population-Based Study
mid,PMC6907272,282,42729,"No increased risk of glucose metabolism disorders in adults with growth hormone deficiency undergoing long-term treatment with biosimilar somatropin (Omnitrope®): data from an observational, longitudinal study"
mid,PMC9367874,317,42732,How Is It to Live with Diabetes Mellitus? The Voices of the Diabetes Mellitus Clients
mid,PMC13019561,323,42761,Quantifying Change in Proteinuria After Acute Kidney Injury Among Patients With Chronic Kidney Disease: Findings From the Chronic Renal Insufficiency Cohort (CRIC) Study
mid,PMC8582182,282,42790,Antihypertensive treatments and risks of lung Cancer: a large population-based cohort study in Hong Kong
mid,PMC12482560,242,42899,GDF15 attenuates myocardial infarction-induced injury by preserving mitochondrial function and suppressing oxidative stress
mid,PMC9517047,280,42923,Potential Protective Role of Galectin-3 in Patients with Gonarthrosis and Diabetes Mellitus: A Cross-Sectional Study
mid,PMC7021702,239,42982,Fractional Anisotropy changes in Parahippocampal Cingulum due to Alzheimer’s Disease
mid,PMC5260128,344,43021,Non-high-density lipoprotein cholesterol predicts nonfatal recurrent myocardial infarction in patients with ST segment elevation myocardial infarction
mid,PMC4569584,288,43040,The Association of Handgrip Strength and Type 2 Diabetes Mellitus in Six Ethnic Groups: An Analysis of the HELIUS Study
mid,PMC6889673,300,43045,Expression profiles of long noncoding RNAs and messenger RNAs in the border zone of myocardial infarction in rats
mid,PMC10820232,318,43081,Left Ventricular Mass Index Predicts Renal Function Decline in Patients with Chronic Kidney Disease
mid,PMC9368716,292,43134,Nine-Year Trends in Atrial Fibrillation Prevalence among Romanian Adult Hypertensives: A Post-Hoc Analysis of SEPHAR II-IV Surveys
mid,PMC3349540,343,43206,Non-replication study of a genome-wide association study for hypertension and blood pressure in African Americans
mid,PMC9544472,348,43210,The additive effect of periodontitis with hypertension on risk of systemic disease and mortality
mid,PMC13280542,295,43353,Hormone secretion predicts poor prognosis in lung neuroendocrine neoplasms
mid,PMC10918930,315,43389,A cross-sectional study determining prevalence and factors associated with ST-segment elevation myocardial infarction and non-ST segment elevation myocardial infarction in Iran: results from fasa registry on acute myocardial infarction (FaRMI)
mid,PMC10266637,286,43411,PTPN22 intron polymorphism rs1310182 (c.2054-852T>C) is associated with type 1 diabetes mellitus in patients of Armenian descent
mid,PMC3750602,380,43426,Prevalence of herbal and dietary supplement usage in Thai outpatients with chronic kidney disease: a cross-sectional survey
mid,PMC6388331,234,43442,Oxidative Stress in Animal Models of Acute and Chronic Renal Failure
mid,PMC8746801,237,43448,Dietary Acid Load and Relationship with Albuminuria and Glomerular Filtration Rate in Individuals with Chronic Kidney Disease at Predialysis State
mid,PMC10765730,310,43510,In-hospital outcomes of transcatheter aortic valve replacement in patients with chronic and end-stage renal disease: a nationwide database study
mid,PMC5485944,270,43529,Cholesterol Crystal Embolism and Chronic Kidney Disease
mid,PMC3600316,288,43580,The Effect of Alpha-Lipoic Acid on Mitochondrial Superoxide and Glucocorticoid-Induced Hypertension
mid,PMC2753644,330,43600,Chronic Obstructive Pulmonary Disease and Altered Risk of Lung Cancer in a Population-Based Case-Control Study
mid,PMC8249442,245,43605,Bidirectional association between periodontal disease and diabetes mellitus: a systematic review and meta-analysis of cohort studies
mid,PMC10278792,324,43663,Association between Depressive Symptom Trajectory and Chronic Kidney Disease Progression: Findings from the Chronic Renal Insufficiency Cohort Study
mid,PMC5268044,268,43697,EGFR-TKIs versus taxanes agents in therapy for nonsmall-cell lung cancer patients: A PRISMA-compliant systematic review with meta-analysis and meta-regression
mid,PMC5531470,232,43739,Corticotropin-releasing factor receptor-1 modulates biomarkers of DNA oxidation in Alzheimer’s disease mice
mid,PMC8636005,229,43834,Innate Lymphoid Cells and Myocardial Infarction
mid,PMC10758752,372,43874,Association Between Apolipoprotein B and Coronary Artery Disease Among Hypertensive Patients: A Systematic Review of the Prospective and Retrospective Studies
mid,PMC13265864,375,43874,"The Association Between Pulmonary Hypertension, End-Stage Kidney Disease, and Death: An Analysis of the Chronic Renal Insufficiency Cohort Study (CRIC)"
mid,PMC7772165,265,43875,Media coverage of prevention and treatment options using the examples of diabetes mellitus and depression
mid,PMC10343850,340,43879,Prediction of miRNA–Disease Associations by Cascade Forest Model Based on Stacked Autoencoder
mid,PMC3503717,416,43937,Altered Gene Expression Pattern in Peripheral Blood Mononuclear Cells in Patients with Acute Myocardial Infarction
mid,PMC9901094,428,43944,Impact of free maternity services on outcomes related to hypertensive disorders of pregnancy at Moi Teaching and Referral Hospital in Kenya: a retrospective analysis
mid,PMC13346366,328,43985,GLP-1 receptor agonists in atherosclerotic cardiovascular disease and diabetes mellitus or obesity: investigation of the potential role in a German inpatient dataset
mid,PMC3877372,232,44019,"Effects of Baseline CSF α-Synuclein on Regional Brain Atrophy Rates in Healthy Elders, Mild Cognitive Impairment and Alzheimer’s Disease"
mid,PMC13451477,310,44024,Empagliflozin’s Effects on Carotid Ultrasound Parameters in Type 2 Diabetes Patients Post-ST-Elevation Myocardial Infarction: A Randomized Controlled Trial
mid,PMC6594608,267,44091,Oral extracellular vesicles in early pregnancy can identify patients at risk of developing gestational diabetes mellitus
mid,PMC6586400,363,44118,Are associations between psychosocial stressors and incident lung cancer attributable to smoking?
mid,PMC6491556,265,44123,Hyperuricemia has increased the risk of progression of chronic kidney disease: propensity score matching analysis from the KNOW-CKD study
mid,PMC3821857,251,44160,DOK2 Inhibits EGFR-Mutated Lung Adenocarcinoma
mid,PMC4376775,269,44175,Differential MR Delayed Enhancement Patterns of Chronic Myocardial Infarction between Extracellular and Intravascular Contrast Media
mid,PMC10308690,405,44186,Number of recurrences is significantly associated with the post-acute pancreatitis diabetes mellitus in a population with hypertriglyceridemic acute pancreatitis
mid,PMC3414744,429,44215,Individual-based primary prevention of cardiovascular disease in Cambodia and Mongolia: early identification and management of hypertension and diabetes mellitus
mid,PMC5016561,372,44334,LIGHT/TNFSF14 is increased in patients with type 2 diabetes mellitus and promotes islet cell dysfunction and endothelial cell inflammation in vitro
mid,PMC4739587,283,44507,Interleukin-6 Is a Risk Factor for Atrial Fibrillation in Chronic Kidney Disease: Findings from the CRIC Study
mid,PMC3157472,279,44534,Importance of Suitable Reference Gene Selection for Quantitative Real-Time PCR: Special Reference to Mouse Myocardial Infarction Studies
mid,PMC5882250,231,44538,Long-Term Outcomes in Patients With Type 2 Myocardial Infarction and Myocardial Injury
mid,PMC1247618,278,44558,Lung Cancer in Railroad Workers Exposed to Diesel Exhaust
mid,PMC10542184,303,44575,U-shaped association between triglyceride and risk of incident diabetes in normoglycemic males with NAFLD: A population-base cohort study
mid,PMC12212162,326,44591,Recognition and diagnosis of Alzheimer’s Disease using T1-weighted magnetic resonance imaging via integrating CNN and Swin vision transformer
mid,PMC4050398,376,44603,KNOW-CKD (KoreaN cohort study for Outcome in patients With Chronic Kidney Disease): design and methods
mid,PMC7952797,382,44684,Preoperative predictors of restoration in quality of life after surgery for lung cancer
mid,PMC3226486,256,44686,"A Case–Referent Study of Lung Cancer and Incense Smoke, Smoking, and Residential Radon in Chinese Men"
mid,PMC6944834,377,44686,"Trends in the prevalence, awareness, treatment and control of diabetes in rural areas of northern China from 1992 to 2011"
mid,PMC4610060,295,44692,Factors Associated with Medication Nonadherence among Hypertensives in Ghana and Nigeria
mid,PMC11392073,432,44770,Prediction of the pathological subtypes by intraoperative frozen section for patients with cT1N0M0 invasive lung adenocarcinoma (ECTOP-1015): a prospective multicenter study
mid,PMC5299097,262,44782,Assessment and classification of patients with myocardial injury and infarction in clinical practice
mid,PMC4259326,320,44833,A Clinical Index to Predict Progression from Mild Cognitive Impairment to Dementia Due to Alzheimer's Disease
mid,PMC4660634,333,44833,Discordant associations of lipid parameters with albuminuria and chronic kidney disease: a population-based study
mid,PMC9805431,333,44895,Cardiac magnetic resonance feature tracking global and segmental strain in acute and chronic ST-elevation myocardial infarction
mid,PMC9433206,265,44964,Related Factors and Economic Burden Evaluation of Nosocomial Infection in Patients with Chronic Kidney Disease
mid,PMC10056269,269,44995,Current and Future Therapeutical Options in Alport Syndrome
mid,PMC2777188,296,45104,Accumulation of neutral lipids in peripheral blood mononuclear cells as a distinctive trait of Alzheimer patients and asymptomatic subjects at risk of disease
mid,PMC3865210,266,45120,Deficiency of Ataxia Telangiectasia Mutated Kinase Modulates Cardiac Remodeling Following Myocardial Infarction: Involvement in Fibrosis and Apoptosis
mid,PMC9229324,341,45162,Biomarkers Predictive for In-Hospital Mortality in Patients with Diabetes Mellitus and Prediabetes Hospitalized for COVID-19 in Austria: An Analysis of COVID-19 in Diabetes Registry
mid,PMC6705707,211,45195,Alcohol Use and the Risk of Developing Alzheimer’s Disease
mid,PMC4648559,249,45247,Iron Chelation Inhibits Osteoclastic Differentiation In Vitro and in Tg2576 Mouse Model of Alzheimer’s Disease
mid,PMC8610118,250,45249,Identification of the function and mechanism of m6A reader IGF2BP2 in Alzheimer’s disease
mid,PMC4534050,392,45370,Extracellular volume quantification in isolated hypertension - changes at the detectable limits?
mid,PMC12224910,259,45417,Immunotherapy for hypertensive end-organ damage: a new therapeutic strategy
mid,PMC4154221,272,45657,Outdoor Particulate Matter Exposure and Lung Cancer: A Systematic Review and Meta-Analysis
mid,PMC10150103,340,45688,Predictive model of diabetes mellitus in patients with idiopathic inflammatory myopathies
mid,PMC8414895,288,45692,Estimates of Type 2 Diabetes Mellitus Burden Attributable to Particulate Matter Pollution and Its 30-Year Change Patterns: A Systematic Analysis of Data From the Global Burden of Disease Study 2019
mid,PMC5530523,375,45705,"Risk factors for type 2 diabetes mellitus among out-patients in Ho, the Volta regional capital of Ghana: a case–control study"
mid,PMC9592305,420,45725,Efficacy and safety of dual antiplatelet therapy after percutaneous coronary drug-eluting stenting: A network meta-analysis
mid,PMC9051153,287,45736,A novel soluble epoxide hydrolase vaccine protects murine cardiac muscle against myocardial infarction
mid,PMC3859216,257,45803,Connected speech as a marker of disease progression in autopsy-proven Alzheimer’s disease
mid,PMC4495630,385,45913,Cardiovascular mortality among a cohort of hypertensive and normotensives in Rio de Janeiro - Brazil - 1991–2009
mid,PMC11594033,374,45955,"Prevalence and Determinants of Household Self-Reported Diabetes Mellitus in Gauteng, South Africa"
mid,PMC9152091,189,46024,"THIRSTY FOR FRUCTOSE: Arginine Vasopressin, Fructose, and the Pathogenesis of Metabolic and Renal Disease"
mid,PMC5590153,317,46027,Low serum vitamin D levels in type 2 diabetes patients are associated with decreased mycobacterial activity
mid,PMC11288809,315,46148,Random forest model used to predict the medical out-of-pocket costs of hypertensive patients
mid,PMC4625452,400,46212,Renal disease and accidental falls: a review of published evidence
mid,PMC11213983,432,46222,The effect of diabetes mellitus on perioperative outcomes after colorectal resection: a national cohort study
mid,PMC1559700,277,46361,"Prevalence of self-reported hypertension and its relation to dietary habits, in adults; a nutrition & health survey in Greece"
mid,PMC11988729,328,46377,"Assessing the Impact of Hypertension on Health-Related Quality of Life: Insights from Sociodemographic, Economic, and Clinical Features Using SF-36"
mid,PMC8795812,358,46404,"The Spectrum of Malignant Neoplasms among Liver Transplant Recipients: Sociodemographic Factors, Mortality, and Hospital Burden"
mid,PMC9754908,306,46409,"Epidemiology of myocardial infarction in Korea: hospitalization incidence, prevalence, and mortality"
mid,PMC5075179,379,46413,Correction of metabolic acidosis improves insulin resistance in chronic kidney disease
mid,PMC4776390,280,46441,Abnormal phosphorylation of Tie2/Akt/eNOS signaling pathway and decreased number or function of circulating endothelial progenitor cells in prehypertensive premenopausal women with diabetes mellitus
mid,PMC4831797,433,46446,Positive Impact of Nutritional Interventions on Serum Symmetric Dimethylarginine and Creatinine Concentrations in Client-Owned Geriatric Cats
mid,PMC5048479,319,46468,The pre-synaptic vesicle protein synaptotagmin is a novel biomarker for Alzheimer’s disease
mid,PMC10487958,350,46474,Symptoms in Hypertensive Patients Presented to the Emergency Medical Service: A Comprehensive Retrospective Analysis in Clinical Settings
mid,PMC8336333,336,46490,"The prevalence, relative risk factors and MTHFR C677T genotype of H type hypertension of the elderly hypertensives in Shanghai, China: a cross-section study: Prevalence of H type hypertension"
mid,PMC3946345,317,46555,Acupuncture Modulates Resting State Hippocampal Functional Connectivity in Alzheimer Disease
mid,PMC9394018,352,46658,Undergraduate nursing students’ knowledge of and attitudes toward people with alzheimer’s disease
mid,PMC4605027,221,46756,Induction of substantial myocardial regeneration by an active fraction of the Chinese herb Rosa laevigata Michx
mid,PMC7646193,384,46829,NEMPD: a network embedding-based method for predicting miRNA-disease associations by preserving behavior and attribute information
mid,PMC7526458,295,46849,IL-10 provides cardioprotection in diabetic myocardial infarction via upregulation of Heme clearance pathways
mid,PMC8476992,307,46909,Circulating Levels of MicroRNAs Associated With Hypertension: A Cross-Sectional Study in Male and Female South African Participants
mid,PMC10854423,361,46932,"Prevalence, Risk Factors and Cardiovascular Comorbidities of Resistant Hypertension among Treated Hypertensives in a Nigerian Population"
mid,PMC11537125,235,46999,Acetate-producing bacterium Paenibacillus odorifer hampers lung cancer growth in lower respiratory tract: an in vitro study
mid,PMC7914443,243,47075,Protein Expression of Angiotensin-Converting Enzyme 2 (ACE2) is Upregulated in Brains with Alzheimer’s Disease
mid,PMC8275379,267,47203,The Potential Benefits of Nanotechnology in Treating Alzheimer's Disease
mid,PMC9626446,366,47224,Is dietary intake of antioxidant vitamins associated with reduced adverse effects of air pollution on diabetes? Findings from a large cohort study
mid,PMC6394668,289,47228,Central systolic blood pressure and central pulse pressure predict left ventricular hypertrophy in hypertensive children
mid,PMC8901279,383,47282,Efficacy of statins on renal function in patients with chronic kidney disease: a systematic review and meta-analysis
mid,PMC9840603,322,47334,Lactate dehydrogenase is associated with flow-mediated dilation in hypertensive patients
mid,PMC8088439,350,47406,"Genetic predisposition, Aβ misfolding in blood plasma, and Alzheimer’s disease"
mid,PMC12116197,319,47481,Incidence of Cardiovascular Events in Hypertensive Patients Based on the Quantity of Major Risk Factors According to the Isfahan Cohort Study
mid,PMC11232199,321,47649,Combined expert-in-the-loop—random forest multiclass segmentation U-net based artificial intelligence model: evaluation of non-small cell lung cancer in fibrotic and non-fibrotic microenvironments
mid,PMC4051660,549,47896,Changes in QTc Interval in the Citalopram for Agitation in Alzheimer's Disease (CitAD) Randomized Trial
mid,PMC1947951,306,47951,Resequencing PNMT in European hypertensive and normotensive individuals: no common susceptibilily variants for hypertension and purifying selection on intron 1
mid,PMC7801646,342,47993,The interaction between self-care behavior and disease knowledge on the decline in renal function in chronic kidney disease
mid,PMC4215861,329,48093,Atlas-Based Quantification of Cardiac Remodeling Due to Myocardial Infarction
mid,PMC8880395,375,48179,"Health care seeking behaviour and financial protection of patients with hypertension: A cross-sectional study in rural West Bengal, India"
mid,PMC9627198,242,48203,Genetic risk score to improve prediction and treatment in gestational diabetes mellitus
mid,PMC8484170,331,48230,Ten-year clinical outcomes of polymer-free versus durable polymer new-generation drug-eluting stent in patients with coronary artery disease with and without diabetes mellitus: Results of the Intracoronary Stenting and Angiographic Results: Test Efficacy of Sirolimus- and Probucol- and Zotarolimus-Eluting Stents (ISAR-TEST 5) trial
mid,PMC8046536,538,48231,"Prevalence and Risk Factors of Gestational Diabetes Mellitus among Women Attending Antenatal Care in Hadiya Zone Public Hospitals, Southern Nation Nationality People Region"
mid,PMC9771776,390,48292,"High prevalence of dyslipidaemia among persons with diabetes mellitus and hypertension at a tertiary hospital in Blantyre, Malawi"
mid,PMC3261941,307,48307,Circulating Levels of Persistent Organic Pollutants (POPs) and Carotid Atherosclerosis in the Elderly
mid,PMC10455679,273,48313,Assessment of Hypertensive Patients’ Complex Metabolic Status Using Data Mining Methods
mid,PMC6970546,282,48322,High-Sensitivity Cardiac Troponin and the Universal Definition of Myocardial Infarction
mid,PMC12477764,331,48386,Correlation analysis of ApoB and TyG index levels with residual cardiovascular risk in patients with acute myocardial infarction
mid,PMC5457596,378,48420,Serum uric acid concentration is associated with hypertensive retinopathy in hypertensive chinese adults
mid,PMC7500018,333,48493,Trends in the incidence of diabetes mellitus: results from the Global Burden of Disease Study 2017 and implications for diabetes mellitus prevention
mid,PMC9420096,257,48495,A stronger association of diabetes mellitus with impaired hyperaemia using a novel ECG-gated device compared with peripheral arterial tonometry
mid,PMC12255961,224,48527,Management of Elevated Blood Pressure and Hypertension in Hospitalized Non-hypertensive Patients: A Systematic Guideline Review
mid,PMC7804125,364,48572,Fast walking is a preventive factor against new-onset diabetes mellitus in a large cohort from a Japanese general population
mid,PMC4183025,293,48636,Heart rate variability in children with type 1 diabetes mellitus
mid,PMC6319708,349,48704,Thoracic aortic calcification across the clinical dysglycemic continuum in a large Asian population free of cardiovascular symptoms
mid,PMC3241693,373,48709,Immunoglobulin E and Mast Cell Proteases Are Potential Risk Factors of Human Pre-Diabetes and Diabetes Mellitus
mid,PMC9645600,272,48760,"Primary hypertension, anti-hypertensive medications and the risk of severe COVID-19 in UK Biobank"
mid,PMC5463396,363,48837,"CKD.QLD: establishment of a chronic kidney disease [CKD] registry in Queensland, Australia"
mid,PMC3544747,238,48867,Comparing Cognitive and Somatic Symptoms of Depression in Myocardial Infarction Patients and Depressed Patients in Primary and Mental Health Care
mid,PMC11055154,353,49030,Exploring Lifestyle Factors and Treatment Adherence among Older Adults with Hypertension Attending a Mobile Health Unit (MHU) in a Rural Area of Central Portugal
mid,PMC2065870,269,49056,Interactions between the adducin 2 gene and antihypertensive drug therapies in determining blood pressure in people with hypertension
mid,PMC12811966,287,49159,Passive smoking and the risk of hypertension in nonsmoking adults: a systematic review and meta-analysis
mid,PMC2854758,356,49261,Reduction in Heart Rate Variability with Traffic and Air Pollution in Patients with Coronary Artery Disease
mid,PMC5833374,242,49305,Monoglyceride lipase gene knockout in mice leads to increased incidence of lung adenocarcinoma
mid,PMC6982778,272,49394,"8-Oxo-7,8-Dihydro-2′-Deoxyguanosine (8-oxodG) and 8-Hydroxy-2′-Deoxyguanosine (8-OHdG) as a Potential Biomarker for Gestational Diabetes Mellitus (GDM) Development"
mid,PMC4898308,297,49457,Risk prediction to inform surveillance of chronic kidney disease in the US Healthcare Safety Net: a cohort study
mid,PMC10315765,250,49490,Metabolic reprogramming heterogeneity in chronic kidney disease
mid,PMC8965715,371,49508,Hypertension Associated With Hearing Loss and Tinnitus Among Hypertensive Adults at a Tertiary Hospital in South Africa
mid,PMC6885231,280,49594,Atorvastatin Improves Hepatic Lipid Metabolism and Protects Renal Damage in Adenine-Induced Chronic Kidney Disease in Sprague-Dawley Rats
mid,PMC8266602,314,49624,Performance of the GRACE 2.0 score in patients with type 1 and type 2 myocardial infarction
mid,PMC9743545,339,49632,"The costs of interventions for type 2 diabetes mellitus, hypertension and cardiovascular disease in South Africa – a systematic literature review"
mid,PMC6417234,369,49640,Prevalence of diabetes mellitus among tuberculosis patients in Sub-Saharan Africa: a systematic review and meta-analysis of observational studies
mid,PMC10331967,375,49735,Efficacy of mHealth and education-led peer counseling for patients with hypertension and coronary artery disease in Pakistan: study protocol for a double-blinded pragmatic randomized-controlled trial with factorial design
mid,PMC8757580,246,49798,Risk factors for type 1 and type 2 myocardial infarction
mid,PMC6801649,327,50129,Predictor Factors of Perceived Health in Family Caregivers of People Diagnosed with Mild or Moderate Alzheimer’s Disease
mid,PMC11267951,387,50140,"Dietary adherence and associated factors among hypertensive patients in governmental hospitals of Guji zone, Oromia, Ethiopia"
mid,PMC6196770,255,50164,Acute myocardial infarction hospital admissions and deaths in England: a national follow-back and follow-forward record-linkage study
mid,PMC6952872,296,50254,18F-FDG PET-Based Imaging of Myocardial Inflammation Predicts a Functional Outcome Following Transplantation of mESC-Derived Cardiac Induced Cells in a Mouse Model of Myocardial Infarction
mid,PMC2801179,368,50409,Lung Cancer in a U.S. Population with Low to Moderate Arsenic Exposure
mid,PMC3673192,284,50445,Cardiovascular Outcomes and the Physical and Chemical Properties of Metal Ions Found in Particulate Matter Air Pollution: A QICAR Study
mid,PMC8688977,374,50463,Chronic limb threatening ischemia and diabetes mellitus: the severity of tibial atherosclerosis and outcome after infrapopliteal revascularization
mid,PMC12820519,383,50538,Proprotein Convertase Subtilisin/Kexin Type 9 Induces Platelet‐Derived Transforming Growth Factor‐β to Promote Myocardial Fibrosis After Myocardial Infarction
mid,PMC7311953,282,50627,Diabetes in Pregnancy and Risk of Antepartum Depression: A Systematic Review and Meta-Analysis of Cohort Studies
mid,PMC9052331,270,50642,Validation of the myocardial-ischaemic-injury-index machine learning algorithm to guide the diagnosis of myocardial infarction in a heterogenous population: a prespecified exploratory analysis
mid,PMC3236837,347,50670,Validation of an arterial tortuosity measure with application to hypertension collection of clinical hypertensive patients
mid,PMC8085261,285,50932,MicroRNA Profiles in Normotensive and Hypertensive South African Individuals
mid,PMC7404689,224,50936,Dysautonomia in Alzheimer's Disease
mid,PMC7248019,438,50976,"Post-contrast acute kidney injury in a hospitalized population: short-, mid-, and long-term outcome and risk factors for adverse events"
mid,PMC5342499,270,50999,Epigenome-wide association study of smoking and DNA methylation in non-small cell lung neoplasms
mid,PMC9477943,299,51065,Evaluating the efficacy and mechanism of metformin targets on reducing Alzheimer’s disease risk in the general population: a Mendelian randomisation study
mid,PMC3114823,331,51099,Lung Cancer Incidence and Long-Term Exposure to Air Pollution from Traffic
mid,PMC3960483,259,51104,Treatment Strategies to Prevent Renal Damage in Hypertensive Children
mid,PMC5690584,353,51105,Abnormal brain white matter microstructure is associated with both pre-hypertension and hypertension
mid,PMC7038071,377,51154,Manifestation of Systemic Toxicity in Rats after a Short-Time Inhalation of Lead Oxide Nanoparticles
mid,PMC11929527,361,51159,Implications of a new clinical classification of acute myocardial infarction
mid,PMC7503359,376,51254,Physical Activity Programs during Pregnancy Are Effective for the Control of Gestational Diabetes Mellitus
mid,PMC10552437,287,51292,Chronic kidney outcomes associated with GLP-1 receptor agonists versus long-acting insulins among type 2 diabetes patients requiring intensive glycemic control: a nationwide cohort study
mid,PMC10871577,440,51347,Differential efficacy of segmentectomy and wedge resection in sublobar resection compared to lobectomy for solid-dominant stage IA lung cancer: a systematic review and meta-analysis
mid,PMC11163696,458,51359,Determinants of mortality in hypertensive patients admitted with COVID-19: a single-centre retrospective study at a tertiary hospital in South Africa
mid,PMC7595287,371,51482,"Prevalence, placenta development, and perinatal outcomes of women with hypertensive disorders of pregnancy at Komfo Anokye Teaching Hospital"
mid,PMC4498787,363,51609,Agreement between Myocardial Infarction Patients and Their Spouses on Reporting of Data on 82 Cardiovascular Risk Exposures
mid,PMC9905079,244,51686,"Rare variant aggregation in 148,508 exomes identifies genes associated with proxy dementia"
mid,PMC9453102,376,51724,Evidence and Potential Mechanisms of Traditional Chinese Medicine for the Adjuvant Treatment of Coronary Heart Disease in Patients with Diabetes Mellitus: A Systematic Review and Meta-Analysis with Trial Sequential Analysis
mid,PMC10179038,315,51725,Potential Biomarkers to Distinguish Type 1 Myocardial Infarction in Troponin-Elevated Diseases
mid,PMC10578575,545,51727,ABO blood groups are not associated to gestational diabetes mellitus in Mexican women
mid,PMC12868036,317,51761,"Effect of patient education in improving quality of life, fatigue and anxiety in people diagnosed with lung cancer: systematic review"
mid,PMC11908747,266,51803,Cutaneous manifestations of diabetes mellitus: a narrative review
mid,PMC11093484,283,51844,Precise and safe pulmonary segmentectomy enabled by visualizing cancer margins with dual-channel near-infrared fluorescence
mid,PMC5691402,346,51922,Lower incidence of myocardial infarction after smoke-free legislation enforcement in Chile
mid,PMC5331721,433,51943,"A mixed-methods needs assessment of adult diabetes mellitus (type II) and hypertension care in Toledo, Belize"
mid,PMC10711082,400,52054,"Excessive weight gain onset-age and risk of developing diabetes mellitus: a large, prospective Chinese cohort study"
mid,PMC2663557,866,52090,Gene therapy by electroporation for the treatment of chronic renal failure in companion animals
long,PMC4668678,285,52211,Progenitor-like cells derived from mouse kidney protect against renal fibrosis in a remnant kidney model via decreased endothelial mesenchymal transition
long,PMC10800050,492,52290,Obesity-and lipid-related indices as a risk factor of hypertension in mid-aged and elderly Chinese: a cross-sectional study
long,PMC10380655,341,52295,Myocardial Infarction Susceptibility and the MTNR1B Polymorphisms
long,PMC3226505,238,52310,Lung Cancer and Cardiovascular Disease Mortality Associated with Ambient Air Pollution and Cigarette Smoke: Shape of the Exposure–Response Relationships
long,PMC4786976,321,52334,Traffic-Related Air Pollution and Dementia Incidence in Northern Sweden: A Longitudinal Study
long,PMC5764276,409,52363,Associations of plasma clusterin and Alzheimer’s disease-related MRI markers in adults at mid-life: The CARDIA Brain MRI sub-study
long,PMC12651626,330,52400,Contribution of Final-Year Medical Students to Hypertension Diagnosis in Primary Care Units
long,PMC8778233,433,52426,Right Heart Pulmonary Circulation Unit Response to Exercise in Patients with Controlled Systemic Arterial Hypertension: Insights from the RIGHT Heart International NETwork (RIGHT-NET)
long,PMC6020240,453,52492,Hematuria as a risk factor for progression of chronic kidney disease and death: findings from the Chronic Renal Insufficiency Cohort (CRIC) Study
long,PMC3907022,297,52525,Clustering of transcriptional profiles identifies changes to insulin signaling as an early event in a mouse model of Alzheimer’s disease
long,PMC2944093,362,52619,No Association between Arsenic Exposure from Drinking Water and Diabetes Mellitus: A Cross-Sectional Study in Bangladesh
long,PMC6128455,261,52621,Increases in plasma corin levels following experimental myocardial infarction reflect the severity of ischemic injury
long,PMC3559887,257,52673,"Neurotrophic and Neuroprotective Actions of (−)- and (+)-Phenserine, Candidate Drugs for Alzheimer’s Disease"
long,PMC10522728,541,52760,Mindfulness-Based Interventions for Survivors of Lung Cancer and Their Partners: A Systematic Review
long,PMC12017104,322,52815,"Incidence Trends of Type 2 Diabetes Mellitus, Medication-Induced Diabetes, and Monogenic Diabetes in Canadian Children, Then (2006–2008) and Now (2017–2019)"
long,PMC10531143,380,52870,Characterizing the hypertensive cardiovascular phenotype in the UK Biobank
long,PMC8395801,452,52914,Hipertensão Arterial e Ácido Úrico Sérico em Idosos - Estudo SEPHAR III
long,PMC4077563,416,53046,"Cystatin C, a novel indicator of renal function, reflects severity of cerebral microbleeds"
long,PMC10240811,350,53321,Dual targeting PET tracer [68Ga]Ga-FAPI-RGD in patients with lung neoplasms: a pilot exploratory study
long,PMC4016835,337,53326,Gender Specific Association of RAS Gene Polymorphism with Essential Hypertension: A Case-Control Study
long,PMC4829998,259,53357,"Radon Exposure, IL-6 Promoter Variants, and Lung Squamous Cell Carcinoma in Former Uranium Miners"
long,PMC9075491,494,53492,Deoxycholic Acid and Coronary Artery Calcification in the Chronic Renal Insufficiency Cohort
long,PMC5464539,535,53554,"Obesity, metabolic factors and risk of different histological types of lung cancer: A Mendelian randomization study"
long,PMC9055740,381,53738,The incidence of gestational diabetes mellitus among women with polycystic ovary syndrome: a meta-analysis of longitudinal studies
long,PMC12244252,308,53745,"Effect of Magnesium Supplements on Improving Glucose Control, Blood Pressure and Lipid Profile in Patients With Type 2 Diabetes Mellitus: A systematic review and meta-analysis"
long,PMC13036687,450,53748,Preoperative Contrast-enhanced CT Features Associated with Occult Lymph Node Metastasis in Early-Stage Solid Non–Small Cell Lung Cancer
long,PMC6903756,392,54077,Omentin-1 in diabetes mellitus: A systematic review and meta-analysis
long,PMC5010396,360,54129,Ambient Fine Particulate Matter and Mortality among Survivors of Myocardial Infarction: Population-Based Cohort Study
long,PMC11975859,330,54175,Knowledge domains and hotspots of the association between hypertension and noise: a bibliometric analysis and visualization study from 2003 to 2023
long,PMC12352845,260,54305,Cannabidiol improves learning and memory deficits and alleviates anxiety in 12-month-old SAMP8 mice
long,PMC6287897,327,54479,Incidence of Hospitalization for Heart Failure and Case-Fatality Among 3.25 Million People With and Without Diabetes Mellitus
long,PMC11410575,360,54612,Cardiovascular risk assessment using non-laboratory based WHO CVD risk prediction chart with respect to hypertension status among older Indian adults: insights from nationally representative survey
long,PMC4889076,389,54646,Influence of Coding Variability in APP-Aβ Metabolism Genes in Sporadic Alzheimer’s Disease
long,PMC7296682,430,54646,White-coat hypertension and incident end-stage renal disease in patients with non-dialysis chronic kidney disease: results from the C-STRIDE Study
long,PMC6383235,447,54839,"Insulin resistance and chronic kidney disease progression, cardiovascular events, and death: findings from the chronic renal insufficiency cohort study"
long,PMC11340942,552,55057,"Tamsulosin use in benign prostatic hyperplasia and risks of Parkinson’s disease, Alzheimer’s disease and mortality: An observational cohort study of elderly Medicare enrollees"
long,PMC9668925,422,55077,"Elevated platelet–leukocyte complexes are associated with, but dispensable for myocardial ischemia–reperfusion injury"
long,PMC9038723,392,55139,The influence of personality on the risk of myocardial infarction in UK Biobank cohort
long,PMC3172237,301,55295,"CHD5, a Brain-Specific Paralog of Mi2 Chromatin Remodeling Enzymes, Regulates Expression of Neuronal Genes"
long,PMC9714776,305,55308,Metabolite profiling of CKD progression in the chronic renal insufficiency cohort study
long,PMC8045338,354,55317,"Occupational lifting and risk of hypertension, stratified by use of anti-hypertensives and age - a cross-sectional and prospective cohort study"
long,PMC13224957,334,55449,Diabetes mellitus with inadequate blood sugar control increases mortality in Brazilian older adults: evidence from ELSI-Brazil
long,PMC6324382,417,55513,Factors Associated With Return to Work After Acute Myocardial Infarction in China
long,PMC6801437,278,55536,Anti-Myocardial Infarction Effects of Radix Aconiti Lateralis Preparata Extracts and Their Influence on Small Molecules in the Heart Using Matrix-Assisted Laser Desorption/Ionization–Mass Spectrometry Imaging
long,PMC11260076,324,55539,Secretomic changes of amyloid beta peptides on Alzheimer’s disease related proteins in differentiated human SH-SY5Y neuroblastoma cells
long,PMC3779177,408,55588,Joint Modeling of Transitional Patterns of Alzheimer's Disease
long,PMC13143615,391,55664,"Prognostic nutritional index, Naples prognostic score and Osaka prognostic score as predictors of acute respiratory distress syndrome in non-diabetes mellitus patients with sepsis: a loss of predictive efficacy of NPS and OPS in diabetes mellitus cohorts"
long,PMC6166969,276,55775,Lack of vitamin D signalling per se does not aggravate cardiac functional impairment induced by myocardial infarction in mice
long,PMC4780701,519,55788,Genome-Wide Association Study for Incident Myocardial Infarction and Coronary Heart Disease in Prospective Cohort Studies: The CHARGE Consortium
long,PMC11462739,454,55810,"Private provider practices and incentives for hypertension management in rural and peri-urban Telangana, India– a qualitative study"
long,PMC1594582,474,55827,"A randomized, double blind, cross-over, placebo-controlled clinical trial to assess the effects of Candesartan on the insulin sensitivity on non diabetic, non hypertense subjects with dysglyce mia and abdominal obesity. ""ARAMIA"""
long,PMC9942303,306,55959,A generalized covariate-adjusted top-scoring pair algorithm with applications to diabetic kidney disease stage classification in the Chronic Renal Insufficiency Cohort (CRIC) Study
long,PMC4579246,308,55965,Being as an iceberg: hypertensive treatment adherence experiences in southeast of Iran
long,PMC11835506,392,56061,Myocardial Fibroblast Activation After Acute Myocardial Infarction: A Positron Emission Tomography and Magnetic Resonance Study
long,PMC13078772,472,56061,"Profile, follow-up adherence and progression of people with advanced chronic kidney disease in specialized care centers: a retrospective study, Santa Catarina state, Brazil, 2021-2024"
long,PMC5614644,240,56132,CCL11 is increased in the CNS in chronic traumatic encephalopathy but not in Alzheimer’s disease
long,PMC3009734,285,56317,Loss of Caveolin-1 Accelerates Neurodegeneration and Aging
long,PMC6451770,350,56339,Does pregnancy complication history improve cardiovascular disease risk prediction? Findings from the HUNT study in Norway
long,PMC7828433,303,56384,Role of Omentin in Obesity Paradox in Lung Cancer
long,PMC12626506,276,56466,Pan-cancer multi-omics profiling of MS4A2 unveils its functional landscape in lung adenocarcinoma
long,PMC9657840,266,56682,Natriuretic Peptides—New Targets for Neurocontrol of Blood Pressure via Baroreflex Afferent Pathway
long,PMC9005286,372,56689,Toll-Like Receptors/TNF-α Pathway Crosstalk and Impact on Different Sites of Recurrent Myocardial Infarction in Elderly Patients
long,PMC8060969,377,56730,Alzheimer's disease medication and outcomes of hospitalisation among patients with dementia
long,PMC7469006,270,56849,Beneficial Effects of Vitamin K Status on Glycemic Regulation and Diabetes Mellitus: A Mini-Review
long,PMC6516640,409,56872,“I can’t get it into my head that I have cancer…”—A qualitative interview study on needs of patients with lung cancer
long,PMC9274319,430,56905,Assessment of Oxygen Supply-Demand Imbalance and Outcomes Among Patients With Type 2 Myocardial Infarction: A Secondary Analysis of the High-STEACS Cluster Randomized Clinical Trial
long,PMC7700208,251,57012,The Causes of Insulin Resistance in Type 1 Diabetes Mellitus: Is There a Place for Quaternary Prevention?
long,PMC13189452,330,57057,Bioinformatics Combined With Biological Experiments to Explore the Promotion of Lung Metastasis by CCL18 in the Immune Microenvironment of Colorectal Cancer
long,PMC6337639,294,57152,Lung Macrophages: Multifunctional Regulator Cells for Metastatic Cells
long,PMC12197912,480,57290,Identification of stable reference genes and differential miRNA expression in Sri Lankan type 2 diabetes mellitus patients: a cross-sectional study
long,PMC9692622,507,57310,Essential Hypertension and Oxidative Stress: Novel Future Perspectives
long,PMC3413657,507,57323,Mood Disorders and Risk of Lung Cancer in the EAGLE Case-Control Study and in the U.S. Veterans Affairs Inpatient Cohort
long,PMC5659028,360,57485,Endothelin A receptor blocker and calcimimetic in the adenine rat model of chronic renal insufficiency
long,PMC2966442,330,57503,Cigarette Smoke Induces C/EBP-β-Mediated Activation of miR-31 in Normal Human Respiratory Epithelia and Lung Cancer Cells
long,PMC11368228,550,57517,Diabetes mellitus in patients with heart failure and effect modification of risk factors for short-term mortality: An observational study from the Registro Colombiano de Falla Cardíaca (RECOLFACA)
long,PMC9330693,260,57824,"Vitamin D and Secondary Hyperparathyroidism in Chronic Kidney Disease: A Critical Appraisal of the Past, Present, and the Future"
long,PMC10575723,312,58010,Endogenous adenine mediates kidney injury in diabetic models and predicts diabetic kidney disease in patients
long,PMC6863566,450,58163,Factors associated with medication adherence among people with diabetes mellitus in poor urban areas of Cambodia: A cross-sectional study
long,PMC13061220,371,58174,White matter microstructure disruption associated with PET and cognitive impairment in Alzheimer’s disease
long,PMC11924289,353,58222,Blood biomarker profiles in young-onset neurocognitive disorders: A cohort study
long,PMC11134622,425,58273,Current status of electronic health literacy among pregnant women with gestational diabetes mellitus and their perceptions of online health information: a mixed-methods study
long,PMC8375146,403,58312,Association of sex-specific differences in lipoprotein(a) concentrations with cardiovascular mortality in individuals with type 2 diabetes mellitus
long,PMC8759265,377,58568,Plasma Lipocalin 2 in Alzheimer’s disease: potential utility in the differential diagnosis and relationship with other biomarkers
long,PMC8235104,339,58611,Altered Cardiovascular Reactivity to and Recovery from Cold Face Test-Induced Parasympathetic Stimulation in Essential Hypertension
long,PMC5409713,232,58758,Vegetarian Diet in Chronic Kidney Disease—A Friend or Foe
long,PMC3770576,350,58765,Mitochondrial Haplotypes Associated with Biomarkers for Alzheimer’s Disease
long,PMC9127560,389,58940,Association of Alzheimer Disease With Life Expectancy in People With Down Syndrome
long,PMC6918019,401,59062,Guidelines for the nursing management of gestational diabetes mellitus: An integrative literature review
long,PMC9175339,378,59265,Neuropathological and behavioral features of an APP/PS1/MAPT (6xTg) transgenic model of Alzheimer’s disease
long,PMC7094867,460,59308,No clear associations of adult BMI and diabetes mellitus with non-muscle invasive bladder cancer recurrence and progression
long,PMC7400945,673,59546,The Effects of Legume Consumption on Markers of Glycaemic Control in Individuals with and without Diabetes Mellitus: A Systematic Literature Review of Randomised Controlled Trials
long,PMC11575783,457,59554,Genomic variants associated with type 2 diabetes mellitus among Filipinos
long,PMC2914741,319,59611,Genetic Variation and Antioxidant Response Gene Expression in the Bronchial Airway Epithelium of Smokers at Risk for Lung Cancer
long,PMC6515018,357,59839,"Regional Variation in Comorbid Prediabetes and Diabetes and Associated Factors among Hypertensive Individuals in Rural Bangladesh, Pakistan, and Sri Lanka"
long,PMC11407953,403,59851,Missed opportunities for hypertension screening of older people in the Philippines: cross-sectional analysis of nationally representative individual-level data
long,PMC5986147,383,59915,Myocardial infarction and alcohol consumption: A case-control study
long,PMC11698444,393,60034,Disparities in time to treatment initiation of invasive lung cancer among Black and White patients in Tennessee
long,PMC9733606,291,60386,Computed tomography coronary angiography in non-ST-segment elevation myocardial infarction
long,PMC11801730,253,60695,"The impact of apolipoprotein E, type ∊4 allele on Alzheimer’s disease pathological biomarkers: a comprehensive post-mortem pilot-analysis"
long,PMC5131697,366,60718,Comparative Prognostic Utility of Indexes of Microvascular Function Alone or in Combination in Patients With an Acute ST-Segment–Elevation Myocardial Infarction
long,PMC13532949,407,60731,Unveiling the role of the venous system in arterial hypertension: A computational study
long,PMC11745611,364,60755,Salvage surgery and conversion surgery for patients with nonsmall cell lung cancer: a narrative review
long,PMC4055118,323,60895,Myocardial transfection of hypoxia-inducible factor-1α and co-transplantation of mesenchymal stem cells enhance cardiac repair in rats with experimental myocardial infarction
long,PMC12202395,454,61087,Impacts of amino acid supplementation on renal function and nutritional parameters in patients with renal insufficiency: bibliometric analysis and meta-analysis
long,PMC7828659,292,61173,"Plausible Role of Estrogens in Pathogenesis, Progression and Therapy of Lung Cancer"
long,PMC8575250,320,61178,Unbiased high-content screening reveals Aβ- and tau-independent synaptotoxic activities in human brain homogenates from Alzheimer’s patients and high-pathology controls
long,PMC7117725,718,61240,Prevalence of anemia in predialysis chronic kidney disease: Is the study center a significant factor?
long,PMC9576679,434,61282,Generalizable deep learning model for early Alzheimer’s disease detection from structural MRIs
long,PMC12645157,356,61309,A systems immunology analysis of Alzheimer's disease reveals an age‐ and environmental exposure‐independent disturbance in B cell maturation
long,PMC13322747,372,61327,Relationship between medication class and ambulatory blood pressure profile in the chronic renal insufficiency cohort (CRIC) study
long,PMC10955738,324,61366,Investigation of the involvement of platelet-activating factor in the control of hypertension by aerobic training. A randomized controlled trial
long,PMC11849043,288,61410,Qing-Xin-Jie-Yu Granule attenuates myocardial infarction-induced inflammatory response by regulating the MK2/TTP pathway
long,PMC9120723,318,61575,The relationship between isolated hypertension with brain volumes in UK Biobank
long,PMC7644637,298,61591,Mapping the genetic basis of diabetes mellitus in the Australian Burmese cat (Felis catus)
long,PMC7833138,376,62017,"Risk factors of heart failure among patients with hypertension attending a tertiary hospital in Ibadan, Nigeria: The RISK-HHF case-control study"
long,PMC8422353,312,62214,Cardiovascular brain impulses in Alzheimer’s disease
long,PMC9777169,368,62247,Prevalence and Predictors of Renal Disease in a National Representative Sample of the Romanian Adult Population: Data from the SEPHAR IV Survey
long,PMC6598737,269,62258,Longitudinal neuroanatomical and cognitive progression of posterior cortical atrophy
long,PMC11637408,676,62273,Association between Angiotensin-converting enzyme (ACE) insertion/deletion polymorphism and hypertension in a Ghanaian population
long,PMC5201285,511,62408,Phosphocalcic Markers and Calcification Propensity for Assessment of Interstitial Fibrosis and Vascular Lesions in Kidney Allograft Recipients
long,PMC10163802,302,62558,Diabetes mellitus-related hospital admissions and prescriptions of antidiabetic agents in England and Wales: an ecological study
long,PMC10239144,443,62794,KATZNCP: a miRNA–disease association prediction model integrating KATZ algorithm and network consistency projection
long,PMC7037353,332,62794,Unfavorable Reduction in the Ratio of Endothelin B to A Receptors in Experimental 5/6 Nephrectomy and Adenine Models of Chronic Renal Insufficiency
long,PMC10323925,328,62898,Low concentrations of medium-sized HDL particles predict incident CVD in chronic kidney disease patients
long,PMC3871568,316,63020,Growth Pattern Analysis of Murine Lung Neoplasms by Advanced Semi-Automated Quantification of Micro-CT Images
long,PMC10269592,271,63075,Improvement in Zebrafish with Diabetes and Alzheimer's Disease Treated with Pasteurized Akkermansia muciniphila
long,PMC4834151,226,63084,Role of Myeloperoxidase in Patients with Chronic Kidney Disease
long,PMC8932168,591,63098,Association between total and leisure time physical activity and risk of myocardial infarction and stroke – a Swedish cohort study
long,PMC13253839,295,63139,Exploring the characteristics of gut microbiome changes in lung cancer patients and healthy controls
long,PMC12469920,312,63177,Hyperuricemia in Chronic Kidney Disease: Emerging Pathophysiology and a Novel Therapeutic Strategy
long,PMC9842641,400,63216,Exploring the mechanism of active components from ginseng to manage diabetes mellitus based on network pharmacology and molecular docking
long,PMC3454385,322,63386,Plasma Based Markers of [11C] PiB-PET Brain Amyloid Burden
long,PMC7827637,362,63527,Effectively Prescribing Oral Magnesium Therapy for Hypertension: A Categorized Systematic Review of 49 Clinical Trials
long,PMC9740491,270,63589,Gender and Renal Insufficiency: Opportunities for Their Therapeutic Management?
long,PMC9163811,361,63625,Allograft Function as Endpoint for Clinical Trials in Kidney Transplantation
long,PMC5072721,450,63637,Rare Functional Variant in TM2D3 is Associated with Late-Onset Alzheimer's Disease
long,PMC11063022,394,63673,Expression patterns of novel immunotherapy targets in intermediate- and high-grade lung neuroendocrine neoplasms
long,PMC11980039,368,63684,Metabolomics for the Identification of Biomarkers in Kidney Diseases
long,PMC6998275,501,63732,Effects of gestational diabetes mellitus on risk of adverse maternal outcomes: a prospective cohort study in Northwest Ethiopia
long,PMC11016838,339,63845,Medical Measures in Hypertensives Considered Resistant
long,PMC10969945,332,64019,Standard Doses of Cholecalciferol Reduce Glucose and Increase Glutamine in Obesity-Related Hypertension: Results of a Randomized Trial
long,PMC5409651,315,64023,"Job Strain and Casual Blood Pressure Distribution: Looking beyond the Adjusted Mean and Taking Gender, Age, and Use of Antihypertensives into Account. Results from ELSA-Brasil"
long,PMC7376925,459,64362,American Indian chronic Renal insufficiency cohort study (AI-CRIC study)
long,PMC12111827,304,64401,Effect of KLF15-Mediated Circadian Rhythm on Myocardial Infarction: A Narrative Review
long,PMC4872999,360,64847,ABCG1 and ABCG4 Suppress γ-Secretase Activity and Amyloid β Production
long,PMC2855324,380,64857,Admixture Mapping Scans Identify a Locus Affecting Retinal Vascular Caliber in Hypertensive African Americans: the Atherosclerosis Risk in Communities (ARIC) Study
long,PMC5800125,293,64945,Endocrine Disrupting Chemicals Mediated through Binding Androgen Receptor Are Associated with Diabetes Mellitus
long,PMC8480850,297,65081,Transcriptome analyses reveal tau isoform-driven changes in transposable element and gene expression
long,PMC7179879,372,65099,Self-reported health behaviors and longitudinal cognitive performance in late middle age: Results from the Wisconsin Registry for Alzheimer’s Prevention
long,PMC6974975,542,65560,"Road proximity, air pollution, noise, green space and neurologic disease incidence: a population-based cohort study"
long,PMC4666664,394,65665,Can Genetic Analysis of Putative Blood Alzheimer’s Disease Biomarkers Lead to Identification of Susceptibility Loci?
long,PMC11357982,390,65690,Markers of imminent myocardial infarction
long,PMC8347098,393,65864,Acute Stress-Induced Blood Lipid Reactivity in Hypertensive and Normotensive Men and Prospective Associations with Future Cardiovascular Risk
long,PMC5983168,367,65897,Pericardial application as a new route for implanting stem‐cell cardiospheres to treat myocardial infarction
long,PMC2760875,465,66023,Variations in the transcriptome of Alzheimer's disease reveal molecular networks involved in cardiovascular diseases
long,PMC3826736,391,66318,Alzheimer's Disease Risk Assessment Using Large-Scale Machine Learning Methods
long,PMC5059654,401,66397,An Analysis of Anthropometric Indicators and Modifiable Lifestyle Parameters Associated with Hypertensive Nephropathy
long,PMC7072986,383,66491,Human-Induced Pluripotent Stem Cells and Herbal Small-Molecule Drugs for Treatment of Alzheimer’s Disease
long,PMC6211704,357,66850,Parahippocampal gyrus expression of endothelial and insulin receptor signaling pathway genes is modulated by Alzheimer’s disease and normalized by treatment with anti-diabetic agents
long,PMC13249244,314,66878,Proteome-wide genetic study identified therapeutic targets for early-onset and late-onset Alzheimer’s disease
long,PMC5078799,280,67083,Racial differences in microRNA and gene expression in hypertensive women
long,PMC7268748,509,67138,"The cascade of care in managing hypertension in the Arab world: a systematic assessment of the evidence on awareness, treatment and control"
long,PMC4283145,527,67313,Effects of aerobic exercise on cognition and hippocampal volume in Alzheimer’s disease: study protocol of a randomized controlled trial (The FIT-AD trial)
long,PMC12280729,317,67372,The Epidemiology of Alzheimer's Disease Modifiable Risk Factors and Prevention
long,PMC5360226,555,67608,Association between fatty acid metabolism in the brain and Alzheimer disease neuropathology and cognitive performance: A nontargeted metabolomic study
long,PMC5854359,539,67678,Cost-effectiveness analysis of elbasvir-grazoprevir regimen for treating hepatitis C virus genotype 1 infection in stage 4-5 chronic kidney disease patients in France
long,PMC12802613,378,67712,From fragmented to integrated healthcare managing hypertension post-stroke: a qualitative study
long,PMC10931599,320,67755,Placental and Renal Pathways Underlying Pre-Eclampsia
long,PMC2275772,346,67766,Therapeutic strategies to slow chronic kidney disease progression
long,PMC3124550,252,67838,Amitriptyline-Mediated Cognitive Enhancement in Aged 3×Tg Alzheimer's Disease Mice Is Associated with Neurogenesis and Neurotrophic Activity
long,PMC9375274,350,67845,Perspectives and challenges in patient stratification in Alzheimer’s disease
long,PMC9360537,478,68457,Follow-up management service and health outcomes of hypertensive patients in China: A cross-sectional analysis from the national health service survey in Jiangsu province
long,PMC8335700,322,68645,Advances in the mechanism and treatment of mitochondrial quality control involved in myocardial infarction
long,PMC7565991,388,68722,Uremic Toxins Affect Erythropoiesis during the Course of Chronic Kidney Disease: A Review
long,PMC9816180,350,68805,Single-cell-led drug repurposing for Alzheimer’s disease
long,PMC11445359,365,68960,Adherence to the dietary approaches to stop hypertension diet reduces the risk of diabetes mellitus: a systematic review and dose-response meta-analysis
long,PMC9386961,649,69187,Prevalence and risk factors of prehypertension and hypertension in Algeria
long,PMC8320299,346,69448,Systemic infection exacerbates cerebrovascular dysfunction in Alzheimer’s disease
long,PMC8873103,352,69623,The Relationship Between Diabetes Mellitus and Cancers and Its Underlying Mechanisms
long,PMC11221832,594,69625,Overview of global healthcare policies for patients with chronic kidney disease: an integrative literature review
long,PMC5224976,265,69627,"Maysin and Its Flavonoid Derivative from Centipedegrass Attenuates Amyloid Plaques by Inducting Humoral Immune Response with Th2 Skewed Cytokine Response in the Tg (APPswe, PS1dE9) Alzheimer’s Mouse Model"
long,PMC12827185,375,69650,The latest progression of N6-methyladenosine (m6A) RNA modification in diabetes mellitus and diabetic complications
long,PMC12634942,310,69795,The future of biomarkers for vascular contributions to cognitive impairment and dementia (VCID): proceedings of the 2025 annual workshop of the Albert research institute for white matter and cognition
long,PMC6022660,339,70546,Genetic study of multimodal imaging Alzheimer’s disease progression score implicates novel loci
long,PMC13170013,470,70607,"Hypertension is a marker of the micro-epidemiologic transition in ageing HIV populations in Kenya, Uganda and Tanzania (AFRICOS, 2013–2023)"
long,PMC10062544,884,70633,Initial mean arterial blood pressure (MABP) measurement is a risk factor for mortality in hypertensive COVID-19 positive hospitalized patients
long,PMC3296233,257,70839,From Brain to Behavior: Hypertension's Modulation of Cognition and Affect
long,PMC13437241,405,70844,Phosphate homeostasis and apparent treatment-resistant hypertension in chronic kidney disease: the Chronic Renal Insufficiency Cohort (CRIC) study
long,PMC12451019,281,70858,Chronic kidney disease and valvular heart disease: State of the art
long,PMC4739105,399,70891,Markers of increased atherosclerotic risk in patients with chronic kidney disease: a preliminary study
long,PMC11634311,552,70932,Osteoprotegerina e Disfunção Vascular em Pacientes com Doença Renal Crônica Estágio 3 e em Pacientes sem Disfunção Renal: Estudo Caso-Controle
long,PMC10660456,357,71032,A Machine Learning Model Based on microRNAs for the Diagnosis of Essential Hypertension
long,PMC10259789,782,71109,Self-management of type 2 diabetes mellitus in pregnancy and breastfeeding experiences among women in Thailand: Study protocol
long,PMC10339634,372,71220,Bibliometric and visual analysis of diabetes mellitus and pyroptosis from 2011 to 2022
long,PMC12104544,463,71290,Uncovering Novel Anti-Lung Cancer Compounds: Insights from Marine Sponge-Derived Agents: A Bibliometric Review
long,PMC6706224,679,71549,Sarcopenia and sarcopenic obesity as prognostic predictors in hospitalized elderly patients with acute myocardial infarction
long,PMC3966409,384,71989,Role of Methylglyoxal in Alzheimer's Disease
long,PMC4454597,430,72002,Neuronal Cx3cr1 Deficiency Protects against Amyloid β-Induced Neurotoxicity
long,PMC11036786,373,72195,Exploring morphological similarity and randomness in Alzheimer’s disease using adjacent grey matter voxel-based structural analysis
long,PMC3900389,325,72224,"A Neurotoxic Glycerophosphocholine Impacts PtdIns-4, 5-Bisphosphate and TORC2 Signaling by Altering Ceramide Biosynthesis in Yeast"
long,PMC4544563,448,72277,Peri-operative kidney injury and long-term chronic kidney disease following orthotopic heart transplantation in children
long,PMC11157728,715,72630,"Minimisation of dialysis risk in hospital patients with chronic kidney disease (MinDial): study protocol for a multicentre, stepped-wedge, cluster-randomised controlled trial"
long,PMC11262345,392,72663,Physical Activity and Hypertension
long,PMC11313584,469,72704,Incident heart failure in chronic kidney disease: proteomics informs biology and risk stratification
long,PMC8875627,317,72886,Estimated Glomerular Filtration Rate in Chronic Kidney Disease: A Critical Review of Estimate-Based Predictions of Individual Outcomes in Kidney Disease
long,PMC10917100,328,73067,Emotional dampening in hypertension: Impaired recognition of implicit emotional content in auditory and cross‐modal stimuli
long,PMC4132648,392,73107,A data-driven model of biomarker changes in sporadic Alzheimer's disease
long,PMC10791831,362,73213,Recent progress in metabolic reprogramming in gestational diabetes mellitus: a review
long,PMC7312694,418,73613,The Emerging Role of Innate Immunity in Chronic Kidney Diseases
long,PMC8539280,279,73708,Metabolic Profiling and Metabolites Fingerprints in Human Hypertension: Discovery and Potential
long,PMC13083371,448,73733,Short-Term Safety and Healthcare Utilization Following Intragastric Balloon Placement in Patients With and Without Diabetes Mellitus: A Propensity-Matched Analysis
long,PMC5349685,486,73810,Microstructural white matter alterations in preclinical Alzheimer’s disease detected using free water elimination diffusion tensor imaging
long,PMC12561165,526,73889,Data Augmentation-Enhanced Myocardial Infarction Classification and Localization Using a ResNet-Transformer Cascaded Network
long,PMC3283716,501,73952,A Novel Classification of Lung Cancer into Molecular Subtypes
long,PMC10341518,527,74297,Analysis of MMP-2-735C/T (rs2285053) and MMP-9-1562C/T (rs3918242) Polymorphisms in the Risk Assessment of Developing Lung Cancer
long,PMC11075875,795,74311,"Prevalence of undiagnosed diabetes mellitus and associated factors among adult residents of Mizan Aman town, Southwest Ethiopia: Community-based cross-sectional study"
long,PMC7966641,328,74343,Morphologic and molecular classification of lung neuroendocrine neoplasms
long,PMC8235611,454,75090,"Demographic, socioeconomic, and biological correlates of hypertension in an adult population: evidence from the Bangladesh demographic and health survey 2017–18"
long,PMC11720251,297,75231,Hypertension: A Continuing Public Healthcare Issue
long,PMC7028821,426,75354,Diagnosis of myocardial infarction at autopsy: AECVP reappraisal in the light of the current clinical classification
long,PMC4719699,346,75537,Genome-wide12 DNA methylation profiling in the superior temporal gyrus reveals epigenetic signatures associated with Alzheimer’s disease
long,PMC11852269,420,75927,Propionate and butyrate counteract renal damage and progression to chronic kidney disease
long,PMC7840028,959,76162,Are Ethiopian diabetic patients protected from financial hardship?
long,PMC6126877,495,76694,MDHGI: Matrix Decomposition and Heterogeneous Graph Inference for miRNA-disease association prediction
long,PMC7582407,274,76716,Preconditioned and Genetically Modified Stem Cells for Myocardial Infarction Treatment
long,PMC5842784,343,76856,Metabolic brain networks in aging and preclinical Alzheimer's disease
long,PMC8391392,602,76857,New Insights on Old Biomarkers Involved in Tumor Microenvironment Changes and Their Diagnostic Relevance in Non-Small Cell Lung Carcinoma
long,PMC12678194,505,76960,Identification of an Exosomal miRNA Signature in Newly Diagnosed Essential Hypertensive Adults
long,PMC8699079,281,77036,Mitochondrial Bioenergetic and Proteomic Phenotyping Reveals Organ-Specific Consequences of Chronic Kidney Disease in Mice
long,PMC13218652,454,77046,Subsequent Hypertension’s Mediation of the Association Between Sleep Duration Trajectories and New-Onset Cardiovascular Disease: Population-Based Cohort Study
long,PMC10782608,787,77062,Family planning behaviours among women with diabetes mellitus: a scoping review
long,PMC5319785,460,77586,Genome-wide study of resistant hypertension identified from electronic health records
long,PMC13115799,465,77603,Predictive Biomarkers for Coronary Collateral Circulation Development After Myocardial Infarction
long,PMC12542130,583,77641,"Hypertension prevalence and associated factors among bank workers in Africa, 2024: a systematic review and meta-analysis "
long,PMC10149997,335,78224,Application of nanoparticles in the diagnosis and treatment of chronic kidney disease
long,PMC11771898,979,78385,Alzheimer’s disease image classification based on enhanced residual attention network
long,PMC3741956,387,78744,Genetics of Alzheimer's Disease
long,PMC9714856,891,79029,Interpretation of pre-morbid cardiac 3T MRI findings in overweight and hypertensive young adults
long,PMC8018890,301,79293,Zinc Status Alters Alzheimer's Disease Progression through NLRP3-Dependent Inflammation
long,PMC7438828,321,79415,Current Knowledge Regarding the Interaction Between Oral Bone Metabolic Disorders and Diabetes Mellitus
long,PMC10994526,411,79463,Uncovering the distinct macro-scale anatomy of dysexecutive and behavioural degenerative diseases
long,PMC11006741,340,79795,Metabolic acidosis in chronic kidney disease: mere consequence or also culprit?
long,PMC8422756,436,80206,"Association of plasma and CSF cytochrome P450, soluble epoxide hydrolase, and ethanolamide metabolism with Alzheimer’s disease"
long,PMC13190168,600,80249,Association between hypertension and risk of respiratory failure and mortality in patients with COVID-19: a retrospective cohort study with predictive model development
long,PMC12221810,526,80255,Genetically determined Alzheimer's disease research advances: The Down Syndrome & Autosomal Dominant Alzheimer's Disease 2024 Conference
long,PMC10857198,317,80385,Dietary Fibre for the Prevention of Post-Pancreatitis Diabetes Mellitus: A Review of the Literature and Future Research Directions
long,PMC5888938,468,80426,Left frontal hub connectivity delays cognitive impairment in autosomal-dominant and sporadic Alzheimer’s disease
long,PMC5316179,543,80536,Formulation of evidence-based messages to promote the use of physical activity to prevent and manage Alzheimer’s disease
long,PMC11561119,430,80724,Multi-trait association analysis reveals shared genetic loci between Alzheimer’s disease and cardiovascular traits
long,PMC5817724,445,81325,KRAS oncogene in non-small cell lung cancer: clinical perspectives on the treatment of an old target
long,PMC10368642,379,81407,Compilation of reported protein changes in the brain in Alzheimer’s disease
long,PMC10564759,400,81900,Proteomics of CKD progression in the chronic renal insufficiency cohort
long,PMC10426223,455,82020,"Cathepsin B abundance, activity and microglial localisation in Alzheimer’s disease-Down syndrome and early onset Alzheimer’s disease; the role of elevated cystatin B"
long,PMC11241132,359,82108,Resistance Exercise Training as a New Trend in Alzheimer’s Disease Research: From Molecular Mechanisms to Prevention
long,PMC8215706,292,82162,Fractalkine (CX3CL1) and Its Receptor CX3CR1: A Promising Therapeutic Target in Chronic Kidney Disease?
long,PMC4422728,368,82432,Characterization of a Novel Mouse Model of Alzheimer’s Disease—Amyloid Pathology and Unique β-Amyloid Oligomer Profile
long,PMC13205020,367,82482,Ultra-Processed Foods and Chronic Kidney Disease: Is Inflammaging the Missing Link?
long,PMC8668094,955,82500,Prevalence and predictive risk factors of hypertension in patients hospitalized in Kamenge Military hospital and Kamenge University teaching hospital in 2019: A fixed effect modelling study in Burundi
long,PMC12140463,352,82711,P-glycoprotein and Alzheimer’s Disease: Threats and Opportunities
long,PMC4055488,682,82928,Gene-Wide Analysis Detects Two New Susceptibility Genes for Alzheimer's Disease
long,PMC9821184,390,83338,The Role of the JAK/STAT Signaling Pathway in the Pathogenesis of Alzheimer’s Disease: New Potential Treatment Target
long,PMC4987477,604,83816,Systemic Redox Imbalance in Chronic Kidney Disease: A Systematic Review
long,PMC8646025,587,83939,Managing Severe Dysgeusia and Dysosmia in Lung Cancer Patients: A Systematic Scoping Review
long,PMC4593589,396,85216,"Oral TNFα Modulation Alters Neutrophil Infiltration, Improves Cognition and Diminishes Tau and Amyloid Pathology in the 3xTgAD Mouse Model"
long,PMC13204155,403,85478,MicroRNAs in Pediatric Primary Hypertension: Promising Biomarkers or Context-Dependent Regulators?—A Narrative Review
long,PMC6888331,487,85645,Risk of Cancer for Workers Exposed to Antimony Compounds: A Systematic Review
long,PMC9587068,416,85691,Characterization of microtubule-associated protein tau isoforms and Alzheimer’s disease-like pathology in normal sheep (Ovis aries): relevance to their potential as a model of Alzheimer’s disease
long,PMC12630314,464,85967,The role of renal denervation for the treatment of hypertension in patients with chronic kidney disease: a position paper of the Italian Society of Nephrology
long,PMC11357349,472,86056,Therapeutic Potential of Various Intermittent Fasting Regimens in Alleviating Type 2 Diabetes Mellitus and Prediabetes: A Narrative Review
long,PMC11583597,460,87062,"Brain uptake pharmacokinetics of albiglutide, dulaglutide, tirzepatide, and DA5-CH in the search for new treatments of Alzheimer’s and Parkinson’s diseases"
long,PMC11739250,540,87649,Anti-hypertensive medications and erectile dysfunction: focus on β-blockers
long,PMC9973389,354,87945,"Smoking-associated Downregulation of FILIP1L Enhances Lung Adenocarcinoma Progression Through Mucin Production, Inflammation, and Fibrosis"
long,PMC13481201,487,88157,Chronic obstructive pulmonary disease and diabetes mellitus: a bidirectional meta-analysis of risk and comorbidity burden
long,PMC13361392,341,89067,"Food-Derived Multi-Target Antihypertensive Peptides: Sources, Mechanisms and AI-Driven Strategies"
long,PMC7732055,820,89105,Hospitalizations among adults with chronic kidney disease in the United States: A cohort study
long,PMC9704679,1014,89323,The impact of increasing expenditure on National Essential Public Health Services on the medical costs of hypertension in China: A difference-in-difference analysis
long,PMC9704759,449,89343,Dosing time optimization of antihypertensive medications by including the circadian rhythm in pharmacokinetic-pharmacodynamic models
long,PMC13132715,487,89416,Metabolic syndrome and kidney dysfunction: emerging molecular and cellular mechanisms at the metabolic–renal interface
long,PMC11892870,434,89814,"Kaempferia parviflora extract and its methoxyflavones as potential anti-Alzheimer assessing in vitro, integrated computational approach, and in vivo impact on behaviour in scopolamine-induced amnesic mice"
long,PMC2453232,605,89852,iTRAQ Analysis of Complex Proteome Alterations in 3xTgAD Alzheimer's Mice: Understanding the Interface between Physiology and Disease
long,PMC12820609,399,89971,Collagen XV preserves heart function and protects from pathological remodelling after myocardial infarction
long,PMC4404276,443,90277,Rodent models of neuroinflammation for Alzheimer’s disease
long,PMC6214001,324,90536,The Proposal of Molecular Mechanisms of Weak Organic Acids Intake-Induced Improvement of Insulin Resistance in Diabetes Mellitus via Elevation of Interstitial Fluid pH
long,PMC11012052,428,90686,Iron Metabolism and Inflammatory Mediators in Patients with Renal Dysfunction
long,PMC11483014,444,92037,NIAGADS: A Comprehensive National Data Repository for Alzheimer’s Disease and Related Dementia Genetics and Genomics Research
long,PMC9329413,333,92201,Myeloid leukocytes’ diverse effects on cardiovascular and systemic inflammation in chronic kidney disease
long,PMC12133462,811,92285,Gut-associated metabolites and diabetes pathology: a systematic review
long,PMC7787774,424,92676,Oxidative Storm Induced by Tryptophan Metabolites: Missing Link between Atherosclerosis and Chronic Kidney Disease
long,PMC3664075,483,92985,"The natural history of, and risk factors for, progressive Chronic Kidney Disease (CKD): the Renal Impairment in Secondary care (RIISC) study; rationale and protocol"
long,PMC9376240,445,93110,Circular RNAs in diabetes mellitus and its complications
long,PMC10855633,402,93308,From Acute to Chronic: Unraveling the Pathophysiological Mechanisms of the Progression from Acute Kidney Injury to Acute Kidney Disease to Chronic Kidney Disease
long,PMC5992611,385,93343,A guide to using functional magnetic resonance imaging to study Alzheimer's disease in animal models
long,PMC7954292,808,93578,Troponin elevation pattern and subsequent cardiac and non-cardiac outcomes: Implementing the Fourth Universal Definition of Myocardial Infarction and high-sensitivity troponin at a population level
long,PMC2519786,426,93992,Mechanisms of Hybrid Oligomer Formation in the Pathogenesis of Combined Alzheimer's and Parkinson's Diseases
long,PMC7428638,467,94030,Clinical Potential of Targeting Fibroblast Growth Factor‐23 and αKlotho in the Treatment of Uremic Cardiomyopathy
long,PMC11484852,537,94707,"National trends in type 2 diabetes mellitus stratified by central adiposity using waist-to-height ratio in South Korea, 2005–2022"
long,PMC12280795,452,94762,Diagnosis of Early Alzheimer's Disease: Clinical Practice in 2021
long,PMC10341567,418,96372,Investigation of Potential Drug Targets for Cholesterol Regulation to Treat Alzheimer’s Disease
long,PMC10542192,613,97936,Human umbilical cord mesenchymal stem cells in diabetes mellitus and its complications: applications and research advances
long,PMC10202804,535,98160,Machine learning for diagnosis of myocardial infarction using cardiac troponin concentrations
long,PMC6980611,755,98405,Redefining transcriptional regulation of the APOE gene and its association with Alzheimer’s disease
long,PMC6679484,430,98478,The neuropathological diagnosis of Alzheimer’s disease
long,PMC12238016,510,98520,Chronic kidney disease as a catalyst for cerebral microbleeds: understanding the underlying mechanisms and treatment approaches
long,PMC6801685,410,100238,Impact of Diabetes Mellitus on Bone Health
long,PMC10572926,395,101174,Mitochondria and Oxidative Stress as a Link between Alzheimer’s Disease and Diabetes Mellitus
long,PMC12669179,477,101212,γδ T cells in diabetes mellitus: dual roles and therapeutic implications
long,PMC10151197,423,101497,"Educational attainment, structural brain reserve and Alzheimer’s disease: a Mendelian randomization analysis"
long,PMC11349176,1119,101600,"Perception and coping mechanisms of patients with diabetes mellitus during the COVID-19 pandemic in Ibadan, Nigeria"
long,PMC6203969,515,103156,Identifying associations between diabetes and acute respiratory distress syndrome in patients with acute hypoxemic respiratory failure: an analysis of the LUNG SAFE database
long,PMC6980402,725,105764,Dysregulation of multiple metabolic networks related to brain transmethylation and polyamine pathways in Alzheimer disease: A targeted metabolomic and transcriptomic study
long,PMC11643159,576,106362,Alzheimer’s Disease Sequencing Project Release 4 Whole Genome Sequencing Dataset
long,PMC12057956,1073,108306,Association between hypertension and self-perception of health status: Findings from a decade population-based survey in Spanish adults
long,PMC10815764,474,109235,Focus on Mitochondrial Respiratory Chain: Potential Therapeutic Target for Chronic Renal Failure
long,PMC10965088,944,109627,A deeply supervised adaptable neural network for diagnosis and classification of Alzheimer’s severity using multitask feature extraction
long,PMC12953007,719,110964,Mutations in ammonia transporter RhBG that impair NH3/NH4 + transport in patients with chronic kidney disease
long,PMC11193202,415,112452,"Age, sex and Alzheimer’s disease: a longitudinal study of 3xTg-AD mice reveals sex-specific disease trajectories and inflammatory responses mirrored in postmortem brains from Alzheimer’s patients"
long,PMC5784884,766,114052,Brain and blood metabolite signatures of pathology and progression in Alzheimer disease: A targeted metabolomics study
long,PMC11546175,493,114972,Epigenetic DNA Methylation and Protein Homocysteinylation: Key Players in Hypertensive Renovascular Damage
long,PMC11349294,812,115337,Disentangling the relationship between cancer mortality and COVID-19 in the US
long,PMC8965260,626,115945,Renal biomarkers in cats: A review of the current status in chronic kidney disease
long,PMC11017426,523,117682,Neurological and metabolic related pathophysiologies and treatment of comorbid diabetes with depression
long,PMC12185656,1212,118056,New insights into imaging of pulmonary metastases from extra-thoracic neoplasms
long,PMC8301937,768,118558,The Relationship between Diabetes Mellitus and Gastric Cancer and the Potential Benefits of Metformin: An Extensive Review of the Literature
long,PMC11526289,1025,123998,Use of Telenursing in the conservative treatment of patients with chronic renal insufficiency: scoping review
long,PMC12810801,1163,126612,Quality of life in hypertensive patients using the WHOQOL-BREF instrument in the post-pandemic Bangladesh: A cross-sectional study
long,PMC10532649,1107,134612,Therapeutic Potentials of Microalgae and Their Bioactive Compounds on Diabetes Mellitus
long,PMC13314499,499,136344,SASP-mediated cellular senescence following myocardial infarction: from spatiotemporal immune regulation to therapeutic strategies
long,PMC9831930,614,137539,"Hypertension and cardiomyopathy associated with chronic kidney disease: epidemiology, pathogenesis and treatment considerations"
long,PMC11135165,610,139752,Alcohol Use Disorder and Dementia: A Review
long,PMC10980014,761,141429,An integrative systems-biology approach defines mechanisms of Alzheimer’s disease neurodegeneration
long,PMC13073800,712,142192,Chronic Kidney Disease and Cellular Senescence
long,PMC10341681,616,144069,Therapeutic Candidates for Alzheimer’s Disease: Saponins
long,PMC5709852,1326,155359,Renal association clinical practice guideline on Anaemia of Chronic Kidney Disease
long,PMC11190273,676,164269,Gliovascular transcriptional perturbations in Alzheimer’s disease reveal molecular mechanisms of blood brain barrier dysfunction
long,PMC8074411,1568,165720,Investigation of candidate genes and mechanisms underlying obesity associated type 2 diabetes mellitus using bioinformatics analysis and screening of small drug molecules
long,PMC12585095,2026,182216,"Green synthesis of silver nanoparticles from Brownlowia tersa leaf extract: multifaceted evaluation of antibacterial, antioxidant, cytotoxic, and anti-alzheimer potential"
long,PMC5966768,789,199028,Guidelines for experimental models of myocardial ischemia and infarction
long,PMC11242587,808,211934,Associations between Diabetes Mellitus and Selected Cancers
long,PMC11765393,795,227612,Associations Between Diabetes Mellitus and Neurodegenerative Diseases
long,PMC12316839,1503,434429,Post-myocardial Infarction Cardiac Remodeling: Multidimensional Mechanisms and Clinical Prospects of Stem Cell Therapy
