acronym,count,expansion_example
AD,9222,s disease
CKD,7276,An association of chronic kidney disease
CI,5859,confidence interval
DM,3701,Diabetes mellitus
MI,3471,Myocardial infarction
BP,3442,Biological Process
BMI,2733,did not find associations between body mass index
IL,2258,We found that levels of interleukin
T2DM,2107,diabetes mellitus
SD,2001,Standard deviation
GDM,1968,Gestational diabetes mellitus
PMID,1912,code	Phenotype Description	AD GWAS
II,1912,Walker MJ The Lambeth Conventions
COVID,1743,
CT,1644,computed tomography
HR,1606,non-sex-specific cancers showed that the estimated hazard ratio
DNA,1569,lipid accumulation and deoxyribonucleic acid
HDL,1522,density lipoprotein
CVD,1517,cardiovascular diseases
MA,1407,the most frequent underlying cause of metabolic acidosis
AMI,1319,with the mortality rate of acute myocardial infarction
SBP,1306,Systolic blood pressure
BMC,1264,
RNA,1261,histone modification and non-coding ribonucleic acid
LV,1178,Heart rate and left ventricular
URL,1147,th percentile upper reference limit
CSF,1142,that high levels of serum and cerebrospinal fluid
PET,1119,positron emission tomography
ST,1100,that FST gene expression in the slow twitch
III,1049,Biguanide iridium
GFR,1029,cause of anaemia when the glomerular filtration rate
MS,1024,multiple sclerosis
CA,1021,the carbonic anhydrase
MRI,1017,the necrotic core region on magnetic resonance imaging
UK,1009,the National Hospital for Neurology and Neurosurgery London
EGFR,996,epidermal growth factor receptor
MR,966,a two-sample Mendelian randomized
DBP,956,and diastolic blood pressure
NSCLC,953,induces the apoptosis of non-small cell lung cancer
AKI,948,h after induction of severe acute kidney injury
LDL,896,trial demonstrated that intensive low-density lipoprotein
S1,888,
APOE,883,allele of the apolipoprotein E
MJ,877,
CRIC,874,Findings From the Chronic Renal Insufficiency Cohort
JM,868,
APP,849,amyloid precursor protein
CC,805,DM and the risk of cholangiocarcinoma
RR,788,The authors also investigated the relative risk
JA,787,and a scientist from the sponsoring organization
T1DM,780,diabetes mellitus
STEMI,765,patients with acute ST-segment elevation myocardial infarction
TNF,749,activity in return by inhibiting tumor necrosis factor
IV,727,while convenience may favour intravenous
MCI,723,s disease and mild cognitive impairment
TC,722,abdominal obesity and a significantly higher total cholesterol
AM,718,in consultation with a neurologist
SM,710,We found that distinct sphingolipid species including sphingomyelin
TG,702,and triglycerides
JAMA,696,
WHO,693,to data obtained from the World Health Organization
AF,680,increase in the risk of atrial fibrillation
PCR,679,The results from the methylation-sensitive polymerase chain reaction
ESRD,673,End-stage renal disease
PD,669,s disease
AA,652,Arachidonic acid
WT,652,following IRI did not differ between wild type
ADNI,650,s Disease Neuroimaging Initiative
HF,649,heart failure
S0140,644,
AUC,636,The area under the curve
PC,624,associated with the highest risk of pancreatic cancer
SH,622,and sustained hypertension
IQR,614,interquartile range
ROS,608,the production of reactive oxygen species
NS,607,LPS and no LPS
PA,601,Palmitic acid
MMP,596,and matrix metalloproteinase
LA,595,linoleic acid
US,594,Institute of Diabetes and Digestive and Kidney Diseases
TGF,589,Dobaczewski MarcinWei C Nikolaos F Transforming growth factor
OS,587,ROS in high levels may cause oxidative stress
HT,585,days after heart transplant
DR,579,Diabetic retinopathy
RA,572,As in the previous module The Renal Association
JL,571,
PCI,571,concentration after percutaneous coronary intervention
ACE,567,such as angiotensin-converting enzyme
CM,562,widths of the cardiomyocytes
ML,549,and machine learning
SA,541,analysis about selected compounds is their synthetic accessibility
JC,539,and visual inspection by a trained neuroimaging analyst
COPD,538,chronic obstructive pulmonary disease
DA,533,pez Alcalde S Assessing the diagnostic accuracy
ECG,523,suitable for evaluating the similarity of time series
RJ,515,in Rio de Janeiro
SE,514,figure shows data with their respective standard errors
HTN,510,Arterial hypertension
CAD,509,Acute myocardial injury with coronary artery disease
ICD,504,the International Classification of Disease
IR,504,improving insulin resistance
ANOVA,500,analysis was performed using one-way analysis of variance
MM,495,high efficiency robust
NT,495,AA and white females who were either normotensive
CRP,494,serum C-reactive protein
AC,491,and atypical
JH,489,s Society and Alzheimer Research UK
MC,489,pandemic-related mortality patterns from underlying and multiple cause
DS,486,People who have Down syndrome
ASN,485,several awards from the American Society of Nephrology
JS,484,
S2,483,pacing threshold was followed by an extra stimulus
HD,473,s disease
JJ,472,
RT,472,of the compounds in relation to retention time
AP,471,It has been shown that both acute pancreatitis
PM2,467,
JP,466,
SNP,462,a study showed that the single nucleotide polymorphism
DJ,458,Renal decompression with either Double-J
CG,458,found that an ethyl acetate extract of Centipedegrass
AJ,453,
GM,448,Gastrointestinal microbiome
DE,445,and differential expression
PI,445,either the principal investigator
AR,443,at least mild aortic regurgitation
GWAS,443,Genome-wide association studies
NR,440,Not Reported
JE,434,
PM,434,the formation of invaginations at the plasma membrane
SR,429,score range
VEGF,427,induces angiogenesis through vascular endothelial growth factor
SJ,423,
T1,422,The first time is during pregnancy
PE,420,history of pulmonary embolism
JD,412,
SC,412,the somatosensory cortex
MG,409,This insulin sensitizer decreases methylglyoxal
LC,409,remarkable regression of the locus coeruleus
CJ,409,
JR,408,
CMR,408,Contrast-enhanced cardiac magnetic resonance
HIF,404,of the EPO gene in a hypoxia-inducted factor
BMJ,401,
EA,400,A potential mechanism by which higher educational attainment
DC,397,Diabetic cystopathy
NF,397,catenin and nuclear factor
HC,395,and hippocampus
SS,394,Sodium tanshinone IIA sulfonate
NIH,393,National Institutes of Health
P30,391,
ED,389,have been suggested to cause erectile dysfunction
ROC,389,hub genes were validated by receiver operating characteristic
ME,388,malic enzyme
LVEF,388,set according to the left ventricular ejection fraction
CH,387,rderung der Wissenschaftlichen Forschung
CV,387,mechanistic links between a wide range of cardiovascular
FDG,383,clinical and cognitive features and patterns of fluorodeoxyglucose
TB,383,Incidence of and risk factors for tuberculosis
SPSS,379,employing the Statistical Package for the Social Sciences
RM,378,To identify public policies for remote monitoring
WC,378,Strong association of waist circumference
S3,376,the file objects on the Simple Storage Service
LVH,373,mass and left ventricular hypertrophy
MB,367,the Madrid site
I2,364,s Q test and I-squared
ELISA,362,Western blot and enzyme-linked immunosorbent assay
3D,361,
PS,355,Second-generation mutant mice included overexpression of presenilin
CR,347,Calorie restriction
KRAS,346,being Kristen Rat Sarcoma viral oncogene
KM,345,The Nottingham Group
MDPI,345,Multidisciplinary Digital Publishing Institute
18F,343,
T2D,342,diabetes mellitus
GA,341,Granuloma annulare
ESC,338,and of the European Society of Cardiology
MP,338,exposure and microparticle
SCLC,334,ve non-small-cell lung cancer
RS,329,and the Rotterdam Study
FGF23,329,
JW,327,
HOMA,327,on the Homeostasis Model Assessment
FS,323,and LV fractional shortening
GLP,321,fatty acids stimulate the secretion of glucagon-like peptide
FDR,316,Log fold-change	p-value	p-value
LM,315,with leptomeningeal
IS,314,indole sulfate
ATP,314,adenosine triphosphate
AI,305,and highlight the increasing role of artificial intelligence
T2,305,has characteristic changes evident on transverse relaxation time
SK,304,
EJ,302,
CL,302,
SL,300,
HIV,300,such as human immunodeficiency virus
SEM,298,standard error of the mean
TT,297,thrombin time
MGL,297,Monoglyceride lipase
AH,294,In a study on salt-induced arterial hypertension
EM,293,the ultrastructure of the PES by electron microscopy
GO,293,Gene Ontology
SP,292,and single-positive
MT,291,z and migration time
LGE,291,isolated from the lateral
ER,290,Endoplasmic reticulum
PJ,290,
DL,289,Deep learning
KA,289,
PH,289,while pulmonary hamartoma
MMSE,288,such as the Mini-Mental State Examination
MH,287,male-HFD rats
LJ,287,and Cancer Center
RC,286,The patient subsequently underwent a radical cystectomy
TIMI,286,thrombolysis in myocardial infarction
RH,284,endothelial function was measured via a reactive hyperaemia
CIR,283,
TA,283,DM and AD
CN,283,from control
ESA,283,can be managed effectively by the erythropoiesis-stimulating agents
BM,281,ROSBM-MSCs	Reactive oxygen speciesBone marrow
DN,281,and diabetic nephropathy
PI3K,281,
ARB,280,inhibitor and angiotensin receptor blocker
AE,279,by anion exchanger
JB,279,
NC,279,and non-mutation carriers
CS,278,GDM increased the incidence of cesarean sections
AB,277,medical therapy for BPH includes alpha-adrenergic receptor blockers
FA,276,and insoluble
JAD,275,
MN,272,membranous nephropathy
RE,270,and resistance exercise
PTH,269,stimulation of parathyroid hormone
GC,268,Gastric cancer
NY,267,New York
BD,266,and brefeldinA
CE,265,mediates cholesterol esterification of HDL into cholesterol ester
QOL,263,have an in-depth understanding about quality of life
RAS,263,The renin-angiotensin system
RL,262,sites were cloned downstream of a Renilla luciferase
DW,260,
SUA,260,which also correlated the serum uric acid
ACS,259,of patients with acute coronary syndromes
MF,257,and Molecular Functions
1A,256,
HJH,256,
AG,255,anion gap
SY5Y,254,
CX3CR1,254,hippocampus microglia chemokine I receptor
SASP,253,to control the senescence-associated secretory phenotype
PBS,253,cells were washed and harvested in phosphate-buffered saline
OH,253,suggest the presence of alcohols with free hydroxyl
MAP,253,It is classified as a microtubule-associated protein
HMDD,252,
RD,251,risk difference
RB,251,
PR,251,and progesterone receptor
CHD5,250,
BC,248,on the effect of GDM on breast cancer
AND,248,
CIRCRESAHA,248,
MK,247,
TM,246,
LAD,243,occlusion of the left anterior descending coronary artery
EOAD,243,the Genomic Etiology of non-Mendelian Early-Onset Alzheimer Disease
AK,242,
CJN,242,
ND,239,or decreased in DM cohorts relative to non-diabetes
SARS,239,
CHD,239,those after failed palliation following congenital heart disease
JF,237,
EPI,237,fMRI was acquired axially using echo-planar imaging
HJ,237,
ARDS,237,reduce the risk of acute respiratory distress syndrome
S4,237,
IGF,236,may increase the bioavailability of insulin-like growth factor
PP,235,or high levels of glucagon and pancreatic peptide
DP,235,diabetic periodontal disease
ECM,235,remodeling of the extracellular matrix
BA,234,the majority of which targeted bile acids
JK,233,
KL,231,
PK,231,be explained by circadian variations in their pharmacokinetics
PCA,230,substructure was tested by performing principal component analysis
FAPI,230,
CD,229,surface of microglia such as cluster of differentiation
BJ,229,
NSTEMI,229,In patients with non-ST segment elevation myocardial infarction
NLRP3,229,
AOR,229,Adjusted odds ratio
JT,228,
CK,226,and ginsenoside C-K
DG,225,with the dentate gyrus
ABPM,225,Elevated Ambulatory Blood Pressure Monitoring
CNS,224,and their population in the central nervous system
HM,224,
MAPK,224,with all three subfamilies of mitogen-activated protein kinases
PS1,223,
PONE,222,
MET,221,We calculated a total score of metabolic hours
NL,220,Necrobiotic lipoidica
VA,218,Department of Veterans Affairs
DAPT,218,Dual antiplatelet therapy
ARIC,217,the ADNI and the Atherosclerosis Risk in Communities
NK,216,cytotoxicity of natural killer
DOCX,215,STROBE Checklist
2A,214,
MW,213,
ABCG1,213,
DTI,213,as have diffusion tensor imaging
TH,212,have explored how abnormalities in thyroid hormone
CX3CL1,212,Since the discovery of the chemokine fractalkine
LF,211,low frequency
EF,211,while ejection fraction
RAAS,211,aldosterone system
SF,210,Social Functioning
LD,208,of high quality and performed linkage disequilibrium
CP,208,cDM secondary to chronic pancreatitis
EC,207,Esophageal carcinoma
NJ,206,
SG,205,Burke Endowed Chair for Diabetes Research
IA,205,ndice de aumento
R01,205,
SB,204,Sleep bruxism
2B,204,
PRISMA,203,Preferred Reporting Items for Systematic Review and Meta-Analyses
HPT,203,also known as hyperparathyroidism
AHA,202,American Heart Association
NM,202,cm dishes in appropriate normal media
HRV,202,heart rate variability
MS4A2,200,
LVMI,199,left ventricular mass index
CAC,199,levels were associated with prevalent coronary artery calcification
ABCG4,199,
AMPK,198,which can activate AMP-activated protein kinase
NGAL,198,associated lipocalin
AV,195,high-degree atrioventricular
SW,193,
WM,192,and white matter
RG,192,heavily on the selection of stable reference genes
RF,191,and random forest
KP,191,explored the promising potential of the Kaempferia parviflora
FBG,191,The results show that the fasting blood glucose
KJ,191,
1B,190,
CO,190,carbon monoxide
WJ,190,s jelly
ACE2,190,A novel angiotensin-converting enzyme-related carboxypeptidase
GP,190,Consent to contacting the general practitioner
BBB,190,brain barrier
NIA,189,Discovery Program and other National Institute on Aging
ES,188,Forest plot showing effect sizes
WNL,188,
LOAD,187,significant role in the development of late-onset AD
TJ,186,
HA,186,Arterial hypertension
TE,185,changes may also account for increased transposable element
PT,184,The proximal tubule
BL,184,BCP than with Bretschneider CCP relative to baseline
DD,184,alanine shuttle may be associated with diabetic depression
CRC,184,Colorectal cancer
KS,183,
GL,183,
HYP,183,
ESH,183,arterial hypertension of the European Society of Hypertension
3A,182,
LE,182,Classical limbic encephalitis
PRS,180,of such evaluations is the polygenetic risk score
IDT,180,Integrated DNA Technologies
CCL18,180,
HS,179,
LDH,179,including lactate dehydrogenase
VDR,179,Acting via the vitamin D receptor
STAT3,179,of the signal transducers and activators of transcription
SAS,179,were tested and compared using Statistical Analysis System
RP,179,internal spline knots in the Royston and Parmar
CD8,178,
BDNF,178,induced inhibition of the brain-derived neurotrophic factor
SMAD3,178,
LN,177,DN increased significantly while lupus nephritis
GE,177,General Electric
R2,177,the coefficient of determination
IMR,177,The index of microvascular resistance
DT,175,The techniques include decision tree
EH,175,Essential hypertension
LVM,175,aimed to investigate changes in left ventricular mass
CB,174,and cerebellum
JG,174,
KK,174,
LUAD,174,Lung adenocarcinoma
FILIP1L,174,
ADSP,173,s Disease Sequencing Project
BS,172,cells per unit bone surface
BW,172,kg body weight
SV,171,including LVEF and stroke volume
GRS,171,s disease genetic risk score
EPO,171,serum erythropoietin
M2,170,cells treated with MitoSOX in the marked region
KDIGO,169,Kidney Disease Improving Global Outcomes
MDRD,169,creatinine and eGFR
ACR,168,or an albumin creatinine ratio
WA,168,
BNP,167,B-type Natriuretic protein
LPS,167,B signaling in Lipopolysaccharide
DASH,167,adherence to the Dietary Approaches to Stop Hypertension
LL,166,
HL,166,and Hispanic or Latino
AKT,166,protein kinase B
TUSC1,166,
FPG,165,fasting plasma glucose
ACC,164,According to American College of Cardiology
RN,164,or radical nephrectomy
CW,164,
JNEUROSCI,164,
KLF15,164,
CABG,163,patients scheduled for off-pump coronary artery bypass grafting
HCC,163,Hepatocellular carcinoma
TP,163,total protein
IRA,163,after successfully opening the infarct-related artery
IFN,163,cells stimulated by the cytokines interferon
3B,162,
RI,162,and nutritional indices in patients with renal insufficiency
SI,162,the stroke index
RV,161,and right ventricular
PF,161,CSps can be further improved by pericardial fluid
KEGG,161,or physiological signaling pathways
HDS,161,prevalence and patterns of herbal and dietary supplement
BUN,160,including compounds like blood urea nitrogen
KH,159,
NG,159,including nodose ganglion
KO,158,irradiated WT mice reconstituted with P-selectin deficient
PMC,158,monocyte complexes
AN,157,Acanthosis nigricans
PL,157,proportion of households living below the poverty line
GD,157,and Genetic Differences
LIGHT,157,
BR,156,Conselho Federal de Enfermagem
CRI,156,from severe kidney disease with chronic renal insufficiency
TAC,156,and Total Antioxidant Capacity
GJ,155,
NAFLD,155,with diseases such as non-alcoholic fatty liver disease
PTSD,154,Post-traumatic stress disorder
FL,153,the Bologna site
VATS,153,assisted thoracic surgery
SEPHAR,153,
EL,152,
ERK,152,extracellular signal-regulated kinase
B1,151,were cut and subjected to Bielschowsky silver staining
JY,151,
FC,151,fold change
AST,151,including astragaloside
JAHA,151,
CY,150,
DCA,150,Deoxycholic acid
TREM2,150,
5D,149,
GFP,149,syn or green fluorescent protein
CQ,149,
DH,148,
ACEI,148,overexpression can be turned down by angiotensin-converting enzyme
WH,147,
NCD,147,non-communicable diseases
BSA,147,bovine serum albumin
TSP,147,the top-scoring pair
IBM,146,SPSS Statistics
IC,146,embolism if being delivered through intracoronary artery infusion
PDF,146,Supplementary File
OGTT,146,an oral glucose tolerance test
SVM,146,support vector machine
S5,146,
F1,145,portal fibrosis without septa
SCD,145,due to heart failure and sudden cardiac death
DB,144,
CEA,144,carcinoembryonic antigen
NH4,144,standard curve was prepared with the use of
HH,143,
GS,143,Gene Significance
VI,143,
HK,142,British and European
SY,142,
ERC,142,prior studies have suggested that the entorhinal cortex
YC,141,
NHS,141,data from the National Health Service
LS,141,is diminished in patients with Lynch syndrome
BB,140,one on individuals without diabetes using baked beans
FM,140,fat mass
KC,140,
FIGURE,140,
HTA,140,Arterial hypertensions
AGT,140,An early study demonstrated that angiotensinogen
GI,139,all mentioned compounds demonstrated a high gastrointestinal
ETA,139,We studied rat kidney endothelin receptor A
PASP,139,hypertensives had higher pulmonary artery systolic pressure
MUC4,139,
BACE1,139,Beta Secretase
NE,138,s norepinephrine
CO2,138,
11C,138,
EQ,138,
NIAGADS,138,s Disease Data Storage Site
JCO,137,
YH,137,
MAF,137,and a minor allele frequency
PFS,136,both of them present shorter progression free survival
TKI,136,non-small cell lung cancer receiving tyrosine kinase inhibitor
GN,136,The interactions of diabetes and glomerulonephritis
RW,136,
HE,135,Haematoxylin and eosin
TS,135,or thymidylate synthase
HCV,135,hepatitis C virus
HG,135,suggesting that HUC-MSCs benefit podocytes under high glucose
APOE4,135,allele of the apolipoprotein E gene
FDA,134,Food and Drug Administration
2D,134,
EP,134,The technique of electroporation
TR,134,repetition time
GH,134,compensatory increase in the concentration of growth hormones
LOS,134,groups are characterised by extended length of stays
HUC,134,
CBD,133,Use of cannabidiol
STAT,133,of signal transducer and activator of transcription protein
1C,132,
RK,132,
MACE,132,an early marker of forthcoming major CV diseases
SES,132,of CKD in individuals of lower socioeconomic status
P50,132,Results are expressed in median
PACE,132,files to the Preflight Analysis and Conversion Engine
HY,131,
GR,131,the glucocorticoid receptor
LH,131,Luteinizing Hormone
LLC,130,large cell carcinoma
NOS,130,There are also several nitric oxide synthases
ICU,130,all patients admitted to an intensive care unit
RCT,130,A first randomized controlled trial
SMA,130,the amount of smooth muscle actin
M1,130,to induce classical activation of macrophage
IDF,129,th edition of the International Diabetes Federation
ICA,129,Other autoantibodies include those acting against islet cells
SGLT2,129,
PCSK9,129,
ETB,129,Monthly income
TAVR,129,with patients who received transcatheter aortic valve replacement
NH3,129,may play a vital role in gas transport
DOK2,129,Western blot analysis of total lysates using anti-FLAG
EPA,128,Eicosapentaenoic Acid
ALK,128,oral tyrosine kinase inhibitor of anaplastic lymphoma kinase
S1474,128,
SBRT,128,Salvage surgery for LR after stereotactic body radiotherapy
FMD,128,UC-MSCs infusion and fasting-mimicking diet
EB,127,relative FDG-PET hypometabolism highlighted by a given eigenbrain
FJ,127,
ITG,127,inferior temporal gyrus
CFT,127,Cold Face Test
HO,126,and biliverdin by heme oxygenases
SDS,126,expressed as absolute values and standard deviation score
3C,125,
MV,125,and dyspnoea with tracheal intubation and mechanical ventilation
BE,125,
S6,125,
IRB,125,approved by the Mayo Clinic Institutional Review Board
OPG,125,for osteoclast formation and is regulated by osteoprotegerin
DKD,125,to identify the onset of diabetic kidney disease
TL,124,and total lipids
JN,124,
QT,124,
EG,124,with injury to the luminal endothelial glycocalyx
IM,124,such as intramuscular
FBS,124,Adding fetal bovine serum
GSH,124,such as glutathione
STZ,123,supplemented streptozotocin
TTC,123,Triphenyltetrazolium chloride
ZW800,123,
ACCESS,122,
KR,122,
TX,122,San Antonio
KB,122,
RGD,122,binding radiotracers based on Arg-Gly-Asp
PIB,122,Pittsburgh compound B
PAF,121,platelet activating factor
ALT,121,alanine aminotransferase
GG,121,three wild homozygotes
GDF15,121,
YL,120,
BH,120,
JAK,120,Janus kinase
RFS,120,had no obvious survival benefit because recurrence-free survival
PG,119,hour plasma glucose
OF,118,In the open field test
2C,118,
MO,118,and diffusion tensor mode
ESKD,118,or even progression to end-stage kidney disease
KT,118,patients that have an indication for kidney transplant
TRUE,117,
DK,117,Diabetic keratopathy
TBI,117,to absorb Tf-bound iron
OC,117,and osteocalcin
CMI,117,Chronic myocardial infarction
CNN,116,Convolutional Neural Network
OPEN,115,
CF,115,
MCP,115,Niu A Azfer O Zhelyabovska Monocyte chemotactic protein
LG,115,
C57BL,114,
ROI,113,of both DTI and FWE-DTI used both region-of-interest
UI,113,and University of Ibadan
I21,113,
DSAD,113,s disease
SN,112,
LR,112,ACE	Logistic regression
LCNEC,112,inclusive of large cell neuroendocrine carcinoma
Q1,112,as well as overall perception of QOL
AW,111,
TABLE,111,
WS,111,Wolfram syndrome
ACTH,111,adrenocorticotropic hormone
YS,110,
NP,110,and non-preferring
HLA,110,displaying high levels of the human leukocyte antigen
TCM,110,sorbifolia Bunge commonly used in traditional Chinese medicine
PEG,110,consisting of polyethylene glycol
P300,110,
MABP,110,Initial mean arterial blood pressure
BLSA,110,Data from the Baltimore Longitudinal Study of Aging
TP53,109,
U01,109,
VK,109,Vitamin K
TSH,109,thyroid-stimulating hormone
WRF,109,Worsening renal function
RMI,109,all consecutive patients with old recurrent myocardial infarction
4A,108,
BG,108,The threshold for fasting blood glucose
ATM,108,Ataxia telangiectasia mutated kinase
PWV,108,by non-invasive measurement of carotid-femoral pulse wave velocity
PPAR,108,are insulin-sensitizing peroxisome proliferator-activated receptor
KE,107,
NH,107,
YJ,107,
RDW,107,laboratory data included red cell volume distribution width
CLU,107,The second apolipoprotein associated with AD is clusterin
CCC,107,in the presence of functioning coronary collateral circulation
EBM,107,Evidence Based Medicine
NX,106,nephrectomy operation
FGF,106,fibroblast growth factor
F4,106,compensated cirrhosis
MHC,106,have shown that upregulation of major histocompatibility antigens
TLR4,106,in lipopolysaccharides
WL,105,
GW,105,
F2,105,portal fibrosis with few septa
CD4,105,
ECV,105,and changes in cellular mass with extracellular volume
5A,105,
CISD1,105,
NAD,105,an immediate shift in the nicotinamide adenine dinucleotide
ADAD,105,s disease
PW,104,A pulsed-wave
TD,104,Tissue Doppler
L1,104,and LASSO
DF,104,Diabetic foot
HW,104,Dynamic changes of heart weight
ETS,104,and the endothelin system
TIMP,104,
PMI,104,and postmortem interval
WD,103,
LT,103,the prevalence of renal dysfunction after lung transplant
EDTA,103,mL Eppendorf tubes with edetic acid
JACC,103,Evidence from the Japan Collaborative Cohort
STAS,103,its association with spread through air spaces
IMT,103,which automatically calculated the intima-media thickness
SSP,103,
ON,102,
FE,102,models or Fixed Effects
SUVR,102,region and a global standardized uptake value ratio
CCL11,102,
KD,101,and other kidney disorders
FP,101,Pathological images obtained from FS and final pathology
ISH,101,Endorsed by the International Society of Hypertension
D3,101,the D-RPRTRLHTHRNR
VEGFA,101,Vascular Endothelial Growth Factor A
GRACE,101,prospective multinational observational study
TRV,101,peak tricuspid regurgitation velocity
IEEE,100,
H2O2,100,into hydrogen peroxide
4B,99,
CTCA,99,Computed tomography coronary angiography
PN,98,treatment is stage-dependent and may include partial nephrectomy
LP,98,one of the main products of lipid peroxidation
LB,98,
VM,98,or during the Valsalva maneuver
NADPH,98,such as nicotinamide adenine dinucleotide phosphate
ABCA1,98,
HP,98,Helicobacter pylori
KG,97,one reviewer
ADA,97,American Diabetes Association
LCN2,97,
NHANES,97,In the National Health and Nutritional Examination Survey
TAPSE,97,but lower tricuspid annular plane systolic excursion
NET,97,caused a significant depletion of the norepinephrine transporter
GFAP,97,glial fibrillary acidic protein
AT8,97,status in correlation with p-tau
BK,96,
TN,96,
RWT,96,Relative wall thickness
DRC,96,and Digestive and Kidney Disease Diabetes Research Center
METHODS,95,
BT,95,
S2213,95,
PLC,95,leukocyte complex
CRT,95,Cluster-randomised trial
BDI,95,s Depression Inventory
TF,95,the AhR pathway stimulation enhanced tissue factor expression
IL6,95,
MDA,95,resulting in the production of malondialdehyde
COL6,95,Type VI collagen
2985248R,94,
RESULTS,94,
PB,94,first considered the same disease as pulmonary blastoma
SCH,94,Studies in rats with subclinical hypothyroidism
SOD,94,such as superoxide dismutase
PPDM,94,including post-pancreatitis diabetes mellitus
MPO,94,vitro study to measure the inflammation biomarker myeloperoxidase
CTE,94,in chronic traumatic encephalopathy
ADC,93,drug conjugate
BF,93,bacopa floribunda
YY,93,
SHS,93,secondhand smoke
CTR,93,When consolidation-to-tumor ratio
MSC,93,aging of bone marrow rescue mesenchymal stem cells
T50,93,values of phosphocalcic markers and serum calcification propensity
INTRODUCTION,92,
XL,92,procedures were resolved by involving a third author
NEN,92,Specific Death After Diagnosis of Lung Neuroendocrine Neoplasm
PCS,92,Meta-analysis of the associations of p-cresyl sulfate
YKL,92,
WCH,92,Controversy remains whether white coat hypertension
WR,91,
HHF,91,determine the independent risk factors of hypertensive HF
MVO,91,The presence of microvascular obstruction
DHA,91,and Docosahexaenoic Acid
LOX,91,through competitive inhibition of the action of lipoxygenases
UA,90,uric acid
A549,90,the NSCLC cell line
MRC,90,Medical Research Council
GAPDH,90,phosphate dehydrogenase
SDMA,90,other indirect GFR biomarkers such as symmetric dimethylarginine
GLS,90,a small molecule inhibitor of glutaminase
REFERENCES,89,
MEDI,89,
YM,89,
CD40,89,
PDB,89,receptors were acquired from the Protein Data Bank
C3,89,obtaining a smaller C-terminal fragment
AMP,89,may inhibits the mTOR in an adenosine monophosphate
VAS,89,D visual analogue scale
DISCUSSION,88,
CAA,88,and cerebral amyloid angiopathy
I22,88,
MTNR1B,88,B gene
THM,88,Traditional herbal medicines
NO2,88,nitrogen dioxide
TIF,88,
LTX,88,Liver transplantation
JI,87,
AO,87,Clinical variables such as general and abdominal obesity
WHR,87,hip ratio
DFS,87,showing a worse OS and disease-free survival
HFIP,87,L of hexafluoroisopropanol
PNMT,87,
GHRH,87,Growth hormone-releasing hormone
IARC,86,ipertensione arteriosa e del rischio cardiovascolare
RAGE,86,and the receptor for advanced glycation end products
LK,86,
JV,86,
IF,86,We also performed immunofluorescence
JNK,86,c-Jun N-terminal kinase
LCAT,86,due to low activity of lecithin cholesterol acyltransferase
WB,85,Western Blot
RCA,85,Contrast filling of right coronary artery
KW,85,Wallis test
IP,85,inducible protein
HI,85,The adjusted hazard ratios
PGC,85,the Philippine Genome Center
COX,85,H Aisen PS Pasinetti GM Induction of cyclooxygenase
EE,85,M variant with administration of ethinyl estradiol
SMD,85,Pre-matching difference
DLB,85,and pathologic diagnosis of dementia with Lewy bodies
IGF2BP2,85,
FC119S,85,
CA1,85,
PCOS,85,or polycystic ovarian syndrome
PM10,85,m in diameter
DEX,85,and dexamethasone
QXJYG,85,Qing-Xin-Jie-Yu Granule
WW,84,
EMT,84,mesenchymal transition
RRT,84,and individuals receiving renal replacement therapy
LASSO,84,constructed using Least Absolute Shrinkage and Selection Operator
TM2D3,84,Sequence alignment of human
FG,83,San Giovanni Rotondo
GK,83,In the brain of diabetic Goto-Kakizaki
SSA,83,In sub-Saharan Africa
PPD,83,measurement of probing pocket depth
LY,83,
DMEM,83,s medium
NIHR,83,supported by the National Institute for Health Research
ABC,82,a member of the ATP-binding cassette
JTO,82,
DI,82,The discrimination index
GB,82,Gradient boosting
PCT,82,is predominantly expressed in the proximal collecting tubule
CCB,82,to support the positive effect of calcium-channel blockers
DMSO,82,with the indicated concentrations of IDT or vehicle
PPI,82,and target genes were identified from protein-protein interaction
125I,82,
NACC,82,s Coordinating Center
WE,81,
TY,81,
KF,81,
NMR,81,or imaging studies in a nuclear magnetic resonance
SORL1,81,and APP trafficking and recycling
DPP4,81,
GEO,81,After searching the Gene Expression Omnibus
QC,81,Quality control
GABA,81,Gamma-amino-butyric acid
DAPI,81,of all cells
CDR0,81,Cognitively normal subjects
AGE,80,Regulation of advanced glycation end product
5B,80,
P2,80,years of age
JAC,80,
4C,80,
EK,79,
MINOCA,79,to be MI with nonobstructive coronary artery disease
DSM,79,the Diagnostic and Statistical Manual of Mental Disorders
SHR,79,higher in the kidneys of spontaneously hypertensive rats
FBP,79,
IU,78,
GT,78,
HB,78,
M235T,78,K Chandra S Bhatia J Association of angiotensinogen
MFG,78,selected a priori in the middle frontal gyrus
FTP,78,
CCR,77,
TNM,77,with the use of the Tumor Node Metastasis
GF,77,growth factors
LBNP,77,underwent lower body negative pressure
OLNM,77,prediction model for identifying occult lymph node metastasis
CFR,77,Coronary flow reserve
F3,77,numerous septa without fibrosis
NEPHSP,77,for the National Essential Public Health Services Package
SREBP2,77,
JS9,76,
FB,76,
TW,76,
OA,76,hyperphosphorylation and neurotoxicity induced by okadaic acid
LVDD,76,Left ventricular diastolic dysfunction
LTPA,76,Leisure-time physical activity
DM2,76,diabetes mellitus
TOD,76,with subclinically and clinically overt target organ damage
6A,76,
TME,76,modifying the chemoattractant properties of the tumor microenvironment
FAK,76,and decreased focal adhesion kinase
ADT,75,recently found an association between androgen deprivation therapy
CETP,75,Papp AC Pinsonneault JK Wang D Transfer protein
DOC,75,STROBE Checklist
PSEN1,75,
ZD,75,or zinc deficient
ANK1,75,
P2X7,75,
SAMP8,75,The senescence accelerated mouse
FTA,75,and fuzi total alkaloid
TK,74,kD receptor tyrosine kinase
CERAD,74,s Disease
DPP,74,In the Diabetes Prevention Program
AT1,74,anti-angiotensin II receptor
EORTC,74,European Organization for Research and Treatment of Cancer
OM,74,retrograde filling was identified in the obtuse marginal
UACR,74,and the urinary uric acid-to-creatinine ratio
NICE,74,The National Institute for Health and Care Excellence
ECMO,74,or even extracorporeal membrane oxygenation
CDC,73,Centers for Disease Control
CAN,73,
A2,73,
ADP,73,M adenosine diphosphate
HAP,73,Each participant answered the Human Activity Profile
HEV,73,Hepatitis E virus
SAVR,73,at high risk for surgical aortic valve replacement
NIDDK,73,Institute of Diabetes and Digestive and Kidney Diseases
CSC,73,tumor population could variably comprise cancer stem cells
ITT,73,primary analysis was conducted according to the intention-to-treat
MI3,73,injury index
RO,72,life and minimized differences between terminal and retro-orbital
UDM,72,Undiagnosed diabetes mellitus
STATA,72,
GBD,72,to estimates from the Global Burden of Disease
PTEN,72,Phosphatase and tensin homolog
FT4,72,to-free thyroxine
ATVBAHA,72,
MAPT,72,though mutations in the tau gene
PAPI,72,The pulmonary artery pulsatility index
SIRT1,72,
ASIR,72,in age-standardized incidence rate
DIAN,72,ADAD recruited within the Dominantly Inherited Alzheimer Network
1D,71,
MNA,71,Mini Nutritional Assessment
TTA,71,study showed that expression of the tetracycline transactivator
A1,70,
FR,70,devido a fatores de risco
ADAS,70,The most controversial is autosomal dominant Alport syndrome
RET,70,Resistance exercise training
BV,70,
PDR,70,DR includes proliferative DR
UTR,70,untranslated region
ACA,70,segments of anterior cerebral arteries
RAE,70,used to prepare Radix Aconiti Lateralis Preparata extract
NPDR,70,and nonproliferative DR
EHP,70,
KIM,70,
METTL3,70,
LBD,70,been linked to PD and Lewy body Disease
SKAT,70,analysis we used the Sequence Kernel Association Test
PSM,69,Using propensity score matching
BAF,69,and dulaglutide
RES,69,
ADL,69,Activities of Daily Living
BMP,69,bone morphogenetic protein
KFRT,69,and kidney failure with replacement therapy
DFM,69,o fluxo-mediada
CSTB,69,cystatin B
NCI,68,National Cancer Institute
RBC,68,MDA levels in plasma or red blood cells
TI,68,inversion time
NLR,68,neutrophil-to-lymphocyte ratio
ALB,68,such as albumin
IHC,68,demonstrated immunohistochemistry
Q3,68,and third
P2Y12,68,
XY,67,
HCO3,67,
JNC,67,Pressure was categorised as per Joint National Commission
ALP,67,alkaline phosphatase
CRF,67,recognition of the importance of cardiorespiratory fitness
HGF,67,and hepatocyte growth factor
FH,67,Familial hypercholesterolaemia
GIST,67,Gastrointestinal stromal tumor
VLDL,67,density lipoprotein
FT3,67,Free triiodothyronine
Q2,67,and general health
GDS,67,are available in the CoreArray Genomic Data Structure
GEP,67,are most commonly diagnosed in the gastroenteropancreatic
LDA,67,Linear Discrimination Analysis
ERR,67,This study investigated the excitatory renal reflex
CCE,67,Renal disease caused by cholesterol crystal embolism
MAFG,67,
ATRH,67,Apparent treatment-resistant hypertension
STROBE,66,Strengthening the Reporting of Observational Studies in Epidemiology
IIIA,66,
EW,66,
KY,66,
T3,66,minutes before carotid occlusion
MY,66,
NRF2,66,
WG,66,
OP,66,such as organizing pneumonia
ICD10,66,th revision
ABO,66,
PIR,66,family income-to-poverty ratio
WHOQOL,66,World Health Organization quality of life
MK2,66,
EPHB4,66,
PES,66,enriched structures
IIB,65,
FASEB,65,
BI,65,or strangulation that raise suspicion of brain injury
TCA,65,tricarboxylic acid
UT,65,the University of Toronto
EGF,65,epithelial growth factor
ASCVD,65,history of atherosclerotic cardiovascular disease
IDI,65,We also calculated the integrated discrimination improvement
AUD,65,alcohol use disorder
WK,64,
IB,64,
GY,64,
WP,64,
S0002,64,
VC,64,and the visual cortex
S7,64,
5C,64,
AVP,64,for the release of the thirst hormone vasopressin
VL,63,
X2,63,Index	non-GDM group	GDM group	t
EV,63,
CYFRA,63,
PAD,63,or peripheral artery disease
FTO,63,Fat mass and obesity-associated protein
BCP,63,and extracellular blood cardioplegia solution
FN,63,including ED-A fibronectin
AIC,63,we used Akaike information criterion
DMR,63,Summary characteristics of differentially methylated region
EAGLE,63,the Environment And Genetics in Lung cancer Etiology
PY,62,divided by the total number of observed person-years
N1,62,
KN,62,CNMDA was carried out on kidney neoplasms
T4,62,and total thyroxine
MBP,62,Myelin basic protein
BREF,62,
GITR,62,Glucocorticoid-induced TNF receptor
DO,61,enrichment of the AD genes in disease ontology
G1,61,according to which TC are low-grade
BRS,61,bioresorbable scaffolds
CTO,61,Chronic total occlusion
TLR2,61,
CAT,61,and catalase
6J,61,
RCC,61,Pulmonary metastases from renal cell carcinoma
PC2,61,
ARE,61,by binding to the specific androgen response element
FWE,61,
DA5,61,
PAS,60,The peripheral site
HRQOL,60,The health-related quality of life
S1470,60,
BCL,60,
JZ,60,
VR,60,collectively termed ventricular remodeling
MLR,60,lipid rafts
IVW,60,inverse variance weighting
NYHA,60,The New York Heart Association
FUS,60,Follow-Up Study
VD,60,misfolding to predict vascular dementia
DII,60,Dietary insulin index
RMR,60,is associated with an elevated resting metabolic rate
ROH,60,distribution and length of runs of homozygosity
NB,59,ve Bayes
PHC,59,developed by the ADSP Phenotype Harmonization Consortium
V2,59,
MBD,59,
LW,59,lung weight
N2,59,including at least three mediastinal stations
JQ,59,
NEC,59,and GEP neuroendocrine carcinomas
UL1,59,
RBM,59,the core of which was restricted Boltzmann machine
FEBS,59,
CBF,59,associated with microhemorrhages and reduced cerebral blood flow
CID,59,it was instead annotated with the compound identifier
TDP,59,
TTP,59,bound by tristetraprolin
BN,58,Batch Normalization
MIND,58,the maximizing independence in dementia
ZH,58,
EMBO,58,
CCL2,58,
ICC,58,intraclass correlation coefficient
ESM,58,See the electronic supplementary material
VSD,58,Post-infarction ventricular septal defect
OXPHOS,58,cycle and oxidative phosphorylation
ADRD,57,s Disease and related dementia
STR,57,recent survey among the Society of Thoracic Radiology
YF,57,
YA,57,
IH,57,Intermittent hypoxia
S8,57,
COR,57,These are the Crude Odds Ratios
USD,57,are close to one trillion United States dollars
SMC,57,Smooth muscle cell
UUO,57,and lipid accumulation in a unilateral ureteral obstruction
RANKL,57,as receptor activator of nuclear factor B ligand
HPLC,57,High-performance liquid chromatography
MEK,57,such as MAPK kinase
PTPN22,57,Genetic association between a lymphoid tyrosine phosphatase
VCID,57,and vascular contributions to cognitive impairment and dementia
IGB,57,Intragastric balloon
RFA,56,such as radiofrequency ablation
TCGA,56,from the publicly available The Cancer Genome Atlas
H2O,56,
NCBI,56,database in the National Centre for Biotechnology Information
CDR,56,if their Clinical Dementia Rating
RSV,56,Little is known about coexisting respiratory syncytial virus
XIAP,56,
GGT,56,glutamyl transferase
BHF,56,British Heart Foundation
ANP,56,due to increased secretion of atrial natriuretic peptide
ANT1,56,
ALS,56,amyotrophic lateral sclerosis
APMP,56,including ambient particulate matter pollution
OPA1,56,
LCX,55,and left circumflex artery
6B,55,
NHLBI,55,and Blood Institute
MIC,55,Minimum inhibitory concentration
EDV,55,end-diastolic volume
DTPA,55,All areas of late gadolinium-diethylene-triamine-pentaacetic acid
KNOW,55,
GBS,55,Barre syndrome
FTD,55,in the tangles in AD and fronto-temporal dementia
DWI,55,and cortical cytoarchitecture using MRI and diffusion-weighted imaging
PVR,55,pulmonary vascular resistance
IIA,55,
1RA,55,
QLD,55,
SGA,55,or small for gestational age
NIT,55,
UKB,55,the power of large population-based UK Biobank cohort
LRP1,55,and clearance
HEK,55,compared whole-cell cation currents in human embryonic kidney
IRSP,55,relationship between the brain insulin receptor signaling pathway
GSK3B,55,
PCNA,54,and assessed changes in proliferating cell nuclear antigen
LI,54,
EBP,54,
SMARCA4,54,
UC,54,death certificates listing cancer as the underlying cause
4R,54,
GSK,54,usually associated with glycogen synthase kinase
WI,54,
UPCR,54,and urine protein-to-creatinine ratio
AASK,54,African American Study of Kidney Disease and Hypertension
ORO,54,and stained with oil red O
ZES,54,
NPS,54,Naples prognostic score
TARCC,54,s Research and Care Consortium
HU,53,Hounsfield Units
WY,53,
D1,53,hours later
IG,53,eligible participants were randomized to the intervention
ATV,53,MSCs preconditioned with atorvastatin
WNT,53,white normotensives
HV,53,
TBARS,53,elevated levels of thiobarbituric acid reactive substances
P20,53,
3R,53,
WKY,53,than in Wistar-Kyoto
14C,53,
SAEC,53,Primary normal human small airway epithelial cells
NSE,52,and neuron-specific enolase
GHD,52,diabetes mellitus in adults with growth hormone deficiency
FF,52,Der vorliegende Beitrag zielt daher mit seinen Forschungsfragen
T790M,52,
EHR,52,used data available from seven electronic health record
CCP,52,
CD45,52,S Kato Y Expression of leukocyte common antigen
ZN,52,were then randomly allocated to a zinc normal
TLR3,52,viral RNA
NRI,52,information is summarized in the net reclassification improvement
RIIGL,52,
CRVE,52,and central retinal vein equivalent
S0735,51,
MPH,51,
IJ,51,
LVEDV,51,defined as an increase in LV end-diastolic volume
EPIC,51,European Prospective Investigation into Cancer and Nutrition
SNS,51,and sympathetic nervous system
WCD,51,Experience with the wearable cardioverter defibrillator
H4,51,
FGM,51,and frontal gray matter
OPS,51,and Osaka prognostic score
DAG,51,and diacylglycerol
FABP,51,
TET1,51,
FDM,51,
MIST,51,lipid reactivity to the Montreal Imaging Stress Task
UPF,51,
AHRF,51,critically ill patients with acute hypoxemic respiratory failure
NMA,50,regimens after coronary drug-eluting stenting by network meta-analysis
AID,50,
YW,50,
B12,50,
GRADE,50,and Evaluation
ROS1,50,receptor tyrosine kinase
STEPS,50,of hypertension in the STEPwise approach to surveillance
DOQI,50,
NIDDM,50,non-insulin dependent diabetes mellitus
NADH,50,and nicotinamide adenine dinucleotide
PKC,50,protein kinase C
UGT1A1,50,Correlation between the UDP-glucuronosyltransferase
SDH,50,diastolic hypertension
OOP,50,Precise prediction of out-of-pocket
MKPC,50,
PCP,50,
TAAP,50,DM-plus-AD prevention
CNI,50,nephrotoxicity related to the use of calcineurin inhibitors
TIM3,50,
PSP,50,and progressive supranuclear palsy
DPS,50,we introduce the disease progression score
CSNK2A1,50,
AJR,49,
2E,49,
FK,49,
HUNT,49,ndelag Health Study
NN,49,
REC,49,
S0272,49,
G2,49,AC intermediate grade
ORR,49,significant differences in terms of overall response rate
PPV,49,specificity and positive predictive value
TSG,49,All two-day surgery group
MRA,49,Mineralocorticoid receptor antagonists
WMD,49,was used to identify the weighted mean difference
CEC,49,The expanded Comprehensive ESRD Care
G86C,49,
TV,48,and tricuspid valve
WBC,48,white blood cells
GLUT4,48,
NIS,48,The data from the National Inpatient Sample
PO,48,
PBMC,48,evaluated in freshly prepared peripheral blood mononuclear cell
IC50,48,s pathology
AS1,48,
EAPC,48,Document from the European Association of Preventive Cardiology
CC0,48,
UV,48,and scaled to unit variance
DMP,48,evaluate the effect of diabetes disease management program
PLINK,48,
ADCA,48,to characterize the TME of adenocarcinoma
FAP,48,Fibroblast activation protein
PNI,48,Prognostic nutritional index
HFD,48,fat diet
TAAT,48,
735C,48,
SEER,47,and End Results
APC,47,the T cell receptor complex and antigen-presenting cells
KU,47,
JCI,47,
INS,47,and insertion
P450,47,
SII,47,The Systemic Immune-Inflammation Index
DES,47,mainly due to widespread application of drug-eluting stents
AZ,47,
6C,47,
1H,47,
UPLC,47,
PSEN2,47,
F0,47,no fibrosis
EPC,47,been shown to increase the endothelial progenitor cell
SMR,47,the reference population for a standardize mortality ratio
STEACS,47,
MDHGI,47,
CPROBE,47,the Clinical Phenotyping and Resource Biobank Core
SVR,47,HCV treatment is to achieve sustained virological response
TORC2,47,
NOTCH1,47,
PLEC,47,within the plectin gene
NINDS,46,the National Institute of Neurological Disorders and Stroke
YK,46,
DALY,46,million disability-adjusted life-years
ADHD,46,have a history of attention deficit hyperactivity disorder
YT,46,
SCCA,46,and squamous cell carcinoma
ESV,46,end-systolic volume
SDF,46,
CMRSAX,46,slices of the left ventricle in short axis
6E10,46,
DSS,46,The NIAGADS Data Sharing Service
OPA,46,six reasons why occupational physical activity
AOPP,46,Advanced oxidation protein products
CIMT,46,month effects of empagliflozin on carotid intima-media thickness
CTL,46,L knockdown as well as control
1562C,46,
SAA1,46,
RCS,45,In the restricted cubic splines
STROKEAHA,45,
HN,45,Hypertensive nephropathy
ZA,45,
IPAQ,45,short form of the International Physical Activity Questionnaire
XLSX,45,
MONICA,45,Monitoring of Trends and Determinants in Cardiovascular Diseases
IDDM,45,versus insulin-dependent diabetes mellitus
GCF,45,Gingival crevicular fluid
LOOCV,45,global and local Leave-One-Out Cross Validation
R4,45,countries in this fourth release
IRI,45,reperfusion injury
CFD,45,The main outcome was choriocapillaris flow deficits
SPARE,45,
ICG,45,The FDA-approved indocyanine green
WGS,45,Whole-genome sequencing
CYP46A1,45,
BTN1A1,45,
DELCODE,45,s disease
1R,45,
EDE,44,and TAPSE during exercise Doppler echocardiography
ACCF,44,American College of Cardiology Foundation
MAC,44,all pairs of variants with minor allele count
JO,44,
PLR,44,and platelet-to-lymphocyte ratio
ABCA7,44,Variants in the ATP-binding cassette transporter
PV,44,
CD31,44,
SLC8A1,44,
MHE,44,has been established for detecting minimal HE
Q4,44,to the highest
MVPA,44,competitive sports or perform moderate to vigorous activity
ICV,44,micro-structure phenotypes were not corrected for intracranial volume
QRS,44,
GHS,44,Geisinger Health System
SDI,44,
KLVFF,44,
RTCN,44,this paper proposes a ResNet-Transformer cascaded network
TTF,43,
FEV1,43,
S11,43,
YB,43,
VJ,43,
FW,43,
O2,43,Oxidative-mediated mutations by chemical species like superoxide
MZ,43,
IFG,43,defined by the presence of impaired fasting glucose
C18,43,
1E,43,
HE4,43,
IVIM,43,quantitative parameters derived from the intravoxel incoherent motion
JNJ,43,
NOD,43,The non-obese diabetic
GSEA,43,We then used Gene Set Enrichment Analysis
IGAP,43,s Project
NIR,43,for diagnosing AD depending on CSF using near-infrared
VISTA,43,of V-domain Ig suppressor of T cell activation
CGI,43,APOE has a single CpG island
E1,42,Steroid hormones are endogenous estrogens that include estrone
JNMA,42,
SCC,42,especially squamous cell carcinoma
B6,42,
CX,42,
INTERHEART,42,
KDOQI,42,Kidney Disease Outcomes Quality Initiative
A4,42,amyloid beta
TIA,42,transient ischemic attack
SGLT,42,Sodium-glucose co-transport
PON1,42,measuring antibodies against ox-LDL and paraoxonase
HWE,42,Weinberg equilibrium
HTML,42,
IRS,42,INSR causes the phosphorylation of insulin receptor substrate
CMRLAX,42,long-axis slices
RDN,42,with true TRH were randomized to renal denervation
N6,42,
ESI,42,carried out using positive ion mode electrospray ionization
PLS,42,MCI and control groups using partial least squares
TCR,42,the T-cell receptor
HBP,42,High blood pressure
AHTN,42,and angiotensin II induced hypertension
FPN,42,likely due to its interaction with ferriportin
DM1,42,diabetes mellitus
SNC,42,smokers without lung cancer
CDR1,42,mildly demented subjects
G86S,42,
RMB,41,treatment and comparison groups before and after PSM
LVEDD,41,characterized by increased left ventricular end-diastolic diameter
FT,41,feature tracking
ANCOVA,41,ideal sample size for an analysis of covariance
CR1,41,
OB,41,Onjisaponin B
PTB,41,Positive TB status
ASV,41,
JASN,41,
GSM,41,
PCB,41,
BNIP3,41,
JAK2,41,
HDP,41,had a hypertensive disorder of pregnancy
FGF21,41,shows trials to date evaluating fibroblast growth factor
EYO,41,estimated years from symptom onset
IMI,41,Inferior MI
ERAN,41,it is called Enhanced Residual Attention Network
T250A,41,
H2S,41,oxidative stress inhibitory molecules such as hydrogen sulfide
S9,40,
DY,40,
VE,40,vascular endothelial
NCATS,40,by several NIH Clinical and Translational Science Awards
SO,40,or sarcopenic obesity
E2,40,indicating that estradiol
AIDS,40,
CIRCIMAGING,40,
OCT,40,and optical coherence tomography
IHD,40,ischemic heart disease
NECTIN2,40,
STRING,40,Proteins online database
AY,40,
MRM,40,target peptide lists for our multiple reaction monitoring
MALDI,40,were evaluated using matrix assisted laser desorption ionization
PC1,40,
LRT,40,The Likelihood Ratio Test
ERK1,40,
MESA,40,Ethnic Study of Atherosclerosis
MPHD,40,had multiple pituitary hormone deficiency
HPA,40,gene was investigated using the Human Protein Atlas
TEM,40,Representative transmission electron microscopy
PDGF,40,platelet-derived growth factor
TFG,40,n glomerular
T250M,40,
SUV,39,this image to obtain the standardized uptake value
NCCN,39,Based on the National Comprehensive Cancer Network
LMIC,39,diabetes status are from low- and middle-income countries
VP,39,and ventriculoperitoneal
IK,39,
NGS,39,were recruited for miRNA discovery using next-generation sequencing
DV,39,
EU,39,Cats from Europe
NW,39,
B2,39,p-Tau immunohistochemistry
A3,39,
UNITED,39,
WF,39,
RNFL,39,retinal nerve fiber
XJ,39,
TLR,39,Toll-like receptor
MNI,39,which is in Montreal neurological institute
KORA,39,Cooperative Health Research in the Region of Augsburg
C602A,39,
PEMF,39,evaluates the effects of pulsed electromagnetic field
SAFE,39,survivor activating factor enhancement
17A,39,
GAD,38,glutamic acid decarboxylase
FU,38,fluorescent units
NMDA,38,non-competitive antagonist of N-methyl-D-aspartate
NPI,38,of an abridged form of the Neuropsychiatric Inventory
CD34,38,
TBS,38,between incubations were conducted using tris buffered saline
EN,38,for developing protein risk prediction models was elastic-net
SICI,38,
FST,38,in both the forced swimming test
T1559C,38,
MCS,38,extracorporeal mechanical circulatory support
FSGS,38,focal segmental glomerular sclerosis
UCP2,38,
MODY,38,Maturity-Onset Diabetes of the Young
T0,38,During the first visit
00E,38,
FAQ,38,The Functional Activities Questionnaire
COM,38,center of mass
NTS,38,pressure to the nucleus of the tractus solitarius
KATZNCP,38,
AGS,37,
IIIB,37,
FD,37,
GADA,37,such as autoantibody against glutamic acid decarboxylase
3E,37,
EML4,37,
CHC,37,
DX,37,date when the patient was diagnosed with cancer
ADMA,37,Asymmetric dimethylarginine
CAM,37,reason for using either complementary and alternative medicine
PICALM,37,AD risk factor phosphatidylinositol binding clathrin assembly protein
KNHANES,37,the Korea National Health and Nutrition Examination Survey
GIP,37,normal or low levels of glucose-dependent insulinotrophic polypeptide
TFA,37,day mortality following trans-femoral amputation
PLE,37,Paraneoplastic limbic encephalitis
PMB,37,CGI is highly methylated in human postmortem brain
GTP,37,cardiomyocytes is primarily mediated by the guanosine triphosphate
TUNEL,37,of terminal deoxynucleotidyl transferase dUTP nick end labeling
COMT,37,Mannisto PT Kaakkola S Catechol-O-methyltransferase
S10,37,
THP,37,
LSHTN,37,high-salt-diet-induced hypertension
HTG,37,Many Chinese studies have reported that hypertriglyceridemia
MGP,37,carboxyglutamic acid protein
NEMPD,37,miRNA-protein-disease network and the GraRep network embedding method
HSD,37,s honestly significant difference
ARUK,37,s Research United Kingdom
NMIBC,37,Patients with non-muscle invasive bladder cancer
DCM,37,a cardiac phenotype that resembles human dilated cardiomyopathy
KFRE,37,variable Kidney Failure Risk Equation
G148R,37,
PLA,36,s Liberation Army
E4,36,
EJE,36,
KNN,36,K-nearest neighbor
ELSA,36,
NHIRD,36,s National Health Insurance Research Database
SAR,36,Structure-activity relationship
ITLN1,36,
CD14,36,
LOD,36,indicated as less than the limit of detection
NPV,36,negative predictive value
ISG,36,procedures were excluded from the inpatient surgery group
IPA,36,into canonical pathways using QIAGEN Ingenuity Pathway Analysis
CTD,36,Comparative Toxicogenomics Database
ICI,36,Graphical calibration curves and the integrated calibration index
CNMDA,36,
FFQ,36,week through the use of food frequency questionnaires
LUSC,36,lung squamous carcinomas
LBW,36,Low birth weight
CHARLS,36,from the China Health and Retirement Longitudinal Study
NGF,36,found that HUC-MSCs overexpressing nerve growth factor
IAC,36,and predict cerebral hemorrhage by using intracranial calcification
AGES,36,Gene Environment Susceptibility Reykjavik Study
METTL14,36,
BDHS,36,Two rounds of Bangladesh Demographic and Health Surveys
KI,35,
ABSTRACT,35,
GV,35,
VSR,35,When the ventricular septal rupture
VG,35,
SPECT,35,is myocardial perfusion single photon emission computed tomography
XH,35,
7A,35,
DIP,35,has reported that patients with diabetes in pregnancy
HIIT,35,High Intensity Interval Training
C2,35,a large cytoplasmic sequence that contains two calcium
STATES,35,
EOC,35,Epithelial ovarian cancer
CHU,35,University Hospital Center
VIP,35,only variables with a variable importance in projection
IVRT,35,The isovolumetric relaxation time
DCR,35,disease control rate
CDDP,35,efficacy and tolerability of concurrent CRT with cisplatin
IADPSG,35,Association of the Diabetes and Pregnancy Study Groups
4D,35,
GCLM,35,
NFT,35,Braak neurofibrillary tangle
4E,35,
CHARGE,35,for Heart and Aging Research in Genomic Epidemiology
CB2,35,
XV,35,
EH16,35,
59PM,35,
NOTE,35,
LOC554202,35,
DACT3,35,
MREG,35,Hz magnetic resonance encephalography
INTEREST,34,versus docetaxel in previously treated non-small-cell lung cancer
UCSF,34,patients at the University of California San Francisco
429X,34,
CAG,34,All participants underwent coronary angiography
STG,34,of DNA methylation in the superior temporal gyrus
HRP,34,horseradish peroxidase
CONCLUSION,34,
MEDLINE,34,
PAI,34,
SCARB1,34,
G3,34,High grade
CD33,34,
ABI,34,brachial index measurements
HAS,34,and hypertension
MSA,34,multiple system atrophy
0886022X,34,
OAC,34,post-hoc analysis of AF prevalence and oral anticoagulation
TA7,34,
FACS,34,After fluorescence-activated cell sorting
AGTR1,34,mRNA levels of angiotensin II type I receptor
CYP,34,
HEK293,34,
D0,34,Rat neurons were harvested and plated
WMH,34,group identified proteins associated with white matter hyperintensity
CVAI,34,the correlation between the Chinese visceral adiposity index
TRF,34,Time-restricted feeding
RGKLVFFGR,34,
CTGF,34,connective tissue growth factor
U24,34,
LUNG,33,
MALT,33,such as the skin and mucosa-associated lymphoid tissue
DVT,33,history of deep vein thrombosis
OD,33,in development of cardiovascular diseases and organ damage
ZJ,33,
MIDAS,33,version of the Myocardial Infarction Dimensional Assessment Scale
DOM,33,
ZM,33,
MNH,33,
ADRDA,33,s Disease and Related Disorders Association
SAM,33,DNMT enzymes require S-adenosylmethionine
S0895,33,
MBG,33,myocardial blush grade
TOMM40,33,and the APOE locus
CARDIA,33,the Coronary Artery Risk Development in Young Adults
DAVID,33,tool Database for Annotation Visualization and Integrated Discovery
MTHFR,33,and upregulated methylene tetrahydrofolate reductase
PROSPERO,33,with the International Prospective Register of Systematic Reviews
SAH,33,world population is diagnosed with systemic arterial hypertension
CHD4,33,
PHF,33,that the APP deposition and paired helical filaments
HLE,33,Healthy life expectancy
EWAS,33,three epigenome-wide studies
QSVM,33,We used Quantum Support Vector Machine
FPS,33,fuzi polysaccharides
SCFA,33,short-chain fatty acids
EPIRC,33,
GRE,33,Gradient Echo
TTR,33,risk and the suboptimal time in therapeutic range
IDH,33,arterial stiffness can lead to isolated diastolic hypertension
TRP,33,some are metabolites of tryptophan
UPLOAD,33,
IDE,33,are substrates for insulin-degrading enzyme
FIGO,33,of the International Federation of Gynecology and Obstetrics
OX40L,33,
PFMI,33,pretreatment with PF from rats with myocardial infarction
HNRNPA2B1,33,implications of a subnetwork linking a screen hit
KYN,33,suggesting the connection between kynurenine
DDPM,33,the Denoising Diffusion Probabilistic Model
G148W,33,
AAPA,32,
ACPM,32,
ASPC,32,
SCAI,32,
TTE,32,usually detected by transthoracic Doppler echocardiography
XM,32,
GLOBOCAN,32,
VII,32,via the facial
PPA,32,monocytes were purchased from Physicians Plasma Alliance
FAN,32,used a mouse folic acid nephropathy
NINCDS,32,Institute of Neurological and Communicative Disorders and Stroke
JX,32,
CHF,32,a significantly greater severity of congestive heart failure
YG,32,
CCR2,32,
PINK1,32,
IPTW,32,namely inverse probability of treatment weighting
CBP,32,by CREB-binding protein
GDF,32,YY Li ZJ Gao W Growth differentiation factor
MCL1,32,family apoptosis regulator
HCM,32,be isolated or in association with hypertrophic cardiomyopathy
LAVI,32,the left atrial volume index
FBF,32,invasive measurement of forearm blood flow
F7,32,Factor VII
CFSAEMDA,32,a novel method
HMGB1,32,
AFS,32,when comparing amputation-free survival
ISOVF,32,ISOVF is a measure of extra-cellular water diffusion
KOWT,32,KO in WT
HDAC1,32,
RMP,32,
TSAT,32,combination of transferrin saturation
ASYMAD,32,
CONCLUSIONS,31,
EY,31,
ZY,31,
KV,31,
E3,31,
XF,31,
SMBG,31,frequency of Self-Monitoring of Blood Glucose
Y1,31,and one year postoperatively
LO,31,
ATC,31,was assessed using the Anatomical Therapeutic Chemical Classification
EDN1,31,
CCL20,31,
AOD,31,non-demented controls matched by age of death
TAM,31,Effects of tumor-associated macrophage
NSW,31,
GSTP1,31,
H3,31,
SRC,31,analytes that had a partial Spearmans rank correlation
CREB,31,mediated inhibition of cAMP response element-binding protein
R337H,31,
ABP,31,Ambulatory Blood Pressure
MCR,31,creatinine ratio
PCL,31,
ADGC,31,s Disease Genetics Consortium
BMD,31,associated with modest reductions in bone mineral density
PNS,31,in the developing fly embryonic peripheral nervous system
PASC,31,incluidos sus efectos post-agudos
KLF4,31,
CD9,31,
25D,31,
RHI,31,The software elaborates a reactive hyperaemia index
VFC,31,
HDAC2,31,
VCAM,31,under the guidance of vascular cell adhesion molecule
SEC,31,mice were fractionated using size exclusion chromatography
CDR3,31,and severe demented subjects
C16,31,
P155L,31,We found that a rare variant
N0,30,cases had no lymph node metastasis
EKG,30,and Electrocardiogram
V3,30,
IRCCS,30,Hospital Physiotherapy Institutes
MDT,30,regular multidisciplinary team
CCI,30,The Charlson comorbidity index
C1,30,
IGF1,30,
ACM,30,
SYBR,30,
LXR,30,a synthetic ligand of liver X receptor
G4,30,
B1B1,30,
CCM,30,a framework based on the Chronic Care Model
CXCL1,30,
MDR,30,J-Y Kwon J-C Kim J-J Multifactor dimensionality reduction
BOLD,30,Increased blood oxygen level-dependent
GCLC,30,glutamate-cysteine ligase regulatory subunit
UCL,30,We would also like to thank Connor Scott
GDH,30,glutamate dehydrogenase
SCS,30,
SHIP,30,the Study of Health in Pomerania
P792,30,
CD163,30,
AUS,30,clustered distinctly from Australian
NOTCH,30,
VK1,30,
MTAG,30,We performed five pairwise multi-trait analyses of GWAS
DPPH,30,
2F,29,
CTSA,29,Illinois at Chicago Clinical and Translational Science Award
CTSI,29,s Clinical and Translational Science Institute
HMG,29,
CDKN2A,29,
A1C,29,glycosylated hemoglobin
HDAC,29,Histone deacetylase
SAP,29,pancreatic injury in rats with severe acute pancreatitis
MATERIALS,29,
MMAS,29,data derived from the Massachusetts Male Aging Study
P1,29,years of age
SX,29,
YD,29,
RFLP,29,restriction fragment length polymorphisms
ATBC,29,Beta-Carotene Cancer Prevention Study
M01,29,
NTP,29,National Toxicology Program
NIPPON,29,
RPE,29,In retinal pigment epithelium
CKD5,29,only detected low levels of butyrate in advanced
ATCC,29,Y cells
R1,29,
OPN,29,and upregulation of factors such as osteopontin
UADT,29,for upper aerodigestive tract
BIN1,29,
TMT,29,plex tandem-mass-tag
NEAP,29,acid retention ensues when net endogenous acid production
MIP,29,intensity projection
C1Q,29,Q Subcomponent
IPC,29,Ischemic preconditioning
PC12,29,
CALPHA,29,
PSD95,29,
SMAD,29,
ASH,28,to the opinion of American society of Hypertension
CIS,28,presence of concomitant carcinoma in situ
EMA,28,and European Medicines Agency
U01DK060990,28,
U01DK060984,28,
U01DK061022,28,
U01DK061021,28,
U01DK061028,28,
U01DK060980,28,
U01DK060963,28,
U01DK060902,28,
DKA,28,with insulinopenia and are prone to diabetic ketoacidosis
SAGE,28,the study on global AGEing and adult health
ORCID,28,
OO,28,
YQ,28,
LVESD,28,and left ventricular end-systolic diameter
EMG,28,muscular tension from tibial electrodes by electromyography
P3,28,
DEAL,28,
IBD,28,from each pair with an identity by descent
SRB1,28,
FWACP,28,
B2B2,28,
UAE,28,United Arab Emirates
ARR,28,the adjusted relative risk
TSPO,28,of the mitochondrial enzyme vimentin and translocator protein
ICAM,28,
MUAC,28,and mid-upper arm circumference
CHO,28,total cholesterol
E66,28,was significantly associated with overweight and obesity
RSNA,28,to induce ERR and renal sympathetic nerve activity
PCNL,28,percutaneous nephrolithotomy
PAH,28,have also been implicated in pulmonary arterial hypertension
ITAS,28,were assessed using the Insulin Treatment Appraisal Scale
CNB,28,guided transthoracic core-needle biopsy
7B,28,
RPMI,28,were thawed in complete Roswell Park Memorial Institute
AU,28,a continental initiative of the African Union Commission
NFKB1,28,
MCB,28,
OCTA,28,JS A review of optical coherence tomography angiography
FRAP,28,and ferric reducing antioxidant power
UPC,28,creatinine ratio
X1,28,measured using the Rossmax Automatic Blood Pressure Monitor
AGREE,28,
CRE,28,M Copper Reducing Equivalents
HEXA,28,identified one gene not previously associated with AD
ZW700,28,
CD2AP,28,associated protein
WTWT,28,WT in WT
CD27,28,
WRAP,28,s Prevention
WHT,28,white hypertensives
PFDN1,28,
XS,27,
L858R,27,
RBS,27,random blood sugar
6D,27,
OJ,27,
JMIR,27,
VF,27,new ECG changes or are in ventricular fibrillation
MMWR,27,
IGF1R,27,
B3,27,
ACOG,27,and the American College of Obstetricians and Gynecologists
PSD,27,
SMOTE,27,Synthetic Minority Over-sampling Technique
GCG,27,and glucagon
MMP9,27,
GGO,27,been supported by studies demonstrating that ground-glass opacity
FAO,27,Food and Agriculture Organization
CCS,27,or the Clinical Classification System
STE,27,Speckle tracking echocardiography
HES,27,public data extracted from the Hospital Episode Statistics
AMPAR,27,isoxazolepropionic acid receptor
ACTN3,27,
ICF,27,Volunteer participants signed an Informed Consent Form
3F,27,
JBI,27,The Joanna Briggs Institute
NAA,27,and N-acetylaspartate
AHT,27,with arterial hypertension
APE,27,prognostic indicator in patients with acute pulmonary embolism
HOCM,27,obstruction known as hypertrophic obstructive cardiomyopathy
CAR,27,organisms through the implementation of chimeric antigen receptor
RLSURW,27,
MFI,27,T cells at the maternal-fetal interface
SRR,27,the first intron of the gene serine racemase
ACAT,27,Acyl-CoA cholesterol acyltransferase
FGFR4,27,
CXCR4,27,
A11,27,
STAT1,27,
APPNLI,27,with the Swedish and London mutations
CKO,27,l CKO mice
RIISC,27,the Renal Impairment in Secondary care
ASY,27,and asymptomatic AD
UL1RR029879,26,
MCT,26,coupled monocarboxylate transporter
YR,26,
YP,26,
ZW,26,
S13,26,
CYP3A4,26,and one was downregulated
SVD,26,small vessel disease
CD3,26,
KDR,26,
6E,26,
PZ,26,
PIK3R2,26,
LVESV,26,left ventricular end-systolic volume
GCL,26,rate-limiting enzyme for GSH synthesis is glutamyl-cysteine ligase
FFA,26,and free fatty acid
FZ,26,
MSD,26,Meso Scale Discovery
XX,26,
EEG,26,
OT,26,
CD36,26,
MST,26,patients and survivors with metachronous second primary tumor
F5,26,
PRO,26,and B-IPQ are used for the patient-reported outcomes
MRS,26,
TRPV1,26,
CDK5,26,by downregulating the cyclin-dependent kinase
NAG,26,We observed lower concentrations of N-acetyl glutamate
PAR1,26,
HIAA,26,
CD44,26,
QLQ,26,
EET,26,
POP,26,
DFE,26,and distance from edge
BPH,26,Benign prostatic hyperplasia
REVEL,26,
VAMP2,26,
CRAE,26,Central retinal artery equivalent
AAHT,26,
YZ,25,
S002,25,
GCRC,25,University of Maryland General Clinical Research Center
UL1TR000439,25,the National Center for Advancing Translational Sciences
CHS,25,the Cardiovascular Health Study
STATEMENT,25,
VT,25,
ZHENG,25,
HX,25,
EMS,25,nearest PCI-capable centres and lacks emergency medical services
TMAO,25,and trimethylamine N-oxides
G5,25,
NHI,25,each beneficiary enrolled in the National Health Insurance
FINDRISC,25,The Finnish Diabetes Risk Score
PP2A,25,
VFA,25,and visceral fat area
AISI,25,Aggregate Index of Systemic Inflammation
8A,25,
VB,25,
BAEP,25,and Brainstem Auditory Evoked Potentials
S12,25,
LX,25,
HER2,25,
SOX,25,
BIC,25,with good prediction compared to Bayesian Information Criterion
GOLD,25,to Global Initiative for Chronic Obstructive Lung Disease
TRAP,25,
ECI,25,Elixhauser Comorbidity Index
RIHD,25,Radiation-induced heart disease
SOD1,25,
PRA,25,but also its relationship to Plasma Renin Activity
XO,25,and xanthine oxidase
MAG,25,a reduction in the level of myelin-associated glycoprotein
SIGN,25,Scottish Intercollegiate Guidelines Network
NAE,25,exceeds net acid excretion
PI3,25,
R121919,25,
HELLP,25,
2D3,25,
C677T,25,
N01,25,
ADD2,25,Silberfein A Organization of the human beta-adducin gene
HSC,25,and ex vivo expansion of hematopoietic stem cell
TWA,25,for an eight-hour time weighted average
MSI,25,and microsatellite instability
SNV,25,exact position of feline array single nucleotide variants
NHP,25,cognitive outcomes as well as nursing home placement
HIS,25,on the patient in the hospital information system
ARIA,25,related imaging abnormalities
FUNDC1,25,
OPC,25,and oligodendrocyte progenitor cells
PLP1,25,
BV2,25,
LOAEL,25,to establish the lowest observed adverse effects levels
T250S,25,
MCSA,25,Mayo Clinic Study of Aging
MEC,24,Mucoepidermoid carcinoma of the lung
RECIST,24,specified by Response Evaluation Criteria In Solid Tumors
ZZ,24,
EMBASE,24,Excerpta Medica database
RPS6KB1,24,
LDCT,24,KM Marshall HM Impact of low-dose computed tomography
WZ,24,
FITC,24,fluorescein isothiocyanate
ESMO,24,including ENETS and European Society for Medical Oncology
S14,24,
VEGFR,24,by overexpression of vascular endothelial growth factor receptor
VEGFR2,24,
NV,24,
MX,24,
YX,24,
XZ,24,
AJPH,24,
IGT,24,or impaired glucose tolerance
ART,24,s Research Trust
QL,24,
MTT,24,The cell viability
LZ,24,quality assessment were settled by a third reviewer
MCA,24,acetic acid
QKI,24,
SDNN,24,the standard deviation of normal-to-normal heart beat intervals
CA3,24,
TCF7L2,24,
ANT,24,the Animal Naming Test
18S,24,
INDEL,24,
CEF,24,
PATRO,24,
DDR,24,cell cycle arrest through the DNA damage response
RXR,24,a nuclear receptor which with retinoid X receptor
NLMS,24,
EGFRDEL,24,
BMQ,24,measured using the modified beliefs about medication questionnaire
CGP,24,and complex glands pattern
DFO,24,low concentrations of CQ as well as deferoxamine
SIM,24,es sobre Mortalidade
PWA,24,be assessed noninvasively by a pulse wave analysis
ICVF,24,
DSH,24,
VAI,24,The calculation of visceral adiposity index
BRI,24,Body roundness index
RAVLT,24,Rey Auditory Verbal Learning Test
SVZ,24,were evident in primary cultures of subventricular zone
ELSI,24,
ISMN,24,
GLU,24,
LNEN,24,
HEIDI,24,and heterogeneity in dependent instruments
PLWH,24,Although mortality among people living with HIV
HZ,23,
NCRR,23,National Center for Research Resources
NCEP,23,Third Report of The National Cholesterol Education Program
CA125,23,
ADAM10,23,
GZ,23,
CA15,23,
LMR,23,lymphocyte-to-monocyte ratio
AOG,23,
3T,23,
IPL,23,V Interpeak Latencies
EMPEROR,23,
MG3,23,
MCC,23,matthews correlation coefficient
GLUT,23,it enters the cell through the glucose transporters
IAPP,23,Selection for Nonamyloidogenic Mutants of Islet Amyloid Polypeptide
HALP,23,
SAX,23,mode images of the short axis
TOF,23,MALDI TOF
ACT,23,Adult Changes in Thought
S15,23,
SAE,23,Diabetes mellitus
M111,23,
BCAM,23,Breast Cancer Awareness Month
NHGRI,23,consortia and three National Human Genome Research Institute
PACE4,23,
TPE,23,
ESR1,23,
RDI,23,the relative dose intensity
HKT,23,item Hypertension Knowledge Test
QALY,23,were expressed in cost per quality-adjusted life year
WOMAC,23,The Western Ontario and McMaster Universities Osteoarthrosis index
FFPE,23,m-thick sections were cut from each formalin-fixed paraffin-embedded
PHA,23,
AG024904,23,
VOP,23,e de velocidade de onda de pulso
WSI,23,stained whole slide images
MAGIC,23,Meta-Analysis of Glucose and Insulin related traits Consortium
PCF,23,The estimated proportion of ESRD events captured
MSSD,23,
YAP,23,Yes-Associated Protein
GLP1,23,
PHCU,23,during each patient visit at the PHC unit
IBA1,23,
NHW,23,have focused on non-Hispanic White
HR10,23,the adjusted hazard ratio
CB1,23,
PNC,23,neutrophil complexes
EBR,23,
RECOLFACA,23,JE RECOLFACA research group Colombian heart failure registry
ESR2,23,
RUNX1,23,
PLD1,23,
AANT,23,African American normotensives
ICUR,23,The incremental cost-utility ratio
OLI,23,
FGFR1,23,
BSV,23,
WKS,23,including Wernicke-Korsakoff syndrome
TOPIC,23,
ASC,23,apoptosis-associated speck-like protein
EVA,23,such as early vascular aging
MBSAQIP,23,and Bariatric Surgery Accreditation and Quality Improvement Program
LFC,23,binary sphere centred around the left frontal cortex
G12C,23,Ostrem JM K-Ras
NOAEL,23,to establish a no observed adverse effects level
RRID,23,
THE,22,
CONFLICT,22,
UL1TR000003,22,National Center for Advancing Translational Sciences
UL1TR000433,22,Michigan Institute for Clinical and Health Research
EI,22,
V5,22,
PIK3CA,22,kinase catalytic subunit alpha
MSS,22,
XT,22,
SZ,22,
RIFLE,22,
RB1,22,
MED,22,s Disease includes prioritization of multiple etiology dementias
XW,22,
DQ,22,
BO,22,
EO,22,
HDI,22,country was measured using its human development index
FN1,22,
PTX3,22,
JUN,22,
CAAE,22,
QA,22,and it was associated with quinolinic acid
JU,22,
PURE,22,in the Prospective Urban Rural Epidemiology
GPCR,22,This G protein coupled receptor
M3,22,
TBST,22,
S396,22,
REM,22,reduced rapid eye movement
I25,22,as well as chronic ischemic heart disease
IRR,22,incidence rate ratio
CJASN,22,
OCT4,22,
VH,22,
PMM,22,A third independent reviewer
NPE,22,and other benign lesions
ABTS,22,
OFS,22,and orthopaedic frailty score
MNDR,22,
MCD,22,minimal change disease
BRSVMIV,22,
DMA,22,quantified by cIMA on a differential mobility analyzer
IC95,22,
PCC,22,concept and context
MIRI,22,The mechanisms of myocardial ischemia-reperfusion injury
GATA4,22,
SOCS3,22,
C30,22,
IGF2PB2,22,
HNE,22,
ALA,22,aminolevulinic acid
PIH,22,The measures of poverty impact
MEK1,22,
MWM,22,The Morris water maze
GZR,22,
BS0,22,
WTAP,22,
GSDMD,22,also processes gasdermin D
CLC,21,
S0022,21,
YN,21,
PAMJ,21,
QH,21,
RY,21,
RNS,21,and reactive nitrogen species
EASD,21,European Association for the Study of Diabetes
2G,21,
SID,21,correlation between these antibodies and the steroid-induced DM
D2,21,
DAB,21,
IE,21,
P4,21,The MSCs
RU,21,relative units
CMAJ,21,
DATA,21,
EZ,21,
NRF,21,Program through the National Research Foundation of Korea
CBM,21,RCT had three arms comparing a couple-based meditation
CXCL8,21,
B978,21,
WAD,21,
GABABR,21,including eight with gamma aminobutyric acid B receptor
IABP,21,needed counter pulsation with an intra-aortic balloon pump
BBA,21,Biochimica et Biophysica Acta
T1880C,21,
PIIINP,21,terminal propeptide
S148,21,
FVC,21,forced vital capacity
SCORE,21,according to the Systematic Coronary Risk Evaluation System
CVRF,21,various pre-existing cardiovascular risk factors
CDK,21,Elevated levels of Cyclin-Dependent Kinase
METS,21,Metabolic Equivalents
BEI,21,was not possible to determine which internal exposure
GDP,21,of the Gross Domestic Product
1X,21,
CD16,21,
QIAGEN,21,ng RNA was hybridized to FastSelect probes
GCS,21,global circumferential strain
HELIUS,21,
RASA1,21,
RAP,21,with the addition of estimated right atrial pressure
PUFA,21,polyunsaturated fatty acid
CFU,21,stock concentration was determined by colony forming units
IRIS,21,International Renal Interest Society
HMOD,21,and hypertension-mediated organ damage
ADKS,21,s Disease Knowledge Scale
AYUSH,21,
MODEL,21,
MAKE30,21,
LAC,21,
HEART,21,and Troponin
MTC,21,
PSEN,21,
FAD,21,Dominantly inherited familial AD
TPEN,21,
ADRC,21,s Disease Research Centers
TAB1,21,
LTS,20,least-trimmed squares
LND,20,the goal of supporting individualized lymph node dissection
DIPNECH,20,called diffuse idiopathic pulmonary neuroendocrine cell hyperplasia
U24DK060990,20,
STING,20,cGAMP binds to the stimulator of interferon genes
GBM,20,Structural abnormalities of the glomerular basement membrane
WQ,20,
AUTHOR,20,
SNF,20,
CBL,20,and cerebellum
CA19,20,
EMPA,20,
WAIS,20,respective manuals for the Wechsler Adult Intelligence Scale
VN,20,
LRP,20,
CIRCOUTCOMES,20,
CCCB,20,Clear cell carcinoma of the bladder
P75,20,
CONTROL,20,
TASC,20,as assessed by the Trans-Atlantic Inter-Society Consensus
VNR,20,and vinorelbine
CONSORT,20,the Consolidated Standards of Reporting Trials
FY,20,
7C,20,
CIA,20,
5178C,20,
CCA,20,distal one centimeter of the common carotid artery
ABCD,20,the Appropriate Blood Pressure Control in Diabetes
SIRI,20,Systemic Inflammatory Response Index
HMOX1,20,
15N,20,
SBR,20,segment was evaluated by signal to background ratio
LUTS,20,lower urinary tract symptoms
CAL,20,clinical attachment loss
LVID,20,The left ventricular internal diameter
COG,20,
FCS,20,fetal calf serum
FJC,20,
BFGDM,20,
RPF,20,enhancing renal plasma flow
UN,20,the uninfected
EHMT2,20,
RIKEN,20,
FTAA,20,
STEP,20,
UKBB,20,diagnoses from the UK Biobank
DRB1,20,
IACUC,20,to the Institutional Animal Care and Use Committee
MEN1,20,
Q10,20,
CKD4,20,
NANOG,20,
3H,20,
QQ,20,Histograms and Quantile-Quantile
FHS,20,the Framingham Heart Study
BPDE,20,pyrene diolepoxide
RIPA,20,with five volumes of radio immunoprecipitation assay
CD133,20,
SLS,20,
GIPS,20,
MUCH,20,and masked uncontrolled hypertension
TBR,20,and obtained an improved tumor-to-background ratio
4SA,20,
PNF,20,of subjects at highest estimated risk of ESRD
BCAA,20,hydroxybutyric acid and the branched-chain amino acid
ABSI,20,A body shape index
3G,20,
MID,20,observed forms of vascular dementia are multi-infarct dementia
EHT,20,Human essential hypertension
CDRGLOB,20,including Clinical Dementia Rating
HMDB,20,
IRS1,20,
J20,20,
SUR,20,only serum uric acid
APOL3,20,
735CT,20,
NDUFS3,20,
TP53INP1,20,
PRCA,20,evaluation for ESA induced pure red cell Aplasia
GVU,20,precise transcriptional changes in the gliovascular unit
TP73,20,
3K5,20,
UTI,19,Urinary tract infections
UP,19,
IASLC,19,
MICHR,19,Michigan Institute for Clinical and Health Research
COBRE,19,Tulane Center of Biomedical Research Excellence
CBC,19,Complete blood count
XP,19,
CHEERS,19,et al Consolidated Health Economic Evaluation Reporting Standards
LQ,19,
VV,19,
BRAF,19,density of neutrophils in tumors with b-raf proto-oncogene
MIT,19,and colleagues studied the effects of moderate-intensity training
6F,19,
SLR,19,
LSI,19,Latent semantic indexing
CXCL10,19,
TVR,19,tumor vessel ratio
ZF,19,
5E,19,
P25,19,
CVJA,19,
LOO,19,we used leave-one-out
CBDCA,19,
HCUP,19,purchase from the Healthcare Cost and Utilization Project
VCAM1,19,
RZ,19,
HRS,19,other datasets such as Health and Retirement Study
ICM,19,Iodine-based contrast media
HSP60,19,with the Chi-square test showed difference in chaperonin
SNAP,19,
HBG,19,
BLT,19,
SRS,19,
RMSSD,19,the squares of differences between adjacent NN intervals
LVEDP,19,arterial catheter to measure left ventricular end-diastolic pressure
S0008,19,
LEA,19,
PVDF,19,SDS buffer and blotted onto polyvinylidene fluoride
GEE,19,Sensitivity analyses using generalized estimating equation
MWA,19,determine the early treatment response after microwave ablation
KSA,19,Kingdom of Saudi Arabia
OW,19,
VSMC,19,Ang II induces vascular smooth muscle cell
RHTN,19,in the presence of hypertension and resistant hypertension
CDKN2B,19,
SOCS,19,such example is the suppressor of cytokine signaling
RAF,19,was reported as the risk allele frequency
AVG,19,
BRSR,19,and BRS during rest
BRSVMII,19,
LUR,19,Land-use regression
PPG,19,provides two BP measurement channels and two Photoplethysmography
EPM,19,Elevated plus maze test
PRAL,19,reduction in potential renal acid load
INF,19,border and infarct
H2AX,19,
GSE33000,19,
ESCAPE,19,Progression of Chronic Renal Failure in Pediatric Patients
ASDR,19,
DAS,19,The Data Availability Statement
CHMP,19,the Committee for Medicinal Products for Human Use
FP7,19,
GLA,19,
QICAR,19,activity relationships
ECE1,19,
GRN,19,
M109,19,
X4,19,
SMART2D,19,
RACGP,19,
LDT,19,dark box test
UBC,19,urinary bladder cancer
FBI,19,fasting blood insulin
H9C2,19,
WRAT,19,
HK2,19,including a substantial increase in glycolytic enzyme expression
SMIG,19,
735CC,19,
IIEF,19,
H1944,19,
VCF,19,
CIP1,19,
UAS,19,
PF11,19,
CEBPD,19,
CINAHL,18,Cumulative Index to Nursing and Allied Health Literature
051X,18,
CK7,18,
AGC,18,
PTE,18,pulmonary thromboembolism
QS,18,
ASE,18,obtained according to current American Society of Echocardiography
PMC3312024,18,
JCM,18,
MBBS,18,
S6K1,18,
ZL,18,
1F,18,
ZS,18,then a fourth investigator
XQ,18,
NMES,18,Neuromuscular electrical stimulation
SUS,18,cancer patients in the Brazilian Public Health System
NOS3,18,and endothelial nitric oxide synthase gene
IVS,18,thinner interventricular septa
ICS,18,utilizing data from the Isfahan Cohort Study
PSY,18,
OMRON,18,
16S,18,
G894T,18,
AUDIT,18,question Alcohol Use Disorders Identification Test
BCL2,18,
CCR5,18,
SUN,18,Data from the Seguimiento Universidad de Navarra
SLC2A3,18,
LAR,18,adiponectin ratio
CTG,18,
ZG,18,
YES,18,
PMC2763564,18,
IIQ,18,Mediana e intervalos interquartis
LAX,18,
LAA,18,left atrial area
GM109036,18,
LMCA,18,peripherally from a long left main coronary artery
PMC2723966,18,
I20,18,as it includes patients with chronic stable angina
SETD1A,18,
SMARCA5,18,
TPR,18,and kidney to decrease total peripheral resistance
LKB1,18,
PAT,18,Peripheral arterial tonometry
DRD2,18,
P0,18,
AT1R,18,
QSAR,18,Quantitative structure activity relationship
HEM,18,
SAMINOR1,18,
H441,18,
QN,18,Informed consent date
PRP,18,Platelet-rich plasma
LCSS,18,and lung cancer-specific survival
CON,18,
LVPW,18,mice had significantly thinner posterior ventricular walls
MOH,18,Ministry of Health Malaysia
KX,18,was performed under anaesthesia with ketamine and xylazine
AC16,18,
MTL,18,Medial temporal lobe
MTRH,18,Moi Teaching and Referral Hospital
HEPES,18,
HVEM,18,
PKD,18,and polycystic kidney disease
COL4A3,18,
NFAT,18,translocation of nuclear factor of activated T cells
DHET,18,
CD68,18,
HRC,18,percentage of hypochromic red blood cells
BRC,18,Biomedical Research Centre
O3,18,
P01,18,
CH3,18,atom or carbon atom from the methyl group
ACAT2,18,
F11,18,
SHEEP,18,the frame of the Stockholm Heart Epidemiology Program
HHCI,18,study was conducted at Hillside Health Care International
LAP,18,where it is bound to latency-associated peptide
N8,18,
CMB,18,
WLM,18,working level month
DZNE,18,German Center for Neurodegenerative Diseases
MS4A6A,18,
HD5A,18,
MOD,18,MI model group
AII,18,angiotensin II
NR2B,18,
NORRISK,18,
TNFR,18,
H841,18,
CJD,18,Neuropathological diagnostic criteria for Creutzfeldt-Jakob disease
SEMDSA,18,
MIBC,18,Patients with muscle invasive bladder cancer
NRF1,18,
DEM,18,using the differential equation model
LBP,18,including Lewy body pathology
ATP9B,18,
DCV,18,as cardiovasculares
ICN,18,
OKA,18,comparable model to STZ-induced neuroinflammation is okadaic acid
DFU,18,Diabetic foot ulcers
C40,18,
IPN,18,
MEPCE,18,and an eGene
I10,17,
MIA,17,minimally invasive adenocarcinoma
LCA,17,was focally observed in the left circumflex branch
CTCAE,17,Common Terminology Criteria for Adverse Events
VU,17,and Vanderbilt University
APS,17,and the American Physiological Society
BGL,17,detected to have hyperglycaemia with blood glucose level
GDR,17,time was defined as the glucose disposal rate
AJCC,17,edition of the American Joint Committee on Cancer
MNT,17,patients with indication for medical nutrition therapy
BEP,17,cisplatin-based chemotherapy
KEAP1,17,
T10,17,
USRDS,17,prevalence according to the US Renal Data System
HBV,17,also associated with infections by hepatitis B virus
WMS,17,Wechsler Memory Scale
JMS,17,
KAKENHI,17,
AX,17,
FUNDING,17,
SQ,17,
109X,17,
P53,17,
V1,17,
MSM,17,
RAPID,17,
M6,17,
AHR,17,aryl hydrocarbon receptor
EPHA1,17,
LTP,17,to participation in the formation of long-term potentiation
CPI,17,diagnosis of periodontitis using the Community Periodontal Index
OK,17,
M4,17,
APOB,17,
P301L,17,impairment in a mouse model of human tauopathy
NGT,17,T cells compared to normal glucose tolerance
BZ,17,
FANCD2,17,
PROM,17,premature rupture of membranes
FLAIR,17,Fluid Attenuated Inversion Recovery
GCA,17,
CCT,17,renal sodium handling in the cortical collecting tubule
GST,17,the activities of glutathione-S-transferase
CDKAL1,17,
STRIDE,17,
ZO,17,
UM,17,
NLF,17,non-limb fit
CIRCGENETICS,17,
PEACE,17,the China Patient-centered Evaluative Assessment of Cardiac Events
MALAT1,17,
H19,17,
FSL,17,effect against depression in male Flinders Sensitive Lines
DHS,17,study used data from Demographic and Health Surveys
NHMRC,17,National Health and Medical Research Council
RFC,17,and renal function compensation
T1D,17,diabetes mellitus
E10,17,
GMP,17,and guanosine monophosphate
MPA,17,as micropapillary pattern-predominant adenocarcinoma
MASLD,17,metabolic dysfunction-associated liver disease
STXBP2,17,
R2Y,17,of the variance
OSA,17,unimpaired adults with DS have obstructive sleep apnea
TST,17,and tail suspension test
TLC,17,with thin-layer chromatography
01A1,17,
P2X7R,17,
TDI,17,Townsend Deprivation Index
TLS,17,Total lipid synthesis
SH2,17,
SERPINA3,17,
OMIM,17,Online Mendelian Inheritance in Man
EPICYS,17,
UBI,17,Use of Bicarbonate in Chronic Renal Insufficiency
TIFF,17,
IXICO,17,
CPS,17,
NASH,17,s risk of nonalcoholic steatohepatitis
HBD2,17,
SPB,17,
MPFC,17,the right medial prefrontal cortex
TFBS,17,potential enrichments of defined transcription factor binding sites
PGE2,17,
NGG,17,diabetes mellitus than in the normal glucose group
CLTI,17,Chronic limb threatening ischemia
NFIX,17,
PLA2G6,17,
TAZ,17,
CPR,17,Changes occurring during cardiopulmonary resuscitation
RIGHT,17,
DCX,17,mice by doublecortin
LAEF,17,left atrial ejection fraction
AG016574,17,
X3,17,
NR2A,17,
HNSC,17,head and neck squamous cell carcinoma
NPRA,17,their membrane receptors including natriuretic peptide receptor A
PWD,17,People with dementia
DABNI,17,The Down Alzheimer Barcelona Neuroimaging Initiative
4G8,17,
IDO,17,
CE04,17,
OMM,17,which mediate outer mitochondrial membrane
CADASIL,17,
VHD,17,and valvular heart disease
PPC,17,and a positive PCR control
IBS,17,we applied the information-based similarity
YPD,17,
1562CT,17,
CDCA,17,while chenodeoxycholic acid
GSSG,17,levels by decreasing the glutathione disulfide
COO,17,
GAL4,17,
CHOP,16,EBP Homologous Protein
CZ,16,
SMI,16,MMA to InAs and the secondary methylation index
R01DK119199,16,
G719S,16,
IO,16,
KCNJ11,16,a risk of CRC development and only one
IW,16,
LPL,16,Decreased activity of lipoprotein lipase
CD56,16,
AKD,16,and acute kidney disease
YI,16,
LSD,16,analysis was performed using the Least Significant Difference
SWI,16,
1G,16,
MATLAB,16,
SU,16,
ZQ,16,
JSPS,16,the Japan Society for the Promotion of Science
ICPC,16,
QZ,16,
S2214,16,
PVD,16,peripheral vascular disease
LIFE,16,Losartan Intervention For Endpoint reduction in hypertension study
B1B2,16,
CNKI,16,and China National Knowledge Infrastructure
MMP2,16,
REN,16,from six genes namely-renin
SLC2A4,16,
12315G,16,
ATG,16,are located relative to translation start site
EPAS1,16,
V4,16,
C10,16,
UKPDS,16,UK Prospective Diabetes Study
CARET,16,
DPOAE,16,Studies have shown that Distortion Product Otoacoustic Emissions
MINAP,16,population and the Myocardial Infarction National Audit Project
NOM,16,kg of BW of STZ	Nannochloropsis oculata
VW,16,
AAC,16,area above the curve
4F,16,
EACTS,16,and of the European association for cardio-thoracic surgery
RDS,16,
S153,16,
SHAM,16,
BCA,16,Protein concentration was quantified using bicinchoninic acid
NKF,16,According to National Kidney Foundation
NOR,16,we conducted novel object recognition test
DATA90,16,
OECD,16,Most Organization for Economic Co-operation and Development
WHF,16,World Heart Federation
ISD,16,Integrated similarity for diseases
OHE,16,
SWEDEHEART,16,in Heart Disease Evaluated According to Recommended Therapies
CFI,16,positively associated with a high collateral flow index
IX,16,
CD63,16,
UFPA,16,
C14,16,
PTK2B,16,one of them
ACTB,16,and validity of the arizona cognitive test battery
MLP,16,and multilayer perceptron
K2,16,
PAR,16,Filter out chromosome X pseudo-autosomal region
EPIWRC,16,
8B,16,
AGA,16,and the American Gastroenterological Association
IMM,16,which mediates inner mitochondrial membrane
CRFR1,16,corticotropin-releasing factor receptor
AUPR,16,recall curve
G12D,16,Dysplastic Lesions and Chronic Pancreatitis in the Kras
LMCI,16,late mild cognitive impairment
XLAS,16,X-linked Alport syndrome
ISAR,16,
S0197,16,
EITL,16,performed on WSI and optimized via an expert-in-the-loop
NOX4,16,
WWTR1,16,
VCI,16,and velamentous cord insertions
T1MI,16,
NH2,16,exerts an anti-tumor activity through reactive oxygen species-c-jun
MTLV,16,and medial temporal lobe
IRS4,16,
W81XWH,16,
TNFR1,16,
DUSP1,16,
RF1,16,
CD28,16,
DARTEL,16,
BSIII,16,
AFRICOS,16,used longitudinal data from the African Cohort Study
EWMA,16,applying lagged and exponentially weighted moving-average
PLD,16,Platycodin D
TOFMS,16,
1562CC,16,
APT,16,antimony potassium tartrate
UBD,16,
CCBY,15,
PFO,15,evidenced by a previously unrecognized patent foramen ovale
VTE,15,venous thromboembolism
MDCT,15,Mulit-detector computed tomography
7D,15,
INSM1,15,
TNDM,15,Transient Neonatal Diabetes Mellitus
FX,15,
CTA,15,Imaging tools such as computerized tomographic angiography
MBF,15,Myocardial blood flow
M0,15,
GATK,15,duplicate removal was performed using Genome Analysis ToolKit
MGH,15,among patients with GDM or mild gestational hyperglycemia
CPPM,15,
BRG1,15,
XR,15,
OUTCOME,15,
FOV,15,and field of view
CKMB,15,troponin and creatine kinase MB isoenzyme
CVA,15,cerebrovascular accident
APA,15,as acinar pattern-predominant adenocarcinoma
P7,15,
NI,15,locus with neuroimaging
EAS,15,and the European Atherosclerosis Society
GATA,15,
GCT,15,
BACE,15,site beta-secretase
CMS,15,of the Centers for Medicare and Medicaid Services
S16,15,
FMCP,15,
PGI2,15,and prostacyclin
AKT1,15,
14846G,15,
IND,15,
EGFRL858R,15,
GRHAC,15,piloted the Grading Responsible Hospitals for Acute Care
EBV,15,Barr virus
CMV,15,and cytomegalovirus
SSFP,15,Steady-state free precession
ST2,15,
R577X,15,
A1166C,15,
069X,15,
GSS,15,for glutathione synthesis as well as GSH synthase
HJL,15,
NWO,15,Netherlands Organization for Scientific Research
ITA,15,The internal thoracic artery
SPRINT,15,
STAR,15,
KAT7,15,
MCV,15,erythropoiesis can manifest as low mean corpuscular volume
STOFHLA,15,Short Test of Functional Health Literacy in Adults
PAP,15,
LPA,15,biomarkers of CKD such as including lysophosphatidic acid
NSAID,15,current administration of non-steroid anti-inflammatory drugs
NFL,15,Neurofilament light chain protein
HUNT3,15,
CA72,15,
AACE,15,
NTN,15,higher pressure in the uHTN compared with normotensives
139X,15,
A2M,15,
OY,15,
TA6,15,
MMP3,15,matrix metalloproteinase
HIRA,15,Since the Health Insurance Review and Assessment Service
COL4,15,and type IV
COL6A1,15,
IL23A,15,
HSA,15,improve the immunosensor to detect human serum albumin
S18,15,
60E,15,
ERA,15,and the European Renal Association
ARRIVE,15,Reporting In Vivo Experiments
VIT,15,
WOS,15,text files downloaded from the Web of Science
HSP90,15,
COL4A5,15,
9A,15,
IAM,15,Institute of Advanced Materials
PMC7998524,15,
BMBF,15,the German Federal Ministry of Education and Research
IWG,15,New Research Criteria for the Diagnosis of AD
MCP1,15,
TFR,15,tumor fibrosis ratio
MPCE,15,monthly per capita expenditure
TEQ,15,A total toxic equivalency
S1A,15,
TGFBR2,15,
ANS,15,Autonomic nervous system
NHP2L1,15,Cloning and mapping of a human novel cDNA
TSS,15,kb of the presumed transcription start site
NDUFA2,15,brain cortex tissue showed that decreased MCI-related gene
LAI,15,
CBG,15,and cannabigerol
MJCH,15,
EIM,15,
ACY1,15,
COGSTAT,15,derived from the clinician judgement on neuropsychological tests
WAT,15,including those derived from white adipose tissue
UMAP,15,by implementing the uniform manifold approximation and projection
NPRB,15,receptor B
NPRC,15,and lower expression of its receptor C
CASI,15,and The Cognitive Abilities Screening Instrument
OPLS,15,and orthogonal partial least square
KATZ,15,
MSU,15,While the deposition of monosodium urate
WWOX,15,WW-domain-containing oxidoreductase
OX40,15,
PPH,15,and postpartum hemorrhage
CBS,15,was discovered that mutations in the cystathionine beta-synthase
EASE,15,
YTHDF2,15,
EPVS,15,Arfanakis identified that enlarged perivascular spaces
AIP,15,GM-CSF and atherosclerotic index of plasma
SOE,15,
OLN,15,and other lung neoplasms
WES,15,exome sequencing
DOX,15,harboring a single-copy of doxycycline-inducible
NCRAD,15,s Disease
NR4A,15,
INK4A,15,
ANGPT2,15,
FOR,14,
PDL,14,mL Poly-D-lysine
USG,14,and an inappropriate urine specific gravity
XD,14,
CTLA,14,
BED,14,
BCT,14,Autopsy studies of blunt chest trauma
SCMR,14,Society for Cardiovascular Magnetic Resonance
DLP,14,dynamic CT was calculated from the dose-length product
LVI,14,confirmed NSGCT with the presence of lymphovascular invasion
MSP,14,The Medical Services Plan
OAT,14,from long-term follow-up of the occluded artery trial
C34,14,
FIG,14,
YPPLL,14,cancer and years of potential productive life lost
DQA1,14,
OBJECTIVE,14,
BMS,14,worldwide treated with non-coated bare metal stents
CUA,14,calcific uremic arteriolophathy
STS,14,and Society of Thoracic Surgeons
123I,14,
SLTA,14,The Japanese Standard Language Test of Aphasia
DMBA,14,
CAS,14,isolated coronary artery spasm
AVAILABILITY,14,
PTD,14,
CMRI,14,distant myocardial remodeling by cardiac magnetic resonance technique
IGFBP,14,
DAT,14,high prevalence of dementia of the Alzheimer type
SPM,14,segmented and normalized using the Statistical Parametric Mapping
AJNR,14,
TOTAL,14,
AKIN,14,as proposed by the Acute Kidney Injury Network
TSA,14,trichostatin A
SLC24A4,14,
AMPA,14,isoxazolepropionic acid
S1473,14,
NYU,14,
OLE,14,from the RCTs who entered the open-label extension
OMS,14,n Mundial de la Salud
CRISPR,14,based on clustered regularly interspaced short palindromic repeats
ORF,14,with an open reading frame
GPL570,14,
AER,14,albumin excretion rate
IEC,14,comprehensive information education and communication
BRFSS,14,Behavioral Risk Factor Surveillance System
TAVI,14,aortic valve replacement or transcatheter aortic valve implantation
JIR,14,
GAT,14,
ANC,14,participants were then randomly selected for antenatal care
JLR200,14,
UMI,14,
FACT,14,performed using the fiber assignment by continuous tracking
SCL,14,
TUG1,14,
CDSS,14,Clinical decision support systems
HREC,14,the University of Sydney Human Research Ethics Committee
PCWP,14,a good correlation with pulmonary capillary wedge pressure
RVFAC,14,and RV fractional area change
EX,14,excitatory neurons
ZC,14,
SRH,14,
MCMDA,14,designed a novel method
WBSMDA,14,Within and Between Score for MiRNA-Disease Association prediction
LMW,14,
TERT,14,
S2468,14,
SMART,14,
BNA,14,the French National Alzheimer database
C57,14,
T5,14,minutes after blood flow recovery
BARI,14,
LVOT,14,two-thirds of patients have left ventricular outflow tract
TXB2,14,
VIF,14,Multicollinearity was evaluated using Variance Inflation Factor
CMF,14,
FASTQ,14,
H290,14,
FI,14,
MIL,14,which allowed calculation of the mid-induction latency
1N,14,
K1,14,
MPRAGE,14,sequence includes Magnetization Prepared Rapid Gradient Echo Imaging
TDO2,14,
ESTHER,14,
DSMB,14,Data and safety monitoring board
JPG,14,
LSA,14,The measurements for the lenticulostriate arteries
KDQOL,14,as the Kidney Disease Questionnaire
HARVEST,14,The Hypertension and Ambulatory Recording Venetia Study
ISPA,14,Health Research Institute of the Principality of Asturias
PFSR,14,progression-free survival rate
ILC2,14,
MYC,14,and the cell cycle-related gene MYC proto-oncogene
H1975,14,
OAP,14,One episode of acute pancreatitis
PU,14,
EMCI,14,Prior studies emphasize that early moderate cognitive impairment
LSTM,14,Peptide	NA	Long short term memory
COL4A4,14,
GSE48350,14,
OPTIMA,14,University of Oxford
25OHD3,14,
CPRD,14,One study using the Clinical Practice Research Database
MAGMA,14,
UHPLC,14,
TSR,14,Tumor-stroma ratio
SCN,14,Diffusion tensor imaging and structural covariance network
DETERMINE,14,to Reduce Risk by Magnetic Resonance Imaging Evaluation
PTEC,14,vitro work demonstrated that proximal tubular epithelial cells
EHF,14,including extended high frequencies
L2,14,Cox regression which combines ridge
MTCH2,14,
CCL,14,CC chemokine ligand
MBSR,14,The smaller RCT compared mindfulness-based stress reduction
EPSRC,14,
AT2R,14,
LASI,14,wave of the Longitudinal Ageing Study in India
CTSB,14,association of variation in the Cathepsin B gene
DLFC,14,measured with ELISA in the dorsolateral frontal cortex
OVX,14,Wistar rat models of AD induced by ovariectomy
TLR9,14,
HBEC,14,Immortalized human bronchial epithelial cells
AKR1C2,14,
PDGFRB,14,
RNR,14,the small subunit of the enzyme ribonucleotide reductase
APH,14,antepartum hemorrhage
PACC,14,s cognitive composite
THV,14,total hippocampal volume
CI95,14,
ALKBH5,14,
A49,14,
CMPF,14,furanpropanoic acid
RSN,14,Residual Shrinkage Network
MCC950,14,
AG062677,14,
SPARC,14,
SCAP,14,
U87,14,
DOM3,14,
DOM4,14,
NGN2,14,
MLND,13,Systematic or lob-specific mediastinal lymph node dissection
Z2,13,
CD20,13,
S17,13,
MAK,13,
ECOG,13,Eastern Cooperative Oncology Group
MQ,13,
DCCT,13,standardized to the Diabetes Control and Complications Trial
VMB,13,Each heart was dissected into ventricular myocardial band
XC,13,
WO,13,
PKB,13,protein kinase B
STK11,13,
TTF1,13,
RTI,13,
REG,13,
TZ,13,
P5,13,
3T3,13,
ALLHAT,13,and Lipid-Lowering Treatment to Prevent Heart Attack Trial
PPCI,13,by thrombolysis or by primary percutaneous coronary intervention
AJS,13,
BIA,13,Resistance was determined by bioelectrical impedance analysis
VSM,13,and visual scoring method
DIC,13,DIC Disseminated intravascular coagulation
RX,13,
ARAS,13,Autosomal recessive Alport syndrome
SDC,13,
MDD,13,Precision	Inter-Assay Precision	Minimum Detectable Dose
LEP,13,We examined the expression levels of adipokines leptin
YE,13,
GTC,13,
MMA,13,by a relatively high proportion of monomethylarsonic acid
CAPES,13,vel Superior
DTT,13,mM dithiothreeitol
GX,13,
GSK3,13,
FOXO,13,
REVEAL,13,
MAS,13,
INSERM,13,th	Institut national Sante Recherche Medicale
CARE,13,
AAG,13,
VLF,13,frequency domain covers the very low frequency component
H1,13,
CAP,13,A table illustrating constrained analysis of principal coordinates
MEPS,13,from the Medical Expenditure Panel Survey
GLM,13,a vertex-by-vertex basis using a general linear model
LGA,13,likelihood of babies being large for gestational age
C5,13,
HQ,13,
MIAT,13,Myocardial infarction associated transcript
PBST,13,Tween in PBS
GDNF,13,They are glial cell line-derived neurotrophic factor
GABAA,13,
CXC,13,
CVP,13,Monitoring of central venous pressure
CHA2DS2,13,
CLIP,13,RNA cross-link immunoprecipitation
PIP3,13,
MVD,13,Microvascular dysfunction
R2X,13,
T6,13,and one day after the operation
IZ,13,
VSI,13,under the management of the Vietnam Social Insurance
EFLV,13,The ejection fraction of the left ventricle
MPR,13,
T235,13,
S0034,13,
BPA,13,EDCs such as bisphenol A
PTGS1,13,
U133,13,
SAHS,13,assessed according to the Southern African Hypertension Society
GLUT1,13,
ISSYS,13,a magnetic resonance imaging study
6N,13,
33E,13,
9B,13,
PFA,13,
XLS,13,
DEG,13,
LATE,13,
HIPAA,13,study met Health Insurance Portability and Accountability Act
VALUE,13,
MHU,13,Adults with Hypertension Attending a Mobile Health Unit
NEFA,13,also known as non-esterified fatty acids
HDR,13,
SMUG1,13,
VEP,13,s Variant Effect Predictor
ELA,13,
LVGFI,13,left ventricular global function index
MIM,13,
SOD2,13,
MS4A4E,13,
CHD3,13,
EPS,13,
SOFA,13,non-pulmonary Sequential Organ Failure Assessment
PEEP,13,mechanical ventilation with a positive end-expiratory pressure
CNP,13,and C-type natriuretic peptide
VK2,13,
LNA,13,linolenic acid
INSR,13,overexpress the insulin receptor
ISCIII,13,Instituto de Salud Carlos III
TICS,13,Das Trierer Inventar zum Chronischen Stress
CMER,13,
MAP4,13,
AKT3,13,
RHOA,13,
JAK1,13,
SAD,13,s disease
FTIR,13,Fourier transform infrared
SUBTYPE,13,
DID,13,a difference-in-differences
FRGS,13,
OEA,13,and oleic acid
ZNF3,13,
NLRP1,13,
DA4,13,
GCAD,13,s Disease
PFC,13,had over-representation of prefrontal cortex
YOS,13,defined as the number of years of schooling
ANGPTL4,13,
IRAK,13,
FESEM,13,
1JIJ,13,
1AAP,13,
IMPACT,12,the Improved Assessment of Chest Pain Trial
IJS,12,
UIN,12,Research registration unique identifying number
MAM,12,
VHRM,12,
IIO,12,and analysed for invariant item ordering
C4,12,and butyrate
ESR,12,erythrocyte sedimentation rate
SH3,12,
EMR,12,s electronic medical record
BMRI,12,
DAKO,12,
CAM5,12,
TMB,12,the reaction was developed using a tetramethylbenzidine
SRL,12,
DOTA,12,
CML,12,are used in patients with chronic myelogenous leukemia
GSI,12,the Global Severity Index
PGL,12,ou paragangliomes
CRD,12,
SVG,12,
OI,12,
AJM,12,
SEARCH,12,
AHRQ,12,by the Agency for Healthcare Research and Quality
AAA,12,
HNF1A,12,homeobox A
IJMS,12,
T786C,12,coordinate with another SNP at the promoter region
RYGB,12,DM remission after Roux-en-Y gastric bypass
OE,12,
NICU,12,
C11,12,
DAPA,12,
PHS,12,Animal Welfare Assurance with the Public Health Service
ICD9,12,
TEST,12,
HGS,12,
MPI,12,and myocardial performance index
KAP,12,attitude and practices
H2,12,
235T,12,
LVDP,12,left ventricular developed pressure
ICT,12,
GQ,12,
FAST,12,and Functional Assessment Screening Tool
ECL,12,
VHL,12,through the Virtual Health Library
BHFS,12,data obtained from the Bangladesh Health Facility Survey
CEP,12,study was approved by the Research Ethics Committee
INR,12,international normalized ratio
S2A,12,
IFR,12,infections by an age-specific infection-fatality ratio
CSS,12,cancer-specific survival
KID,12,
SHBG,12,Sex hormone-binding globulin
TIM,12,The tumor immune microenvironment
DRD1,12,and dopamine receptors
GIPKS,12,by combination of Gaussian interaction profile kernel similarity
ADVP,12,The AD Variant Portal
PHES,12,was defined using the psychometric hepatic encephalopathy score
DMG,12,were significantly higher in the diabetes mellitus group
ASL,12,
FCW,12,the intensity of the forward compression wave
ACP,12,
BSI,12,months were obtained using the boundary shift integral
HIC,12,by the national health insurance information scheme
ALF,12,Regional Agreement on Medical Training and Clinical Research
PHG,12,We examined DEGs in the parahippocampal gyrus
NSVT,12,
HCO,12,
TXA2,12,
PPP,12,pentose phosphate pathway
GYH,12,
AES,12,
UNN,12,Medicine of the University Hospital of North Norway
M110,12,
10X,12,
MMF,12,Fitzsimmons W First R Tacrolimus with mycophenolate mofetil
NAS,12,Study participants were from the Normative Aging Study
FEDER,12,Fondo Europeo de Desarrollo Regional
CHNS,12,data from the China Health and Nutrition Survey
MUC1,12,
SSTR2,12,
GALNT7,12,
BPSD,12,lead to behavioral and psychological symptoms of dementia
8C,12,
RISK,12,pathway in cardioprotection includes reperfusion injury salvage kinase
AERP,12,The atrial effective refractory period
AMG,12,
ICR,12,
PMC5958625,12,
1858CT,12,
LADA,12,Latent Autoimmune Diabetes in Adults
DAL,12,lead to a reduction in dietary acid load
SDM,12,directed mutagenesis
DMT,12,the first disease-modifying therapy
SP1,12,
42E,12,
SOCS1,12,
AG010129,12,
AVI,12,Abdominal volume index
4SB,12,
I42,12,
C57BL6,12,and WT
WGCNA,12,we performed weight gene correlation analysis
GPPAQ,12,known as the general practice physical activity questionnaire
REAP,12,the rapid eating and activity assessment for patients
CES,12,
PSC,12,HIV and Primary sclerosing cholangitis
TIR,12,tumor inflammation ratio
MDFE,12,centerline algorithm included the modified distance from edge
G30,12,
SCIEX,12,The APCI Positive Calibration Solution
MMT,12,to myofibroblast transition
DOV,12,Disagreements were evaluated for a third review
IMC,12,ndice de massa corporal
G2350A,12,
GENEVA,12,using data from the Gene Environment Association Studies
PART,12,Primary age-related tauopathy
WTKO,12,and WT in KO
HUNT2,12,
EBI,12,
PFI,12,progression-free interval
DFI,12,and disease-free interval
E575,12,
CSF2,12,
RTA,12,It is commonly manifesting as renal tubular acidosis
MTDIA,12,blocked with a specific small-molecule inhibitor of MTAP
3CT,12,
AKR1C1,12,
SAT1,12,
HSP,12,have a relationship with the heat shock proteins
VDT,12,and volume doubling time
DHT,12,
FCAS,12,Cognitive Activity	The Florida Cognitive Activities Scale
MIMI,12,the Markers of Imminent Myocardial Infarction
LPC,12,Role of Lysophosphatidylcholine
PON2,12,
RNASET2,12,
UFA,12,of analyses comparing brain tissue unsaturated fatty acid
HEPATHER,12,
REACTOME,12,
CSF1R,12,
YTHDC1,12,
PDX1,12,
EPCR,12,Endothelial protein C receptor
FM4,12,
ADAPT,12,Symptoms Using Contemporary Troponins as the Only Biomarker
ROCK,12,
FMK,12,
GCDCA,12,of the primary conjugated bile acid glycochenodeoxycholic acid
LAMP1,12,
KYNA,12,kynurenic acid
IADL,12,
PFKFB3,12,
CKB,12,
PGS,12,grandiflorum crude saponin
EDX,12,Elemental analysis was performed using Energy Dispersive X-ray
1U1Z,12,
1NPC,12,
ACID,12,
SRT,11,test and simple reaction time
GUSTO,11,
ATS,11,
ERS,11,
AIS,11,adenocarcinoma in situ
WN,11,
PMC3565578,11,
ISBN,11,
LUX,11,
NTT,11,In the new tank test
CU,11,
MERS,11,similar to SARS and Middle East respiratory syndrome
HAPO,11,The Hyperglycemia and Adverse Pregnancy Outcome
DRG,11,has been providing Diagnosis Related Groups
ZX,11,
PSA,11,and probabilistic sensitivity analysis
PMC7049905,11,
NRAS,11,NRAS proto-oncogene
CLEP,11,
DZ,11,
MPV,11,mean platelet volume
OV,11,
S0092,11,
TMI,11,
OPENING,11,The Organization Program of DiabEtes INsulIN ManaGement
E9,11,
NU,11,Northwestern University
ACTION,11,the acute coronary treatment and intervention outcomes network
IVUS,11,intravascular ultrasound
AUROC,11,
FO,11,
C08,11,
JPT,11,
SLE,11,such as systemic lupus erythematosus
QY,11,and due to the low quantum dose
MOST,11,
PEN,11,WHO WHO Package of essential noncommunicable
MS4A,11,M Identification of a new multigene four-transmembrane family
CAPR,11,
CCLM,11,
ASP,11,
URAT1,11,
PWTD,11,
H1299,11,and lung
PLUS,11,
ALL,11,observed in Canadian children with acute lymphoblastic leukemia
ICAM1,11,
NCT,11,
IL1B,11,
CXCL2,11,
YV,11,
CNR,11,National Research Council
GCC,11,
PMC11057359,11,
E2F,11,
ACD,11,including the American Chemical Database
QJM,11,
GM1,11,
ISI,11,
K23,11,
PICO,11,
GIS,11,which is based on a geographic information system
5L,11,
GGA,11,
MOL,11,
VIC,11,
MEG,11,
DVS,11,Dietary Variety Score
HDLC,11,
THY,11,
T29C,11,
PIIIP,11,
SYMPLICITY,11,
PRESS,11,
S0021,11,
TTD,11,Therapeutic Target Database
CD105,11,
DRD4,11,receptor gene
RWR,11,by the analyzed of random walk with restart
HGIMDA,11,a novel method based on heterogeneous graph inference
PRNP,11,and with prion disease
EGTA,11,
KUB,11,
CFX,11,
Q5,11,
NDT,11,
SNARE,11,and control of soluble NSF attachment protein receptor
NPR,11,at public hospitals with the National Patient Register
DR4,11,
CRISIS,11,Chronic Renal Insufficiency Standards Implementation Study
CAPD,11,ratio was higher in peritoneal dialysis
OCN,11,
VGG,11,
RHT,11,presence of Resistant hypertension
ODI,11,interesting correlation was found between oxygen desaturation index
10E,11,
NUS,11,
AICDA,11,
GCM1,11,
TET2,11,
NOX,11,broad source of ROS is the NADPH oxidases
RBG,11,had a random blood glucose
5F,11,
SPPB,11,will be measured by Short Physical Performance Battery
FBPP,11,s Family Blood Pressure Program
CD25,11,
APOL1,11,
ILC,11,
STAT6,11,
14E,11,
48E,11,
24E,11,
49E,11,
GSE5281,11,
CCL5,11,
SUCRA,11,By surface under the cumulative ranking
BF00308809,11,
TPP,11,The Phoenix Partnership
AT2,11,
GRU,11,Gated Recurrent Unit
MBI,11,be associated with downregulation of membrane-bound protein II
SLC30A8,11,
S1B,11,
95CI,11,
SEAMS,11,the Self-efficacy for Appropriate Medication Adherence Scale
MECP2,11,
FXR,11,farnesoid X receptor
BALF,11,in bronchoalveolar lavage fluid
CADD,11,
LMAG,11,
HADS,11,and Hospital Anxiety and Depression Scale
DSST,11,Digit Symbol Substitution test
HNF,11,
DCC,11,
OMR,11,IMR and outer margin ratio
MME,11,
CRL,11,
FWF,11,ASPS is funded by the Austrian Science Fond
LJL,11,
T181,11,Measurement of total tau and phosphorylated tau
STAD,11,stomach adenocarcinoma
KPMP,11,with DKD from the Kidney Precision Medicine Project
CSSS,11,
5XFAD,11,
EPHX1,11,
SNE,11,
PAFC16,11,
EPHX2,11,Zeldin DC Genetic variation in soluble epoxide hydrolase
BANFF,11,
FEUA,11,such as the fractional excretion of uric acid
NSD,11,
PDAPP,11,
PAA,11,we estimated the percentage of African ancestry
AG062429,11,
NDVI,11,and the satellite-derived Normalized Difference Vegetation Index
MAP3K13,11,
RLR,11,we use regularized logistic regression
CPP,11,pyrenoidosa polysaccharides
SWDBB,11,the South West Dementia Brain Bank
OEF,11,the possible use of MRI oxygen extraction fraction
FEPO4,11,and fractional excretion of phosphate
SOX6,11,
LD50,11,
IGFR1,11,
NACP,11,s disease amyloid
WCST,11,except for the Wisconsin Card Sorting Test
ULK4,11,
C99,11,secretase cleaves the C-terminal fragment
APPNL,11,
ABCB1,11,In situ localization of P-glycoprotein
ASPS,11,Austrian Stroke Prevention Study
IGHV1,11,
HRQL,11,
SPHK1,11,
24S,11,
ITCH,11,ubiquitin ligase
VDAC,11,The Voltage-Dependent Anion Channel
DNMT3L,11,
NTR1,11,
METHYL,11,
0284186X,10,
AUTHORS,10,
672X,10,
UB,10,
SIR,10,The standardized incidence rate
MCH,10,and mean corpuscular Hb
S23,10,
511X,10,
SLA,10,
GAG,10,
ANCA,10,antineutrophil cytoplasmic antibodies
DQB1,10,
LSD1,10,con cola pleural sugestiva de probable carcinoma pulmonar
CECT,10,abdomen and contrast-enhances computed tomography
PMC192859,10,
UMIN,10,registered at the University Hospital Medical Information Network
AQP,10,The aquaporin
ADIPOQ,10,The adiponectin gene
PLT,10,and platelets
IVST,10,
FLASH,10,
WST,10,Water swallow test
THK5351,10,
FAPESP,10,o Paulo
PMC4156511,10,
AZD9291,10,Ricciuti B Chiari R Chiarini P Osimertinib
JMP,10,
CDA,10,
2H,10,
N3,10,
NPC,10,Adult hippocampal neural progenitor cells
TBC,10,
IVCT,10,and isovolumic contraction time
MAO,10,
SYNTAX,10,
TT4,10,including total thyroxine
TT3,10,total triiodothyronine
TRH,10,the diagnosis is apparent treatment-resistant hypertension
KHA,10,
IVSD,10,
NCSE,10,scree plot and normalized cumulative sum of eigenvalues
GCK,10,
IL10,10,
GSE19339,10,
PTC,10,
GAC,10,sequenced at the Mayo Clinic Genome Analysis Core
CENTRAL,10,Cochrane Central Register of Controlled Trials
VLCD,10,the glycemic response to a very low-calorie diet
IJGM,10,
DMT1,10,
FRCP,10,
MU,10,
A1AT,10,
CFA,10,diabetes patients using confirmatory factor analysis
VEST,10,
UCSC,10,
MASS,10,
SMAD2,10,
NSCC,10,with any other subtype of non-small cell carcinoma
PARTNER,10,Results from the placement of aortic transcatheter valves
SNR,10,Signal-to-noise ratio
1M,10,
STUDY,10,
ASMI,10,Anterior Septal MI
PMC8005924,10,
NUCB2,10,
BMR,10,Resting metabolic rate
GTG,10,
CYP11B2,10,and aldosterone synthase
8E,10,
S20,10,
SDSCA,10,the Summary of Diabetes Self-Care Activities Measure
DTSQ,10,and the Diabetes Treatment Satisfaction Questionnaire
USAID,10,of the United States Agency for International Development
FPL,10,of the Federal Poverty Level
QAD,10,
PMC3993088,10,
WX,10,
LVFS,10,as increased LVEF and left ventricular fractional shortening
S2B,10,
13C,10,
CD73,10,
SFB,10,
BZD,10,
HDMP,10,developed the method called Human Disease-related MiRNA Prediction
RKNNMDA,10,
FFM,10,fat-free mass
GTT,10,and oral glucose tolerance test
MSE,10,Yonezawa S The application of methylation specific electrophoresis
GRP,10,gastrin-releasing peptide
NSF,10,for patients at risk for nephrogenic systemic fibrosis
CCK,10,
H345,10,
GPR,10,
PMC2544629,10,
ABT,10,
ADNI2,10,
ADR,10,Annual data reports
MDR1,10,
ROB,10,Study Quality and Risk of Bias
CLD,10,chronic liver disease
E14,10,
Y925,10,in P-FAK
PAK,10,
USPSTF,10,The US Preventive Services Task Force
TPM,10,using the measurements of transcripts per million
PATHWAY,10,And Treatment of Hypertension With Algorithm based Therapy
MMR,10,Mismatch repair
S014,10,
ANG,10,
9C,10,
LAV,10,Left atrial volume
GAS,10,global area strain
AFM,10,compositional analysis by atomic force microscopy
CSPPT,10,cohort of the China Stroke Primary Prevention Trial
MBS,10,a bridge therapy to Metabolic and Bariatric Surgery
DOPPS,10,The dialysis outcomes and practice patterns study
ANM,10,
GFRAL,10,
6H2O,10,
STK,10,threonine kinase
OSR,10,overall survival rate
16E,10,
03E,10,
11E,10,
97E,10,
80E,10,
58E,10,
C1QC,10,
64E,10,
RBD,10,Characterization of the receptor-binding domain
EIA,10,were determined using an enzyme immunoassay
AMD,10,Associazione Medici Diabetologi
PYD,10,Measurements of serum levels of osteocalcin and deoxy-pyridinoline
BMM,10,
C1QA,10,
DMF,10,Diffuse myocardial fibrosis
PKA,10,phosphorylation and protein kinase A
CAMCOG,10,
GCRO,10,Data were sourced from the Gauteng City-Region Observatory
HFCS,10,high fructose corn syrup
MACS,10,
DJH,10,
CSL,10,
CPUT,10,Committees of the Cape Peninsula University of Technology
SRA,10,study are available in NCBI Sequence Read Archive
PMC6463297,10,
PMC3896259,10,
PIKS,10,Knowledge about kidney disease
PIVUS,10,prospective investigation of the vasculature in Uppsala Seniors
FASN,10,
NESDA,10,The Netherlands Study of Depression and Anxiety
CIDI,10,composite international diagnostic interview
HMGCR,10,methylglutaryl-CoA Reductase
DSA,10,One-way deterministic sensitivity analysis
02E,10,
NSC,10,of glia and production of neural stem cells
F12,10,
TODAY,10,Diabetes in Adolescents and Youth
LYZ,10,
APH1B,10,
DIV,10,days in vitro
H3K9,10,
EPR,10,Electron paramagnetic resonance
HWI,10,the heart weight index
CRAN,10,
JCB,10,
BAT,10,brown adipose tissue
COAD,10,colon adenocarcinoma
HCN1,10,
CD86,10,
PRR,10,renin receptor
H358,10,
DOD,10,
CD38,10,
PAFC18,10,
ECE,10,and endothelin-converting enzyme
SUCR,10,The serum uric acid-to-creatinine ratio
HIF1,10,
ESOT,10,produced by the European Society for Organ Transplantation
C36,10,
3A4,10,
CH2,10,
RC2,10,
ET1,10,
ERFE,10,
RBM15,10,
NAC,10,residues primarily in or near the non-amyloid component
PGD2R,10,
BY4741,10,fold serial dilutions of wild type strain
LCB,10,
MAD,10,chose to standardize RFU using median absolute deviation
AG066511,10,
CX3C,10,
V28,10,
GR1,10,
ADF,10,Alternate day fasting
AD11,10,
COOH,10,
U54AG052427,10,
AG066468,10,
AG072976,10,
OHC,10,
ODC1,10,
DOM1,10,
SOX8,10,
CHOIR,10,
TGM2,10,
CACNA1A,10,
OMI,10,patients than in patients with old myocardial infarction
HYPERTENSION,9,
TEE,9,In the transesophageal echocardiography
BAC,9,advertisements as part of the Berkeley Aging Cohort
S0169,9,
LIU,9,
QK,9,
RVI,9,experienced right ventricular infarcts
T1N0M0,9,the diagnosis of lung adenocarcinoma was made
S62,9,
FWR,9,of VR include left ventricular free wall rupture
OSF,9,protocol was registered on the Open Science Framework
CFH,9,complement factor-H
ENT,9,
DDDT,9,
KIT,9,
TOR,9,The targets of rapamycin
S27,9,
S0167,9,
OPD,9,diabetic patients at the out patient department
CEB,9,A Census Enumeration Block
GHQ,9,
ANA,9,was a negative test result for Antinuclear Antibodies
OL,9,
ECHO,9,and transthoracic echocardiogram
CTCF,9,regions and corrected total cell fluorescence
CDE,9,we calculated the conditional direct effect
IMRT,9,a comparison of intensity-modulated radiation therapy
TCF,9,
ADAM17,9,
PMC2827530,9,
ADQI,9,Consensus report of the Acute Disease Quality Initiative
EBUS,9,Durante la ecobroncoscopia
IVA,9,
QW,9,
PWT,9,and posterior wall thickness
B0,9,
CPAP,9,Continuous positive airway pressure
IMP,9,expression by existing medications or investigational medical products
P6,9,
GU,9,
UNESP,9,Julio de Mesquita Filho Paulista State University
JNC7,9,by the Joint National Committee in the US
WBRT,9,The whole-brain radiation therapy
S31,9,
IQ,9,
S40,9,
88E,9,
OLETF,9,fluids is lower in Otsuka Long-Evans Tokushima Fatty
K01,9,Heart pain
MTX,9,we integrated the midtemporal cortex
CHK,9,Department of Nuclear Medicine and PET Center
CONFLICTS,9,
JAPAN,9,
PTX,9,indicated that reconstituted HDL with paclitaxel
IJNRD,9,
LHID,9,and the Longitudinal Health Insurance Database
NCHS,9,obtained from the National Center for Healthcare Statistics
S005,9,
RCG,9,United States for treatment of refractory chronic gout
ENCODE,9,
A7,9,
CD2,9,
ARF,9,regions and efficiently cure rat acute renal failure
JGP,9,
CD26,9,
CTLA4,9,
RMA,9,first normalized the samples using Robust Multi-array Average
CCL3,9,
LVIDD,9,
CTT,9,
TGG,9,
GGG,9,
ZR,9,
MOOSE,9,followed the Meta-Analysis of Observational Studies in Epidemiology
MAJ,9,
SLC7A11,9,
QJ,9,
01E,9,
JCS,9,
JJV,9,
SELECT,9,
ADVANCE,9,Preterax and Diamicron Modified-Release Controlled Evaluation
PMC3234452,9,
ICIQ,9,
UDI,9,
ISC,9,
VIII,9,
DMS,9,
ERAS,9,during hospital stay or Enhanced Recovery After Surgery
ARH,9,
FOXA1,9,
SAB,9,The value of spontaneous alternation behavior
AKA,9,
3L,9,
HTT,9,
RAR,9,
ESPEN,9,European Society of Parenteral and Enteral Nutrition
H5,9,
4G,9,
POMC,9,
SLC,9,The solute carrier
LDLC,9,low-density lipoprotein cholesterol
S33,9,
LAB,9,
DEMAND,9,
JSK,9,
ITALY,9,
AFG,9,
HDIS,9,data from the Beijing Hospital Discharge Information System
TDM,9,
CWH,9,
NIPORT,9,the National Institute of Population Research and Training
HJR,9,
HILIC,9,formic acid and separated by hydrophilic interaction LC
MCHC,9,mean corpuscular hemoglobin concentration
ISPAD,9,
PDS,9,
PHASE,9,
RLSMDA,9,
CEU,9,and European American
PMC2845877,9,
ENETS,9,European Society of neuroendocrine tumors
PAC,9,o arterial central
ACG,9,
CKD3,9,
VKA,9,vitamin K antagonist
PD1,9,
FOXO1,9,
TRAIL,9,killing melanoma cells in a TNF-related apoptosis-inducing ligand
MEM,9,s Minimum Essential Medium
OASIS,9,using the Open Access Series of Imaging Studies
167X,9,
NPJ,9,
S85,9,
SREBP,9,
CXCR2,9,
DDP,9,
BAM,9,
CDK4,9,
HCL,9,
UCA1,9,
IT1,9,
B4,9,
PHE,9,provided by Public Health England
MCODE,9,Molecular Complex Detection
SRM,9,and spermine in reactions catalyzed by spermidine synthase
94E,9,
IPS,9,
G0,9,
CK2,9,Notch signaling pathway or the casein kinase holoenzyme
H292,9,
PROC,9,
PMC8446938,9,
CMA,9,
AMM,9,
ISO,9,
HBSS,9,Balanced Salt Solution
IDL,9,and intermediate-density lipoproteins
AERD,9,also known as atheroembolic renal disease
ABS,9,Australian Bureau of Statistics
74E,9,
62E,9,
50E,9,
40E,9,
79E,9,
52E,9,
56E,9,
35E,9,
43E,9,
23E,9,
37E,9,
C1QB,9,
I50,9,
NILV,9,tissue specimens from non-infarcted left ventricular
SJL,9,
MEP,9,maximum expiratory pressure
MIRAGE,9,s Genetic Epidemiology Study
BL6,9,
F10,9,
IGF2BP3,9,
MOI,9,infected at plating at a multiplicity of infection
DNL,9,systemic metabolic homeostasis by sustaining de novo lipogenesis
CJC,9,
KRAMI,9,and the Korean Registry of Acute Myocardial Infarction
MTR,9,methyltetrahydrofolate-homocysteine methyltransferase
MTG,9,We focused on the middle temporal gyrus
RLM,9,Rosa laevigata Michx
ASM,9,American Society for Microbiology
OD600,9,bacterial resuspension was performed the optical density
TNR,9,tumor necrosis ratio
MHRA,9,The Medicines and Healthcare products Regulatory Agency
PMC6137538,9,
ASR,9,Other research investigated the age-standardized rates
S4B,9,
ANZDATA,9,
MPTP,9,stimulate the opening of mitochondrial permeability transition pore
TEC,9,a direct role for damaged tubular epithelial cells
CPT1A,9,
KAA,9,
VOI,9,standardized representative volumes of interest
NK1,9,
ERBP,9,European Renal Best Practice
GSE56044,9,
13E,9,
NODDI,9,derived from neurite orientation dispersion and density imaging
PMC9005347,9,
HFC,9,Another reviewer
B702,9,
RVOT,9,
B27,9,
APP23,9,of human neural stem cell differentiation in Alzheimer
21E,9,
METO,9,
IGFBP3,9,
BPS,9,
NTNU,9,
KIRC,9,were observed in kidney renal clear cell carcinomas
READ,9,
NES,9,of the dot represents the normalized enrichment score
RLVMI,9,recurrent left ventricular myocardial infarction
GSE41258,9,
ODN,9,next method of STAT inhibition is through oligonucleotide
AGO,9,Mature miRNAs use the Argonaute
TIV,9,Brain volumes were corrected for total intracranial volume
CSTL,9,
MMKD,9,Mild to Moderate Kidney Disease study
AMR,9,clinical trial of bortezomib in late antibody-mediated rejection
AKR1C3,9,
COBRA,9,
IWI,9,international wealth index
AG010133,9,
IMA,9,ion mobility analysis
GLN,9,
RMSD,9,the root means square deviation
RMSF,9,receptor protein and the root mean square fluctuation
VWF,9,Von willebrand factor
EVR,9,
U54,9,
AG033193,9,
SKAP2,9,
GERAD,9,s Disease
SF12,9,Health-related quality of life
TO901317,9,
AF2,9,
PACC4,9,
96E,9,
TIMP3,9,
DBI,9,concerted reduction of the diazepam binding inhibitor protein
SEMA3F,9,
DIANA,9,
HANDLS,9,in Neighborhoods of Diversity across the Life Span
CLQ,9,
SGS,9,
FGF2,9,basic fibroblast growth factor
API,9,
GHR,9,to the upregulation of the growth hormone receptor
NLPR3,9,
DR5,9,
NFH,9,promoter significantly colocalized with Neurofilament H
ISHLT,9,
NBT,9,Nitro blue tetrazolium
RICORS2040,9,
JO2,9,measuring oxygen consumption
FSS,9,as a result of increased fluid shear stress
STMS,9,were administered the Short Test of Mental Status
ADMC,9,generated by the Alzheimer Disease Metabolomics Consortium and
G12V,9,
ALLM,9,l CatB inhibitors N-Acetyl-l-leucyl-l-leucyl-l-methioninal
BMV109,9,
MNPCE,9,as it did merely study micronucleated polychromatic erythrocytes
PCE,9,Elliott noted a decrease in polychromatic erythrocytes
LEF1,9,
U01AG052410,9,
U19,9,
AG062421,9,
AG062422,9,
AG062715,9,
WHICAP,9,the Washington Heights-Inwood Columbia Aging Project
R01AG044546,9,
RF1AG053303,9,
RF1AG058501,9,
U01AG058922,9,
FGFR,9,
DNMT,9,acting as a DNA methyltransferase
GRAF,9,
F81L,9,
PETIA,9,enhanced turbidimetric
ROBUST,9,
LMNB1,9,
NTR2,9,
SLC9A3R1,9,
BOOST,9,
HEALTH,8,
CASE,8,
JHC,8,
AAH,8,
MSCE,8,
PTV,8,Planning target volume
AMSTAR,8,
SCCT,8,
RPM,8,
UW,8,specimens were obtained from the University of Washington
PMC2127453,8,
IA2,8,
S100,8,
LFS,8,Li-Fraumeni syndrome
AAS,8,an adjusted activity score
S55,8,
S0,8,
TIBC,8,total iron-binding capacity
MCO,8,
CHEN,8,
S81,8,
SOX2,8,
CTC,8,
ARMS,8,amplification-refractory mutation system
MOLLI,8,was determined using the Modified Look-Locker Imaging
BALB,8,
CMC,8,
TTO,8,DX date to the starting date of treatment
ETHICS,8,
PMC7270627,8,
ARYA,8,
TCBB,8,
VNTR,8,bp variable number of tandem repeats
S26,8,
S21,8,
TQ,8,
EMC,8,
C09,8,
BBN,8,
LPD,8,the obese patients were on a low-protein diet
MPG,8,
APACHE,8,The median acute physiology and chronic health evaluation
MS4A6E,8,
BU,8,
KPS,8,The Karnofsky Performance Status
XN,8,
BVS,8,por medio de la Biblioteca Virtual en Salud
JDR,8,
G12,8,
CACNB2,8,
ATR,8,
RAMI,8,recurrent anterior myocardial infarction
A260,8,
E2F1,8,
GPT,8,
SERPINE1,8,
CXCL,8,and CXC chemokine ligand
XIST,8,
XB,8,
S0896,8,
CM9,8,
TCC,8,
TGC,8,
M112,8,
DIABETES,8,
S2666,8,
JMN,8,
NSFC,8,National Natural Science Foundation of China
2X,8,
EPTB,8,participants had extra pulmonary TB
S28,8,
CPB,8,patients were operated using extra corporeal cardiopulmonary bypass
PMC7392084,8,
LEADER,8,
RCV,8,o relacionado ao risco cardiovascular
HFA,8,the special contribution of the Heart Failure Association
HPS,8,
WHS,8,
WACS,8,
LGPT,8,
LGI,8,eating regular meals with low glycemic index
AWGS,8,used Asian Working Group for Sarcopenia
JSM,8,
MAB,8,
JTH,8,
JMR,8,
TAG,8,were obtained from the Tobacco and Genetics
JLL,8,
MDDS,8,The minimum dietary diversity score
LVSP,8,the arterial sheath to detect LV systolic pressure
MAGE,8,the mean amplitude of glycemic excursions
PMC4398023,8,
SCOPUS,8,
MAR,8,which included mineral apposition rate
RISC,8,particle is loaded into the RNA-Induced Silencing Complex
FID,8,chet Inception Distance
PMC4979614,8,
IDMS,8,
CYH,8,
WHH,8,
DPI,8,daily protein intake
5T,8,
NOT,8,
QTOF,8,
SIRT3,8,
FV,8,
S0006,8,
HOPE,8,a substudy of the Heart Outcomes Prevention Evaluation
WC1N,8,
LSM,8,sham of corresponding genotype by least square means
SRF,8,in SMCs via serum response factor
CFX96,8,
DFG,8,glinger was funded by the German Research Foundation
SPACE,8,the Signal Peptide in Acute Coronary Events
DATA80,8,
ASST,8,
ISEL,8,
CXR,8,
JAB,8,
RRB,8,Railroad Retirement Board
UCB,8,Umbilical cord blood
I99,8,
668X,8,
AVS,8,
ISM,8,
RWRMDA,8,Random Walk with Restart for MiRNA-Disease Association prediction
PMC3726719,8,
PMC1950838,8,
PICUP,8,Photo-induced Cross-linking of Unmodified Proteins
XG,8,
LHID2005,8,
C8,8,
ROR2,8,
BJOG,8,
BIM,8,interacting mediator of cell death
NZ,8,
PIP2,8,
CEH,8,
JFH,8,
XHP,8,
PACA,8,
GPR43,8,
6G,8,
BX,8,
ALN,8,
VGG16,8,
SGD,8,protective effect against cerebral ischemia injury is Shaoyao-Gancao
FAS,8,key lipogenic enzymes such as fatty acid synthase
LTZ,8,
1SD,8,
LOW,8,
UDP,8,
FPC,8,
S2215,8,
20X,8,
SERPINF1,8,
GRB14,8,
TU,8,
JCOG0802,8,
CCO,8,Cancer Care Ontario
PTENP1,8,
LNCSIM1,8,
KCNQ1OT1,8,
TPTP,8,
NGI,8,and the Netherlands Genomics Initiative
CRIB,8,Chronic Renal Impairment in Birmingham
FPKM,8,kilobase of exon model per million mapped reads
GENES,8,
UPM,8,Universiti Putra Malaysia
RT2,8,
25E,8,
CLL,8,markedly after an intranasal instillation of clodronate liposome
A427,8,
TET3,8,
DNMT1,8,a DNA methyltransferase
CYP2D6,8,
LDLR,8,exacerbate the dysfunction of the Low-density lipoprotein receptor
OHI,8,
ICES,8,
MHLW,8,and Welfare
HIP,8,and hippocampal
M113,8,
AAL,8,labeling of brain regions applied automated anatomical labeling
TIME,8,
S19,8,
1858C,8,
IJN,8,
AG005131,8,National Institute on Aging
UCSD,8,data from the Anders Dale Lab
LIMIT,8,
L6,8,
AOPEDF,8,
51E,8,
82E,8,
99E,8,
05E,8,
TATA,8,
22E,8,
12E,8,
32E,8,
53E,8,
55E,8,
54E,8,
92E,8,
91E,8,
CRJ,8,
NIBIB,8,the National Institute of Biomedical Imaging and Bioengineering
LONI,8,participants was obtained through the Laboratory of Neuroimaging
LIS,8,
DOK,8,
ASA,8,
6R,8,
ILV,8,
APACE,8,the Advantageous Predictors of Acute Coronary Syndromes Evaluation
CVF,8,Collagen volume fraction
PMC3220946,8,
BEACON,8,of Acute Chest Pain with Computed Tomography Angiography
NINF,8,analysis of cardiac cell apoptosis in the non-infarcted
8D,8,
6MWT,8,
MWT,8,maximal wall thickness
LVAW,8,The left ventricular anterior wall
OXT,8,
GLUT3,8,
ATTICA,8,
NEDIS,8,addition to the National Emergency Department Information Network
DAMP,8,by neutrophils that acts a pro-inflammatory danger signal
UPR,8,stress and unfolded protein response
PASS,8,online server Prediction of Activity Spectra for Substance
TBIL,8,total bilirubin
TAK1,8,
GWA,8,Genome-wide association
CME,8,MMPs relied on Continuing Medical Education
SSRI,8,Nonsedating antihistamines and selective serotonin reuptake inhibitors
NIMH,8,and National Institute of Mental Health
BLAST,8,
DZHK,8,German Centre for Cardiovascular Research
TNC,8,
PMC5220163,8,
PMC6970546,8,
S3A,8,
S1C,8,
S3B,8,
GGZ,8,
PECO,8,and Outcome
TFAM,8,and mitochondrial transcription factor A
BAX,8,associated X
PTA,8,Post transplantation Anaemia
V007254,8,
PDD,8,and Parkinson disease dementia
ESUR,8,of the European Society of Urogenital Radiology
PMC6836675,8,
TBV,8,Total brain volume
DTW,8,and Dynamic Time Warping
FIB,8,and fibrinogen
H1793,8,
M13,8,
STROOP,8,
AUTH,8,the medical school of Aristotle University of Thessaloniki
DEA,8,docosatetraenoic acid
CAU,8,
A10T11,8,
TXNRD1,8,
MKL,8,An index based on multiple kernel learning
BACE2,8,
NCSTN,8,
AG016976,8,
ATXN1,8,
CXCL12,8,
CREATE,8,and outcomes of acute coronary syndromes in India
HCT,8,Hole cross test
RGN,8,
FTLD,8,frontotemporal lobar degeneration
RPLMI,8,recurrent postero-lateral myocardial infarction
REAMI,8,and recurrent extensive anterior myocardial infarction
GSE68468,8,
GSE131418,8,
SHPT,8,and secondary hyperparathyroidism
SFRP4,8,
PDCD4,8,
CROCODILE,8,and Insulin Resistance
MTAP,8,
ILFL,8,
ILFR,8,
MLG,8,
ORAC,8,total antioxidant capacity markers oxygen radical absorbing capacity
ISUP,8,International Society of Urological Pathology
PEDF,8,derived factor
BACH1,8,
SQSTM1,8,
CARMENTA,8,
SEA,8,
5G,8,
2ME,8,
REVIEWER,8,
CCR7,8,
PWS,8,previously implicated in Prader Willi syndrome
7E,8,
LYS,8,
LEU,8,
PTP1B,8,
AXL,8,
ASCL1,8,
ANCESTRYMAP,8,
ZNF320,8,
GWS,8,genetic loci associated with AD at genome-wide significance
SCORE2,8,
TIMP1,8,
SLC2A1,8,
BIIB042,8,
BPN,8,
SURFER,8,
AFEF,8,French Association for the Liver Study
ESLD,8,
NHSS,8,obtained from the sixth National Health Service Survey
MCU,8,regulated expression of mitochondrial calcium uniporter
LC3,8,
EPOR,8,anemia is the suppression of the EPO receptor
HPO,8,terms and Human Phenotype Ontology
R01AG15819,8,
ROSMAP,8,the Illinois Department of Public Health
TOMHS,8,The Treatment of Mild Hypertension Study
PARP1,8,
CDK6,8,
ADD,8,s disease dementia
IPV,8,in three women worldwide experience intimate partner violence
RIC,8,presented on current trials of remote ischemic conditioning
BSES,8,
IFI,8,
TXNIP,8,Thioredoxin-interacting protein
TRIM63,8,
CVR,8,Metabolic and cardiovascular risks
IAMSST,8,
IPP,8,
TOR2,8,
WSB,8,mL wash and storage buffer
IKK,8,by kinase inhibitor of kappa B kinase
CRPS,8,the Continuous Ranked Probability Score
MES,8,ethanesulfonic acid
SKK08,8,
SCX,8,content of ethanol prior to strong cation exchange
UKM,8,Universiti Kebangsaan Malaysia
FTS,8,Albumin nanoparticles	Treatment	Package farnesyl thiosalicylic acid
SIG,8,
GDCA,8,
NEUT,8,
DDR1,8,
UCHL1,8,
BMP2,8,
ESKF,8,presence of CKD or end stage kidney failure
MAPV,8,
AG027944,8,
STAT5,8,
SIAD,8,the lung cancer induced syndrome of inappropriate antidiuresis
B6C3F1,8,
GIPR,8,
SULT1A1,8,and the sulfotransferase enzyme
DAR,8,and are available by a Data Access Request
FAIR,8,
U24AG041689,8,
AG066509,8,
AG066514,8,
AG066530,8,
AG066507,8,
AG066444,8,
AG066518,8,
AG066512,8,
AG066462,8,
AG072979,8,
AG072972,8,
AG072975,8,
AG072978,8,
AG072977,8,
AG066519,8,
AG079280,8,
AG072946,8,
AG072973,8,
AG066506,8,
AG066508,8,
AG066515,8,
AG072947,8,
AG072931,8,
AG066546,8,
AG068024,8,
AG068053,8,
AG068077,8,
AG068082,8,
AG072958,8,
AG072959,8,
AG032990,8,
AG046139,8,
AG10161,8,
AG068057,8,
LEARN,8,
R01AG064614,8,
MSBB,8,were obtained from the Mount Sinai Brain Bank
TRR259,8,
POPC,8,that the complex embedded into the membrane
DKY,8,
DAP12,8,
GOT2,8,
MS3,8,
HSD2,8,
PENIA,8,enhanced nephelometric
CUX1,8,
RAPO,8,Yuan Zhi
NRXN1,8,
SREBF1,8,
2IOG,8,
MBC,8,Minimum bactericidal concentration
ADMET,8,and toxicity
ESTER,8,
ALZ,7,
MMM,7,The findings from the May Measurement Month
SSC,7,Plot types include sides scatter
ZGFAZZ,7,
UL,7,The tolerable upper intake level
WANG,7,
KEYNOTE,7,
PPE,7,Parapneumonic effusion
CD5,7,
KIST,7,Korea Institute of Science and Technology
S83,7,
WV,7,
CSII,7,and continuous subcutaneous insulin infusion
CLTC,7,
COV,7,
CPT,7,
NSGCT,7,high-risk patient with non-seminomatous germ cell testicular tumor
PEB,7,that participants would maintain a perceived exertion Borg
IRT,7,and insulin release test
LBBB,7,include ST segment deviations and left bundle-branch block
CMD,7,enabled the indirect assessment of coronary microvascular dysfunction
HSP72,7,
JOE,7,
MAT,7,and the Measurement of Adherence to Treatment Scale
VX2,7,
PMC10790329,7,
LSD2,7,bulos superiores derecho
BRCA1,7,
FAERS,7,data from the FDA Adverse Event Reporting System
MATERIAL,7,
SUMMARY,7,
DKK1,7,circulating level of the Wnt inhibitor Dickkopf one
1354750X,7,
HPF,7,
DAD,7,and Disability in AD
SHIM,7,International Index of Sexual Health Inventory for men
BJU,7,
CVE,7,CKD also elevates the risk of cardiovascular events
PMC3196245,7,
RMM,7,
SPC,7,be a risk factor for second primary cancer
YO,7,
PAHO,7,for adults and the Pan American Health Organization
APPROVAL,7,
LIM,7,
AQ,7,
LINH,7,from the Netherlands Information Network of General Practice
NHG,7,guidelines of the Dutch College of General Practitioners
TAB,7,assisted bisulfite
S50,7,
66E,7,
CSV,7,Data were extracted in comma-separated values
NHIS,7,National Health Interview Survey
AMACR,7,methylacyl-coenzyme A racemase
RETRACTED,7,
XII,7,
ILD,7,including interstitial lung disease
M14,7,
TIDM,7,diabetes mellitus
TH1,7,
ATPIII,7,
EDNRA,7,activates specific ETA receptors
ESD,7,
NPY,7,Neuropeptide Y
TREM1,7,within the triggering receptor expressed on monocytes
NFKBIA,7,NFKB inhibitor alpha
S24,7,
LVET,7,
FTDP,7,
14459G,7,
15059G,7,
CHEST,7,Cholesterol Embolism Study
TCT,7,
AGG,7,
TAT,7,
A20,7,
GPX4,7,
MCF,7,
QF,7,
AAT,7,
PSV,7,the peak systolic velocity
93E,7,
LED,7,only visible light source was a light-emitting diode
WEARIT,7,
LADC,7,who initially presented with stage IA lung adenocarcinoma
NH4HCO3,7,
TRC,7,
BIO,7,
PMOD,7,
C06,7,
BDS,7,Behavioral Dyscontrol Scale
EC1A,7,
OPCS,7,
HPE,7,
MYOCARDIAL,7,
RWTH,7,
EMB,7,Although an endomyocardial biopsy
DEL,7,
DXA,7,
JAH,7,
CJL,7,
DD1,7,
MP4,7,
FANTA,7,by using the Food and Nutrition Technical Assistance
JME,7,
789X,7,
S173,7,
HIGH,7,
MIF,7,
JCP,7,
CNRS,7,
UDS,7,Neuropsychological Test Battery in the Uniform Data Set
ZIP,7,
AMB,7,
SHINANO,7,
CVHP,7,Nurses who participate in the Cardiovascular Health Program
GPC,7,
NDI,7,from a search of the National Death Index
T1WI,7,
71E,7,
PKS,7,
LCO,7,
CD19,7,
RADS,7,
SWS,7,
TMPRSS2,7,
RVMI,7,Right ventricular myocardial infarction
CDIS,7,
AHI,7,hypopnea index
DRD3,7,
D4,7,
MFS,7,After computing miRNAs functional similarity
PMC3738541,7,
E11,7,
CIDR,7,the Center for Inherited Disease Research
H315H,7,
PIC,7,cells were co-stimulated with a proinflammatory cytokine cocktail
APP695,7,
CLPTM1L,7,
CHE,7,groups were determinant factors of catastrophic health expenditure
SAMINOR,7,
PMC2707599,7,
SCALE,7,
AWMF,7,
CD40L,7,
WIA,7,transmission can be analysed is wave intensity analysis
TGT,7,
CTX,7,
L4,7,
COL1A1,7,
GPR41,7,
RVEF,7,and the right ventricle ejection fraction
VNHI,7,
CLIA,7,uCr-adjusted NGAL
TA5,7,
CYP1A1,7,
LAF,7,
UH,7,
LCM,7,
DSR,7,
WJOG4607L,7,
CARISMA,7,Arrhythmia and Risk Stratification After Acute Myocardial Infarction
JCR,7,journal categories were obtained from Journal Citation Reports
HOTAIR,7,
DAGA,7,
IDSSIM,7,
HIF1A,7,
NHC,7,study was conducted at the National Heart Centre
ERK2,7,
SMS,7,and spermine synthase
BRCA,7,
CDK2,7,
RIA,7,measured in EDTA plasma using a competitive radioimmunoassay
CAGE,7,the Questionnaire on Alcohol Dependence
OG,7,
GLUT2,7,
FSG,7,
S0168,7,
8W,7,
TCD,7,assessed by transcranial Doppler ultrasonography
BAD,7,antagonist of cell death
SO2,7,and sulfur dioxide
HGB,7,
FIFA,7,ration Internationale de Football Association
EUROASPIRE,7,
TMA,7,generated in the liver via oxidation of trimethylamine
MS2,7,
783X,7,
SCT,7,is absorbed via sodium-coupled carboxylate transporters
NGSP,7,that was certified with the National Glycohemoglobin Program
PMC8822996,7,
1I,7,
J774,7,
UNL,7,Multiples of upper normal limit
S0891,7,
CD18,7,
CDF,7,
30E,7,
07E,7,
39E,7,
FAM20A,7,
AQP9,7,
EGR1,7,
72E,7,
44E,7,
67E,7,
41E,7,
28E,7,
76E,7,
63E,7,
I63,7,
TSG101,7,
LVA,7,Total IFA and left ventricular myocardium area
JAJ,7,
CIHR,7,Scholarship from the Canadian Institutes of Health Research
AWT,7,left ventricular anterior wall thickness
PMC5882250,7,
PMC4301191,7,
PHQ,7,
ARC,7,Centre Award Sever Peter NIHR Applied Research Collaboration
FRAX,7,as BMD and the Fracture Risk Assessment Tool
FPR,7,
BMSC,7,
RANK,7,RANK-L ao Receptor Ativador de Fator Nuclear kappa-B
BMP7,7,
M6A,7,
PMC3268003,7,
ENEURO,7,
REDUCE,7,
XIENCE,7,
RAW,7,
OOB,7,These are referred to as the out-of-bag
KAMIR,7,collected by the Korea Acute Myocardial Infarction Registry
ARA,7,homologue arachidonic acid
FWHM,7,mm full-width at half-maximum
AVLT,7,as the MMSE and auditory verbal learning test
VMH,7,on the Cape Town Vascular and Metabolic Health
ORMOSIL,7,The organically modified silica
WCSA,7,cIMT and wall cross-sectional area
LDH1,7,
5I,7,
S0009,7,
COHESION,7,Health Systems to combat the Emergence of Hypertension
BIRPOP,7,in a population cohort of Birbhum Population Project
S4A,7,
S6A,7,
VAD,7,MCS with newer ventricular assist devices
SJS,7,
SHCG,7,the Specific Health Check and Guidance System
OMA1,7,
R3,7,
1A8,7,
KOH,7,
KKL,7,
CCAAT,7,
U6,7,this discrepancy could be due to the reference
KATH,7,attending clinic at the Komfo Anokye Teaching Hospital
F00,7,
AGP2,7,
APOC1,7,
FACIT,7,
I67,7,
DLH,7,
ROR,7,were interpreted by the ratio of odds ratios
SGR,7,s Report
IFA,7,The infarct area
U0126,7,
MEK2,7,
HHS,7,or hyperglycemic hyperosmolar state
I2M,7,
A8T12,7,
ATF4,7,
QZY,7,
SCOPE,7,Study on COgnition and Prognosis in the Elderly
REACH,7,was the Reduction of Atherothrombosis for Continued Health
AG006786,7,
UCLH,7,
SIFT,7,and annotated variants with Sort Intolerant From Tolerant
MS4A4,7,
PMC3090745,7,
GCKD,7,cross-sectional data from the German Chronic Kidney Disease
AFA,7,
NP40,7,
293T,7,
LWI,7,and lung weight index
TMED10,7,
ND4,7,
RSC,7,
EGFP,7,
MBRN,7,the Medical Birth Registry of Norway
GEPIA,7,normal lungs from Gene expression profiling interactive analysis
CCL19,7,
CCL21,7,
ACN,7,
RRVMI,7,were divided into recurrent right ventricular myocardial infarction
RSTEMI,7,recurrent ST-elevation myocardial infarction
RNSTEMI,7,and recurrent non-ST elevation myocardial infarction
RLMI,7,patients were divided into recurrent lateral myocardial infarction
RIMI,7,recurrent inferior myocardial infarction
RHLMI,7,further divided into recurrent high lateral myocardial infarction
TRIGR,7,in the Genetically at Risk Study
NR4A1,7,
MLM,7,
SFRP1,7,
ARNI,7,this new class of angiotensin receptor neprilysin inhibitors
KIM1,7,
JJL,7,
ATRL,7,
IFOL,7,
CIBERNED,7,Center for Networker Biomedical Research in Neurodegenerative Diseases
V717I,7,and London
JNPL3,7,
HMG20A,7,
CGC,7,
NQO1,7,
COMPARE,7,
SCOT,7,
EDITOR,7,
AG008702,7,
AG025688,7,
AG012300,7,
AG005136,7,
AG005681,7,
CD45RA,7,
TYR,7,This locus contained the Tyrosinase
TRPV4,7,via the expression of transient receptor potential vanilloid
J020990,7,
MIDP,7,computational model named MIRNAs associated with Diseases Prediction
RSW,7,
PPT,7,
MTOR,7,
KHPDCR,7,
LSW,7,
OTP,7,upregulation and orthopedia homeobox gene
CRR,7,Crude relative risk
H12,7,
ORA,7,underwent Over-Representation Analysis
WITH,7,
CANUE,7,by the Canadian Urban Environmental Health Research Consortium
KCW,7,
TSST,7,applying the Trier Social Stress Test
WNK1,7,such as those encoding kinase deficient protein
ATP1A2,7,
BAI,7,Body Adiposity Index
EVP,7,
ANGPT1,7,
PSAPL1,7,
CSF1,7,
PMEDICINE,7,
OAT2,7,
P30AG10161,7,
LFA,7,
DKK3,7,
LCORL,7,
TAS,7,using shortened versions of the Toronto Alexithymia Scale
TEER,7,Transcortical electrical resistance
10CV,7,
ELAVL1,7,
IAMCSST,7,
CA4,7,
UNOS,7,
FCG2B,7,low affinity immunoglobulin gamma Fc region receptor II-b
ASGR1,7,
JAK3,7,
STAT5B,7,
STFT,7,Compared with the short-time Fourier transform
IGF2R,7,
PEA,7,
CBN,7,Contraction band necrosis
MMIF,7,were transfected to overexpress macrophage migration inhibitory factor
AKGDH,7,alpha-ketoglutarate dehydrogenase
PDH,7,patients also exhibited a loss of pyruvate dehydrogenase
ERF,7,the Erasmus Rucphen Family Study
INVEST,7,
SPS3,7,
LATS1,7,
ABL,7,
ATI,7,p-tau index
UDCA,7,
TDCA,7,
HETE,7,
ISTAART,7,s Research and Treatment
SML,7,
KRIS,7,identified a kidney risk inflammatory signature
FSTL3,7,
ANID,7,support of National Agency for Research and Development
AG15819,7,
PIAS,7,
MHW,7,
MUC5B,7,
KYPHVF,7,
H2A,7,
FAC,7,and fractional area change
FPN1,7,
FILER,7,The Functional genomics repository
HIHG,7,Hussman Institute for Human Genomics
BWK,7,
ZNF609,7,
BAMBI,7,
S1P,7,
BTN2A1,7,
CHDH,7,our observation of overexpression of the choline dehydrogenase
SHMT1,7,
MAT1A,7,
SMOX,7,increased expression of the catabolic enzymes spermine oxidase
ARG2,7,
GLUL,7,
B6129,7,
SPN,7,
DOM2,7,
SHANK2,7,
PTPRC,7,
LC50,7,
BMMNC,7,
CONTRIBUTION,6,
CK20,6,
CYFRA21,6,
TPA,6,and Thyroid peroxidase antibody
DLBCL,6,Diffuse large B-cell lymphoma
S47,6,
IPSLROM,6,to as isolated postsurgical local recurrences or metastases
ACCP,6,
ZHANG,6,
GGC,6,
YU,6,
S062,6,
CYP3A,6,subfamily A
IA3,6,
NRC,6,National Research Council
IEP,6,Analysis using serum electrophoresis and immunoelectrophoresis
NAP,6,
MHD,6,high BMI in Taiwanese patients undergoing maintenance hemodialysis
JDI,6,
2I,6,
INE,6,were obtained from the Spanish National Statistics Institute
S0020,6,
828X,6,
ATN,6,acute tubular necrosis
CHINA,6,
EBGM,6,The empirical Bayes geometric mean
EB05,6,
IPASS,6,patients with advanced non-small-cell lung cancer in Asia
CALGB,6,Cancer and Leukemia Group B
JFE,6,
AQP4,6,
PDW,6,platelet volume distribution width
RJG,6,
DS1,6,
DOCA,6,Neurohumoral mechanisms in deoxycorticosterone acetate
PBG,6,postprandial blood glucose
PMC4121276,6,
CIT,6,NIH Center for Information Technology
S51,6,
S1808,6,
ICP,6,
RAI,6,mCi of radioactive iodine
MLD,6,the mean lung dose
BACKGROUND,6,
AAR,6,were photo-documented and analyzed for area at risk
RACE,6,
Y2,6,
K90,6,of these were significantly associated with intestinal malabsorption
TROPISM,6,
IEU,6,MRC Integrative Epidemiology Unit
PMC7737656,6,
ARID2,6,
K24,6,Fear of heart disease
PMC4934905,6,
B5,6,
2J,6,
2K,6,
RTOG,6,
YCH,6,From the Department of Neurology
TDU,6,
PMC6028095,6,
COBAS,6,
BOR,6,
TDS,6,
PPO,6,
BENEFIT,6,
CARI,6,
FQ,6,
TH2,6,
SPA,6,as solid pattern-predominant adenocarcinoma
UMOD,6,region of uromodulin gene
CACNA1C,6,
EDD,6,
AMS,6,s Mood Scale
IGF2,6,
PPARG,6,Peroxisome proliferator-activated receptor G
SST,6,will be obtained using the serum separation tube
KDM5,6,
FOS,6,
RESEARCH,6,
3336T,6,
13513G,6,
1555A,6,
3256C,6,
CFTR,6,
TTT,6,
DTE,6,and the deceleration time of E velocity
S0165,6,
JPER,6,
GSE97320,6,
GSE141512,6,
DIA668,6,
OTT,6,
S87,6,
S49,6,
NTA,6,Assessment of Nigerian television authority
HRPO,6,with the UHM HSC Human Research Protections Office
ETDRS,6,per the Early Treatment for Diabetic Retinopathy Study
NSRP,6,stroke enrolled in the Nanjing Stroke Registry Program
ONCAB,6,were candidates for on-pump coronary artery bypass grafting
ADVIA,6,
S22,6,
SOB,6,
RLU,6,
TIBCO,6,
S0277,6,
S67,6,
NMDAR,6,N-methyl-D-aspartate receptor
INFARCTION,6,
TIE2,6,
SAMJ,6,
BOX,6,
CMAR,6,
X9,6,
SELDI,6,
SPAIN,6,
ATL,6,
CGG,6,
LCR,6,
TXN,6,Another option is taxifolin
SD1,6,Nonlinear methods comprised the variables short-term variability
SD2,6,long-term variability
SDANN,6,
EMBC,6,the IEEE Engineering in Medicine and Biology Society
AFC,6,trifluoromethyl coumarin
TEA,6,
MRRH,6,antenatal care clinic of Mbarara Regional Referral Hospital
VO,6,
BHU,6,Indian Institute of Technology
TCS,6,
HALE,6,diseases and injuries and healthy life expectancy
PHM,6,
DKH,6,
SNSS,6,
S72,6,
PERSIAN,6,
JCL,6,
MASUN,6,s Needs
HER,6,
CYC,6,
SDG,6,which is included in the Sustainable Development Goal
PMC5081106,6,
MEGA,6,
OFF,6,
INTERVENTION,6,
FSH,6,The prediction indices included Follicle-Stimulating Hormone
CRS,6,and cytokine release syndrome
FMA,6,
3BG,6,
HLD,6,
AUA,6,According to the American Urological Association
H25,6,
SSABIC,6,Sample-Size Adjusted BIC
BLRT,6,and Bootstrapped Likelihood Ratio Test
PMC6724220,6,
11A,6,
S0076,6,
VLIR,6,Vlaams Interuniversitair Raad
UOS,6,Universitaire Ontwikkelingssamenwerking
PRIME,6,the Prospective Epidemiological Study of Myocardial Infarction
RANTES,6,of normal T cell expressed and secreted factor
HPC,6,Hypoxic preconditioning
DSS1,6,
DV1,6,
DSS2,6,
DV2,6,
RBMMMDA,6,machine for multiple types of miRNA-disease association prediction
PBMDA,6,disease association prediction method
AD1,6,
M05,6,and rheumatoid arthritis
MCG,6,
PVN,6,neurons of the hypothalamic paraventricular nuclei
MAN,6,
R338Q,6,
CEPH,6,
SEEK,6,Study for the evaluation of early kidney disease
Q6,6,
DAN,6,Diabetic autonomic neuropathy
L212F,6,
HMO,6,
GMD,6,
PC3,6,
PC4,6,
H146,6,
BQ123,6,the endothelin receptor
EORP,6,
RAH,6,
PDA,6,
FEW,6,to myocardial contractility and the forward expansion wave
AATS,6,Meeting of the American Association for Thoracic Surgery
PMC3719424,6,
IUBMB,6,
RECORD,6,
1P,6,
RBP,6,binding proteins
SLESQ,6,
NREM,6,nonrapid eye movement
PORT,6,of whom received postoperative RT
ADDU,6,
E13,6,
NIRG,6,
LN3,6,
LMD,6,Using the laser microdissection
OGG1,6,
SER,6,
LIF,6,
S169,6,
JCOG1211,6,ground glass opacity based on thin-section computed tomography
MJP,6,
NEW,6,
LNCSIM2,6,
GAS5,6,
FLAG,6,nested-PCR and real-time PCR fluorescent amplicon generation assay
TNFA,6,
ICMJE,6,
273X,6,
2S,6,
WFS1,6,wolframin ER transmembrane glycoprotein
TARGET,6,
FLI,6,performed by using the non-invasive fatty liver index
TIN,6,acute and chronic tubulointerstitial nephritis
HCRD,6,and hereditary and congenital renal disease
ANRS,6,
KXRF,6,recruited for a substudy of K X-ray fluorescence
ID1,6,
VO2,6,Oxygen uptake
E763,6,
DVN,6,
ISME,6,
TET,6,
CCND1,6,
RO1,6,
EAE,6,aureus infection and experimental autoimmune encephalomyelitis
AHS,6,
NAME,6,
JQW,6,
MARK,6,
ARWMC,6,were assessed using the age-related white matter changes
ZT,6,
CYS,6,
ICH,6,In patients with non-traumatic cerebral hemorrhage
PIA,6,Professional Interest Area
PMC3906709,6,
MARS,6,Minority Aging Research Study
BFP,6,Body fat percentage
PMS1,6,
IPO7,6,
STK39,6,threonine kinase gene
HAA,6,hospitalization due to the development of hospital-acquired anemia
1858T,6,
PERMANOVA,6,
FCT,6,
CAPI,6,CHARLS conducted computer-assisted personal interviews
SJK,6,
DDIMDL,6,
04E,6,
95E,6,
17E,6,
87E,6,
27E,6,
75E,6,
77E,6,
86E,6,
19E,6,
09E,6,
15E,6,
89E,6,
NBU,6,were retrieved when admission to the Newborn Unit
IUFD,6,
REB,6,legislated changes in Research Ethics Board
REWIND,6,
SURMOUNT,6,
AG030514,6,
UCLA,6,
AHB,6,
NIH3T3,6,
ERBB2,6,
WTI,6,
MOG,6,
TNFSF14,6,
GSIS,6,of human islet culture and glucose-stimulated insulin secretion
MIQE,6,Information for Publication of Quantitative Real-Time PCR Experiments
BES,6,
NVIDIA,6,
IFCC,6,traceable to the International Federation of Clinical Chemistry
REACTION,6,A longitudinal
APR,6,
TAME,6,Large-scale trials such as Targeting Aging with Metformin
RCP,6,
MNC,6,we analyzed the mononuclear cell
PKP2,6,
BMP6,6,
AD8,6,
AHSMOG,6,the Adventist Health Study on Smog
RESET,6,
A6,6,Na channels in a distal nephron cell line
KLH,6,short peptide sequence conjugated to keyhole limpet hemocyanin
CYP450,6,
CYP2J2,6,
OX3,6,
R1000,6,
R2001,6,
PMC10364581,6,
CYP27B1,6,
ONS,6,Office for National Statistics
JAMIR,6,
DMN,6,considered an important component of human default-mode networks
AD2,6,
SHARP,6,The Study of Heart and Renal Protection
LDH2,6,
LDH3,6,
MAZ,6,
PEPCK,6,
OBC,6,
PRAMS,6,from the Maryland Pregnancy Risk Assessment Monitoring System
HCB,6,and sex regarding carotid plaque except for hexachlorobenzene
NCT01852123,6,
SGL021,6,
NCT00794885,6,
HCS,6,calling were conducted by the HiSeq Control Software
S6B,6,
PDG,6,IgE were significantly higher in the pre-diabetes group
BRACE,6,
AIHW,6,Australian Institute of Health and Welfare
VAL,6,
GPX,6,and glutathione peroxidase
PDGFR,6,
VLDLR,6,and Very Low-Density Lipoprotein Receptor
CLT,6,
GPIHBP1,6,
MED00200,6,
SPIRIT,6,the Standard Protocol Items Recommendations for Interventional Trials
R12,6,
V007017,6,
BASIL,6,versus angioplasty in severe ischemia of the leg
PMC4407144,6,
ADAM,6,
5K,6,
BAR,6,the BUN-to-albumin ratio
OSPM,6,calculated with the operational street pollution model
STEM,6,
CRTF,6,
SMRW,6,and standardized mortality ratio weighting
3P,6,
CIL,6,
PLCG2,6,
PMC3677583,6,
PMC3631573,6,
MJMF,6,
H23,6,
NPH,6,
NOTCH2,6,
PMC2989531,6,
HEALS,6,The Health Effects of Arsenic Longitudinal Study
WGA,6,were stained with Masson-trichrome or wheat germ agglutinin
AML,6,
GF109203X,6,
PD98059,6,
IAA,6,
7BE,6,
WML,6,
NOTA,6,
NIEHS,6,of the National Institute of Environmental Health Science
SEB,6,
ASEAN,6,
CLINICAL,6,
EFFECT,6,of the Enhanced Feedback For Effective Cardiac Treatment
ADAM9,6,
MEP1B,6,
PSENEN,6,
LRRTM3,6,
APLP1,6,
APBA1,6,
GPR3,6,
ECE2,6,
CST3,6,
CTSD,6,
PLAT,6,
KLK6,6,
PSGL,6,
CD41,6,
CD62P,6,Higher levels of P-selectin
PRB,6,
MBD3,6,
DDIT4,6,
EBF,6,a global target for increasing the exclusive breastfeeding
RAE1,6,
FPS1,6,
FTA1,6,
4H,6,
AECOPD,6,DM medical history	NR	Acute Exacerbation
EDP,6,end-diastolic pressure
CJO,6,
DGE,6,differential gene expression
F20,6,
PWF,6,
FOXC1,6,
EN1,6,
ITLN2,6,
EMBL,6,
SARC,6,and Panel F shows the curve for sarcoma
5H,6,
RMMI,6,and recurrent multiterritory myocardial infarction
SFTPD,6,
CD80,6,
UCP,6,lica Portuguesa
AT4R,6,angiotensin IV receptor
M17,6,
ZDF,6,Zucker rats
AFD,6,including the apparent fiber density
CCF,6,
IFOR,6,
SLFBR,6,
SLFBL,6,
CSTR,6,
RMH,6,
QX,6,
HDF,6,In vegetarian patients undergoing hemodiafiltration
HOC,6,we computed a hippocampal occupancy
NGC,6,National Guidelines Clearinghouse
TURT,6,who received transurethral resection of the bladder tumour
LSAHP,6,Study of Ageing and Health in the Philippines
AMA,6,
PFU,6,plate forming unit
MAPK1,6,works by means of the mitogen-activated protein kinase
P30AG066512,6,
AG013846,6,
AG005146,6,
AG005134,6,
AG005138,6,
AG013854,6,
AG008017,6,
AG010161,6,
AG016573,6,
AG028383,6,
AG010124,6,
AG005142,6,
CXCR5,6,
SK1,6,
BAFF,6,and B cell activating factor
H10,6,
LOXL2,6,
GDA,6,
ESAVI,6,the Regional State Administrative Agency for Southern Finland
SURI,6,selective urate reabsorption inhibitor
PBSA,6,
THR,6,
SHC,6,
CLS,6,
ECH,6,
2D6,6,
2C9,6,
2E1,6,
CPMG,6,
WHLK,6,
38E,6,
SCF,6,can inhibit the secretion of stem cell factor
CACS,6,with the coronary artery calcium score
WAP,6,
PCBD2,6,
SERPINE2,6,
C83,6,carboxy-terminal fragment
PPH4,6,
GROMACS,6,
PDE5A,6,
SSCI,6,We searched MEDLINE and Social Sciences Citation Index
TAHINA,6,
PASE,6,by the Physical Activity Scale for the Elderly
FIM,6,was carried out using the Fisher information matrix
AAE,6,
AIF,6,apoptosis-inducing factor
BRB,6,retinal barrier
GRM,6,and genetic relationship matrix
AG032984,6,
AG021886,6,
SBUH,6,patients admitted to the Stony Brook University Hospital
NLRC4,6,
ASK1,6,
DIV3,6,
CNQX,6,
MSS4,6,
MIPC,6,P and the complex sphingolipid mannose-inositol-phosphoceramide
EXCOR,6,
BIPQ,6,Perception of illness
IMIBE,6,Biometry and Epidemiology
MFAP4,6,
SMAD4,6,
STAT5A,6,
R01AG027161,6,
IPMI,6,Inferior Posterior MI
CWT,6,Continuous Wavelet Transform
PI3KCA,6,
GDC,6,proprietary panel of controls for genomic DNA contamination
SPTA1,6,
NCDC,6,the Nigeria Centre for Disease Control and Prevention
KZA,6,
RTC,6,a reverse transcription control
KLK7,6,
C24,6,
IALM,6,algorithm and inexact augmented Lagrange multipliers
NKX2,6,
MEF2,6,
UNIM,6,
LARC,6,studied specifically the use of long-acting reversible contraception
CD93,6,
AJOL,6,African Journals Online
AB42,6,
EPEA,6,association between the MoCA score and EPA-derived ethanolamide
DHEA,6,
TCDCA,6,
HSPG2,6,
MAST,6,
VGF,6,
JLH,6,
TEAC,6,trolox equivalent antioxidant capacity
HFR,6,examined and compared the effects of haemodiafiltration
ARG1,6,
TCEQ,6,Texas Commission on Environmental Quality
TLV,6,put the threshold limit value
SPYRAL,6,
ASNS,6,
DA3,6,
MHQ,6,
KP500,6,
Q9R0S6,6,
Q4VWZ5,6,
DARM,6,distributed data through the Data Access Request Management
U01AG057659,6,the Uniformed Services University of the Health Sciences
RF1AG054074,6,
AG028786,6,
EFIGA,6,Hispanic Estudio Familiar de Influencia Genetica de Alzheimer
R01AG42210,6,
NS072026,6,
AG19610,6,
U54NS100693,6,
VCPA,6,
GRK2407,6,
GIT,6,
UBASH3A,6,
VEGFC,6,
ILE31,6,
IITP,6,
02CON,6,
QDRS,6,The Quick Dementia Rating System
AL001,6,
ABAC1,6,
AL002,6,
NCLX,6,
CCR6,6,
CTH,6,
PAOX,6,which can then be oxidized by polyamine oxidase
GLS2,6,
NAT8L,6,
ALDH1L1,6,
CH2THF,6,
FAVOR,6,
BCS1L,6,
GLCM,6,The Gray Level Co-occurrence Matrix
BIMC,6,the Bayesian Inference Malignancy Calculator
PLA2G4A,6,
IMW,6,Glomerular biomarkers are either intermediate
ETN,6,
BDTD,6,
ADDIE,6,
IRF3,6,
HT22,6,
IVI,6,
CSPG4,6,
GSE143319,6,available expression profiling by high throughput sequencing data
5NZZ,6,
CRHR1,6,
KCNE5,6,
SHANK3,6,
SPHK2,6,
SLIT2,6,
FLNC,6,
FX06,6,
TOPCARE,6,
REPORT,5,
P63,5,
PMC4109980,5,
510X,5,
LU,5,
S232,5,
PMC4633788,5,
RTK,5,as well as the receptor tyrosine kinase
GTV,5,daily regression was determined in gross tumor volume
CIRCEP,5,
NHL,5,and non-Hodgkin lymphoma
JBJS,5,
S64,5,
HHV,5,
VUS,5,
S6K,5,
APJCP,5,
PIVR,5,Postinfarct ventricular remodeling
ADS,5,treatment for diabetes according to Australian Diabetic Society
PMC3156766,5,
T12,5,
MSR,5,
EAU,5,
OCA,5,the prevalence of occluded coronary arteries
S0025,5,
NFLPA,5,
IVC,5,presence of inferior vena cava
IIIC,5,
1A1,5,
15O,5,
OSEM,5,D ordered subset expectation maximization
PMC6295048,5,
GRK2,5,
WMSI,5,and the wall motion score index
LVESVI,5,left ventricular end-systolic volume index
DAP,5,and diastolic arterial blood pressure
PMC3603230,5,
PSIR,5,CMR was performed with a phase-sensitive inversion recovery
PO4,5,serum phosphorus
IEMBS,5,
M30,5,la secuencia central
NLST,5,year National Lung Screening Trial
PMC4356534,5,
ROCFT,5,copy of the Rey-Osterrieth complex figure test
JPD,5,
MPMN,5,cancer patients suffering from multiple primary malignant neoplasms
EQD2,5,Gy fractions
V20,5,
INCA,5,
CMM,5,s Research UK
DTB,5,
REACT,5,from the Rapid Early Action for Coronary Treatment
LTD,5,Long term depression
LVED,5,expression of increase of LV end diastolic pressure
H52,5,
NQ,5,
MJL,5,
S130,5,
CHARM,5,Assessment of Reduction in Mortality and morbidity
HFSA,5,
JKN,5,the Jaminan Kesehatan Nasional
K25,5,Fear of hypertension
S66,5,
DIGAMI,5,Diabetes and Insulin-Glucose Infusion in Acute Myocardial Infarction
V9,5,
MRT,5,
ISRN,5,
MOHW104,5,
UG,5,
314X,5,
JSH,5,Japanese Society of Hypertension
BQ,5,
JIM,5,
QR,5,
GENE,5,
NEJM,5,
IRAS,5,The Insulin Resistance Atherosclerosis Study
GLUT9,5,
EURODIAB,5,
PHACTR1,5,
CONTACT,5,
REGARDS,5,Reasons for Geographic and Racial Differences in Stroke
ESS,5,ethanol-saline solution
DCNS,5,
GGT1,5,
GSE,5,Gene Expression Omnibus
PPIN,5,The protein-protein interaction network
NIGMS,5,National Institute of General Medical Sciences
CXCL3,5,
S100A8,5,
MNM,5,
ROAD,5,
SAEM,5,
TGA,5,
MEJ,5,
CADILLAC,5,and Device Investigation to Lower Late Angioplasty Complications
TCRM,5,
BF00280883,5,
PLGA,5,
KEEP,5,s Kidney Early Evaluation Program
S77,5,
AG05681,5,
IRMA,5,the renal insufficiency and anticancer medications
VTDR,5,Vision-threatening diabetic retinopathy
MOHW,5,the Minister of Health and Welfare of Taiwan
S42,5,
PMC3762603,5,
PGIMER,5,Post Graduate Institute of Medical Education and Research
ACCORD,5,
ORIGIN,5,
T32,5,
S102,5,
GABAB,5,
VLAX,5,
HLAX,5,and on a horizontal long-axis view
HINARI,5,
IJWH,5,
RAA,5,
FKL,5,
DOAJ,5,and Directory of Open Access Journals
CHOICE,5,
VY,5,
C25,5,
GTA,5,
KQ,5,
A8,5,
097X,5,
PECAM,5,
XXI,5,
TDC,5,
RLI,5,
PMC6274679,5,
UCH,5,
CGM,5,often involves continuous glucose monitoring
UMR,5,
EFS,5,
MAGNETOM,5,
SPARG,5,data from the Scottish Physiotherapy Amputee Research Group
DGCR8,5,
HSID,5,issued by the Health Statistics and Information Department
S69,5,
S79,5,
FUMS,5,Research Center of Fasa University of Medical Sciences
ZP,5,
T29,5,
ASG,5,
S80,5,
S266,5,
TRPS1,5,
MEG3,5,
PKG,5,
PQ,5,
BLISS,5,cancer patients from the Brazilian Li-Fraumeni Syndrome Study
SVLPD,5,years on supplemented very-low-protein diet
NAJ,5,
CARIM,5,Cardiovascular Research Institute Maastricht
MOR,5,The median odds ratio
ASHA,5,
NPCDCS,5,Cardiovascular Diseases and Stroke
8F,5,
20E,5,
C7,5,
TIL,5,
M114,5,
291X,5,
ASI,5,
KH2PO4,5,
1N4R,5,
CD90,5,
FSC,5,and forward scatter
KL2,5,
H11,5,
TZD,5,
GATA3,5,
A9,5,
0E,5,
SS1,5,In the first sampling stage
RVLM,5,Speth RC Angiotensin modulation of rostral ventrolateral medulla
NMM,5,Frequency and predictive factors of nodal micro-metastasis
DNP,5,Dictionary of Natural Products
PMSF,5,mM phenymethylsulphonyl fluoride
HMW,5,or high molecular weight
TP63,5,
CRUI,5,
MELD,5,
CKD1,5,
GRPR,5,
JAP,5,
4X,5,
S58,5,
WTCCC,5,performed by the Wellcome Trust Case Control Consortium
PMC2034723,5,
32P,5,
UFMG,5,da Universidade Federal de Minas Gerais
CHADS2,5,
DOAC,5,
O1,5,
GLMM,5,Negative binomial generalized linear mixed modeling
TRAF6,5,
Q25,5,
9D,5,
DNPH,5,
BCW,5,and backward compression wave
JFL,5,
660X,5,
AMH,5,evaluation and follow-up of asymptomatic microhematuria
VICTORIA,5,
PAQUID,5,
CHAP,5,the Chicago Health and Aging Project
CSR,5,
NPA,5,and nanoparticle analysis
ZEB1,5,
ESCRT,5,
QML,5,Quantum Machine Learning
ADNI1,5,
RAM,5,
AIBL,5,Biomarkers and Lifestyle
S54,5,
NHSL,5,and the South African National Health Systems Laboratories
CYP3A5,5,
VERY,5,
GSTM1,5,
GAM,5,STAS was produced by the generalized additive model
PMA,5,
NSS,5,
S1053,5,
IGFBP7,5,
NPC1L1,5,
M15,5,
SIN,5,Authors thank the Italian Society of Nephrology
RIN,5,RNA integrity number
RLT,5,
AAALAC,5,Assessment and Accreditation of Laboratory Animal Care International
SMW139,5,
ASCO,5,
MINA,5,
DANCR,5,
CCD,5,coupled device
AXA,5,
TREAT,5,trial to reduce cardiovascular events with Aranesp therapy
PMC2890264,5,
JAT,5,
MBA,5,
WU,5,
NDRD,5,particularly when distinguishing it from nondiabetic renal disease
S161,5,
IL1A,5,
JIP,5,
BHR,5,basal heart rate
NN50,5,ms in entire recording
NIST,5,with the National Institute of Standards and Technology
LBM,5,The RMR normalized to the lean body mass
AHJ,5,
AFR,5,
SIRT,5,
RAC1,5,
MUC5AC,5,
MISSION,5,Sorafenib in patients with non-small cell lung cancer
OPTIMIZE,5,
7F,5,
PMC6500570,5,
UEFA,5,Union of European Football Association
RNP,5,
PLEX,5,
ICAG,5,Indole Carboxylic Acid Glucuranide
TH17,5,
KWW,5,
ACAG,5,Alleles of the tetra nucleotide repeat
NIHSS,5,
TREC,5,s Turfloop Research Ethics Committee
H2B,5,
FKZ,5,
AD10,5,
CHAT,5,
BALKAN,5,
CDH,5,
852T,5,
852CC,5,
LYP,5,which encodes lymphoid tyrosine phosphatase
CSK,5,domain of the C-terminal Src kinase
852CT,5,
1858CC,5,
PROTECT,5,
T11,5,
NIOSH,5,the National Institute for Occupational Safety and Health
NECOSAD,5,Netherlands Cooperative Study on the Adequacy of Dialysis
TITAN,5,non-small-cell lung cancer with poor prognosis
ILC3,5,
5M,5,
FAM20,5,
36E,5,
68E,5,
ST14,5,
STAB1,5,
26E,5,
CD64,5,
TBP,5,and TATA box binding protein
85E,5,
59E,5,
46E,5,
57E,5,
I61,5,
I48,5,
MMY,5,
XAI,5,re actively looking into integrating advanced eXplainable AI
BOP,5,recording of bleeding on probing
SFA,5,
NKG2D,5,member D
MSIT,5,grant funded by the Korea government
FEATHER,5,
TNFSF,5,we hypothesised that the TNF superfamily
TNFRSF14,5,
BRE,5,
NTC,5,no template control
WT103782AIA,5,recipient of a Wellcome Trust Senior Investigator Award
CPG,5,ESC Committee for Practice Guidelines
PMC4414368,5,
PMC5299097,5,
PMC4037163,5,
CGA,5,and albuminuria category
VPI,5,
CHR,5,review to the UCSF Committee on Human Research
FROM,5,
ETAR,5,Endothelin Type A Receptor
PBA,5,PPI of brain ageing
SONAR,5,diabetes and chronic kidney disease
DM10,5,
CEM,5,coated dishes in complete explant medium
WCX,5,supported by grant from Department of Veterans Affairs
KM670,5,
671NL,5,
PMC3474597,5,
PMC3266529,5,
PMC7566194,5,
KATP,5,
9DU,5,
ESF,5,
SANHANES,5,South African National Health and Nutrition Examination Survey
R12801,5,
R1001,5,
R2000,5,
SAMRC,5,funded by the South African Medical Research Council
K6,5,
OHD,5,
C20,5,
RAND,5,
DEJ,5,
INNOTEST,5,
PRM,5,
LINE,5,
W1,5,
NHE,5,
BMG,5,
H7,5,
K12HDO52023,5,
HBPM,5,Home Blood Pressure Monitoring
680RD,5,
S0306,5,
PMC3145073,5,
AIREN,5,Enseignement en Neurosciences
ONTARGET,5,and in Combination With Ramipril Global Endpoint Trial
328X,5,
PMG,5,
MASSVOL,5,
MICCAI,5,
TGM,5,and volumes for total gray matter
IHME,5,Seattle Institute for Health Metrics and Evaluation
PMC5058882,5,
METSIM,5,
Z1,5,
QECH,5,Hypertension clinics of the Queen Elizabeth Central Hospital
PMC7755038,5,
OCDD,5,as well as octachlorodibenzo-p-dioxin
PMC5683043,5,
NHR,5,the non-HR
S7A,5,
834X,5,
USP,5,o Paulo
PMR,5,
COV2,5,
RHS,5,
RSEM,5,
M116,5,
NADP,5,
S112,5,
SFHN,5,received healthcare in the San Francisco Health Network
UD,5,
DRP1,5,fragmented and swollen mitochondria with increased fission signaling
IY,5,
TARRACO,5,
GMR,5,
OGT,5,
DUKE,5,Functional Social Support Questionnaire
HSCIC,5,Health and Social Care Information Centre
CD11,5,
NHSX,5,
ARCHITECT,5,
MPT,5,
ESCC,5,squamous cell carcinoma
10A,5,
10B,5,
10C,5,
REIN,5,The French Renal Epidemiology and Information Network
KZ,5,
PMC4380465,5,
RMC,5,
CSIC,5,Superior Council of Scientific Investigations
ECA,5,
SDHR,5,
KEH,5,study was conducted at King Edward VIII Hospital
CANADA,5,
VARIANTS,5,
PLD3,5,
DIA,5,proteins from the data-independent acquisition
AEA,5,
MMEC,5,
MEQ,5,stberg Morningness-Eveningness Questionnaire
079X,5,
PMC4226890,5,
PEAK,5,
APPSWE,5,in cells expressing amyloid precursor protein Swedish mutation
MTS,5,
IES,5,
34E,5,
C26,5,
BEC,5,primary human bronchial epithelial cell
TGR5,5,
JMK,5,
PCH,5,
GLGC,5,data provided by the Global Lipids Genetic Consortium
RAB,5,
3I,5,
GPR55,5,
OGD,5,or oxygen and glucose deprivation
PGR,5,
E270K,5,
LR11,5,
PMC3084173,5,
PMN,5,
ALW,5,
MTA3,5,
MBD2,5,
E18,5,
CELL,5,
PROTEIN,5,
RAE2,5,
FTA2,5,
ASAH2B,5,putative inactive neutral ceramidase B
KMR,5,
METAL,5,
I01,5,
ELK4,5,
NAMPT,5,
CAF,5,coded allele frequency
LIHC,5,
THCA,5,Thyroid carcinoma
VKDP,5,
PITPNM3,5,
U133A,5,
SFTPA2,5,
DECR,5,
ICD8,5,
WIF,5,
CTNNB1,5,
NIMHD,5,National Institute on Minority Health and Health Disparities
ATRR,5,
UNCR,5,
UNCL,5,
I79,5,
U5B1B2,5,
K1A1B2A1,5,
EUR,5,We used European population reference
FTL,5,
7900HT,5,
CATCH,5,CT in the treatment of acute chest pain
R0,5,
SRY,5,
2A1,5,
EAA,5,comparing standard AA with essential amino acids
C17,5,
HJ8,5,
HJ9,5,
ACADEMIC,5,
AARG,5,
NRT,5,and no reverse transcriptase control
AG047366,5,
AG023501,5,
VIB,5,
UZ,5,
VDAC1,5,
L023784,5,
NELFCD,5,Negative elongation factor CD
PTPRD,5,risk variants in protein tyrosine phosphate receptor delta
ULD,5,is a recommendation for prescribing a urate-lowering drug
PMC4926978,5,
GIF,5,we used the Geodesic Information Flows
JPV,5,
PYM,5,
DLS,5,Dynamic light scattering
UUCR,5,
C42H72O13,5,
ILE,5,in a group treated with intravenous lipid emulsion
DLK,5,
MAI,5,
HJB,5,
HL105756,5,
NEUROD1,5,
VAKI,5,Vancomycin-associated AKI
ADM,5,
IAMRAT,5,the Institute for Advanced Medical Research and Training
DOT,5,
SOP,5,standard operating procedures
IHS,5,Nation hospital and Albuquerque area Indian Health Services
ZIO,5,
CTRP12,5,
SHK,5,
3R4R,5,
F03,5,
NRP,5,
ZCWPW1,5,
AUCG,5,area under the curve with respect to ground
QE,5,was subsequently expressed as milligrams of quercetin equivalents
RELA,5,
DYRK1A,5,
A152T,5,
TIIA,5,Tanshinone IIA
VLA,5,
PPH3,5,
TIGIT,5,
HUVEC,5,
PLCB1,5,
20S,5,
NOP,5,we also used the Novel Object Preference
FCSRT,5,The Free and Cued Selective Reminding Test
PINK,5,
FGFR2,5,
NR3C1,5,
R01AG17917,5,
BA22,5,Brodmann area
PS2,5,
SNHG7,5,
PSAT1,5,
TIMP2,5,
HDAC5,5,
FOXO3,5,
ATRI,5,s Therapeutic Research Institute
XWAS,5,
APG,5,accelerated proximal gradient
PMC3134393,5,
ELH,5,
RUNX,5,
C38,5,
FLEX,5,and molecular flexibility
FPM,5,
IMME,5,
CYP2E1,5,
SALB,5,
SPO14,5,
CAH6,5,carbonic anhydrase
SVEP1,5,
NRG4,5,
STAT4,5,
CD22,5,
ALMI,5,Anterior Lateral MI
ILMI,5,Inferior Lateral MI
IPLMI,5,Inferior Posterior Lateral MI
LEW,5,
SJV,5,
REOLYSIN,5,
PMCTA,5,excised heart or during whole body post-mortem CT-angiography
AGPAT1,5,
TAP2,5,
PRTN,5,and in samples pre-treated with Prop
BUTN,5,and But
IRAK2,5,
HSTP,5,also the target of Health Sector Transformational Plan
AJE,5,PLOS has partnered with both American Journal Experts
SFRP2,5,
SKK04,5,
OVID,5,and diabetes	MEDLINE
JCD,5,
GPJ,5,
EBL,5,
PLGF,5,placental growth factor
NLRC5,5,
MNP,5,Treatment	Magnetic nanoparticles
SERS,5,Surface-enhanced Raman spectroscopy
TUDCA,5,
TLR7,5,
DOWN,5,
INCLUDE,5,
RO5126766,5,
VCAN,5,
MAOB,5,
MGI,5,the official name and unique Mouse Genome Informatics
FKW,5,
AZD8797,5,
LTL,5,
CKF,5,
FHH,5,
PRODEM,5,
AG019085,5,
AG17917,5,
AG03991,5,
AG490,5,
SHP2,5,
PIAS3,5,
R17,5,
SFGC,5,after double-blind exposure to intravenous sodium ferric gluconate
MRTF,5,
RUNX2,5,
SMAD7,5,
DROSHA,5,
GATA6,5,
ACGIH,5,the American Conference of Governmental Industrial Hygienists
MNNCE,5,
PCDU,5,improving flaccid acceleration at Penile Colour Doppler Ultrasound
NCW,5,the Mizuhopecten yessoensis derived ACE inhibitory peptide Asn-Cys-Trp
YOU,5,
TPPP,5,Tubulin polymerization protein
XAT,5,excisional activation transgenic
NS080820,5,
R01AG064877,5,
RF1AG054080,5,
NS072187,5,
APO,5,Analysis and Policy Observatory
HKYN,5,
EQ5D,5,
HIPK3,5,
CCL14,5,
LYS97,5,
NRVM,5,
AICD,5,the formation of an APP intracellular cytoplasmic domain
KGF,5,secrete soluble molecules such as keratinocyte growth factor
PDX,5,
BSN,5,
ARTAG,5,and aging-related tau astrogliopathy
BPV,5,Blood pressure variability
DETC,5,a specialized subset termed dendritic epidermal T cells
BTN3A1,5,
8AH,5,
BHMT2,5,
MTHFD1,5,
AMD1,5,through its decarboxylation by the enzyme SAM decarboxylase
ASS1,5,
CPS1,5,
THF,5,
YYL,5,
FREEMIX,5,
ATP6,5,
HDAC9,5,
MPST,5,mercaptopyruvate sulfurtransferase
CPPH,5,day of CPP
HFHS,5,
INK,5,
ATTAC,5,
KRFT,5,
COMET,5,
DLL1,5,
SAHF,5,and senescence-associated heterochromatic foci
TCX,5,we obtained snRNAseq profiles from temporal cortex tissue
TSC22D3,5,
AHNAK,5,
2XWC,5,
SULT1C2,5,
STOX1,5,
CASQ2,5,
KCNE2,5,
CCNA1,5,
SLC4A4,5,
SCN4A,5,
SLC19A3,5,
RRAD,5,
ACVR1C,5,
MLXIPL,5,
EDA,5,
POLM,5,
FASLG,5,
DAB2,5,
DYNC1I1,5,
ITGA4,5,
SLC4A1,5,
TFRC,5,
NCKAP1L,5,
EEF1A1,5,
TZP22,5,
TZPS10,5,
OCTADECANE,5,
TETRAMETHYL,5,
RMBF,5,
ALMS1,5,m syndrome
GSA,4,
UMMC,4,ethics review board in University Malaya Medical Centre
I11,4,
I13,4,
CK5,4,
87215B,4,
R734,4,
UL1TR000424,4,
TRIPOD,4,Multivariable Prediction Model for Individual Prognosis or Diagnosis
NCCT,4,ultrasound KUB and non-contrast computerized tomography
PMC2797383,4,
CD10,4,
EVG,4,
S0894,4,
S1980,4,
PBD,4,
P40,4,
2T,4,
MDM2,4,
IUGR,4,via caesarean section due to intrauterine growth restriction
ABCC8,4,
VTAS,4,
AE1,4,
ISPDS,4,was significantly larger than that of descending segment
ISPAS,4,Infarction size percent of ascending segment
GISSI,4,
S0029,4,
ISS,4,
S46,4,
US13,4,
NEO,4,
TVD,4,
DVD,4,
TBX3,4,
861X,4,
LAG,4,
PIONEER,4,HEalth and Eye Disease pRofile in Elderly Singaporeans
IJHT,4,
PMC3321340,4,
S081,4,
LEVIS,4,
ANR,4,Inherited Alzheimer Network Agence Nationale de la Recherche
ADN,4,
KSJ,4,
NF1,4,
CWM,4,
BRM,4,
NUT,4,
CANVAS,4,Data from the ongoing CANagliflozin cardioVascular Assessment Study
1A2,4,
WNR,4,
MHM,4,
GDMA,4,
FABP4,4,
DU,4,
RWMSI,4,a higher regional wall motion score index
LMVI,4,
OBJECTIVES,4,
IOP,4,The mean intraocular pressure
MARCH,4,AcaRbose in Chinese as the initial Hypoglycaemic treatment
PMC3299675,4,
410X,4,
PMC2714657,4,
RCPM,4,s Coloured Progressive Matrices
FAB,4,
CD1,4,
NNK,4,
CCL4,4,
CD117,4,
E16,4,
S39,4,
DIDMOAD,4,UK Nationwide Study of Wolfram
BIAP25,4,
131I,4,
PROMISE,4,
GRC,4,
MVR,4,LV mass to volume ratio
IPR,4,
S34,4,
NIVEL,4,Netherlands Institute for Health Services Research
K75,4,
T90,4,
EMPRISE,4,
CSP,4,
REAL,4,
ZI,4,
GPD2,4,phosphate dehydrogenase
PMC6227755,4,
UHC,4,s health sector to accomplish Universal Health Coverage
AVC,4,
SHJ,4,
C02,4,
S59,4,
S107,4,
670X,4,
LCW,4,
V7,4,
SPM8,4,imaging data were analyzed using statistical parametric mapping
VBM,4,is called voxel-based morphometry
BM104010092,4,Stroke Biosignature Project
NRPB,4,
CMU,4,
JE20140147,4,
ROX,4,
PMC2998712,4,
041X,4,
PMC4170722,4,
PMC4849733,4,
T7,4,
RBE,4,
RCIPD,4,the Registry of Catastrophic Illnesses Patient Database
106X,4,
USC,4,
S73,4,
MT1,4,
CVS,4,other cardiovascular
PMC1361785,4,
THL,4,National Institute for Health and Welfare
8QQ,4,
PMC4589895,4,
HT2,4,
I26,4,
PMC7475801,4,
GPAQ,4,week as per the Global Physical Activity Questionnaire
PMC5312172,4,
RAC,4,
CAV1,4,
CPE,4,
GCGR,4,
GHRL,4,
GLP1R,4,
SLC2A2,4,
CD147,4,
PMC7118626,4,
CORONADO,4,
JLB,4,
UCD,4,Institutional Review Board at University of California Davis
EIF1AY,4,
S100A9,4,
CXCL13,4,
CCL22,4,
MERAT,4,
AVVTI,4,
LVPEP,4,
LVSTI,4,
LVISD,4,
PHT,4,and hepatosplenic forms with and without pulmonary hypertension
AMERICA,4,
TH15,4,
NRMI,4,analysis from the National Registry of Myocardial Infarction
ATT,4,
S0024,4,
MFC,4,Marshfield Clinic
CD007122,4,
PCD,4,program is collectively known as programmed cell death
PMC102409,4,
ONF,4,
PVS,4,enlarged perivascular spaces
2011E3300300,4,
2012E3301100,4,
2013E3301600,4,
S109,4,
BAYER,4,
GERMANY,4,
CRH,4,although corticotropin-releasing hormone
BIROAD,4,
MSKCC,4,study from the Memorial Sloan Kettering Cancer Center
LSCC,4,heavy smoking history was diagnosed with lung SCC
NCIC,4,
IVT,4,
CWS,4,cotton-wool spots
PMC5408511,4,
CLG,4,
EGL,4,
C2C12,4,
GM2,4,
NCS,4,nerve conduction studies
V6,4,
CFS,4,
RAD,4,
IGC,4,
GCP,4,via a centrally controlled web-based Good Clinical Practice
CLARITY,4,
VADT,4,and mortality in the Veterans Affairs Diabetes Trial
PMC4985288,4,
PEDW,4,England and the Patient Episode Database for Wales
GWG,4,gestation weight gain
MEDICAL,4,
IVIG,4,intravenous immunoglobulin
UJAT,4,
REMI,4,
IDEAL,4,
S63,4,
RVD,4,
IOSR,4,
JMC,4,
RENAL,4,
POSTEMI,4,
IGFR,4,Insulin can also be affected through IGF receptor
PMC4491542,4,
S30,4,
PMC3380651,4,
PMC2758258,4,
PMC7310804,4,
CGR,4,at the National Cancer Institute Cancer Genomics Research
ECF,4,
PMC5824320,4,
WCS,4,
TCG,4,
UF,4,
T174M,4,
DTA,4,
924154712X,4,
APOA1,4,
JHJ,4,
APKD,4,
S128R,4,
FAM,4,
SJW,4,
PPM,4,
PMC3005817,4,
MUST,4,hosted at Mbarara University of Science and Technology
EMENO,4,
S0014,4,
PEPFAR,4,s Emergency Plan for AIDS Relief
973X,4,
S113,4,
R5,4,
DESIGN,4,
S36,4,
SABE,4,
MODD,4,the mean of daily difference
PMC4020724,4,
M5,4,
S29,4,
KIRAMS,4,Korea Institute of Radiological and Medical Sciences
ANE,4,
3MS,4,
P30GM103337,4,
EBSCO,4,
PMC2736774,4,
5FC,4,
XHL,4,
DVR,4,Distribution volume ratio
LICAMM,4,Leeds Institute of Cardiovascular and Metabolic Medicine
Q24,4,
PVA,4,involves a model to determine parenchymal volume analysis
PMC3380649,4,
ZB,4,
ERBB,4,
WPRO,4,as defined by the Western Pacific Regional Office
CD001892,4,
NAAG,4,which catalyzes hydrolysis of N-acetyl-aspartyl-glutamate
NGO,4,is a Cambodian non-governmental organization
CD001096,4,
GMM,4,
I00,4,
ISIS,4,A Parish S International Studies of Infarct Survival
T2WI,4,
981X,4,
BP1,4,
H3K4,4,
AJTCAM,4,
SAV,4,
SORT1,4,
SNUBH,4,Department of the Seoul National University Bundang Hospital
AIT,4,
GROUP,4,
WC1E,4,
6BT,4,
MTBR,4,
0N3R,4,
RA119,4,
S1677,4,
IBJU,4,
NBGFR,4,called new baseline GFR
AOO,4,between each endophenotypic signal and age of onset
PMC7314067,4,
H14,4,
EDIC,4,
DAFNE,4,the UK-based Dose Adjustment for Normal Eating
N05,4,
LIMITATIONS,4,
EIJ,4,
TRPG,4,Tricuspid regurgitation pressure gradient
SSRS,4,
MDSC,4,myeloid-derived suppressor cells
OU,4,
OTC,4,including herbal remedies and over-the-counter
S0026,4,
PAPP,4,
LAMA,4,and muscarinic receptor antagonists
LABA,4,adrenoceptor agonists
S0039,4,
SECA,4,
PMC5833509,4,
CD013212,4,
S0195,4,
QG,4,
OUTCOMES,4,
WISE,4,s Ischemia Syndrome Evaluation
DD2,4,
SS2,4,
PMC5400576,4,
PMC5323153,4,
PMC4754743,4,
PMC2880408,4,
PMC3964961,4,
PMC5384769,4,
1MB,4,
M06,4,and other rheumatoid arthritis
T255I,4,
R234H,4,
P322L,4,
ECCAC,4,UK healthy controls
AG000950,4,
PPTX,4,
AIRC,4,Associazione Italiana per la Ricerca sul Cancro
TBW,4,total body water
AMV,4,
SUPPL,4,
R24,4,
CKD2,4,
ABCG2,4,
CCH,4,
FHL,4,are associated with familial hemophagocytic lymphohistiocytosis
AHCA,4,
CNTF,4,ciliary neurotrophic factor
NMB,4,the interventions which maximize the net monetary benefit
PC7,4,
MOPS,4,propanesulfonic acid
BBI,4,have shown that the Bowman-Birk inhibitor
ETA1,4,
JPR,4,
EHRA,4,consensus document from the European Heart Rhythm Association
2162402X,4,
CXCR,4,
EAPCI,4,
ATII,4,
TAA,4,
PNAS,4,
2DGE,4,
RMSEP,4,as the root mean square error of prediction
FP6,4,
PMC3111021,4,
PMC3425349,4,
S128,4,
DRSM,4,
ALD,4,
IOF,4,
LEPR,4,
AGO2,4,
NNHS,4,National Nutrition and Health Survey
S120,4,
IL4,4,
K3EDTA,4,
XFL,4,
HTR2A,4,variations in the genes encoding for serotonin receptors
CHRPE,4,Publication and Ethics
BMY,4,
PMC3959732,4,
TH11,4,
XHZ,4,
D607,4,
D613,4,
PMC6323986,4,
HNP1,4,
E12,4,
TNBC,4,
AIOM,4,An Associazione Italiana Oncologica Medica
CDH23,4,
RHBDF2,4,
IBC,4,
JCI46122,4,
PMC3204831,4,
PMC3458463,4,
LOH,4,p loss of heterozygosity
AY168647,4,
9HTE,4,
JCOG,4,The Japan Clinical Oncology Group
JCOG0804,4,
STROCSS,4,control studies in surgery
HRCT,4,Preoperative planning was based on high-resolution computed tomography
PMC10036605,4,
T1N0,4,
KASP,4,genotyping was performed using Kompetitive allele-specific PCR
DPA,4,
SCXK,4,
474X,4,
ENGL,4,
SVA1,4,
ILNCSIM,4,
SIMCLDA,4,
PVT1,4,
BCYRN1,4,
JBHI,4,
RIDE,4,the Research Institute for Diseases in the Elderly
GSVA,4,
PAM50,4,
BARD1,4,
FSLC,4,education level less than First School Leaving Certificate
ISA,4,
DOTATATE,4,
ULN,4,
JGO,4,
HSPN,4,nlein purpura nephritis
PLA2R,4,
TACE,4,and transcatheter arterial chemoembolization
N29,4,
RER,4,calories based on the presumed resting energy requirement
SIZE,4,molecular size
POC,4,
JPEN,4,
LIMK1,4,
MUC3,4,
DBX2,4,
AAM,4,
PIM,4,have a high incidence of potentially inappropriate medication
AJP,4,
SOWETO,4,families from the South West Township of Gauteng
JGC,4,
PEBL,4,we used the Psychology Experiment Building Language
NMRC,4,
OFLCG,4,
CSA,4,Central Statistical Agency
ZKS,4,
EAC,4,and esophageal adenocarcinoma
PMC1370926,4,
REGICOR,4,
ATA,4,
ISWT,4,and interventricular septum wall thickness
MWFS,4,
RCL,4,
SAO,4,
M85,4,
W2,4,
HEXAL,4,
FCH,4,
CDT,4,the Clock Drawing Test
JHU,4,
SPM12,4,
LEADERS,4,
AMC,4,study is conducted by the Academic Medical Center
AY212271,4,
BC166504,4,
INTERSTROKE,4,
CACANA1H,4,
YWHAZ,4,
CDH13,4,
ADH,4,
HTP,4,
452X,4,
FOXP3,4,
852TT,4,
PMC5667560,4,
ROCK1,4,
NALP3,4,
UIDB,4,
N17,4,
M115,4,
QUIPS,4,evaluated by applying the Quality in Prognosis Studies
S182,4,
24H,4,
R01DK118736,4,
PMC3312980,4,
TOI,4,Trial Outcome Index
LCS,4,and Lung Cancer Subscale
BX003040,4,
AG018440,4,National Institute on Aging
NCR,4,who are registered in the Netherlands Cancer Registry
L19,4,
L3,4,
PEH,4,Postexercise hypotension
DS2,4,
KLRC4,4,
KLRC2,4,
ASGR2,4,
90E,4,
98E,4,
83E,4,
31E,4,
15B,4,
47E,4,
70E,4,
REST,4,Relative expression software tool
HPRT,4,bp from Hypoxanthine Phosphoribosyl Transferase
RHD,4,microRNA has been implicated in Rheumatic Heart Disease
I64,4,
Z95,4,
N18,4,
PMC7988425,4,
FUSION,4,Fukuoka Study of Ipragliflozin
SEI,4,
HEK293T,4,
H1279,4,
DISEASE,4,
R137,4,
AEM,4,
RLA,4,
TH09,4,
FWO,4,the Research Foundation Flanders
I46,4,
TRITON,4,
F344,4,
H8,4,
HCP,4,care setting and subsequently involving multiple healthcare provider
S61,4,
PMC4765710,4,
EJM,4,
DEB,4,
PMC3690135,4,
NIAAA,4,
S48,4,
P58,4,
FRANCE,4,
DEGS,4,
TP53I11,4,
YTHDF1,4,
HMGA2,4,
PICP,4,Carboxy-terminal propeptide of procollagen type I
USCN,4,
CTS,4,California Teachers Study
HCQ,4,a study presented that hydroxychloroquine
GLOBAL,4,
CD153,4,
S52,4,
BLOOD,4,
R801,4,
R3200,4,
LSMOP,4,the Longitudinal Survey of Middle and Older Persons
UR,4,
POMA,4,
S327,4,
9E,4,
FINAL,4,
RDD,4,patients with recurrent depressive disorder
DUA,4,rationale for HUC-MSC treatment of DM-related detrusor underactivity
FPI,4,
IDEXX,4,
MUFA,4,
APHP,4,th	Assistance Publique Hopitaux Paris
HDIIGEFK,4,
DLR,4,auditing is handled by the German Space Agency
PMC8810394,4,
7T,4,
NHREC,4,
PMC4713320,4,
S88,4,
VWR,4,and mounted onto Superfrost Plus slides
AAPS,4,
IPNA,4,
MCMC,4,as adjacent samples in Markov Chain Monte Carlo
CLM,4,
VHA,4,study of data from the Veterans Health Administration
SHRSP,4,
IRE,4,
ERE,4,and Estrogen Responsive Element
ZBP,4,
E4BP4,4,
AAY,4,
AUSTRALIA,4,
APN,4,neuronal apoptosis by upregulating the expression of adiponectin
PREDIMED,4,
MTNR1A,4,
BFS,4,
EPDS,4,measured by using the Edinburgh Postnatal Depression Scale
BDE,4,brominated diphenyl ether
B100,4,
BCDSA,4,
JPM,4,
PMC6855329,4,
S5A,4,
S5B,4,
CAUL,4,
NGA,4,
IBW,4,
PMC4689591,4,
FRACP,4,
UMW,4,Whitney U test
GENOA,4,the Genetic Epidemiology Network of Arteriopathy
MARCKS,4,
HCT116,4,Expression of exogenous MGL in colon
DSB,4,by the inhibition of a double stranded break
4S,4,
S110,4,
TWEAK,4,like weak inducer of apoptosis
NIX,4,
BAK,4,
LAK,4,
PMC7529642,4,
PTA9,4,
AA1,4,
RDA,4,Recommended diet adherences
FMOH,4,The Ethiopian Federal Minister of Health
PMC10383418,4,
11B,4,
CO3,4,
MMP1,4,
S2589,4,
ASVS,4,
ZBS,4,using the Z-buffer segmentation
PMC5496518,4,
MAKE,4,and risk factors of major adverse kidney events
S1D,4,
10D,4,
TRG,4,
PMC4469799,4,
ICRF,4,
GAP,4,
GBE,4,and group BE
BREC,4,University of KwaZulu-Natal Biomedical Research and Ethics Committee
C150,4,
BRAINSCAPES,4,
R47H,4,
AKAP9,4,
PMC4893825,4,
PMC4342193,4,
FBC,4,Full blood count
TRFE,4,and serotransferrin
682X,4,
MESH,4,five groups based on the medical subject headings
ED000142,4,
MELLITUS,4,
PPB,4,By evaluating the plasma protein-binding
HFL1,4,
ENS,4,
VGX,4,
M9,4,
CPD,4,
WHI,4,s Health Initiative
HAMMER,4,
OSCE,4,are evaluated with an objective structured clinical examination
FHI,4,
ARTN,4,
S1054,4,
K670N,4,
M671L,4,
DIV7,4,
YY1,4,
PSQI,4,
BFI,4,Big Five Inventory
HNF4A,4,
EC1M,4,
6BQ,4,
L016311,4,
ETH,4,
PMC3498066,4,
PMC3183168,4,
KHW,4,
CLR,4,
UM1,4,
GIANT,4,Results from the Genetic Investigation of ANthropometric Traits
AS160,4,
JCDR,4,
GSTM2,4,
PRDX3,4,
SIMD,4,live using the Scottish Index of Multiple Deprivation
ZO1,4,
AG18023,4,
CASS4,4,
A673T,4,
D2065V,4,
PMC4208299,4,
DRB5,4,
CIR00004697,4,
E15,4,
VRDC,4,Using the Virtual Research Data Center
MPM,4,
NAT8,4,
SCTIE,4,
RALP,4,
NRGN,4,and neurogranin
SPR,4,nm to monitor the surface plasmon resonance
2W,4,
AGU,4,
MRPM,4,
PAP2D,4,
SNCA,4,
COL4A2,4,
PDGFD,4,
FLT1,4,
BTS,4,as recommended by the British Thoracic Society
H1317,4,
PMC3810086,4,
PMC2929880,4,
S2237,4,
CCR3,4,
HHP,4,
BCAO,4,induced by bilateral carotid artery occlusion
ITLN,4,also known as intellectin
APLN,4,
GATA2,4,
ESTIMATE,4,
PAAD,4,
PRAD,4,
TGCT,4,
OSI,4,
CCR10,4,
ALR2,4,
CER,4,Nuclear and Cytoplasmic Extraction Reagents
FMO2,4,
ACTG2,4,
EXOC5,4,
CCR8,4,
MCSF,4,osteoclasts by the secretion of macrophage colony-stimulating factor
AHEAD,4,
PAB,4,
H1650,4,
VID,4,
KRT,4,
CD010783,4,
MDS,4,Multidimensional scaling
NXG,4,
S015,4,
DZD,4,German Center for Diabetes Research
R99,4,
TJM,4,
U5B1,4,
K1A1B,4,
G2A,4,
H6A1A,4,
H6A1B,4,
PMC2668943,4,
CP20,4,
N141I,4,
S0304,4,
MN1020,4,
P301S,4,
NRF3,4,
DOH,4,Department of Health
PHIC,4,Philippine Health Insurance Corporation
ISCHEMIA,4,Comparative Health Effectiveness with Medical and Invasive Approaches
AWS,4,
TJP,4,
ASAIO,4,
2B1,4,
2C1,4,
FDCT,4,between the Macau Science and Technology Development Fund
HJ3,4,
6M,4,
T205,4,
5ND,4,
CPU,4,
AG019610,4,
AG053760,4,
AG005133,4,
SPI1,4,
TEMRA,4,
CXCR3,4,
WCO,4,
AANP,4,
SGIM,4,
SF36,4,two occasions one year apart	Health related QoL
PMC6477925,4,
PMC5038894,4,
MA5,4,
C57B,4,
GREB1,4,
69E,4,
NIPA1,4,
MED00310,4,
SCI01870,4,
L016478,4,
ICE,4,
UCC14191,4,Brain Research Trust
HUVR,4,patients at the University Hospital Virgen del Rocio
PMC2696350,4,
NCCR,4,
25OH,4,
6H,4,
NMDS,4,Weighted and unweighted nonmetric multidimensional scaling
HODE,4,
ONOO,4,
YTL,4,
12A,4,
LRR,4,
TCMSP,4,
NPT,4,
ARG,4,
SASA,4,The solvent-accessible surface area
LMG,4,
JLS,4,
OLL,4,
NIDCD,4,
TM2D3P155L,4,
ELAV,4,
PMC3677161,4,
UNKP,4,
CD47,4,
LAG3,4,
OX,4,
S53,4,
THERAPY,4,
UNM,4,
TNE,4,
CTF,4,
GSE163150,4,
A0024,4,staining using the pan-tau antibody
M8,4,
CHI,4,
DMTI,4,
B2M,4,
65E,4,
PMC2935401,4,
I47,4,
TCF3,4,
USF1,4,
MAE,4,
GLMNET,4,
RICTOR,4,
JCI59903,4,
PMC3314463,4,
PRESSO,4,
EXIT,4,
CSDD,4,and Cornell Scale for Depression in Dementia
WTAR,4,baseline using the Wechsler Test of Adult Reading
PMC4036520,4,
KINGDOM,4,
CVLT,4,was assessed using the California Verbal Learning Test
DOPA,4,
OLA,4,oleic acid
CTB,4,the cytotrophoblast
EVT,4,plays a functional role in extravillous trophoblast
GISEN,4,
MAP2,4,
5J,4,
PMC2772133,4,
GPCOG,4,The General Practitioner Assessment of Cognition
C2N,4,
MST1,4,
HRE,4,HIF heterodimer binds to the hypoxia response element
CTAD,4,C-terminal transactivation domain
PHI,4,
AGORA,4,
EWCE,4,we used the Expression Weighted Celltype Enrichment
ECB,4,
9PT,4,
UFT,4,that patients who received chemotherapy such as Tegafur-uracil
HDK,4,
HAGLR,4,
METT14,4,
XBP1,4,
TRIC,4,
UKBEC,4,
EADI,4,s Disease Initiative
IECA,4,Inibidores da Enzima Conversora de Angiotensina
BRA,4,e Bloqueadores de Receptor de Angiotensina
LIH,4,and the Luxembourg Institute of Health
XGB,4,and XGBoost
FANC,4,and encouraged to attend the four-visit focused ANC
DACD,4,Diabetes-related cognitive decline
DPN,4,Diabetic peripheral neuropathy
NVU,4,persistent inflammatory damage to the retinal neurovascular unit
PMC4922528,4,
SMMI,4,were based on a skeletal muscle mass index
DEXA,4,and lumbar spine in conventional Dual-energy X-ray absorptiometry
CEL,4,
PP2,4,
DIV21,4,
YPH500,4,Wild type cells
ISC1,4,
TOR1,4,
FK506,4,
MICT,4,versus Moderate Intensity Continuous Training
HERMES,4,the Heart Failure Molecular Epidemiology for Therapeutic Targets
ANML,4,protein dataset using Adaptive Normalization by Maximum Likelihood
RBF,4,of preglomerular vessels further drops renal blood flow
IITKGP,4,
SEHSC,4,
HPL,4,
NGR4,4,
ANGPTL8,4,
1R1,4,
TYK2,4,
BMDM,4,release from ZD macrophages
LTBP,4,binding protein
MRL,4,
VBA,4,a voxel-based analysis
ASLMI,4,Anterior Septal Lateral MI
PLMI,4,Posterior Lateral MI
735TT,4,
KMT2A,4,
DLL3,4,
HGNET,4,
BMMS,4,The Bangladesh Maternal Mortality and Health Care Surveys
MMH,4,
PMMR,4,It was suggested that post-mortem MR
TTS,4,Takotsubo syndrome
PPT2,4,
DUSP6,4,
PCTI,4,
IL8,4,
IL7R,4,
SDG3,4,
BMP4,4,
FNDC5,4,
GDF11,4,
NHMS,4,National Health and Morbidity Survey
TMRM,4,such as tetramethylrhodamine methyl ester
ICDH,4,isocitrate dehydrogenase
LCMM,4,Applying latent class mixed models
IJK,4,
RLC,4,
CLNK,4,
ATP2B1,4,
PMC4750478,4,
TAT1,4,
SMAD1,4,
AHM,4,
PANI,4,
HFE,4,Y allele of the haemochromatosis gene
CALM,4,
NR4,4,
MMI,4,
NBC19,4,
R37,4,
CP13,4,
00D,4,
GLCA,4,
GLB,4,
DBIL,4,direct bilirubin
IBIL,4,indirect bilirubin
CREA,4,
OSMO,4,and osmotic pressure
APTT,4,activated partial thromboplastin time
CM22,4,
PICOGEN,4,Genetic Counseling and Research Program for Familial Dementias
DEP,4,Diabetes of the exocrine pancreas
AZD6244,4,
PER,4,
C4A,4,
CILP1,4,
CILP2,4,
RFU,4,expressed in terms of relative fluorescence units
UKDRI,4,
CREB1,4,
V249I,4,
VHH,4,heavy chain only
KRZ,4,
26M,4,
GRAS,4,imperative to assess the generally recognized as safe
BNV,4,
AG025259,4,
AG015473,4,
AG028377,4,
A68,4,Putative AD-specific proteins
CA2,4,
PIAS1,4,
GVD,4,granulovacuolar degeneration
SPG,4,
DPBS,4,
ADRA1A,4,
SLC7A1,4,
KLF5,4,
IBNC,4,hippocampus of cows with idiopathic brainstem neuronal chromatolysis
HTAHA,4,
RADIANCE,4,
DA1,4,
SIAMS,4,The Italian Society of Andrology and Sexual Medicine
SPY,4,
ZEN,4,
LINK,4,
HAVE,4,
W24,4,
Q8VCE0,4,
Q3U764,4,
Q3TBV8,4,
Q5XJF8,4,
Q9CRC1,4,
NDCBE,4,
NBC,4,
HJV,4,
DCYTB,4,
FISMA,4,Federal Information Security Modernization Act
CRAM,4,
NADAC,4,by the NIH-formed NIAGADS ADRD Data Access Committee
USUHS,4,the Uniformed Services University of the Health Sciences
U01AG032984,4,
U01AG049508,4,
RF1AG058066,4,Amish Protective Variant Study
AG006781,4,
AG066567,4,
AG11101,4,
AG051504,4,
AG056270,4,
AG054023,4,
RF1AG054052,4,
5R37AG015473,4,
RF1AG015473,4,
R56AG051876,4,
2R01AG09029,4,
R01AG025259,4,
2R01AG048927,4,
R01AG027944,4,
R01AG028786,4,
R01AG054047,4,
AG074855,4,
AG059716,4,
P01AG003991,4,
R01AG058501,4,
R01AG057777,4,
AG026276,4,
R01AG046170,4,
AG21886,4,
RC2AG036528,4,
P01AG017586,4,
B7,4,
RPLC,4,
NOX2,4,
TDO,4,and tryptophan dioxygenase
IJTR,4,
B15,4,
R2ID,4,Renal Risk In Derby
PNPT1,4,
PAK1,4,
COL12A1,4,
ERBB3,4,
GRP78,4,kDa glucose-regulated protein
RUBY,4,
LEF,4,
TRPC6,4,
MOB1,4,
NOFF,4,admission for pneumonia and neck of femur fracture
UTROPIA,4,Sensitivity Troponin I Assay in Acute Coronary Syndromes
IFT,4,
PHE19,4,
PHE4,4,
VAL12,4,
ALA29,4,
PHE4SER,4,
GLU11ARG,4,
VAL12SER,4,
LYS16ASP,4,
NAMD,4,
KDCA,4,by the Korea Disease Control and Prevention Agency
IQCODE,4,Informant questionnaire on cognitive decline in the elderly
AL003,4,
DNL919,4,
PGF,4,placental growth factor
OSM,4,the oncostatin-M
SS31,4,
LAT,4,
FIA,4,
AHCY,4,
NAGS,4,N-acetylglutamate synthase
INPUT,4,
PKM2,4,
RP81,4,
COQ2,4,A mutation in para-hydroxybenzoate-polyprenyl transferase
NMD,4,
RLBP,4,
G86,4,
CXCL5,4,
C22,4,
SLC5A7,4,
SLC1A5,4,
PLA2G2A,4,
CAMKII,4,
HDAC4,4,
CSE,4,
C00,4,
C81,4,
C96,4,
DECLARATION,4,
CUMS,4,
ACSL3,4,
PLIN1,4,
CASP,4,
CPPL,4,day of CPP
CP55,4,
CPWE,4,
SPWE,4,
PMC2438285,4,
G31,4,
PCSF,4,human lipidomics using the Prize-collecting Steiner Forest algorithm
CKAP4,4,
TFEB,4,and promoting the expression of transcription factor EB
SAMP,4,
BII,4,
LPNS,4,notoginseng leaves
AGR,4,Acori graminei Rhizoma
LINGO1,4,
SFX,4,and superior frontal cortex
PEWCC1,4,
PGAM2,4,
KCNK7,4,
ANKK1,4,
ALPK3,4,
RGS3,4,
RAB26,4,
GCAT,4,
TMC2,4,
NEK8,4,
GNG7,4,
DAPK2,4,
SLC6A8,4,
FGFRL1,4,
BOK,4,
CD320,4,
SLC25A22,4,
GNG3,4,
PTPN3,4,
CNTFR,4,
AASS,4,
SLC25A10,4,
HADH,4,
KRT14,4,
KCNA1,4,
KCNA2,4,
PTPRZ1,4,
ITGB1BP2,4,
THBS1,4,
FCGR2B,4,
ASAH1,4,
F2R,4,
VNN1,4,
RND3,4,
COL3A1,4,
SLC2A10,4,
SOCS5,4,
DPA1,4,
FBXO7,4,
CAMK4,4,
BTLA,4,
HBB,4,
IRF4,4,
ZBTB7A,4,
5UP3,4,
HBT,4,Hole board test
CAESAR,4,
CISD2,4,
ENACT,4,
S616,3,
PMC3447674,3,
PMC2904878,3,
IJU,3,
SHOCK,3,
LIN,3,
LCC,3,large cell carcinoma
PMC4513953,3,
HAN,3,
ISN,3,
CD152,3,
PACIFIC,3,
PMC4163053,3,
WJTOG3405,3,harbouring mutations of the epidermal growth factor receptor
ZHU,3,
S142,3,
CD43,3,
PMC2888343,3,
PMC5833365,3,
CPA,3,he was discovered to have undergone cardiopulmonary arrest
ASNC,3,
PMC4911847,3,
PMC5697393,3,
HWP,3,modified Wilhelmi
WMJ,3,
SUNY,3,Committee of the State University of New York
PMC3175379,3,
21OH,3,
543X,3,
PDGFRA,3,
SNCAIP,3,
INHBA,3,
JNCI,3,
LCP,3,
PMC3014291,3,
509X,3,
PAX8,3,
LCTT,3,
HSF98,3,
PMC3607605,3,
E359,3,
PBT2,3,
989X,3,
CCU,3,patient is shifted to the coronary care unit
CD23,3,
MPGN,3,
PMC4089693,3,
MVP,3,
CCCTC,3,
NCOR1,3,
SND1,3,
MSPH,3,
RPDR,3,The Mass General Brigham Research Patient Data Registry
NSCL,3,
12F,3,
CA199,3,
EURTAC,3,
PMC3132801,3,
APGAR,3,
YGH,3,General Hospital
APM,3,
SCIENCE,3,
MTA,3,affects structures of the temporal lobe
PL0,3,n de pleura visceral
SIRS,3,to pulmonary infection or systemic inflammatory response syndrome
TAE,3,bleeding is managed by less invasive trans-arterial angioembolisation
RNG,3,
IVB,3,
IA1,3,
DUT,3,
EB95,3,
FASTACT,3,
ILK,3,an adenine rich diet upregulates integrin linked kinase
JJVCPE,3,Using JJ vicinal coupling proton exchange
122X,3,
PPROM,3,complicated with preterm premature rupture of the membrane
SGP,3,
PMC3487344,3,
PARAGON,3,
PAMELA,3,
VAR,3,
BPQ,3,
PMC4475303,3,
R264,3,
PATIENTS,3,
CPK,3,creatine phosphokinase
CND,3,Competence Network Dementia
4000B,3,
SKY,3,
OAD,3,According to oral antidiabetic drug
30R,3,
UNC,3,
PMC6654434,3,
W4,3,
W12,3,
PMC3226505,3,
PMC3059138,3,
ICON,3,rd International Conference on Nursing
P9,3,
DOG,3,
S37,3,
S38,3,
SRI,3,to evaluate speech recognition index
BIAP,3,
CAH,3,
JJP,3,
D45,3,
GHA,3,
HOT,3,hypertensive patients from the Hypertension Optimal Treatment
QQL,3,
PSL,3,
SKN,3,
BIBM,3,
LVES,3,
GWTG,3,registry-get with the guidelines
QI,3,
VIRGO,3,of Gender on Outcomes of Young AMI Patients
2018B54,3,
8S,3,
EMGO,3,
K86,3,
T93,3,Lipid disorder
FGS,3,
FLJ,3,
MVMR,3,the multiple variable Mendelian randomization
PMC5976434,3,
PMC6083837,3,
JHS,3,
ATB,3,
S0003,3,
TURBT,3,
C07,3,
K29,3,complaints other
WJC,3,
JBN,3,
VLPD,3,was proved that a very low protein diet
PMC3052214,3,
PMC3383455,3,
LVSW1,3,
925X,3,
T790,3,
2R,3,
REVIEW,3,
CST,3,
E78,3,
SIEMENS,3,
QM,3,
EST,3,
RKD,3,
PMC5584488,3,
ZV,3,
PAMI,3,the Primary Angioplasty in Myocardial Infarction
PMC3016454,3,
R31,3,
230X,3,
PMC6010458,3,
596X,3,
ESVS,3,collaboration with the European Society for Vascular Surgery
DSG2,3,
R89,3,
TRL,3,
JFR,3,
DDS,3,
01EXP,3,
07CON,3,
12EXP,3,
PMC5880091,3,
MDW,3,
MJT,3,
CTV,3,The clinical target volume
7I,3,
A5,3,
ISAAC,3,International Study of Asthma and Allergies in Childhood
NHRI,3,The National Health Research Institute
S183,3,
MLA,3,
PASW,3,
MLS,3,
JJN,3,
SSB,3,
ESAOTE,3,
PMC5408159,3,
S70,3,
KCNJ5,3,
SERCA,3,
CACNA1D,3,
PMC4010069,3,
PMC2965757,3,
PMC5388856,3,
WOBASZ,3,
SSD,3,
OOO,3,
OSO,3,
S0066,3,
A15,3,
1S,3,
PMC4330973,3,
IAP,3,
NAIP,3,
BIR,3,
PP209110,3,
PV256419,3,
IMSS,3,of the Mexican Institute of Social Security
EASL,3,
W8B,3,
EAK,3,
M3J,3,
1P3,3,
TJB,3,
SLC5A2,3,
GSE66360,3,
GSE29111,3,
NR4A2,3,
PTGS2,3,
FCER1G,3,
2SO4,3,
IJC,3,
ACCEPT,3,in the Brazilian Registry of Acute Coronary Syndromes
786C,3,
S276,3,
JLJ,3,
JTJ,3,
HIGHLIGHTS,3,
PURSUIT,3,and Receptor Suppression Using Integrelin Therapy
PROVE,3,
ETHICAL,3,
TPO,3,
JE20120221,3,
PMC2548938,3,
CMO,3,
PMC4057151,3,
2013E3301601,3,
2013E3301602,3,
2016E3300200,3,
F170,3,
PMC4050398,3,
CD012327,3,
PMC6675405,3,
SBD,3,
PREDICT,3,
PMC3767941,3,
SLUHN,3,s University Health Network
PMC7162793,3,
QTRAP,3,
CSME,3,Clinically significant macular edema
PMC3228943,3,
QD,3,
ICONS,3,the Improving Cardiovascular Outcomes in Nova Scotia
HCFMUSP,3,
ACH,3,
SOCERJ,3,
CTRL,3,and control group
PMC3471898,3,
PMC3089389,3,
PMC3406054,3,
PMC3166171,3,
PMC3599954,3,
MKP,3,
JAAOS,3,
PMC6725245,3,
PMC5909703,3,
PK11195,3,
YCO,3,
PMC2891865,3,
LGBT,3,
C04,3,
PFM,3,diabetic myopathy impacting pelvic floor muscle
SMM,3,Skeletal muscle mass
KHK,3,koronare Herzkrankheit
DECLARE,3,
PMC4551392,3,
OAE,3,Otoacoustic Emission
S74,3,
WBN,3,
BPM,3,
FFR,3,and epicardial resistance with fractional flow reserve
C9,3,
AVB,3,atrioventricular block
INV,3,
CIC,3,
NCT01109225,3,
PMC1088287,3,
PRESERVE,3,the prevention of serious adverse events following angiography
PMC1664601,3,
PMC3172632,3,
PMC3913966,3,
PMC5402184,3,
PMC5501367,3,
MOJ,3,
PMC5289457,3,
S90,3,
DELTAS,3,
AFB,3,stain for acid fast bacilli
INFO,3,
HAART,3,to improve adherence to highly active antiretroviral therapy
PMC3632172,3,
CHV,3,
PMC2886201,3,
M146,3,
PMC6705707,3,
PMC3042976,3,
PMC4147984,3,
JEOL,3,
TZA,3,
GSB,3,
NHHS,3,
CDM,3,
10HPF,3,
CEJ,3,
734X,3,
M7122,3,
GAA,3,guanidinoacetic acid
MRD,3,
PMC5942803,3,
NCDS,3,
SNNP,3,
TJH,3,
PLAN,3,
PMC8475713,3,
SELE,3,
705CP,3,
RALES,3,The Randomized Aldactone Evaluation Study
S92,3,
H1201,3,
UNCST,3,
GUIDELINES,3,
PMC6743162,3,
SCJ,3,
HYPEDIA,3,
PMC1661748,3,
5X,3,
SBS,3,
AIM,3,
DMB,3,
IBGE,3,of the Brazilian Institute of Geography and Statistics
ACTA,3,
S1809,3,
S0102,3,
PMC2637991,3,
OPV,3,and the Outpatient Visits
EANM,3,
FCI,3,Functional Co-Morbidity Index
MRR,3,Mechanism for Recovery and Resilience
S45,3,
CTRC,3,
UL1RR024986,3,
PMC3144483,3,
RENAAL,3,
EDR,3,
PMC3701754,3,
PMC3586961,3,
S60,3,
FCZ,3,
VCZ,3,
IICP,3,
NIAID,3,
EAM,3,
PMC2684330,3,
WHW,3,
MEDICC,3,
S68,3,
COHORT,3,
MMN,3,
PHLPP2,3,
T869C,3,
ECTIM,3,infarctus du myocarde
I125,3,
PMC3187187,3,
MSNA,3,
PMC3343635,3,
PMC4340604,3,
PMC3266430,3,
CCRR,3,lncRNA cardiac conduction regulatory RNA
PMC4302049,3,
W169,3,
PDK1,3,
NCX1,3,
S124,3,
S011,3,
CIN,3,
CHEK2,3,
MSH2,3,
S1413,3,
DTLT,3,
MICS,3,inflammation complex syndrome
KMSUR,3,
S1262,3,
0T,3,
MOHFW,3,and Ministry of Health and Family Welfare
SARA,3,Service availability and readiness assessment
WNP,3,
I60,3,
PMC4495630,3,
SCAD,3,spontaneous coronary artery dissection
DLM,3,In the distributed lag model
HDAC3,3,
QB,3,
PMC4402510,3,
KGMM,3,
MJH,3,
PMC4530250,3,
HT29,3,MGL KD in human colon
PMC4011565,3,
2N4R,3,
IMDC,3,International Metastatic Renal Cell Carcinoma Database Consortium
ASO,3,
OKO,3,
H22,3,
H30,3,
H17,3,
CDMS,3,according to chronic disease management systems
S0929,3,
PMC3517374,3,
TSC2,3,
C6,3,
STOP,3,
MEMS,3,of studies comparing the medication event monitoring system
PMC4768730,3,
A3243G,3,levels of a specific mitochondrial DNA point mutation
SMK,3,
UAER,3,urinary albumin excretion rate
PMC1275651,3,
PMC1180495,3,
SUGAR,3,JF Romero MA Second-generation drug-eluting stents in diabetes
S99,3,
TIG,3,
PMC5546566,3,
PMC4561957,3,
PMC4074792,3,
PMC3904518,3,
D1070,3,
MEDRXIV,3,
AD12,3,
DQA2,3,
U01HG006828,3,
U01HG006830,3,
U01HG006389,3,
U01HG006382,3,
U01HG006375,3,
U01HG006379,3,
U01HG006380,3,
U01HG006388,3,
U01HG006378,3,
U01HG006385,3,
U01HG004438,3,
U01HG004609,3,
L27,3,
PMC4550323,3,
042X,3,
PE50,3,
JRG,3,
NCF,3,
N95S,3,
E14X,3,
PSIC,3,
AAO,3,
D380D,3,
N369H,3,
MGB,3,
ADME,3,and excretion
ESWL,3,
SURGICAL,3,
PARAMETERS,3,
FUNCTION,3,
SWHS,3,s Health Study cohort
008X,3,
782X,3,
PSE,3,of MHE was established using the portosystemic encephalopathy
698X,3,
RBGO,3,
PUBMED,3,
Q7,3,
Q8,3,
Q9,3,
CY211,3,
AFP,3,
IPH,3,Other mechanisms include intraplaque hemorrhage
CAMDI,3,Central America Diabetes Initiative
WFT,3,
JVI,3,
PMC3679547,3,
DOT1L,3,
PTCA,3,
PMC3546889,3,
K1H,3,
R7,3,
H82,3,
COEP,3,
GLC,3,
NOAC,3,
START,3,
EDM,3,
MSCA,3,HORIZON EUROPE Marie Sklodowska-Curie Actions
Q75,3,
SQUMJ,3,
SQCCCRC,3,Research Centre
FNAB,3,successful sample extraction than fine needle aspiration biopsy
JYY,3,
RQP,3,
2014BAI01B01,3,
2013CA005,3,
2016NS012,3,
BCV,3,
WBV,3,We used hippocampal and whole brain volume
RSI,3,
DGOS,3,
ALE,3,
BFR,3,
QYZ,3,
SIGKDD,3,
FEI,3,
ZEB2,3,
NOXA,3,
PUMA,3,upregulated modulator of apoptosis
BH3,3,
SHAP,3,ML models in conjunction with SHapley Additive exPlanations
GPU,3,
YHC,3,
SCW,3,
MPVA,3,from the Ministry of Patriots and Veterans Affairs
CYP2C9,3,
ECD,3,AMPK signaling pathway to improve endothelial cell density
HJM,3,
EHS,3,Rapid assessment of continuity of essential health services
AASM,3,reported by the American Academy of Sleep Medicine
AGJ,3,
SDP,3,
WKBAO,3,
ECS,3,s syndrome
F6,3,
S1807,3,
ALOX,3,
CVI,3,
S71,3,
ADHS16,3,
NG00057,3,
Q30,3,
ANKLE2,3,
SERPINF2,3,
S0074,3,
PMC3253025,3,
PMC4292795,3,
PMC4410018,3,
BCAR1,3,
ANKRD55,3,
E801,3,
PMC2672628,3,
FAT,3,and the fatty acid transporter
MJB,3,
HPV,3,
NKT,3,
JWK,3,
BNII,3,
PMC3513744,3,
D9S126,3,
SKMES,3,
NE18,3,
RICH,3,
CDKN2,3,
XXX,3,
C205,3,
POS,3,
PRFS,3,
PLCSS,3,
APPPS1,3,
SQT,3,
TEAM,3,
PMC2675697,3,
TRACE,3,as the TRAndolapril Cardiac Evaluation
V373,3,
P1627,3,
SVA3,3,
IIRWR,3,
LRLSLDA,3,
LLCPLDA,3,
PANDAR,3,
HULC,3,
CCAT2,3,
SPRY4,3,
CCAT1,3,
AS2,3,
BANCR,3,
NPTN,3,
PCAT1,3,
CRNDE,3,
CASC2,3,
WT1,3,
PMC4462156,3,
PMC6037963,3,
LPI,3,
IWMI,3,
LUD481,3,
IL12B,3,
Y397,3,
GRB2,3,
NG2,3,
H323,3,
H330,3,
TNTP,3,
TNTN,3,
016X,3,
ERAWEB,3,is financially supported by Erasmus Mundus Western Balkans
OHF,3,
PMC3608918,3,
NEET,3,
STITCH,3,
VDAC3,3,
CISD,3,An anti-diabetic drug targets NEET
PID,3,
RMF,3,
VIGITEL,3,
PNAD,3,
ALC,3,
GENNID,3,part of the Genetics of Non-Insulin dependent Diabetes
5HIAA,3,
PRRT,3,Peptide receptor radionuclide therapy
CD3EAP,3,
IMH,3,A meta-analysis showed that isolated maternal hypothyroxinaemia
JIPMER,3,Jawaharlal Institute of Postgraduate Medical Education and Research
PMC2921195,3,
ZE,3,
PMC3093051,3,
PMC6997275,3,
PMC5605883,3,
911X,3,
PAK4,3,
CDKN1A,3,
SCID,3,
H27,3,
MUC,3,
HOXB7,3,
POU3F4,3,
MSX2,3,
EBF1,3,
E4F1,3,
CAMP,3,
TNFAIP3,3,
NAMCS,3,analysis using the National Ambulatory Medical Care Survey
CFM,3,
LVFP,3,which increase LV filling pressure
OCR,3,Those datasets included the Ontario Cancer Registry
ORGD,3,the Ontario Registrar General Death database
PMC7966641,3,
IGO,3,
NZ7,3,
PMBC,3,
M5S,3,
MGT,3,
EGM,3,
SERI,3,
0009A,3,
MS1,3,
NCE,3,
PMC6443780,3,
CD70,3,
SEP,3,we found that persons with lower socioeconomic position
CKI,3,
H468,3,
BJGL,3,
LEAD,3,
DPB,3,
IDIAP,3,
SAG,3,
FRCV,3,n a los factores de riesgo cardiovascular
IJID,3,
JXF,3,
UJ,3,
PMC4936453,3,
IL1,3,
MMB,3,
PMC8030020,3,
PMC4593485,3,
KIMS,3,The observational Kabi Pharmacia International Metabolic Study
NRES,3,National Research Ethics Service
AVEC,3,
HRA,3,
EJ15,3,
HDSS,3,a health and demographic surveillance system
DCFH,3,
O2K,3,
AD9,3,
AD13,3,
AD18,3,
PMC5360460,3,
ICBM,3,resampled to the International Consortium of Brain Mapping
SQUASH,3,the Short Questionnaire to Assess Health-Enhancing Physical Activity
HCR,3,
WHM,3,
EF424788,3,
MRAK088538,3,
CNC,3,
ALOX5AP,3,lipoxygenase-activating protein
PMC7969169,3,
5S,3,
YWHA7,3,
CACNA1H,3,
P4HA2,3,
ALDH1A2,3,
RP11,3,
MRP,3,
PMC2891673,3,
EPNS,3,symptoms is defined as an endocrine paraneoplastic syndrome
PMC4995776,3,
COOPERATIO,3,
SVV,3,
A280,3,
1123G,3,
PMC2377260,3,
S111,3,
PMC7062220,3,
SOURCE,3,in the Edwards SAPIEN aortic bioprosthesis European outcome
SLH,3,
IL13,3,
PMC3724390,3,
TITLE,3,
KEY,3,
3M,3,
L30,3,
L24,3,
P8,3,
MJS,3,
SDN,3,
PMC5220650,3,
MLMDA,3,
PMC5860200,3,
D1013,3,
D1017,3,
PMC6323994,3,
MYBL1,3,
HBEGF,3,
EGR2,3,
RNASE1,3,
CYP1B1,3,
RNASE2,3,
45E,3,
84E,3,
FCGR1A,3,
RPL13A,3,
29E,3,
73E,3,
LLP,3,
SROM,3,
RUQ,3,
ISSHP,3,Society for the Study of Hypertension in Pregnancy
I70,3,
J44,3,
PMC8493650,3,
AG011378,3,
AG041851,3,
HL096917,3,
H9,3,
NICHD,3,
CD81,3,
NCT01630486,3,
PMC2691553,3,
PMC3504786,3,
DOK1,3,
CGH,3,
DUSP4,3,
HRASG12V,3,
SHC1,3,
COSMIC,3,The Catalogue of Somatic Mutations in Cancer
BIDMC,3,
PMC1892355,3,
MSAP,3,
DIAGNOSIS,3,
186X,3,
HAEC,3,
JDRF,3,
S93,3,
22G,3,
NF3,3,the set of the three best reference genes
TCTP,3,Translationally-controlled tumor protein
NAGALA,3,
PNPLA3,3,
148M,3,
H16,3,
H32,3,
RTX,3,
BRAIN,3,
PMC3917543,3,
ERM,3,
S138,3,
ENG,3,
IJHY,3,
JNC8,3,members appointed to the Eighth Joint National Committee
ECTOP,3,
LOB,3,
SEG,3,
WED,3,
S211,3,
PMC3312027,3,
PMC2819840,3,
PMC3329969,3,
PMC2323584,3,
PMC2714059,3,
ARVD,3,Atherosclerotic renovascular disease
PEM,3,
NFKB,3,
R3R01,3,
PMC2711544,3,
S1568,3,
D6,3,
MRC2,3,
SRAMP,3,
S37929,3,
PMC3891487,3,
E4502,3,
PMC3839740,3,
E280A,3,
IMP2,3,
PMC3686317,3,
KLF10,3,
PMC8023750,3,
F127,3,
A252,3,
A294,3,
CHRNA5,3,
TTH,3,
PMC7567026,3,
XPL,3,
LOVE,3,
EXCELLENT,3,Versus Cypher to reduce late loss after stenting
SECURITY,3,
STOPDAPT,3,
TICO,3,
OPTIDUAL,3,
ARCTIC,3,
DATE,3,
ITALIC,3,
PRODIGY,3,
MATCH,3,stroke or transient ischaemic attack in high-risk patients
PLATO,3,ticagrelor in the PLATelet inhibition and patient outcomes
LCMS,3,
CAMDEX,3,
PRESSURE,3,
MEV,3,
R800,3,
R3201,3,
R12800,3,
055X,3,
HJF,3,Jackson Foundation for the Advancement of Military Medicine
LYC,3,
7H9,3,
PMC9204286,3,
PMC4137077,3,
HHC,3,more likely to transfer to home health care
INCIDENCE,3,
ACUTE,3,
PMC8283933,3,
NCT01640119,3,
GTPCH,3,
MIXED,3,
V131170,3,
VPYSELGGK,3,
L5,3,
TAU,3,
C2A,3,the novel assays are located in the first
JNK3,3,
SPM5,3,data analysis were performed using statistical parametric mapping
FMRI,3,
IMDM,3,
SSW,3,
W3,3,
185X,3,
PMC3005935,3,
D98,3,
PMC2686559,3,
PMC2361730,3,
D155,3,
PMC6323917,3,
F32,3,
GWB,3,
ADI,3,s Disease International
N14,3,
PMC3699411,3,
PMC5880061,3,
PMC6078144,3,
PMC8085261,3,
PMC5852517,3,
PMC2685763,3,
FMCA,3,
800CW,3,
PMC6679484,3,
PUF,3,polyunsaturated fat
198X,3,
EACVI,3,European Association of Cardiovascular Imaging
DHJ,3,
PMC3664945,3,
PMC5388176,3,
GDI,3,and was reported as the global dietary index
TRANSCEND,3,
PBR,3,
MHS,3,
RNC,3,
QTL,3,and quantitative trait locus
PWM,3,we constructed a position weight matrix
HMGI,3,
HMGA1,3,
RORA,3,
CKD14,3,
KMUH,3,integrated CKD program at Kaohsiung Medical University Hospital
CKDSC,3,We used the CKD Self-Care
JPF,3,
CGF,3,
AHK,3,
DCL,3,
JACL,3,
ICMR,3,permitted by the Indian Council of Medical Research
D1001,3,
PMC3965119,3,
NCT00598533,3,
VIVO,3,
WCU,3,This study was sponsored by the Wachemo University
PMC6319799,3,
ACSM,3,
WINGS,3,
5U24HL136791,3,
CA210285,3,
SPE,3,Solid-phase extraction
DDE,3,
COX2,3,
EXCLI,3,
PMC5722665,3,
KWB,3,according to the Keith-Wagener-Barker
RVO,3,possibly open the way for retinal vascular obstruction
JPL,3,
S7B,3,
S2C,3,
S9A,3,
S9B,3,
B8,3,
CD003054,3,
GBR,3,
AAP,3,
ULF,3,
CLH,3,
214X,3,
L003120,3,
PSS,3,
COVID19,3,
MOC,3,
QRBW,3,
AMGEN,3,
ERIC,3,
DJA,3,
RISE,3,
ADD1,3,
GNAS,3,intronic regions of Guanine nucleotide-binding protein G subunit
C825T,3,
RFP,3,
NOX5,3,
OHG,3,
R03,3,
HMC,3,or Harborview Medical Center
B10,3,
AICAR,3,
MFN2,3,
AIM2,3,
RIPK3,3,
PMC4444078,3,
PMC8162166,3,
TGX,3,
EH8,3,
9AG,3,
PMC6090747,3,
ZAF,3,
NCT05106790,3,
PMC11409525,3,
PMC8757580,3,
4UX,3,
ODYSSEY,3,
PMC4927869,3,
PMC7802541,3,
PMC6041209,3,
FCD,3,
L01632X,3,
D7,3,
129S6,3,
INST,3,
R10,3,
NELCS,3,The New England Lung Cancer Study
MAX,3,
JWP,3,
N013166,3,
PMC8360674,3,
MCBIOS,3,
NEG,3,Utah and North Carolina negative
PMC8030420,3,
TAR,3,
WNN,3,
CMSC,3,The Contrast Media Safety Committee
R25,3,
RNF135,3,
GHO,3,Global Health Observatory
15A,3,
MVH,3,
443OC,3,
PMC2662950,3,
IPEG,3,The International Pediatric Endosurgery Group
NAPRTCS,3,the North American Pediatric Renal Transplant Cooperative Study
H1049,3,
PMC3735743,3,
L01341X,3,
HPRU,3,
GMV,3,grey matter volume
NCT03338504,3,
MTH,3,
GEM,3,effects on moms
MY3,3,
FLOW,3,
S009,3,
PMC7231906,3,
KNUST,3,
HKQ,3,
UNC5C,3,
ABI3,3,
JES,3,
PMC10243600,3,
PMC7334197,3,
SAA,3,synuclein seed amplification assay
TCEP,3,
ACQUITY,3,
SF3,3,
ELCAP,3,
JAM,3,and junctional adhesion molecules
220X,3,
REEUSP,3,
PUVA,3,Psoralen and Ultraviolet A Phototherapy
UVB,3,
B701,3,
KOREA,3,
FIAT,3,
NIR800,3,nm NIR fluorescence
NIR700,3,
MICE,3,we used multiple imputation by chained equations
PMC5735219,3,
ETV5,3,
BCDIN3D,3,
VGHKS,3,
FHC,3,
CLOCK,3,
PMC4786976,3,
DEATH,3,
OPF,3,
148S,3,
PBT,3,
GRH,3,
PMC2883665,3,
GFAA,3,
DIV6,3,
PMC3091392,3,
CRA,3,
LC13,3,
SPPIC,3,
IMS,3,
MPJ,3,
CPSP,3,We used the Canadian Paediatric Surveillance Program
KLF11,3,
DPV,3,from the diabetes documentation and quality management system
SW7,3,
TFGMDRD,3,
TFGCKD,3,
EUA,3,
URRAH,3,The Uric Acid Right for Heart Health
AP550,3,
TOAST,3,in Acute Stroke Treatment
NUHSRO,3,
FHM,3,
GATA1,3,
PLCO,3,Colon and Ovarian
HBEC2,3,in a normal human bronchial epithelial cell line
SV40,3,
PMC3170525,3,
PMC5864458,3,
ICO,3,Catalan Institute of Oncology
JMY,3,
PMC4377079,3,
PMC5429867,3,
EHP185,3,
HT1A,3,
PMC6646097,3,
XIII,3,
ACI,3,
PSU,3,
ADK,3,
JFP,3,
WT089698,3,MRC Joint Call in Neurodegeneration Award
TYPE,3,
BYU,3,
ANNOVAR,3,
EVS,3,the European-American cohort in the Exome Variant Server
T139M,3,
T916M,3,
T27I,3,
POSITION,3,
R11P,3,
ALPHA,3,AIDS data on Africa
PMC3614978,3,
PMC4822674,3,
IRBMED,3,University of Michigan Medical School Institutional Review Board
MS9,3,
PMC11152853,3,
S122,3,
CCW,3,
KGB,3,
CHD1,3,
ISWI,3,
SNF2H,3,
NEURON,3,
REGULATION,3,
THROUGH,3,
LNS,3,
PMC1239896,3,
DK106981,3,
DK106982,3,
DK085689,3,
DK108803,3,
DK124399,3,
PMC5380230,3,
S172,3,
DECIT,3,
COPID,3,
DECIV,3,
SAPS,3,
JVM,3,
PX,3,
HRMS,3,
TRAILBLAZER,3,
HSR,3,s de Rabat
PMC46003,3,
B13,3,
TRI,3,
NCHA,3,Netherlands Consortium for Healthy Aging
PROSPER,3,
WGHS,3,s Genome Health Study
NLS,3,
BMB,3,
ODZ3,3,
DGKB,3,
FOXL1,3,
CALCOCO2,3,
COL8A1,3,
GPC5,3,
CTNNA3,3,
BARHL2,3,
LRFN2,3,
UBE2Z,3,
KCNK5,3,
LIPA,3,
TCF21,3,
FURIN,3,
ISB,3,
DSD,3,Delivery System Design
AKP,3,
NKK,3,
SSG,3,
PMC8722631,3,
PMC2464745,3,
FCV,3,n Cardiovascular de Colombia
GDPH,3,dehydrogenate phosphate
SILVA,3,
S103,3,
1R01DK110541,3,
X1X2,3,
X3X4,3,
N02,3,
KUMS,3,hospitals affiliated by Kerman University of Medical science
PROFILE,3,
QPET,3,
WWE,3,
MND,3,and motor neuron disease
XA,3,
RRN1231,3,
SW41,3,
DHCR24,3,
F31,3,
ULK1,3,
NFIC,3,
GEOD,3,
STATUS,3,
CNV,3,
JQ1,3,
CX3CR,3,and Fractalkine
CCL7,3,
CCL26,3,
EC50,3,of maximal effect
ATF3,3,
PMV,3,
AOK,3,Allgemeine Ortskrankenkasse
RRI,3,An elevation of the renal resistive index
DIAGRAM,3,DIAbetes Genetics Replication And Meta-analysis
SUB,3,
PMC4380133,3,
CCLE,3,we interrogated the Cancer Cell Line Encyclopedia
SW480,3,
TSLP,3,Thymic stromal lymphopoietin
DKK,3,
S1074,3,
BCR,3,
LTBI,3,Individuals with latent TB infection
MSG,3,
JHL,3,
FTND,3,m Test for Nicotine Dependence
MLV,3,
PRISM,3,
H984,3,
FUS1,3,
TCF7,3,
CEBP,3,
CYP24A1,3,
PMC7012684,3,
PRIMO,3,
UH3DK114920,3,
ATIRMA,3,
HLH,3,
BYC,3,
PMC6508971,3,
PMC3928013,3,
PMC3170532,3,
CHOD,3,
CP16,3,
PI19,3,
ADDF,3,
JSKK,3,
R01AG042611,3,this work were provided by Grants from NIH
PMC3317529,3,
PMC2730165,3,
PMC2956757,3,
PMC2719581,3,
PI20,3,
PMC7322523,3,
PMC9387748,3,
S137,3,
PMC5253109,3,
PMC6674618,3,
S0166,3,
TMEM16A,3,
CUETO,3,and Spanish Urology Association for Oncological Treatment
NBCS,3,were selected from the Nijmegen Bladder Cancer Study
BCG,3,NMIBC patients treated with maintenance Bacillus Calmette-Guerin
SLC14A1,3,
OIS,3,Optimal Information Size
DOST,3,
FOXA3,3,
BNC,3,
CFLAR,3,
KGRC,3,
ERIA,3,Economic Research Institute for ASEAN and East Asia
TDH,3,
ROMICAT,3,
CCTA,3,
CA209,3,
CD166,3,
UCG,3,
QP,3,
HRT,3,data show a correlation between hormone replacement therapy
H460,3,
H322,3,
YAP1,3,associated transcriptional regulator
AAGHV,3,
GGKVQIINKK,3,
NTF,3,
AVM,3,in consultation with a clinical neurologist
CUDA,3,
AG047266,3,
AG008051,3,
AG035982,3,
AG049638,3,
AG047270,3,
PMC2938772,3,
PMLR,3,Proceedings of Machine Learning Research
PMC2809036,3,
REA613,3,
ICOS,3,
L243,3,
SK3,3,
CD137,3,
PMC4234692,3,
SVP,3,
JBC,3,
PMC8994696,3,
FJTCM,3,
OMIA,3,
UNC5D,3,netrin receptor
CTSZ,3,synonymous and splice region variants in Cathepsin Z
NESP55,3,
GRM5,3,
TYRP1,3,
EMMAX,3,in two stages using Efficient Mixed-Model Association eXpedited
DLG2,3,
FASTA,3,
N00,3,
TRIAL,3,
PMC6367058,3,
MHR,3,the monocyte-count-to-HDL-cholesterol ratio
FACTORS,3,
M006093,3,
AG045611,3,
AVID,3,
PMC296868,3,
S199,3,
NSEMDA,3,
RFMDA,3,
SNMFMDA,3,
HDMM3,3,
OXO,3,
6I,3,
QIIME2,3,
OMCL,3,
HOSCN,3,comparison of hypothiocyanous acid
SCAPIS,3,participants of the Swedish CArdioPulmonary bioImage Study
S541736,3,
ULT,3,the role of urate-lowering therapy
RCSB,3,
LINCS,3,from the Library of Integrated Network-Based Cellular Signatures
C42H70O12,3,
C53H90O22,3,
GLY,3,
9F,3,
S1875,3,
S89,3,
FBXW7,3,
ADHERE,3,
APJ,3,
CAIV,3,
DJP,3,
HG003273,3,
PVRL2,3,
POU,3,
POU2F3,3,
MTP,3,
C42,3,
DCD,3,Urinary metabolome of donation after circulatory death
OMICS,3,
PAU,3,study was supported by the Pan African University
S1701,3,
AG0,3,
AG24,3,
CITI,3,
P38,3,
WWP1,3,
HTR8,3,
H484,3,
DBD,3,DNA-binding domain
S97,3,
PMC3530905,3,
FINGER,3,Intervention Study to Prevent Cognitive Impairment and Disability
MDC,3,
RCB,3,
JLT,3,
AG036535,3,
78E,3,
INPP5D,3,
MEF2C,3,
JNK1,3,
MFM,3,Preventive Project
CHI3L1,3,
N19,3,
JASPAR,3,
ARNT,3,
S145,3,
4M,3,
CD59,3,
FOXF2,3,
PPARGC1A,3,
PMC3778669,3,
PPH0,3,
SRA653146,3,
SRS2874270,3,
H20,3,
PMC5510723,3,
PTK2,3,
VCL,3,
CLIC4,3,
IRP,3,
ETHNA,3,H Epidemiological Trial of Hypertension in North Africa
JSR,3,
PMC5360226,3,
STD,3,
PLA2,3,
PMC3136924,3,
PMC3309497,3,
PMC5866043,3,
PMC4062187,3,
PMC5004590,3,
PMC2978421,3,
CO22,3,
PMC5267473,3,
AFLP,3,Acute fatty liver of pregnancy
PIGF,3,
SOX9,3,
S0950,3,
EDANS,3,
ZNT5,3,
PMC8339877,3,
S637,3,
MARCH5,3,
19KD,3,
STE20,3,
YME1L,3,
BFU,3,
TWSG1,3,
PMC6071035,3,
TDL,3,a target with a Tclin target development level
SIGNALING,3,
R01AG30146,3,
R01AG36836,3,
U01AG32984,3,
U01AG46152,3,
PMC8574196,3,
PMC6865822,3,
PMC4730103,3,
KSL,3,
12M,3,
10F,3,
PMC6338083,3,
PMC4919512,3,
PMC8873103,3,
PMC5632944,3,
PMC3899599,3,
DRI,3,
HNRNPC,3,
YTHDC2,3,
PRRC2A,3,
SIK1,3,
NT5DC3,3,
MKL1,3,
ANXA1,3,
PIEZO1,3,
ITGB1,3,
KAT1,3,
FABP5,3,
WISP1,3,
CIDEC,3,
SAA2,3,
CAMK1,3,
SPOP,3,
PMC6380522,3,
FIND,3,Functional Imaging in Neuropsychiatric Disorders
LABEX,3,
PMC3622225,3,
AJJM,3,
PDO,3,
IP2010009870,3,
ANGII,3,
COST,3,
ELM,3,
CACR,3,related circular RNA
CASP1,3,
BIOVIA,3,
LIPO,3,including lipophilicity
POLAR,3,
INSOLU,3,
INSATU,3,
ESOL,3,w and Log S
SSAO,3,mediated by the enzyme semicarbazide sensitive amine oxidase
MOLD,3,
PARP,3,
THT,3,
KNS,3,
LJH,3,
S2E,3,
STT4,3,
SEY6210,3,Wild type
AAY202,3,
GAL,3,
INP51,3,
VRP1,3,
VLC,3,
D239A,3,hyperactive allele
K373A,3,kinase dead
TORC1,3,
YKB3265,3,
PMC3321383,3,
PHTS,3,
PRF,3,
KKSG,3,Knappschafts-Kliniken Service GmbH
01NVF20028,3,
DRKS00029691,3,
IMBI,3,for the Institute of Medical Biometry and Statistics
CMPB,3,
5U01DK108809,3,
FBLN5,3,
NSAIDS,3,
PPAP,3,
CRX,3,
CD103,3,
ALK5,3,novel transforming growth factor-beta type I receptor kinase
METLIN,3,
GERD,3,gastroesophageal reflux disease
P50AG033514,3,
P30HD003352,3,
P50MH100031,3,
LMI,3,Lateral MI
ARQ,3,
AUY922,3,
STA,3,
D010,3,
AMMS,3,medical reports using the Asseco Medical Management Solutions
MYCL1,3,
EPH,3,
AKT2,3,
MEASURE,3,
MLC,3,
S117,3,
AECVP,3,behalf of the Association for European Cardiovascular Pathology
UMC,3,
PMCT,3,
ACW,3,
AG05138,3,
INRICH,3,
LCL,3,
PRDM16,3,
RNF39,3,
MOV10L1,3,
ELOVL1,3,
FRMD4A,3,
CTW,3,
MINECO,3,
GPR109A,3,
GSE221506,3,
CBHI,3,
PMC6701269,3,
D1D,3,
MYH6,3,heavy chain cardiac myosin
TBX5,3,
PMC5395756,3,
PMC4532739,3,
PMC5667518,3,
E5,3,
PMC5424345,3,
PMC6524945,3,
IIRG,3,
TEAB,3,
HCD,3,was used with high energy collision dissociation
BCKDH,3,branched chain keto acid dehydrogenase
CYB5R1,3,
NDUFS7,3,
HADHA,3,and hydroxy-acyl-coA-dehydrogenase
PMC5965678,3,
READY,3,
LVR,3,
MSW,3,
GM074492,3,
MSSM,3,and Mount Sinai School of Medicine
IP3,3,
SCGF,3,
PMC5442741,3,
PMC6015342,3,
S300823,3,
PMC6377713,3,
858X,3,
MWNT,3,Ag nanoparticles and multiwalled carbon nanotubes
NRK,3,
ALZGENE,3,
BMPR,3,achieves these effects by binding to its receptor
EMAS,3,results from the European Male Ageing Study
AV1451,3,
MCALT,3,to the Mayo Clinic Aging and Lifespan Template
VALOR,3,
BASE,3,
EHBS,3,and affiliated Emory Healthy Brain Study
HEPE,3,
TLCA,3,
AIL,3,
S0090,3,
PMC4942259,3,
DYRK,3,
CM23,3,
BIOMARKERS,3,
MODELS,3,
APOE3,3,
PDLIM1,3,
HTRA1,3,
SRP,3,
FUMA,3,We used Functional Mapping and Annotation of GWAS
PMC9258209,3,
PMC4676162,3,
PMC4987924,3,
RD12,3,
HRAS,3,
R115777,3,such as tipifarnib
ARRY,3,
PLK1,3,
TBK1,3,
FOSL1,3,
GSK1120212,3,inhibitor trametinib
BAY,3,
BAG3,3,
GPNMB,3,
EGFL9,3,
MXRA7,3,
ILT,3,
UNC5B,3,
C1GALT1,3,
2U01HL096812,3,
2U01HL096814,3,
2U01HL096899,3,
2U01HL096902,3,
2U01HL096917,3,
ZEISS,3,
LDS,3,NuPAGE Lithium Dodecyl Sulphate
IBA,3,
FONDECYT,3,
M280,3,
T280M,3,
E6130,3,
E6011,3,
COS,3,
PTBA,3,
LN27,3,
PG5,3,
MC1,3,
V717F,3,
NOVA,3,
HRQ5,3,
TMD,3,parts of the protein are the transmembrane domains
BTZ,3,mice with the proteasome inhibitor bortezomib
PMC3385944,3,
PMC4888851,3,
KLHN,3,
P20545,3,
P05,3,
P13180,3,
N01HC55222,3,
N01HC85079,3,
N01HC85080,3,
N01HC85081,3,
N01HC85082,3,
N01HC85083,3,
N01HC85086,3,
AG033040,3,
RIDE2,3,
AG036528,3,
AG026395,3,
AG30146,3,
AG008671,3,
AG030653,3,
AG041718,3,
AG021547,3,
AG019757,3,
CELF1,3,
BTB,3,
STAT2,3,
SHP1,3,
PTP,3,
PIASX,3,
ADAMTS13,3,
KLF,3,
ASS,3,
P2D,3,
TNFRI,3,
ATHENA,3,
FBW7,3,
NYC,3,in the US and in New York City
JHD,3,
SOLO,3,
PMC2866514,3,
WAB,3,
DA2,3,
SIE,3,Societa Italiana Endocrinologia
NAT,3,as paired tumor versus its nontumor adjacent tissue
H1693,3,
S8C,3,
S8D,3,
SPDEF,3,
NRG1,3,
YYLLVR,3,
VPP,3,
IQP,3,
FEIHCC,3,
PAAP,3,
K08,3,
PGA,3,
GAE,3,commonly expressed as milligrams of gallic acid equivalents
DTNB,3,
KKU,3,
16A,3,
Q99K52,3,
VAMP,3,
LB2,3,
DFC,3,
S1L1C1,3,
P90,3,
CD200,3,
PTPR,3,
H1590,3,
C761,3,
REP,3,EPO is produced by renal erythropoietin-producing
ZIP8,3,
ZIP14,3,
HAMP,3,
TNFR2,3,
U01AG058654,3,
LSAC,3,funded Large Scale Sequencing and Analysis Centers
A2011048,3,
P30AG066444,3,
P01AG03991,3,
P01AG026276,3,
P30AG066462,3,
AG072122,3,
AG16574,3,
HNC,3,
NS100693,3,
AG018023,3,
AG006576,3,
AG025711,3,
AG017216,3,
AG003949,3,
RF1AG057440,3,
R01AG051125,3,
U01AG065958,3,
BE2212,3,
CRU329,3,
RA117,3,
NEP,3,and neprilysin
FADH2,3,which impair production of reduced Flavin adenine dinucleotide
IDO1,3,
LCKD,3,Longitudinal Chronic Kidney Disease Study
IMD,3,The UK Index of Multiple Deprivation
MEOX2,3,
ZNF532,3,
NFIA,3,
TGFA,3,
FBXW12,3,
LIN28B,3,
SIRT6,3,
MAPK6,3,
FZD,3,the Wnt ligands bind to frizzled protein
SAV1,3,
PSAPP,3,
MJR,3,
GLU3,3,
LYS6,3,
GLN15,3,
LYS32,3,
THR22,3,
LYS16,3,
ILE32,3,
LEU34,3,
VAL66,3,
LYS45,3,
VAL37,3,
PMC7428638,3,
EVOLVE,3,of cinacalcet HCl therapy to lower cardiovascular events
PMC10646729,3,
1980LE,3,
SAR502250,3,
T0901317,3,
E17241,3,
PAX6,3,
PAX4,3,
EDACS,3,the Emergency Department Assessment of Chest Pain Score
AGCTGC,3,back-spliced sites share a common six-nt motif
APOE2,3,
AGD,3,Argyrophilic grain disease
JBMR,3,
BSR20170862,3,
BTN3A,3,
FBP1,3,
GWAS82,3,
OCM,3,is also a key participant in one-carbon metabolism
MDH1,3,
MDH2,3,
ALDH2,3,
BHMT,3,
HPD,3,
GATK4,3,
ZLN005,3,
TEMPO,3,
NDRG2,3,
ACAD9,3,
XPNPEP3,3,
BIBS,3,The boundary intersection-based signature
SGM,3,
BIBIS,3,
ND96,3,
749X,3,
BIMEL,3,
LCFA,3,Long-chain fatty acid
SGMS,3,
PCAF,3,
HBO1,3,
H698,3,
F9,3,
CF20,3,
DNRF170,3,
PMC2148176,3,
PLCH,3,such as pulmonary Langerhans cell histiocytosis
ARL,3,
CORR,3,
LILACS,3,and Latin American and Caribbean Health Sciences Literature
NDLTD,3,the Networked Digital Library of Theses and Dissertations
ACLF,3,
SP55,3,
SD20,3,
SD30,3,
PROTAC,3,protein degradation strategies based on Proteolysis Targeting Chimera
PMC8171103,3,
PMC3822582,3,
PMC1887495,3,
CPC,3,
TCPY,3,cortex and laser captured temporal cortex pyramidal neurons
ATF2,3,
DIOPT,3,mapped using the DRSC integrative ortholog prediction tool
FIMO,3,
LIMA1,3,
ZFP36,3,
NMN,3,Quercetin inhibited nicotinamide mononucleotide
SRT1460,3,
SRT1720,3,
LCMT,3,
LSS,3,the saponin extract of lychee seed
G5HD,3,
FCM,3,ferric carboxymaltose
DRIVE,3,Response to IV Iron with Elevated ferritin
OKT3,3,
HUS,3,may also cause haemolytic uraemic syndrome
B19,3,
S0041,3,
R01AG067501,3,
R01AG072474,3,
FANS,3,or fluorescence-activated nuclear sorting
PR7212,3,
RNU2,3,
CLDN5,3,
N2B27,3,
S2845,3,
IPSC,3,
PRODH,3,
AZGP1,3,
SRCIN1,3,
MYOC,3,
CISH,3,
PLIN5,3,
ADH1B,3,
AATK,3,
SLC16A13,3,
SLC26A7,3,
COQ8A,3,
CDKN2C,3,
SHROOM2,3,
LDHD,3,
ADCK5,3,
SLC9A3R2,3,
DCXR,3,
PKN3,3,
SLC30A3,3,
ADCY4,3,
DEPP1,3,
CDK20,3,
FERM,3,
CPLX1,3,
MKNK2,3,
GLYCTK,3,
GPT2,3,
RDH13,3,
WNT11,3,
GPHN,3,
ACSS2,3,
TYSND1,3,
VPS37B,3,
ADHFE1,3,
RAPGEF3,3,
MRPL11,3,
RASIP1,3,
STBD1,3,
ACADS,3,
GABRB2,3,
OLR1,3,
SRPX2,3,
MFAP5,3,
KRT5,3,
SLC6A1,3,
THBS2,3,
HTR2B,3,
TFAP2C,3,
ZBTB20,3,
SMOC2,3,
CD200R1,3,
MRC1,3,
NEXN,3,
ADAM12,3,
SCN9A,3,
CLCA2,3,
PALLD,3,
SLC4A7,3,
BDKRB2,3,
FBN1,3,
CCDC80,3,
PAG1,3,
LPAR1,3,
CBLB,3,
CD6,3,
MS4A1,3,
TNFRSF13B,3,
CD79A,3,
STK17B,3,
OBSCN,3,
STRADB,3,
CAMK1D,3,
NEURL1,3,
HBA1,3,
HBA2,3,
RPL10,3,
DRA,3,
CIITA,3,
CLEC2D,3,
RPS6KA5,3,
BLK,3,
AAK1,3,
FGA,3,
H2BC17,3,
H4C14,3,
H2BC11,3,
H4C15,3,
EEF2,3,
SIN3A,3,
ZNF143,3,
SMARCE1,3,
4LY9,3,
TZP20,3,
TZPS8,3,
TPC,3,the total phenolic content
AMES,3,
H102,3,
H1379,3,
T3DM,3,diabetes mellitus
WS1,3,
G93A,3,in a dose-response survival study in the SOD
GARP,3,glycoprotein-A repetitions predominant
MCPIP,3,induced protein
DLL4,3,
S1PR1,3,
REVIVAL,3,
TECAM,3,
CAPITAL,3,
FIRSTLINE,3,
STEMMI,3,Results from the stem cells in myocardial infarction
MAGNUM,3,
STRAP,3,for regeneration after acute myocardial infarction and PCI
PATH555,3,
CM3,3,
BEN,2,
HUMAN,2,
PUBLIC,2,
SOC02600,2,
POPULATION,2,
DEMENTIA,2,
I15,2,and secondary hypertension
18G,2,
TAJ,2,
PMC4458152,2,
NHRC,2,
SGPGIMS,2,Sanjay Gandhi Postgraduate Institute Of Medical Sciences
CD001990,2,
NMCTH,2,Medicine at Nepal Medical College and Teaching Hospital
110X,2,
QIAN,2,
ZHI,2,
RAPTURE,2,
PMC5999712,2,
YAN,2,
HUANG,2,
MVV,2,
DLA,2,
M01RR16500,2,
P20GM109036,2,
UL1RR024131,2,
PMC7809586,2,
PMC8864096,2,
EFGR,2,
PMC1240052,2,
T2N0M0,2,
S0360,2,
S94,2,
91098A,2,
PMC2907644,2,
15L,2,
CMP,2,Comprehensive metabolic panel
ISR,2,his LAD which ruled out intracoronary stent restenosis
PMC7167720,2,
PMC5298897,2,
3WJAE,2,
IJCM,2,
2018GYB81,2,
STATATM,2,
SUHR7,2,
PMC4320440,2,
PTAH,2,
1A4,2,
NASCI,2,
PMC11485294,2,
PMC11350039,2,
S180,2,
SONOS,2,
JAFR,2,
PMC5006248,2,
PMC5360219,2,
PMC6142936,2,
PSMA,2,
SALL4,2,
TSO,2,
RP6SKB1,2,
HYMAI,2,
SHI,2,
TNK,2,agent for this indication is alteplase or tenecteplase
DISSOLUTION,2,thrombectomy in patients with STEMI undergoing primary PCI
943X,2,
AE3,2,
G719X,2,
L861Q,2,
IADS,2,
IAAS,2,
LBL,2,
H873,2,
ELECSYS,2,
FJR,2,
PMC11183311,2,
AG10483,2,
AN1792,2,Effects of Abeta immunization
MMCI,2,
SWENOTECA,2,
CORE,2,
POBA,2,thrombosuction and plain old balloon angioplasty
PSVT,2,
PMC1995554,2,
URR,2,The average Urea Reduction Ratio
S0194,2,
PMC5019421,2,
PMC8941799,2,
PMC6566263,2,
CD011919,2,
NPCR,2,data from the National Program of Cancer Registries
PMC3632080,2,
ORTBI,2,
WCLC,2,
IFM,2,
PMC2653127,2,
YN968D1,2,
BCN,2,
E145,2,
PMC2846780,2,
T8,2,
14F,2,
PMC4319632,2,
F18,2,
PMC3473377,2,
ZHONG,2,
SHANK1,2,
PMC2148378,2,
E1308,2,
PMC4596032,2,
PMC4399270,2,
PMC5029989,2,
B161,2,
PMC2809967,2,
FFK,2,
R204,2,
PMC522841,2,
ECAM,2,
427X,2,
PMC3371754,2,
MEFS,2,
HOML,2,
PMC2921356,2,
BCB,2,
HJG,2,
ASSN,2,
RESUMEN,2,
SMARCA2,2,
PMC3557932,2,
PMC5617704,2,
S66677,2,
PMC4199858,2,
PMC4231481,2,
PMC2767337,2,
PMC5485046,2,
CREDENCE,2,
ICOGEN,2,phase III clinical trial
OPTIMAL,2,
CTONG,2,
INTACT,2,
1743132814Y,2,
ARD,2,
PMC4051609,2,
PMC11444230,2,
IL1RL1,2,
HEG,2,patients to predict the severity of hyperemesis gravidarum
PIA2,2,
PMC6247241,2,
UNINOVE,2,Universidade Nove de Julho
S0100,2,
TFL,2,
PMC3854458,2,
CLINICS,2,
2000E,2,
KNBS,2,Kenya National Bureau of Statistics
PMC4460159,2,
PMC3932118,2,
G450,2,
G219,2,
G531,2,
CD000323,2,
PMC3128256,2,
NELSON,2,Dutch-Belgian randomised lung cancer multi-slice CT screening trial
JART,2,
DSM5,2,
PMC3609540,2,
AP1,2,
MLZ,2,
METHOD,2,
BIAP24,2,
BJORL,2,
FMO,2,and fluorescence-minus-one
ACLC,2,
TMM,2,
PMC2745069,2,
JP22K07637,2,
PMC4433335,2,
CHW,2,
PMC7654398,2,
PRESENTATION,2,
YRW,2,
YML,2,
CONSENT,2,
PMC7098485,2,
PMC7159086,2,
PMC7159286,2,
PMC2726041,2,
PMC7159299,2,
BLOOM,2,
FLAURA,2,phase III study
C797S,2,
PMC4771182,2,
PMC9155036,2,
PMC4726591,2,
PMC3347806,2,
RAKEL,2,Random k-Labelsets
J48,2,
IBLR,2,Instance-based learning and logistic regression
ECC,2,Ensemble of Classifier Chains
BRKNN,2,lazy multi-label classification method based on the KNN
VNRT,2,
EFM,2,LV ejection fraction
UO,2,
ANZACS,2,
ESG,2,
3500BN,2,
K89,2,
K87,2,
PQL,2,
MMJN,2,
RAV,2,
JCI15219,2,
PMC151055,2,
GTEX,2,
ICBP,2,provided by the International Consortium of Blood Pressure
MRPRESSO,2,
PMC9477943,2,
PMC8432599,2,
PMC7610464,2,
PMC6786975,2,
PMC2582781,2,
PMC3279937,2,
RODAM,2,
PMC2863975,2,
PMC4630826,2,
PCIM,2,
FMPM,2,
MEDICINE,2,
S1155,2,
MAEDICA,2,
PAX2,2,
S0046,2,
S0344,2,
C03,2,
K74,2,Ischemic heart disease with angina
K77,2,Heart failure
K92,2,
T82,2,
T83,2,
K07,2,
LSC,2,
FJG,2,
PMC4926970,2,
2020MS12,2,
CAVM,2,Perfusion defects were analysed by computer-assisted volumetric method
GEDVI,2,
V8,2,
20210A,2,
PMC4470698,2,
C1050T,2,
KGMU,2,s Medical University
PMC2684479,2,
PMC3342769,2,
2018K078B,2,
YYZ,2,
HLL,2,
PMC2606813,2,
UICC,2,
PMC2850264,2,
PMC2736156,2,
PMC3721765,2,
PMC5780690,2,
PMC5984759,2,
ALM,2,
BUS,2,
PIUMA,2,
PMC4865070,2,
PMC2206446,2,
PMC4517989,2,
PMC3992261,2,
PMC3906115,2,
CORAL,2,
PMC3011179,2,
PMC4815927,2,
PMC4042017,2,
JP18K16199,2,
PACSS,2,defined as the peripheral arterial calcium scoring system
ESO,2,the European Stroke Organization
PMC2798876,2,
PMC5804044,2,
1128S,2,
28608B,2,
PMC5506233,2,
PMC5878045,2,
PMC6211654,2,
KBASE,2,
PXN,2,
CD007333,2,
12I,2,
629C,2,
PMC3419820,2,
CMUH,2,
10CM,2,
PMC12184840,2,
E413,2,
PMC4987155,2,
S175,2,
PMC9377040,2,
PMC7578302,2,
PCJL,2,
I84,2,
I88,2,
PMC9653152,2,
PMC11934162,2,
RWL,2,
DCB,2,
PMC12100453,2,
PMC8670729,2,
PMC4332746,2,
CTI,2,
NCT00325195,2,
R83,2,
PMC2727643,2,
PRES,2,
ELNH,2,
GLNT,2,
JGKM,2,
PMC8031538,2,
PMC4478580,2,
PMC3646695,2,
DIAMOND,2,proteinuria in non-diabetic patients with chronic kidney disease
PMC3011975,2,
R110,2,
S0049,2,
8TA,2,
ATP1A1,2,
PMC4530010,2,
WHL,2,
PMC3039280,2,
R77,2,
PMC2894617,2,
S125,2,
AU640,2,
AVO,2,
DBO,2,
AOF,2,
GTSA,2,
PMC2539901,2,
V10,2,
VALIANT,2,the VALsartan In Acute myocardial iNfarcTion
PMC3447836,2,
MRC5,2,
MAPKK,2,
XIA,2,
PMC6480472,2,
IRS2,2,
PMC3946634,2,
PMC4581173,2,
PMC7656891,2,
SECIHTI,2,
CBF2023,2,
DGAPA,2,
IA200324,2,
609X,2,
JEF,2,
SEH,2,
PMC4333880,2,
ETFAD,2,
EADV,2,
DYM,2,
PMC6399565,2,
PMC7482645,2,
PMC7791288,2,
PMC4311308,2,
PMC10804547,2,
PMC5838920,2,
PMC9191759,2,
PMC3281594,2,
PMC5216175,2,
PMC10321115,2,
S67400,2,
PMC4259868,2,
PMC11107859,2,
ZSUC,2,
PMC4600176,2,
PMC13217624,2,
2018KY838,2,
PPAARG,2,
PMC7300910,2,
PMC7102538,2,
PMC165481,2,
PMC4515598,2,
PMC7256180,2,
KDM5D,2,
RPS4Y1,2,
D808,2,
PERCIST,2,
CD009519,2,
JCMA,2,
MAVI,2,
HDAC6,2,
CANCER,2,
MA03,2,
S141,2,
PMC7947221,2,
CUN,2,A novel heteroplasmic tRNAleu
S1567,2,
S0960,2,
PMC6227606,2,
VGGE,2,polymorphism was investigated by voltage gradient gel electrophoresis
JJB,2,
PERSPECTIVES,2,
RESUMO,2,
VLDC,2,
AJF,2,
LMS,2,
SOS,2,year follow-up data from the Swedish Obese Subjects
TP2DM,2,
PMC9512153,2,
PMC6483546,2,
EJ20,2,
PMC4602448,2,
PMC3244608,2,
PMC2518789,2,
S135,2,
S152,2,
JOMFP,2,
PMC3709549,2,
PMC4873949,2,
2020XM29,2,
H659,2,
H668,2,
S0031,2,
D545,2,
D551,2,
PMC7779016,2,
IMF,2,
16K08935,2,
GIR,2,The steady-state glucose infusion rate
SABC,2,streptavidin avidin biotin peroxidase complex
CMH,2,
E55,2,
E63,2,
PMC2580072,2,
RWMA,2,echocardiography to detect right wall motion abnormalities
DNR,2,or those who opted for no resuscitation
PMC6890959,2,
2019AO4685,2,
PMC6711750,2,
PMC4149837,2,
L11,2,
DEW,2,
PMC6513179,2,
S255,2,
S282,2,
PMC7218708,2,
PMC3763235,2,
SATURN,2,NSCLC patients who had received a platinum doublet
MX3,2,
PMC3694268,2,
US1,2,
PMC7092819,2,
PMC7136855,2,
PMC7195018,2,
BL21,2,
DE3,2,
PMC3322721,2,
H07,2,
BE2013713,2,
BK2010067,2,
D5,2,
PMC1694190,2,
PMC3235482,2,
OPCAB,2,
CRM,2,
ONLINE,2,
IAU,2,
MTB,2,
HTM,2,
PMC3753495,2,
PMC4726615,2,
PMC3938870,2,
PMC3891203,2,
GM4,2,
CD001991,2,
SUDAAN,2,
PMC9129905,2,
PMC6333531,2,
PMC7919133,2,
PMC6047468,2,
N30R83,2,
PMC5837520,2,
PMC3629382,2,
CD006378,2,
PMC4147157,2,
UFH,2,unfractionated heparin
PMC6490570,2,
R16,2,
PMC7006162,2,
MVC,2,
PMC3006051,2,
DCH,2,
EJC,2,
CD007471,2,
DEVOTE,2,
TOSCA,2,
PMC2863990,2,
ROO,2,
PMC6546634,2,
AG030999,2,
AG000212,2,
USCF,2,
PMC4486209,2,
PMC3647614,2,
TBA,2,MDA reacts with thiobarbituric acid
S067,2,
PMC3537273,2,
PMC4166864,2,
PMC5426415,2,
K49,2,
K50,2,
072X,2,
20STEMI,2,
PMC140004,2,
TFC,2,and Total Flavonoid Content
VGKC,2,such as the voltage-gated potassium channel
COMPARISION,2,
TRIPHENYL,2,
TETRAZOLIUM,2,
CHLORIDE,2,
DIAGNOSING,2,
AUTOPSY,2,
FORENSIC,2,
LANUV,2,Umwelt und Verbraucherschutz
A185,2,
FUJIFILM,2,
PMC6525929,2,
PMC8124280,2,
XK,2,
DAMC,2,
EPIDAT,2,
S1020,2,
EXP,2,
LVEFTTE,2,
LVEFSAX,2,
EDFT,2,early diastolic flow time
ADFT,2,late diastolic flow time
PMC6512017,2,
PMC5675402,2,
PMC2849697,2,
SITE,2,s Twin Epidemic
S59652,2,
PMC4014373,2,
PMC3783093,2,
JOBE,2,
S188,2,
WHE,2,
UVRI,2,
LSHTM,2,
DFID,2,MRC and the UK Department for International Development
PMC5414152,2,
PMC6883645,2,
PMC2990903,2,
PMC3064871,2,
PMC2459204,2,
IAS,2,
RVSP,2,
DOTS,2,
CHVS,2,
CBHIS,2,CHUs which were utilizing community-based health information systems
PMC2873343,2,
19ZR1443400,2,
TTB,2,a third researcher
SHARE,2,
SICA,2,
NFD,2,
2019AO4632,2,
PMC6706224,2,
M156,2,
C000630650,2,
D003924,2,
ALAD,2,
NEK,2,
JCI107898,2,
PMC301706,2,
PMC9398112,2,
S235,2,
CHANCES,2,of Cohorts in Europe and the United States
PMC4501756,2,
CJW,2,
PMC6647585,2,
DHF,2,
MANEC,2,
C15,2,
PMC3632554,2,
PMC6265262,2,
PMC6066284,2,
PMC5671554,2,
PMC2374689,2,
PMC3870554,2,
S139,2,
JCN,2,
R153,2,
KGR,2,
PMC1682892,2,
PMC5406895,2,
PMC7098606,2,
PMC4705310,2,
PMC3424141,2,
PMC5455097,2,
AEOH,2,
PMC4855514,2,
S39739,2,
PMC3933708,2,
PMC11000251,2,
PMC6605045,2,
MAA,2,
S1679,2,
2020RC035,2,
H6,2,
9SY,2,
PMC5570270,2,
INC,2,
2N,2,
JCI108965,2,
H1207,2,
PMC1609650,2,
OGGT,2,
KCNQ1,2,
PMC7379358,2,
ACTIVITY,2,
PMC6488967,2,
PMC6941349,2,
H1729,2,
BPA3,2,
ACCOMPLISH,2,
CMRPG6B0291,2,
CMRPG6B0292,2,
CMRPG6B0293,2,
PMC2872990,2,
SQK,2,
LSK114,2,
MIN,2,
IGM,2,
MSH,2,
F8,2,
UESB,2,Universidade Estadual do Sudoeste da Bahia
ACF,2,
ATF,2,
JMG,2,
PMC5388857,2,
AAF,2,
S0103,2,
S0004,2,
REPLACE,2,
ANSD,2,s National Agency for Statistics and Demography
PMC8032170,2,
PMC3629133,2,
PMC2958500,2,
LSB,2,
SFW,2,
OBMP,2,the Office-Based Medical Providers Visits
SMJ,2,
AZD4694,2,
PMC7041965,2,
PMC3101877,2,
R01DK069406,2,
V132504,2,
PMC2852884,2,
SHH,2,
PMC2766035,2,
S40522,2,
PMC3873205,2,
BDER,2,
NMH,2,
PMC4430906,2,
PMC3659882,2,
AKB,2,
MMC,2,
UFPE,2,
PMC2141655,2,
PMC2804874,2,
PMC4354889,2,
PMC5241271,2,
PMC4341479,2,
PMC2655011,2,
ORISCAV,2,
PMC3587422,2,
17DZ2272900,2,
2017ZZ01024,2,
HTZ,2,
F1105,2,
LS2,2,
R261,2,
PMC2769203,2,
PMC2789419,2,
M405063200,2,
EVEREST,2,
PMC2856960,2,
EHGR,2,strategies such as the Explicit Health Guarantees Regime
PMC3766446,2,
PMC3721893,2,
PMC5798824,2,
REMARK,2,W Reporting Recommendations for Tumor Marker Prognostic Studies
ARRB1,2,
MWG,2,
YCL,2,
DK88865,2,
DK92291,2,
PMC2883847,2,
SLC22A2,2,
FAW,2,
BG9719,2,
CVT,2,
PMC4392430,2,
PMC4415374,2,
QD034,2,
LLSC,2,
MUT,2,
CPC2,2,
CNCI,2,
PLEK,2,
LVFE,2,
SLC6A3,2,
PMC5598874,2,
PMC1933169,2,
CBNU,2,
1010G,2,
BRCA2,2,
EAQI,2,
F817,2,
PMC1247478,2,
F863,2,
F870,2,
461S,2,
E971,2,
PMC1796695,2,
MOIST,2,
FMRIB,2,
P41,2,
UNICAMP,2,Universidade Estadual de Campinas
HAR,2,
MSL,2,
CTRI,2,
NRG,2,
PMC6117102,2,
CJA,2,
I69,2,
PMC9345691,2,
KWH,2,
RRCS,2,robust rank correlation-based screening
TOP,2,
N4,2,
SIS,2,
PMC4001724,2,
PMC3586968,2,
PMC4814172,2,
SPAIR,2,and quiet breathing short-time inversion recovery
NNN,2,
VX,2,
PMC8354300,2,
CDH1,2,
FOXM1,2,
PMC2568468,2,
BPDES,2,The Bangladesh Population Based Diabetes and Eye Study
PMC4196995,2,
HI14C0074,2,Republic Korea
PMC2719290,2,
PMC2682493,2,
PMC5369884,2,
PMC1120075,2,
S61363,2,
PMC4014451,2,
PMC8030461,2,
BIORXIV,2,
AG078796,2,
R21AG078538,2,
R21AG080705,2,
FO2022,2,
AD3,2,
FAE,2,
PMC6778042,2,
PMC1509089,2,
PMC6314669,2,
GBCA,2,
JNCCN,2,
M146V,2,
LPDP,2,
FTC,2,follicular thyroid carcinoma
DK060980,2,
UIC,2,University of Illinois at Chicago
DK072231,2,
PMC3053083,2,
PMC3712792,2,
PMC7070509,2,
PMC7121452,2,
PMC7102627,2,
PMC7184512,2,
PMC7097841,2,
CHT,2,
JE20240298,2,
21FA2002,2,
22FA2001,2,
24FA1013,2,
PMC5388903,2,
PMC7190036,2,
JMA,2,
PMC3902103,2,
PMC2832308,2,
CYP2C19,2,
PMC2600565,2,
PMC3263862,2,
SENSE,2,
PMC3941098,2,
H1373,2,
H1381,2,
MIRECC,2,Education and Clinical Center
PMC3068890,2,
PMC4619779,2,
PMC3692389,2,
PMC7154079,2,
PMC3109732,2,
PMC3050602,2,
PMC3952718,2,
PMC6527115,2,
TBNA,2,
PMC8008539,2,
PMC8108804,2,
AU2700,2,
FHR,2,demonstrated that higher fetal heart rates
E23K,2,
PMC5674239,2,
PMC3682671,2,
POD,2,
NBCRI,2,funded by the National Breast Cancer Research Institute
PMC2711979,2,
NBCAM,2,
PMC4818501,2,
HL102299,2,
HL109790,2,
HL81587,2,
HL11539,2,
HL007224,2,
HL103859,2,
HL125409,2,
HL081587,2,
HL115775,2,
K23HL089326,2,
5P50HL120163,2,
SSH,2,
SWB,2,
CTP,2,the NHLBI and FDA Center for Tobacco Products
ZK,2,
S0889,2,
PMC11001573,2,
F01,2,
MMWS,2,
PEK,2,
PMC7203601,2,
PRISMA8,2,
CD009503,2,
PREVENT,2,
REOPEN,2,
PAWE,2,
KMPK,2,
BKT,2,four centres was transported to the genetic laboratory
F632,2,
S0893,2,
133X,2,
PMC1479320,2,
GRK4,2,
UV1,2,
07X,2,
PMC552951,2,
PMC3794896,2,
PMC2778645,2,
PMC4124764,2,
PMC5862301,2,
D983,2,
PMC3531173,2,
FMLNCSIM,2,
PMC5216773,2,
AMIA,2,
SAIGE,2,
G35,2,
E83,2,all significantly associated with disorders of metabolic metabolism
DRB6,2,
U01HG004424,2,
PMC3475404,2,
PMC7073164,2,
PMC6879647,2,
PMC5409050,2,
PMC3260944,2,
PMC9028687,2,
PMC6896498,2,
F606,2,
F197,2,
H1103,2,
PMC2831070,2,
GSE8919,2,
126C,2,
T42T,2,
132G,2,
A44A,2,
279C,2,
Y93Y,2,
348C,2,
N116N,2,
438G,2,
K146K,2,
879C,2,
H293H,2,
284A,2,
764C,2,
1013G,2,
40G,2,
945T,2,
IVS6,2,
D380N,2,
1140C,2,
HDL2,2,
HDL3,2,
Z01,2,
HEFCE,2,including the Higher Education Funding Council for England
PMC2667989,2,
PMC1461096,2,
WO2010114636,2,
HLG,2,and topological indexes of HOMO and LUMO Gap
PCN,2,stent or percutaneous nephrostomy
FOLLOW,2,
PMC3848478,2,
PMC3431443,2,
CROES,2,
PMC4719515,2,
TERC,2,
PMC2775843,2,
R4124500591,2,
MUTYH,2,
ESTS,2,Behalf of the European Association of Thoracic Surgeons
2023KFKT09,2,
2022KFKT05,2,
A25,2,
PMC9186447,2,
PMC9142328,2,
PMC8922674,2,
PMC8384669,2,
PMC4330673,2,
PMC10034548,2,
JCI32691,2,
PMC2323186,2,
PMC4556588,2,
TIPSS,2,presence of a transjugular intrahepatic portosystemic shunt
HC9,2,
PMC8688487,2,
FHDM,2,family history of diabetes mellitus
PMC2674592,2,
PMC5984944,2,
PMC4099943,2,
PMC6830649,2,
PMC7686592,2,
DEGS1,2,Ergebnisse der Studie zur Gesundheit Erwachsener in Deutschland
CEUMA,2,
Q11,2,
Q12,2,
Q14,2,
JAT210115,2,Educational Research Project
CA153,2,
HCG,2,
WTHR,2,Waist to hip ratio
959X,2,
TMU,2,
0X,2,
V02,2,
PMC3929949,2,
282X20140153,2,
S100843,2,
BCVA,2,best-corrected visual acuity
CREST,2,
WDR66,2,
FIGURES,2,
TABLES,2,
PMC2711874,2,
PMC2719288,2,
PMC3037413,2,
AP3D1,2,
PMC3709915,2,
PMC3025522,2,
8M5,2,
ASSESSMENT,2,
PMC3308300,2,
PC5,2,
H520,2,
JWM,2,
WJM,2,
7B2,2,
FMJ,2,
Y9008,2,
Y9004,2,
JGF,2,
PHCFM,2,
AOSIS,2,
BWP,2,Income level
UOR,2,
S1499,2,
DAWN,2,Wishes and Needs
FORTE,2,Working Life and Welfare
SOU,2,
PMC3142234,2,
LVSD,2,
PMC7577553,2,
ROCKET,2,
S0953,2,
PMC5819359,2,
ZAP,2,
FT1DM,2,diabetes mellitus
JOP,2,
PMC6158718,2,
WGEE,2,weighted GEE
CD154,2,
PMC2809052,2,
HORIZON,2,
UMCG,2,the University Medical Center Groningen
PMC7818845,2,
PMC6699591,2,
RS800,2,
SON,2,and the supraoptic nuclei
H215,2,
H2233,2,
H1358,2,
PA4673,2,
TTG,2,
PMC3190285,2,
PMC4809106,2,
TCP,2,
NAAC,2,
KNOWCKD,2,for Outcomes in Patients With Chronic Kidney Disease
ARM,2,
MICENAS,2,
PMC3879360,2,
PMC3244409,2,
A1M,2,
GB0421639,2,
GB2005,2,
CNAMTS,2,
HPDI,2,
FRIL,2,
ADAMS,2,
ORS,2,
C57BLKS,2,
0A,2,
ZQG,2,
YJX,2,
PMC6497594,2,
BSR20210609,2,
PMC6267152,2,
JDB,2,
MC3T3,2,
PMC5573680,2,
VISION,2,
PMC2662372,2,
PMC4595218,2,
FREEDOM,2,Optimal Management of Multivessel Disease
ARTS,2,
ALCAM,2,
VEGFR1,2,
NUDT1,2,
ARAKMU,2,
DLX1,2,
PMC5729526,2,
VDA,2,
HAL,2,
DIU,2,
HMU,2,Committee in Biomedical Research of Hanoi Medical University
SIDA,2,
NTK,2,
INDEPTH,2,
SALTER,2,
WANK,2,
PMC547905,2,
CD002003,2,
2012CB517706,2,
PMC2637601,2,
PMC4151483,2,
PMC3352831,2,
234X,2,
FAMED,2,
NPO,2,
PPGBM,2,
LGHM,2,
HUJBB,2,
FAPESPA,2,nia de Amparo a Estudos e Pesquisas
PMC7378389,2,
NEAT1,2,
CASP8,2,
CYP19A1,2,
PMC4569399,2,
PMC8063897,2,
PMC8470525,2,
PMC6104542,2,
PMC5307847,2,
PMC9488944,2,
PMC8052295,2,
PMC5752713,2,
VKORC1,2,
S84,2,
CJH,2,
RMJ,2,
ASCOT,2,a substudy of the Anglo-Scandinavian Cardiac Outcomes Trial
PGF1,2,
GCM,2,
JLY2021082,2,
HCJ,2,
FAA,2,
PMC4500042,2,
WAVE,2,
S0147,2,
SUB2,2,
A210,2,
RMMA,2,sleep are associated with rhythmic masticatory muscle activity
WASO,2,
CRANIO,2,
JG9,2,
A512,2,
ALICE,2,
OAR,2,
PMC4419359,2,
088X,2,
MOP,2,
BAEJ,2,
JCI10583,2,
PMC314317,2,
ENDO,2,
S0019,2,
PMC3039276,2,
PMC2517173,2,
PMC7478957,2,
PMC6523054,2,
XPD,2,or xeroderma pigmentosum D
PMC3950338,2,
TCH,2,
PMC7251456,2,
FY2015,2,
GSE11882,2,
E210,2,
RPL13,2,
RNF34,2,
PMC3334321,2,
PRT,2,
GPP,2,
TKL,2,
PMC2753644,2,
CHRNA3,2,
NAT2,2,
1427S,2,
PMC4409366,2,
JCF,2,
1U01DK099924,2,
1U01DK099914,2,
V1251079,2,
PMC4327849,2,
PMC3392358,2,
JCOG0201,2,was explored in an observational study
WJOG4507L,2,
SQCC,2,
CALGB140503,2,The post-hoc analysis of the RCT
PMC8920425,2,
PMC6396275,2,
NMC,2,
JNJ54173717,2,
GSK1482160,2,
ENIGMA,2,
NE40,2,
JJM,2,
YJK,2,
LQTS,2,The long QT syndromes
LQT1,2,
LQT2,2,
MLE,2,
PMC387312,2,
SNHG14,2,
GCRFLDA,2,designed an LDA prediction method
LNSUBRW,2,
MIR31HG,2,
PMC8577315,2,
ZR2016HQ18,2,
ZR2014HM088,2,
CABGX1,2,
THIJ,2,
LUC962,2,
CPFE,2,Combined pulmonary fibrosis and emphysema
S32,2,
435OC,2,
PMC2556456,2,
L814,2,
2021YFQ0060,2,
E19,2,
M20,2,
KXW,2,
PMC2771187,2,
PREVEND,2,
PMC2991589,2,
PMC3124770,2,
PMC2997684,2,
PMC2740903,2,
CDGSH,2,
TT01001,2,
GTRD,2,
HSD17B8,2,
E2F1DP2,2,
MSH6,2,
PMC2496982,2,
PMC2453648,2,
PMC6447622,2,
PMC7855858,2,
PMC3433777,2,
YHS,2,
JCI118111,2,
PMC185250,2,
BF00210410,2,
JGG,2,
MCGPA,2,
DMM,2,
SENS,2,
SPEC,2,
MCGP,2,
PMSB,2,
YAO,2,
VMV,2,
H3T,2,
PMC3323835,2,
PMC2494649,2,
PMC2664679,2,
MGRS,2,
AJKD,2,
RBR,2,
ITPAC,2,nio Carlos
ATTG,2,
GDPR,2,
PC9,2,
SHT,2,Systemic hypertension
IMRF,2,
FMS,2,Finapres Medical Systems
BIOPAC,2,
IHG,2,and the Institute of Human Genetics
PMC2747394,2,
YGW,2,
PMC5312666,2,
SHIP2,2,
PMC10358051,2,
ABIOMED,2,
A636,2,
ID0,2,
PMC8696230,2,
500X,2,
PI14,2,
ULPAPD,2,
CPX,2,
RQ,2,The relative gene expression
VCO2,2,and carbon dioxide production
AGTR2,2,
JAL,2,
E740,2,
APP1052555,2,
WQHCIF,2,
BPJS,2,
ACO,2,
PMC5965674,2,
IMMUNE,2,
SYSTEM,2,
BSR20182348,2,
PMC5710346,2,
25S,2,
KLN205,2,
CD24,2,
ALDH1,2,
PMC2741477,2,
PMC3865548,2,
APOBEC,2,
MUC2,2,
8G7,2,
HAPPI,2,and the Human Annotated and Predicted Protein Interaction
TNFAIP,2,
FMO1,2,
ALOX1,2,
ORIC,2,
PMC3131897,2,
MATE1,2,particularly multidrug and toxin extrusion proteins
W5,2,
S0149,2,
MODIS,2,
ESRI,2,
S230,2,
139F,2,
DFJH2020022,2,s Hospital
M4S,2,
NON,2,
FYQ,2,
PEFF,2,
NANETS,2,and the The North American Neuroendocrine Tumor Society
PHIPA,2,s Personal Health Information Protection Act
RPDB,2,and the Registered Persons Database
ISAM,2,
UMO,2,
EUROIMMUN,2,
LVEDM,2,left-ventricular end-diastolic mass
LVESM,2,left-ventricular end-systolic mass
KGT,2,
WCZ,2,
PMC7195120,2,
R1687,2,
LF1019,2,
ICGA,2,
REMODEL,2,
LCG,2,
PMC449809,2,
SSHTN,2,thereby attenuating salt-sensitive hypertension
PMC6385605,2,
TURDEP,2,Results of the Turkish Diabetes Epidemiology Study
JCI10842,2,
PMC380258,2,
DBM,2,
CHAMPUS,2,
PMC4926969,2,
H459,2,
NIC,2,move forward with a Notice of Intended Change
CD002967,2,
ZLS,2,
YTW,2,
HYG,2,
PMC2891979,2,
PMC3139978,2,
PMC3202956,2,
BOMBS,2,be recorded following the Brain Observer Microbleed Scale
5Q,2,
PMC11078537,2,
VERIFICA,2,
NILS,2,
AIDA,2,
PMC6529912,2,
PMC8195981,2,
PMC8250004,2,
PMC9805431,2,
2466S,2,
CCG,2,
TSC,2,or tuberous sclerosis complex
PMC1132379,2,
BNF,2,defined using British National Formulary
SPCRN,2,of the primary care research networks in Scotland
UKCRN,2,
UKCTU,2,
TCTU,2,run by Tayside Clinical Trials Unit
RLS,2,
E121,2,
CD000011,2,
SBP1,2,
SBP2,2,
WUCH,2,
LCD,2,
DBP2,2,
HR2,2,
PMC3893097,2,
TASMIN,2,
CD007459,2,
ANSI,2,
AAMI,2,
S27193,2,
S63602,2,
V133745,2,
AMFY,2,
CD002863,2,
CD002252,2,
PMC515178,2,
MOS,2,
PMC5642081,2,
E6,2,
SAWUDA,2,
SDS17,2,
JPMA,2,
S2590,2,
F278,2,
PMC8092061,2,
PMC5372023,2,
PMC4412815,2,
JJY,2,
772X,2,
CCCP,2,
A11001,2,
PMC11329297,2,
PMC7790555,2,
PMC10566288,2,
102S,2,
106S,2,
PMC3045843,2,
VWW,2,
PMC8396208,2,
PMC23523,2,
PMC10608472,2,
PMC11153639,2,
PMC3974979,2,
PMC9272264,2,
DSI,2,
AD23,2,
PMC2951483,2,
PMC2478641,2,
EXAMINATION,2,versus bare-metal stent in ST-segment elevation myocardial infarction
RJGP,2,
CD002968,2,
2015PS295K,2,
BC089979,2,
DDIT3,2,
H2058,2,
ADAMTS1,2,
313X,2,
EMBRACE,2,
PMC6042465,2,
PMC2736694,2,
PMC2572269,2,
PREFER,2,
AJC,2,
AC096631,2,
SV2B,2,
NRXN3,2,
ABCC4,2,
PRC1,2,
PMC1181990,2,
PMC1181963,2,
PMC4102918,2,
PMC9544472,2,
440X,2,
PMC4293771,2,
ETJ,2,
R190,2,
OPERA,2,
PMC4159698,2,
PMC11270112,2,
951X,2,
852TC,2,
MEGA5,2,
1858TT,2,
852C,2,
FCRL3,2,
C1858T,2,
PMC9810477,2,
HRH,2,
DMW,2,
1L453,2,
VEGA,2,
PMC6111793,2,
PMC4731113,2,
CDP,2,
DOQITM,2,
S104,2,
PMC4151375,2,
N181,2,
N182,2,
N183,2,
N184,2,
N185,2,
N189,2,
N186,2,
N99,2,
JSAG,2,
SAPIEN,2,
TVT,2,
E116,2,
PMC8819604,2,
PMC6490162,2,
GDN,2,
PMC2946640,2,
MMK,2,
C961,2,
EPOCA,2,
PMC4539558,2,
015AW,2,
PMC2713316,2,
PMC2464602,2,
PMC61119,2,
PMC2874836,2,
21S,2,
49S,2,
FRM,2,
PMC5397983,2,
S149,2,
CSN,2,
PMC2718421,2,
IFCT,2,
TAILOR,2,advanced non-small-cell lung cancer and wild-type EGFR tumours
AG051848,2,National Institute on Aging
AG0051839,2,National Institute on Aging
AG000216,2,National Institute on Aging
PMC2833224,2,
CANTOS,2,
ILC1,2,
AREG,2,
CD206,2,
PMC8113407,2,
PMC6362944,2,
IRQ,2,
PUBSTAGE,2,
DOCTYPE,2,
LANGUAGE,2,
SRCTYPE,2,
03M,2,
11M,2,
29M,2,
L22,2,
L17,2,
P10,2,
L10,2,
L13,2,
OTHER,2,
PMC6715317,2,
FAZ,2,
PMC6207340,2,
KDFGMDA,2,
KSM,2,
KSD,2,
PMC6688360,2,
IJCAI,2,
D940,2,
R13,2,
TMEM176A,2,
FMN1,2,
TCN2,2,
61E,2,
VSIG4,2,
DYSF,2,
MS4A3,2,
U4,2,
81E,2,
RMRP,2,
CYP27A1,2,
CD151,2,
RAB1B,2,
ASGR,2,
V6T,2,
IREC,2,was approved by the Institutional Review Ethics Committee
GHSP,2,
PMC7615769,2,
PMC3959199,2,
PMC7905697,2,
PMC9556320,2,
PMC4973216,2,
PMC10667099,2,
PMC10714284,2,
PMC10653957,2,
GEDA,2,results from the German health update
PMC5143789,2,
NAKO,2,findings from the german national cohort
PMC11539873,2,
PMC4850517,2,
PMC8380837,2,
PMC10808194,2,
PMC3877372,2,
UCS,2,
WDJ,2,
PMC3185127,2,
JMRI,2,
ZUMS,2,
2VD,2,
3VD,2,
UTOPIA,2,
H610,2,
PMC6882776,2,
CESFAM,2,
ID16I10452,2,
FOB,2,
P30CA033572,2,
PMC6093439,2,
CNUH,2,
F116,2,
EGFRWT,2,
DFCI,2,kind gift of Jeonghee Cho and Matthew Meyerson
CCSP,2,
PMC549606,2,
R3E,2,
22KJB320028,2,
YZ2021147,2,
NDL,2,
PMC9254994,2,
R149,2,
PMC3414744,2,
NECHR,2,
PRIN,2,
2010JS3PMZ,2,
LTBR,2,
EZS,2,
CMT,2,
S1071,2,
PMC3157472,2,
GAB,2,
CJV,2,
60S,2,
NF10,2,reference genes
PMC126239,2,
PMC2118517,2,
DC1,2,
PMC3879301,2,
CG181,2,
SSDM,2,the Social Security Death Master
PMC1508841,2,
MICAR,2,
NAFL,2,often defined as nonalcoholic fatty liver
JCI77812,2,
PMC4701542,2,
PMC8820685,2,
STARD,2,
AAAI,2,
KCDC,2,the Korea Centers for Disease Control and Prevention
KSN,2,the KCDC and the Korean Society of Nephrology
SWK,2,
PMC7952797,2,
PMC5450910,2,
OR01,2,
PMC6944834,2,
PMC2910685,2,
PMC3259725,2,
PMC2615777,2,
NCT05794711,2,
PMC5712844,2,
PMC7336827,2,
CWL,2,
PMC4156973,2,
SIM168,2,
PMC4572741,2,
PMC2874323,2,
RELAX,2,
PMC7066763,2,
PMC7734766,2,
AYA,2,
IPF,2,
ECONOMIC,2,
BURDEN,2,
SAT,2,
PROGRES,2,
LF1,2,
EARLY,2,
FIONA,2,
ADPKD,2,and autosomal dominant polycystic kidney disease
CARDINAL,2,
EPPIK,2,
AFFINITY,2,
ELX,2,
CRISP,2,The clustered regularly interspaced short palindromic repeats
BST20150014,2,
PMC4613495,2,
PMC4196552,2,
PMC1464339,2,
LLD,2,
R21HL,2,
PMC2639128,2,
H1967,2,
PMC7402107,2,
PMC7101506,2,
S57,2,
NFATC1,2,
63X,2,
RAW264,2,
PMC2943017,2,
GILZ,2,
SLC22A3,2,
LINRIS,2,
B20,2,
PMC6516529,2,
TSC1,2,
PMC4534050,2,
O109,2,
PMC4418794,2,
EBC,2,
EBC20243000,2,
BK20220401,2,
BK20230139,2,
2023M731632,2,
TIGAR,2,
CYT006,2,
PMC13482560,2,
PMC6151499,2,
PMC9527774,2,
PMC4313884,2,
PMC1698788,2,
PMC6534786,2,
A236,2,
HEI,2,is employed by the Health Effects Institute
PMC1533247,2,
PMC4043337,2,
PMC3621202,2,
0609OC,2,
PMC5447295,2,
IIM,2,
AZA,2,
TII,2,
TGP,2,
PMC5086373,2,
PMC6034041,2,
PMC2828342,2,
AGB,2,
MONTH,2,
TWILIGHT,2,
ZEST,2,
JP19K17569,2,
LDDG,2,
DKRDS,2,
DSSSP,2,
PEIEE,2,
PLNWY,2,
RNTER,2,
COA,2,
VGEF,2,
SW17,2,
0RE,2,
2HR,2,
3CI,2,
FAPERJ,2,
KVB,2,
LHAS,2,
ARN,2,
NASS,2,
MHP,2,
SLD,2,
PREVENTING,2,
SADHS,2,Based on South Africa Demographic and Health Survey
PPS,2,first stage entailed random probability proportional to size
PMC5877818,2,
PANAHO,2,The Pan American Health Organization
RA118,2,
S0079,2,
F1053,2,
7H10,2,
100X,2,
DEPC,2,
UE,2,
JOCI,2,
PMC5400500,2,
XIX,2,
SHEP,2,of the systolic hypertension in the elderly program
COC,2,Could high continuity of care
RMHP,2,
BRIC,2,
BRICS,2,
AOU,2,Azienda Ospedaliero-Universitaria
FES,2,
PJL,2,
ADG,2,
DL08OMD,2,
C19,2,
AFT,2,LOS was performed using several accelerated failure time
GIRFT,2,
CASRO,2,to the Council of American Survey Research Organizations
1402S,2,
S119,2,
980S,2,
RGP2,2,
PMC9522297,2,
PREMIER,2,
FACP,2,
SOURCES,2,
PREVALENCE,2,
MORTALITY,2,
USING,2,
CAMI,2,
AMIS,2,
IMMULITE,2,
DRUGS,2,
PMC3155690,2,
PMC3420350,2,
PMC5004653,2,
E719,2,
PMC3447038,2,
PMC3540413,2,
PMC3604792,2,
NO3,2,
BH4,2,
FATE,2,long-term results from the Firefighters and Their Endothelium
PMC4831797,2,
PMC4895610,2,
PMC3026604,2,
BIOMARK,2,
APD,2,
QC1,2,
QC2,2,
AMYLOID,2,
PMC9496433,2,
PMC2714061,2,
PMC384799,2,
PMC6741917,2,
DLPFC,2,
HYQ,2,
PMC4418670,2,
JAI,2,
XBZG,2,
LMTRDA,2,proposed a method of the logistic model tree
NNMDA,2,the neural network to predict the miRNA-disease associations
R132,2,
R183,2,
PMC4529919,2,
D162,2,
HL091983,2,
HL126186,2,
HL134608,2,
HL099283,2,
VEVO,2,
ECLIPSE,2,
TE200,2,
MCA1957,2,
SP5,2,
PMC4718183,2,
DXI,2,
PRJNA680302,2,
UFSP,2,
SANRF,2,and South African National Research Foundation
PMC7102349,2,
BIRCWH,2,
ERP,2,
E90,2,
PMC6530990,2,
S140,2,
JRR,2,
2021LC2115,2,
IMPORTANCE,2,
PEER,2,
CPM,2,
DPH,2,
LTQ,2,
PMC8995832,2,
P0058,2,
PMC7188049,2,
PMC3532551,2,
PMC3174086,2,
PMC3326161,2,
RNI,2,
SE12,2,
SE22,2,
PMC1125071,2,
PMC5860371,2,
PMC7059907,2,
NZ4,2,
M19,2,
CIRCS,2,Circulatory Risk in Communities Study
S25,2,
2019Y9124,2,
ACCM,2,
SHAPEIT2,2,
PMC5157836,2,
PMC5123972,2,
PMC6387034,2,
PMC3075088,2,
PMC5723873,2,
NCT00898807,2,
PMC4086818,2,
WNK,2,
TRANSFAC,2,
GNMT,2,the glycine-N-methyltransferase
SINE,2,
PFK,2,
S0303,2,
NFIL3,2,
S0969,2,
KMUH107,2,
M720,2,
S56,2,
S115,2,
SOM,2,
61443L,2,
OPP,2,
PMC8092356,2,
PMC8687569,2,
PRESTIGE,2,
FREE,2,
SORT,2,
RESERVOIR,2,
DOHME,2,
PMC5269516,2,
RESOLUTE,2,
SNNPR,2,found in Southern Nation Nationality People Regional State
HBA1C,2,
COMREC,2,the College of Medicine Research and Ethics Committee
MLW,2,Z to the Malawi-Liverpool-Wellcome Trust Clinical Research Programme
PMC4900977,2,
AACVPR,2,
NLA,2,
JRN,2,
PMC3142022,2,
NKFIH,2,
K142273,2,
NRDI,2,
BOW,2,and bag-of-words
RKEB,2,
IKEB,2,
TUKEB,2,
EKU,2,
PMC8108870,2,
PMC5710293,2,
FWA,2,
FWA00001263,2,
NTG,2,Patients with normal-tension glaucoma
RFL,2,
XLC,2,
PMC7500018,2,
YX6J004,2,
ASPR,2,The age-standardized prevalence rate
S8A,2,
S8B,2,
PMC5605509,2,
Y09,2,
Y11,2,
MITP,2,
S0161,2,
BEK,2,
MAH,2,
AJHM,2,
PA1,2,
RRR,2,The relative risk reduction
PMC2992225,2,
S498,2,
SSM,2,
OBJETIVO,2,
DATOS,2,
CLSI,2,standard requirements in the Clinical Laboratory Standards Institute
H18,2,
UAP,2,or unstable angina pectoris
JCI25102,2,
PMC1087185,2,
CORONA,2,
EMIS,2,codes via SystmOne and Egton Medical Information Systems
U071,2,
PMC7190071,2,
RBWH,2,Kidney Health Service
QHC,2,
FTE,2,
S4S,2,
QIMR,2,Queensland Institute of Medical Research
K10,2,
IDS,2,The inventory of depressive symptomatology
BAA,2,
JGM,2,
DEI,2,
PHYSA,2,
PMC4896734,2,
MTEF,2,
P11,2,
N12,2,
C1797T,2,
CRITICAL,2,
PMC2335261,2,
PMC2854758,2,
TEOM,2,
1627OC,2,
PMC2751595,2,
PMC1253756,2,
ULTRA,2,
PMC1867961,2,
GTTF,2,commercially by the Gene Targeting and Transgenic Facility
S1534,2,
SYK,2,
1O2,2,
PCO,2,protein carbonyls
BER,2,engaged in the DNA base excision repair pathway
PMC4515446,2,
K10E,2,
RFT,2,comparisons was performed using the random field theory
PMC4384119,2,
S0143,2,
PMC3951818,2,
DK099487,2,
MRFIT,2,
COUP,2,
TFII,2,
FATP2,2,
CPT1,2,
PARKIN,2,
BNIP3L,2,
SGLT1,2,
ESRRA,2,
PMC7363449,2,
PMC4365692,2,
PMC7349188,2,
F561,2,
F575,2,
PMC9176741,2,
JCI140695,2,
PMC7919728,2,
PMC5748913,2,
PARK2,2,
PMC8970457,2,
PMC5084876,2,
SNHL,2,study in India reported a sensorineural hearing loss
ABR,2,can be evaluated by measuring auditory brainstem responses
AIN93G,2,
VIS,2,
PROTEAN,2,
XRS,2,
F262,2,
F272,2,
STELLAR,2,
PMC8266602,2,
ODA,2,s Official Development Assistance
ISPOR,2,
PMC5771003,2,
QAI,2,
800X,2,
605P,2,
YAMASU,2,
IERB,2,
ISCS,2,
RAIC,2,
PESSI,2,
MFU,2,
CD006591,2,
PMC5114123,2,
453X,2,
NINE,2,
527X,2,
CASABLANCA,2,
PMC7382936,2,
PMC7793229,2,
JPH,2,
SJR,2,
DHIS2,2,According to the district Health Information System Two
PMC9159308,2,
PMC9414034,2,
INQUIRY,2,
PMC11032063,2,
PMC5290768,2,
IBPC,2,
PMC8740276,2,
PMC6532230,2,
MEET,2,
BJMMR,2,
NSAP,2,FMOH National Strategic Action Plan
PMC7289366,2,
PMC5713156,2,
PMC3214824,2,
PMC7073010,2,
AYY,2,
NMCD,2,
PMC10420930,2,
PMEDR,2,
PMC5061059,2,
SAHSU,2,from the UK Small Area Health Statistics Unit
LALLF,2,
XI,2,
R6,2,
HNO3,2,
GBW,2,
CACO,2,
PMC1566417,2,
ROBUSTREG,2,
GWC,2,
PMC1533459,2,
045X,2,
FGR,2,
68S,2,
HUMU,2,
PMC12820519,2,
2023A03J0563,2,
LEGEND,2,
96T,2,
JONLNBIO,2,
XCMS,2,
AEG,2,
PMC5163362,2,
GRF,2,
PMC9052331,2,
PMC1768669,2,
PMC5502241,2,
PMC5404406,2,
PMC6749969,2,
PMC6876271,2,
PMC6310691,2,
RMSE,2,
S1386,2,
S1350,2,
S116,2,
JIS,2,
MIMAT0000087,2,
MIMAT0002875,2,
MIMAT0000259,2,
MIMAT0027088,2,
MIMAT0000261,2,
MIMAT0003249,2,
MIMAT0000062,2,
WNK4,2,
XHT,2,
PMC6775376,2,
PMC1950808,2,
PMC4856985,2,
MBNL1,2,
AQP2,2,
H295R,2,
PMC2329274,2,
PMC6536849,2,
PMC4623932,2,
PMC3260523,2,
S2013F1022,2,
2017SK50117,2,
S061,2,
LOCM,2,over low-osmolar contrast media
PMC4057242,2,
PMC3788581,2,
NHP2,2,
TP53I13,2,
FGF18,2,
450K,2,
PMC3864624,2,
NFI,2,
039X,2,
SBF006,2,
PMC6489115,2,
PMC4022491,2,
PMC6218120,2,
NERI,2,
CAKUT,2,congenital abnormalities of the kidney and urinary tract
PMC2275772,2,
S290,2,
PMC4318947,2,
PMC8108268,2,
XE,2,
VD13A,2,
WMV,2,and white matter volume
PMC3510663,2,
PMC5172385,2,
OSHA,2,
MPPD,2,The so-called multi-path particle dosimetry
GGTP,2,gamma-glutamyl transpeptidase
IPCS,2,
JTA,2,
PMC9274319,2,
PMC9010024,2,
PMC6882543,2,
872X,2,
PEDRO,2,
ERDF,2,European Regional Development Fund
GE2,2,
ECNA,2,
PMC4451435,2,
PMC4209161,2,
GLP1RA,2,
SURPASS,2,
AWARD,2,
PMC3077219,2,
DZI,2,
BID,2,
PMC4730215,2,
SNEC,2,
AFU,2,
WCC,2,White cell count
PMC7280666,2,
S2352,2,
KCH,2,
PMC4178334,2,
PRG,2,
JCPSP,2,
JLUMHS,2,
GRRAS,2,in Guidelines for Reporting Reliability and Agreement Studies
GWAS2FUNC,2,
O15,2,
R62H,2,
SORL111,2,
NOTCH3,2,
LOFTEE,2,
ATP8B4,2,
PMC5959890,2,
ZZ13,2,
CAST,2,
2018QNRC2,2,
YESS20170034,2,
ZYYCXTD,2,
S86,2,
TREA,2,
AGP,2,
DDA,2,were analyzed using a data-dependent acquisition
BEH,2,
PMC3949163,2,
PMC5582063,2,
COMMENTS,2,
17533R1,2,
AFJ,2,
JRB,2,
CBUA,2,
PICOS,2,Comparison and Outcome measures
PMC7350200,2,
CD008895,2,
PMC6460508,2,
PMC8819101,2,
PMC6923688,2,
PMC6749182,2,
POPPER,2,
PMC11326034,2,
PMC10933152,2,
PMC6542664,2,
EQUIP,2,of the enhancing quality of life in patients
PMC11884824,2,
PMC9797315,2,
PMC6825034,2,
ALJS,2,
YKCPBAB,2,
EPAAC,2,under the European partnership for action against cancer
BF01061227,2,
FMABC,2,
PATHOGENESIS,2,
COMMON,2,
FORMS,2,
S254,2,
2019GR0460,2,
2016N000136,2,
PMC7787197,2,
CD005992,2,
GHI,2,Northwestern University Feinberg Global Health Initiative
PMC2721844,2,
MC4R,2,
RCW,2,
DMH,2,
C12,2,
PCV,2,show hematocrit
LGS,2,Gastaut syndrome
CHY,2,
PMC3609137,2,
PMC4067127,2,
PMC7021657,2,
PMC4308954,2,
PMC7278043,2,
IP1,2,
FDMZ,2,
MITNR1B,2,
PMC2898863,2,
PMC2743793,2,
PMC4130523,2,
PMC3094421,2,
PMC4162337,2,
AG0005,2,and an intra-agency agreement between NIA and NHLBI
PMC125060,2,
PMC3312396,2,
PMC4374951,2,
PMC2791580,2,
IBERICAN,2,
RAMP,2,
CHECK,2,
PMC10159895,2,
NCT03041337,2,
M01RR,2,
CD010007,2,
AIF1,2,
HMJ,2,
PMC3102784,2,
PMC3887148,2,
PMC6740672,2,
HL092750,2,
NS089707,2,
HL115036,2,
PMC3840730,2,
PMC3060458,2,
PMC4394899,2,
PMC4338699,2,
PMC3543660,2,
PMC3728819,2,
PMC3821806,2,
PMC2879139,2,
PMC2660229,2,
H822,2,
PMC5142180,2,
PMC2651917,2,
PMC3697097,2,
YHL,2,
QSY,2,
PMC3254782,2,
MRSG,2,
MILON,2,
PSWQ,2,
MAAS,2,
FFMQ,2,
RRS,2,
ECR,2,
DGM,2,
M5G,2,
PMC5592722,2,
S213,2,
G319S,2,
2BX,2,
SO16,2,
6YD,2,
P001009,2,
GFI,2,
PMC5099214,2,
PMC7673379,2,
PMC5523992,2,
PMC3521843,2,
PMC2671992,2,
PMC3539868,2,
PMC8030372,2,
PMC6070523,2,
PMC4077563,2,
SBK,2,
PMC3414436,2,
PUMCH,2,Peking Union Medical College Hospital
CAMS,2,Chinese Academy of Medical Sciences
3PRGD2,2,
TATE,2,
SPT,2,
18E,2,
06E,2,
CSIR,2,
235TT,2,
RYL,2,
PMC1226028,2,
M268T,2,and AGT
GAJ,2,
PMC3970580,2,
JAH3,2,
T32DK108738,2,
R01DK102438,2,
R01DK110087,2,
U01DK099930,2,
I01CX001985,2,
K24HL150235,2,
CYP7A1,2,
PMC4386255,2,
PMC5798875,2,
PMC6487485,2,
H741,2,
DCEG,2,
IDIBELL,2,Bellvitge Biomedical Research Institute
EJD,2,
JKF,2,
MPAD,2,
GEG,2,
EHFMH,2,
MBJ,2,
LLM,2,
SLP,2,
EBH,2,
RJH,2,
C18281,2,
A19169,2,
C52724,2,
A20138,2,
UL1TR000117,2,
CA144034,2,
CA182876,2,
CA111703,2,
5R01,2,
CA151989,2,
500K,2,
LCI,2,
UCI,2,
PMC3838666,2,
PMC4052137,2,
RZL,2,
YXH,2,
NFS,2,
OHA,2,
PMC1855626,2,
S0098,2,
PMC4913118,2,
FDN,2,
2011A,2,
2011B,2,
ZAG,2,
E1253,2,
SIBO,2,microbiota homeostasis such as small intestinal bacterial overgrowth
LDHA,2,by increasing the expression of the Lactate Dehydrogenase-Agene
NCDRF,2,
SREBP1,2,
20CBD,2,
PPIB,2,
RA120,2,
JPB,2,
PMC6514564,2,
CD012820,2,
PMC6287897,2,
SCI,2,
PMC4303913,2,
PMC4426486,2,
PMC4860283,2,
IIPS,2,International Institute for Population Sciences
PMC6616540,2,
JMDH,2,
S104807,2,
PMC4862344,2,
CSB,2,Center for Stroke Research Berlin
KSB,2,
COHORTS,2,
YRS,2,COHORTS	N	TYPE	SEQUENCING STRATEGY	ORIGIN	AGE
H0716,2,
CARRIER,2,
CTRLS,2,
TRANSCRIPT,2,
CORRECTED,2,
ACE1,2,
SORLA,2,
PMC3667653,2,
PMC2869317,2,
PMC2928508,2,
PMC2705234,2,
PMC2938201,2,
PMC4344367,2,
BMU20160466,2,
BMU2018JI012,2,
BMU2019JI005,2,
BMU2018MX020,2,
PKU2017LCX05,2,
2011BAI10B01,2,
HONEST,2,
JWW,2,
PMC6383235,2,
R01DK107566,2,
R01DK104730,2,
DK113191,2,
DK097201,2,
HEGC,2,the hyperinsulinemic euglycemic glucose clamp
FPW,2,
JRL,2,
HEMO,2,A Sarnak M Yan G And the hemodialysis
F839,2,
E656,2,
PMC2822073,2,
ARI,2,
PDE5,2,
FEBU,2,
16897R1,2,
HI1573,2,
SFB1425,2,
CD115,2,
PF4,2,
CAE,2,
H88,2,
EPQ,2,
I23,2,
MIDI,2,the Midlife Development Inventory
JPHC,2,
066X,2,
CHD6,2,
CHD9,2,
MTA1,2,
ACUC,2,
P16,2,
GSE27620,2,primary data were deposited in GEO
RESPONSE,2,
NEGATIVE,2,
DEVELOPMENT,2,
DENDRITE,2,
CYCLIN,2,
KINASE,2,
LMBI,2,
O07,2,
GRASP,2,
PMC3135292,2,
PMC357071,2,
326X,2,
TR000424,2,
RR16500,2,
MMRRC,2,
PA5,2,
UI2841839,2,
PLK,2,
JCI109771,2,
PMC371450,2,
PMC5319475,2,
PMC3697767,2,
PMC6948762,2,
PMC7821598,2,
JLM,2,
TED,2,
TCLE,2,assinaram o Termo de Consentimento Livre e Esclarecido
S96,2,
RAE3,2,
FPS2,2,
FPS3,2,
FTA3,2,
PTPN11,2,
PMC2907186,2,
PMC2743984,2,
NRS,2,
MIMIC,2,
LDCA,2,permanent ligation of the left descending coronary artery
25OHD,2,
PMC4430199,2,
PMC1868539,2,
R229,2,
FIMM,2,Institute for Molecular Medicine Finland
YAW,2,
PGW,2,
TBH,2,
JWJ,2,
HPFS,2,The Health Professionals Follow-Up Study
MORGAM,2,Archiving and Monograph
VAMP8,2,
MRAS,2,
PSRC1,2,
SH2B3,2,
ATX1,2,MI and CHD overlapped only for one locus
PMC2875693,2,
PMC2922887,2,
PMC6116711,2,
APCAPS,2,Andhra Pradesh children and parents study
PMC4434856,2,
PMC4834167,2,
PMC9510164,2,
PMC10632126,2,
39B,2,
PMC9107026,2,
PMC8030050,2,
PMC8678825,2,
ALPINE,2,
COMMITTEE,2,
CANDEV,2,
S143,2,
N50,2,
VOS,2,
S316,2,
PMC2686599,2,
PMC1899095,2,
PMC3506467,2,
S69680,2,
SOFIE,2,
PMC6900237,2,
AHF,2,
411X,2,
CX001038,2,
P30AG13846,2,
PRARP,2,
1F32NS096803,2,
R01AG08122,2,
SPMS,2,and secondary progressive multiple sclerosis
PMC4255282,2,
PMC4698281,2,
JCI6560,2,
JCI5669,2,
NXI,2,
PMC3170097,2,
PMC3677891,2,
HTR,2,
OAJSM,2,
S58005,2,
PMC3624697,2,
PMC3795597,2,
PMC4060849,2,
A3395,2,
PMC3749839,2,
PMP,2,
IRN,2,
PMC2797896,2,
T32HD060454,2,
HL131222,2,
T32HL098048,2,
M009351,2,
HUNT1,2,
GMC,2,
WMM,2,
HKR,2,
RBP4,2,
FBP4,2,
FBP5,2,
JUND,2,
MTAB,2,
PMC6566909,2,
W234,2,
W241,2,
PMC6602507,2,
GDSC,2,using the Genomics of Drug Sensitivity in Cancer
GSCA,2,The Geneset Cancer Analysis
BET,2,
CUHK,2,
FCER1A,2,
CVLM,2,Through interneurons in the caudal ventrolateral medulla
ANF,2,
R577,2,
R182,2,
R187,2,
PMIS,2,
DDD,2,define daily dose
MGM,2,
RJF,2,
VMY,2,
JJC,2,
AIN,2,
PMC2849687,2,
74ZN1079,2,
COREQ,2,Consolidated criteria for reporting qualitative research
001OL,2,
PMC3557825,2,
PMC13189452,2,
H2023058,2,by Jiangsu Provincial Health Commission Scientific Research Project
GPL96,2,
MCE,2,
CCK8,2,
D956,2,
VAP,2,
CSFR,2,
CSF2R,2,
LTB4,2,
CD169,2,
PMC6085463,2,
PMC5460677,2,
TRAF3,2,
PMC10075035,2,
PMC9692622,2,
XXIII,2,
FLAMMA,2,
RHO,2,
PMC3212721,2,
ARTERY,2,Association for Research into Arterial Structure and Physiology
AWB,2,
LRG,2,
DPC,2,
PMC5659028,2,
RM3,2,
ESLH,2,
F138,2,
F146,2,
PMC4216619,2,
R752,2,
CCN2,2,Mason RM Connective tissue growth factor
SAIC,2,
DACT,2,
AURKA,2,
NHBE,2,and normal human bronchial epithelial cells
H31PA,2,
EF1,2,
SBI,2,
H2AZ,2,
RNAPII,2,RNA polymerase II
PMC6329296,2,
HITS,2,
AMERICCAASS,2,
S1388,2,
MARE,2,
PMC6340919,2,
F264,2,
COSMOS,2,
JCI170341,2,
5U2CDK114886,2,
RO1DK110541,2,
5R01DK110541,2,
DK129211,2,
R21,2,
DK129720,2,
DK116720,2,
DK114886,2,
DK116073,2,
R01MD014712,2,
U2CDK114886,2,
UL1TR002319,2,
U54DK083912,2,
U01DK100846,2,
OT2HL161847,2,
UM1AI109568,2,
75D301,2,
U3CDK114886,2,
R01GM137056,2,
P01HL134605,2,
APRT,2,CKD in patients with mutations of adenine phosphoribosyltransferase
METASPACE,2,
MAV,2,
MBCO,2,using the Molecular Biology of the Cell Ontology
LRG1,2,
INDIA,2,
MMASTM,2,
MMAS4,2,
4TM,2,
RUG01,2,
PMC2562622,2,
JDMS,2,
PTDEMOG,2,
MOCA,2,
PMC1737921,2,
PMC8184987,2,
PMC10979350,2,
PMC8290331,2,
AMY,2,
PMC10535074,2,
PMC4982482,2,
2021PT073,2,
KMO,2,
DISCERN,2,
CRAAP,2,
01ZZ96030,2,
01ZZ0701,2,
81Z5400151,2,
LFM,2,
RCO,2,
AFI,2,
EAN,2,
PJW,2,
PMC8677538,2,
78352C,2,
EXC,2,
BF00877747,2,
PMC1767863,2,
WAM,2,
SCR,2,
S179,2,
F541,2,
1347S,2,
ARUP,2,
MHB,2,
MNIRG,2,
U5B,2,
217T,2,
B4C1,2,
H5A,2,
N9B1,2,
PMC2900429,2,
PMC2856746,2,
GAB2,2,
PMC3444479,2,
E386,2,
PMC11881813,2,
PMC2917370,2,
PMC2918801,2,
PMC2892293,2,
PMC2710413,2,
PMC2830999,2,
UKJT,2,
PMC9127560,2,
EPI8382175,2,
2019B,2,
PMC6061702,2,
PMC5662115,2,
PMC4117367,2,
PMC7729262,2,
PMC6918019,2,
RACG,2,
PMC4959114,2,
S013,2,
NST,2,
MSIP,2,by the Korean government
2E31522,2,
B6SJL,2,
T1892,2,
PP74P,2,
PP82P,2,
PP90P,2,
R406W,2,
183X,2,
DANS,2,
BLC,2,
PMC3699355,2,
CDKRAP1,2,
PMC2824763,2,
RNAS,2,
PMC346743,2,
PMC6997863,2,
OTH,2,
HPGD,2,
AKR,2,members of the aldo-keto reductase
500G,2,
N006178,2,
PMC3937973,2,
FNRI,2,
MAI1X0,2,
SERBIA,2,
ZIA,2,
MD000015,2,
PMC5627048,2,
FIT,2,
VERDICT,2,
ACRIN,2,
NCT02828761,2,
NCT03129659,2,
COURSE,2,
NCT03583320,2,
NCT04864119,2,
DEFINE,2,
NCT04748237,2,
NCT03952351,2,
MCW,2,
PMC8177493,2,
AG073823,2,
AG082388,2,
PS19,2,
PMC4716785,2,
PMC7596823,2,
PMC9644639,2,
CD010803,2,
PMC5267531,2,
PMC5404890,2,
NCT02072850,2,
EIJV12I8A159,2,
JP289895,2,
MPAP,2,
SPAP,2,
DPAP,2,
XXVIII,2,
H584,2,
RADAR,2,the research on adverse drug events and reports
NSCLC11,2,
NSCLC27,2,
ZYH,2,
S123,2,
H1323,2,
FCA,2,
GDST,2,
SCP,2,
9AA,2,
NCT00592007,2,
NCT00932152,2,
NCT01045421,2,
MLN8237,2,
ER2,2,
JCI27987,2,
PMC2373424,2,
PMC2269003,2,
NS102983,2,
F17,2,
HJ5,2,
PMC2788538,2,
PMC12908160,2,
PMC6647843,2,
PMC5214627,2,
THREE,2,
BIAS,2,
32342R1,2,
PMC7467578,2,
1RF1NS110041,2,
AG033514,2,
PMC123711,2,
TPAMI,2,
PMC6710444,2,
CONTEXT,2,
HI100,2,
EH12,2,
BC96,2,
206D,2,
CD197,2,
3D12,2,
BNI3,2,
Q21,2,
HIB19,2,
ST1,2,
ST3,2,
S3D,2,
EBNA,2,
CEG,2,
PMC6302500,2,
PMC3812809,2,
PMC8464096,2,
DLC,2,
PMC3631136,2,
PMC1127256,2,
PMC7608974,2,
PMC4638406,2,
PMC12517752,2,
PMC4481565,2,
PMC9479407,2,
PMC9136624,2,
PMC12237141,2,
PMC6771881,2,
PMC8033971,2,
JBS,2,
GS1,2,nebulizer gas
CUR,2,curtain gas
MRMHR,2,
CBA,2,A Cytometric Bead Array
2021L3014,2,
XQC2024004,2,
PMC9830521,2,
PMC9120723,2,
DPUK,2,Dementia Platform UK
PMC6642726,2,
PMC3137674,2,
PMC6744368,2,
PMC5729797,2,
PMC7005583,2,
PMC8202227,2,
PMC4599520,2,
LOX2,2,
ZMAT4,2,
EFCAB5,2,
LPIN1,2,
NTSR2,2,
TUBB1,2,
GINS4,2,
GPAT4,2,
BLMH,2,
43227755C,2,
43235911C,2,
PEBP4,2,
GABRG3,2,
163A,2,
LMM,2,the linear mixed-model
SRX2376210,2,
BWA,2,
PMC3969612,2,
E806,2,
PMC5079002,2,
MREGBOLD,2,
MCFLIRT,2,
AFNI,2,
PMC4010955,2,
PMC5757436,2,
PMC6085146,2,
EPIDEMIOLOGY,2,
S91,2,
PMC7375708,2,
ESRC,2,
L001810,2,
PG2017,2,
AG23501,2,
PMC3740271,2,
S0042,2,
C9ORF72,2,
PMC4132648,2,
24207R1,2,
PMC6541960,2,
GNB3,2,
PMC9648817,2,
JCI114844,2,
IBL,2,
S6C,2,
S6D,2,
S6E,2,
PMC3014013,2,
ANN,2,
PMC3458464,2,
PMC3904573,2,
E08,2,
20C0568,2,
EGBMMDA,2,proposed a prediction method
SMALF,2,
LRSSLMDA,2,
NCMCMDA,2,
MCLPMDA,2,matrix complementation algorithm and label passing algorithm model
MM2,2,
LOMOCV,2,leave one miRNA out cross validations
LODOCV,2,known as leave one disease out cross validations
ERCC1,2,
YWD,2,
KATZLDA,2,
PMC4649494,2,
PMC4887905,2,
PMC6126877,2,
NZB,2,
PON3,2,
APOA4,2,
CLEAR,2,
JUPITER,2,
R35,2,
PMC4076170,2,
PMC9667707,2,
LIDC,2,The Lung Image Database Consortium
Y2020201,2,and Wenzhou Science and Technology Bureau Project
6K,2,
8G,2,
8H,2,
JEM,2,
FWJ,2,
WHJ,2,
HNCO,2,isocyanic acid
PMC4556561,2,
PMC6631093,2,
SFO,2,
NK3B31,2,
Q20,2,
RDP,2,
PSX,2,
JAMA10,2,
PMC7618360,2,
PMC6600175,2,
PMC10900280,2,
PMC12647101,2,
PMC9501211,2,
PMC5791857,2,
PMC7288240,2,
PMC7524275,2,
PMC6691977,2,
D590,2,
D596,2,
PMC3531112,2,
PMC6781585,2,
PMC4103590,2,
PMC3558947,2,
VSEARCH,2,
PMC5075697,2,
PMC12789142,2,
PMC11103016,2,
PMC6456569,2,
PMC6546317,2,
PMC8227284,2,
PMC12386741,2,
PMC8333197,2,
PMC6775324,2,
PMC6885300,2,
PMC7005631,2,
PMC5270571,2,
PMC6776049,2,
PMC12577455,2,
PMC11898647,2,
PMC1774064,2,
PMC11742751,2,
TUH,2,A composite tubulo-glomerular urate handling
CARES,2,allopurinol in patients with gout and cardiovascular morbidities
TIP3P,2,
C36H62O8,2,
C42H72O14,2,
C48H82O19,2,
CASP3,2,
MIN6,2,
PMC7811782,2,
RNF213,2,
VTN,2,
APCS,2,
36K,2,
MILLIPLEX,2,
PMC2920531,2,
PMC3329761,2,
TARC,2,
PMC3233542,2,
PMC3069805,2,
PMC2867838,2,
CD004640,2,
PMC5994053,2,
PMC6801733,2,
PMC6413792,2,
F223,2,
PMC3507360,2,
PMC3636798,2,
APOLLO,2,
ELEVATE,2,
EXT,2,
FAVORIT,2,
SAWP,2,ESOT and the CHMP Scientific Advice Working Party
DRJ,2,
PMC4172342,2,
PMC4520175,2,
PGENETICS,2,
TVV,2,
BBP,2,
TM2D1,2,
PMC3044597,2,
PMC3727622,2,
PMC3163565,2,
CII,2,
TKP2021,2,
EGA,2,
B33,2,
I3522,2,
PC2022,2,
3DHISTECH,2,
NKG2A,2,
TRX518,2,
E374,2,
E378,2,
PMC5849599,2,
PMC6538259,2,
PMC3736702,2,
PMC5832558,2,
PMC1525365,2,
JCI98747,2,
PMC3575891,2,
S26094,2,
PMC3225465,2,
ACHOIS,2,K Australian Carbohydrate Intolerance Study in Pregnant Women
SABPM,2,
SABP,2,
2C19,2,
EURECA,2,
FIDELIO,2,
SPCCD,2,The Swedish Primary Care Cardiovascular Database
CICS,2,
ICBAS,2,
REEQ,2,
QUI,2,
RECI,2,
QEQ,2,
QFI,2,
CENTRO,2,
CT62,2,
RNRMN,2,tica Nuclear
HMBD,2,
E1175,2,
PMC3486012,2,
JCQ,2,comparable scale scores between the Job Content Questionnaire
PMC4478044,2,
HRRC,2,prior approval from the Human Research Review Committee
UNMHSC,2,
PMC6620109,2,
PMC4377072,2,
BCKA,2,
H13,2,
HSS,2,
A3601,2,
PMC3894062,2,
ARS,2,
PRPH2,2,
GUCA1A,2,
MYH9,2,
NTD,2,N-terminal domain
R1881,2,
GAD65,2,autoantibodies to GAD
PMC4571323,2,
AG072053,2,
AG065385,2,
BX004312,2,
DMI,2,
GTF,2,
LTR,2,
PMC6705673,2,
PMC5707803,2,
PMC4012297,2,
PMC5058336,2,
AG027161,2,
BVMT,2,
M7,2,
WHERE,2,
OBTAINED,2,
SQUARE,2,
EXERT,2,include Exercise in Adults with Mild Memory Problems
PMC4532650,2,
PMC4716656,2,
RANDOMIZED,2,
CONTROLLED,2,
H05,2,
GWR,2,estimates was adjusted using geographically weighted regression
NAPS,2,National Air Pollution Surveillance
ETM,2,
RENCI,2,resources were provided by the Renaissance Computing Institute
P30AG12300,2,
5R01DA030976,2,
5U01HG006487,2,
1U19HD077632,2,
1U01HG007437,2,
1UL1TR001111,2,
CDC50,2,
PMC2867843,2,
PMC3175618,2,
AGRG1,2,and cell adhesion
BBMRI,2,
PMC3324433,2,
JCI7362,2,
PMC409860,2,
PMC7611474,2,
PMC8572816,2,
PCBP2,2,
GPR56,2,
PMC7660799,2,
PMC4289553,2,
PMC8554644,2,
PMC7497089,2,
PMC4744991,2,
OVA,2,
GU2,2,
7XH,2,
1R01AG049321,2,
I025379,2,
P004695,2,
2014AA020534,2,
2015T80937,2,
IVIS,2,
BBSRC,2,Biotechnology and Biological Sciences Research Council
CD006536,2,
PMC3017477,2,
UTSA,2,
R148,2,
DQB2,2,
PRDX6,2,
SEMA3B,2,
NTRK2,2,
PRDX2,2,
REL,2,
DBTSS,2,
IIS,2,
R49,2,
PMC2259291,2,
TRKB,2,
PDZ,2,
KMS,2,
JDW,2,
STAND,2,and the Structural Abnormality Index
MMDM,2,they generate scores called multi-modal disease markers
SPM2,2,
PMC3124254,2,
PMC3168271,2,
A246E,2,
N279K,2,
NICD,2,of the intracellular domain of the Notch protein
PMC1796779,2,
PMC5576861,2,
PMC4782990,2,
SYP,2,
RX002069,2,
RX002876,2,
BX002267,2,
N01HHSN,2,
AG034087,2,
AG053446,2,
AG051545,2,
PECAM1,2,
RPTOR,2,
TBC1D4,2,
TBC1,2,
FDC,2,
PMC6098968,2,
PMC2949865,2,
PMC3052997,2,
PMC2853021,2,
PMC4152602,2,
PMC2746014,2,
SIGLEC11,2,
PWAS,2,
PPH1,2,
PPH2,2,
PME,2,
H21,2,
BPIFB1,2,
H28,2,
LEADS,2,s Disease Study
PVRIG,2,
JASH,2,
3BP,2,
TREATMENT,2,
EPX,2,
PMC5657525,2,
NCT01954550,2,
1R01AG043392,2,
YMCA,2,s Christian Association
CLOX,2,and Executive Clock Drawing Test
PMC5898238,2,
PMC3041121,2,
S2274,2,
SERDI,2,
PMC7660137,2,
S155,2,
S165,2,
CABLE,2,
S165618,2,
AOC,2,
GCMS,2,
PMC3734482,2,
PMC4856736,2,
PMC3259852,2,
PMC4929698,2,
PMC2597064,2,
S163,2,
RBV,2,
CEAC,2,
TNS2,2,
S35,2,
H661,2,
DHP,2,
COOPERATE,2,
CD006863,2,
AT180,2,
DABCYL,2,
EMD,2,
PY20,2,
1J,2,
2M,2,
PMC2453232,2,
PMC1979096,2,
PMC15371,2,
BAI2,2,
GRADUATE,2,
ENGAGE,2,
PACC5,2,to PACC
QPLEX,2,
PMC7364858,2,
PMC6557037,2,
AARP,2,
GMA,2,
PMC8335700,2,
S656,2,
RING,2,
E06,2,
MIEF1,2,
PMC5691221,2,
MTORC1,2,
CEDEX,2,
S238,2,
V1081815,2,
PMC3316590,2,
PMC4228285,2,
C142,2,
PMC3524639,2,
PMC6443016,2,
PMC5530556,2,
PMC3014028,2,
PHD2,2,
PMC2974609,2,
CITED2,2,
PMC4104984,2,
V113530,2,
MAGMA25,2,
GOA,2,
IL34,2,
TARDBP,2,
GNRH,2,
MAP3K3,2,
AD42,2,
AD45,2,
IKBKB,2,
MAP2K1,2,
PPARA,2,
MEKK3,2,
ERK5,2,
HENA,2,
P30AG72975,2,
PMC5409043,2,
R94,2,
R98,2,
SCENIC,2,
PMC6605052,2,
PMC8825285,2,
D962,2,
PMC10139109,2,
PMC6607211,2,
PMC4258157,2,
PMC2713612,2,
PMC9179146,2,
PMC9868726,2,
PMC3774782,2,
PMC9854100,2,
PMC3396443,2,
PMC4627729,2,
PMC9797645,2,
PMC6887680,2,
PMC3114491,2,
PMC5842790,2,
PMC9486228,2,
PMC9947633,2,
PMC5307839,2,
PMC3890037,2,
PMC8672063,2,
PMC5729284,2,
PMC10270796,2,
PMC4718092,2,
PMC3257631,2,
PMC6627334,2,
PMC6416048,2,
PMC9991639,2,
SAHA,2,suberoylanilide hydroxamic acid
AKM,2,
PMC5240940,2,
NCG2018A,2,
2019A,2,
15M,2,
C854,2,
GLI1,2,
PMC6943263,2,
PMC4826427,2,
PMC2361792,2,
PMC4458630,2,
PMC2962873,2,
PMC3493760,2,
PMC3425000,2,
FSO248,2,
PMC5729608,2,
PMC2323514,2,
PMC3406588,2,
PMC3994039,2,
GVHD,2,
PMC4142396,2,
PMC2859193,2,
R125,2,
PMC2789928,2,
JCI31537,2,
PMC1857251,2,
PMC2849637,2,
PMC2723679,2,
CARING,2,
PMC3031263,2,
PMC4404515,2,
PMC4575305,2,
E4111,2,
PMC4522748,2,
PMC5034684,2,
PMC5668156,2,
PMC6407222,2,
PMC5979443,2,
TZD18,2,
PMC4467243,2,
TRRDS,2,the Taiwan Renal Registry Data System
PMC7056854,2,
CKW,2,
HWB,2,
SSL,2,
B6C3,2,
GVT,2,
PMC3634198,2,
YTHDF3,2,
KHSRP,2,
OGRU,2,
LC3B,2,
ARPE,2,
NDS2,2,
METTL16,2,
ENO1,2,
TRIM22,2,
METTL7A,2,
ACC1,2,
TINCR,2,
PMC6307460,2,
OMG,2,oligodendrocyte myelin glycoprotein
NPTXR,2,and neuronal pentraxin receptor
CD15,2,
TMEM119,2,
NCT04109963,2,of RIC in patients with cSVD in TRIC-VCI
NCT05967728,2,
CLW,2,
PMC4859348,2,
VASCOG,2,
PMC4139434,2,
ADDTC,2,
PMC8206957,2,
PCM,2,
PMC7304368,2,
PMC5949266,2,
PMC8792814,2,
PMC9798817,2,
PMC6455920,2,
PMC8830602,2,
S189,2,
PMC3409294,2,
PMC11316207,2,
PMC10498335,2,
PMC11329294,2,
PMC11587117,2,
PMC7559076,2,
NW1,2,
2HE,2,
CSUB19166,2,Medical Research Council
PG2014,2,
H046410,2,
K005278,2,
J01107X,2,
BRC10269,2,
IL1RAP,2,
SHAPEIT,2,
IMPUTE2,2,
CTBP1,2,
SYN3,2,
VPH,2,
DARE,2,
DISTALZ,2,
01GI0102,2,
01GI0711,2,
01GI0420,2,
NIDA,2,
S400,2,
PMC3042601,2,
PMC2868595,2,
ASPIRE,2,
PLHIV,2,
WRAIR,2,and the Walter Reed Army Institute of Research
DCAC,2,please contact the data coordinating and analysis center
NIMR,2,
PMC11986008,2,
PMC11263367,2,
PMC6380891,2,
PMC4017661,2,
S533,2,
PMC4251911,2,
PMC6891159,2,
PMC6264840,2,
PMC10570719,2,
PMC4528076,2,
PMC9445468,2,
PMC10601241,2,
PMC6548744,2,
PMC8739638,2,
PMC4028929,2,
PMC2822405,2,
PMC2721665,2,
PMC4046023,2,
PMC9239955,2,
PMC10248291,2,
PMC7347196,2,
PMC7467859,2,
JIAPAC,2,J Int Association Providers AIDS Care
PMC12437170,2,
VAMC,2,
1I01BX003015,2,
YG01YI,2,
BGG,2,
10325R1,2,
PMC3210914,2,
PMC3805064,2,
PMC4134352,2,
PMC5678838,2,
PMC10565570,2,
R39,2,
R48,2,
PMC4967233,2,
PMC12353674,2,
PMC3391860,2,
PMC2709683,2,
PMC11296285,2,
PMC4950510,2,
PMC6002950,2,
PMC6806749,2,
PMC2637048,2,
CS20190895,2,
PMC7796315,2,
RV17045,2,
PMC8048948,2,
PMC6416070,2,
PMC10004810,2,
PMC3025793,2,
PMC8075235,2,
PMC4066617,2,
ATVB,2,
PMC8343779,2,
PMC8664695,2,
PMC2518787,2,
PMC8346167,2,
PMC12024410,2,
PMC9396889,2,
PMC3783539,2,
PMC5931122,2,
AVIC,2,
DERANGEMENT,2,
CURRENT,2,
PMC4395541,2,
PMC3357524,2,
AYM,2,
PMC4230291,2,
AHSG,2,Mahnken AH Bohm R Association of low fetuin-A
MAPA,2,
AOP,2,
UNEX,2,
EF38G,2,
JAMOVI,2,
BCC,2,
PMC5628728,2,
PMC2736768,2,
PMC3822736,2,
COVIRNA,2,
CAMKK2,2,
PMC6686966,2,
H1497,2,
PMC8031006,2,
NDUFA4,2,
SERT,2,
CA17129,2,
MALAYSIA,2,
FAANP,2,
FAAN,2,
16726R2,2,
S200,2,
PANDORA,2,
AEL,2,
TRIM,2,
TRIM13,2,
GBP5,2,
NLRP12,2,
NEK7,2,
PMC5667486,2,
PMC6700436,2,
YJH,2,
NOS2,2,and nitric oxide synthase
D1373,2,
PMC9825602,2,
JAMAR,2,
M772,2,
PMC2633408,2,
PMC3606314,2,
PMC5575090,2,
PMC2832869,2,
MODIC,2,
H167,2,
EJH,2,
E685,2,
PMC2908393,2,
PMC3210037,2,
TPK,2,
EVY,2,
ITC,2,
MOHW112,2,
112W32101,2,
V112C,2,
V113C,2,
V113E,2,
DPABI,2,Analysis for Brain Imaging
MNI152,2,
1N12,2,
OLF,2,
MOE,2,Education Sprout Project by the Ministry of Education
PMC1763497,2,
PMC7764106,2,
PMC6802290,2,
PMC6670444,2,
PMC4043276,2,
PMC5874135,2,
PMC4869809,2,
PMC2987916,2,
S0378,2,
HBM,2,
PMC4457546,2,
CTPNL,2,and the CIHR Training Program in Neurodegenerative Lipidomics
FYVEEEA1,2,
S2F,2,
S2G,2,
YKB2955,2,GFP expressing cells
INP52,2,
BY4742,2,Wild type cells
T662,2,
YPK2,2,
YKB1079,2,Wild type
YKB3017,2,
YKB3417,2,
PMC3268426,2,
PMC357053,2,
SRTR,2,
N04,2,
R80,2,
IPQ,2,
PMC3470950,2,
PMC2864779,2,
PMC8623832,2,
PMC5657122,2,
PMC4902996,2,
PMC6101389,2,
PMC1283975,2,
PMC6834237,2,
PMC5888822,2,
PMC1113123,2,
PMC5997334,2,
PMC8559260,2,
PMC4286109,2,
CMIT,2,
PMC1424733,2,
LML,2,
CCT301,2,
MSRE,2,
FCRL4,2,
PMC6922049,2,
PMC5839936,2,
F305,2,
CKDP,2,
PMC2864956,2,
PMC7290468,2,
PMC10917100,2,
JUNE,2,
CVPR,2,CVF Conference on Computer Vision and Pattern Recognition
MDM,2,
S2724,2,
JBR,2,
PMC7312694,2,
PRI,2,
IMN,2,rituximab is widely used in idiopathic membranous nephropathy
RGC,2,
MYD88,2,
S1097,2,
PMC3425732,2,
PMC5491278,2,
CD003233,2,
CD007277,2,
PMC3594687,2,
SCELC,2,
PMC5692120,2,
PMC7223599,2,
PMC6736218,2,
PMC7225906,2,
PMC8394181,2,
PMC3280088,2,
HYDI,2,standard DTI participants underwent both hybrid diffusion imaging
TFCE,2,
2023AFB424,2,
XJ2021009801,2,
13900HX,2,
HGFR,2,a protein known as hepatocyte growth factor receptor
BIBW,2,
LDK378,2,
IPI,2,
E168D,2,
N375S,2,
R988C,2,
T1010I,2,
R1507,2,
NVP,2,
211A,2,
SUBK,2,
MMP200,2,
DMP900,2,
2KB,2,
72A,2,
TBE,2,
PMC7369725,2,
C1562T,2,
PMC8391392,2,
ETHIOPIA,2,
EB140,2,
SSTR,2,
EACTH,2,with single records of ectopic adrenocorticotropic hormone syndrome
CREBBP,2,CREB binding protein
EP300,2,
ERBB4,2,
EMAB,2,
OCP,2,
RDM,2,s Research for Decision Makers
D4I,2,and of Data for Impact
EJA,2,
UCSR,2,
PMC5763039,2,
MOHSW,2,
DK126452,2,
CD010315,2,
MNS,2,
DA033660,2,
HG006696,2,
HD073731,2,
MH097018,2,
FY13,2,
BSMAP,2,
CETS,2,
REMC,2,
LOC100507547,2,
EGFL8,2,
PRRT1,2,
TBX15,2,
TRIM6,2,
NRG2,2,
NAV2,2,
ZNF177,2,
GIM,2,
R145,2,
PMC2758713,2,
PMC3554206,2,
PMC3652332,2,
PMC3234309,2,
PMC2829762,2,
CIBEREHD,2,ticas y Digestivas
PI22,2,
PI23,2,
IFEQ21,2,
RD21,2,
RETC,2,
CEX2021,2,
CP18,2,
RYC2021,2,
MCIN,2,
AEI,2,
GENCODE,2,
K024,2,
TNIP1,2,
LTB,2,
TNPR,2,
TNBU,2,
S10A,2,
S10B,2,
HDAC8,2,
2485S,2,
25611R1,2,
PCOMPBIOL,2,
MTDN,2,features which were extracted from MiRNA Target-Dysregulated Network
D2D,2,
MISIM,2,
EALM,2,exact augmented Lagrange multipliers
JARID1B,2,
BSG,2,
HAX,2,
DMOG,2,
TMZ,2,
TNNI3K,2,Overexpression of the cardiac troponin I-interacting kinase
FTM,2,
ECAT,2,
BIOGRAPH,2,
LBNL,2,
PMC4109887,2,
PMC3359129,2,
VAT,2,either with a thoracotomy or with video-assisted thoracoscopic
LACTATE,2,
MRECID,2,
JKEUPM,2,
YFP100120,2,and the University of Nottingham Malaysia
EEE,2,through discussion or consultation with a third reviewer
PMC8427223,2,
C375,2,
029X,2,
CM3050,2,
A53225,2,
X0,2,
X100,2,
C2978,2,
PEP,2,
JPST000977,2,
PXD021847,2,
MDH,2,malate dehydrogenase
PMC4873632,2,
C701,2,
C713,2,
PMC6851000,2,
IRF1,2,
F431,2,
IRB00001052,2,
S1E,2,
S1F,2,
S1G,2,
S1H,2,
PMC3937970,2,
FPV,2,Diabetes	To operationalize and describe Family Planning Vigilance
IUD,2,
HQIP,2,
M18,2,
S90741,2,
PMC4686315,2,
SJB,2,
ANK,2,
NMER,2,
U01HG04599,2,
U01HG004610,2,
U01HG004608,2,
U01HG04603,2,
TR000445,2,
HL074730,2,
NS038529,2,
NS073346,2,
TR001429,2,
STRUCTURE,2,
PMC3066182,2,
PMC2952033,2,
PMC4045967,2,
PMC3769920,2,
PMC4402348,2,
PMC4085636,2,
PMC4059884,2,
PMC3952335,2,
PMC3794085,2,
PMC3972802,2,
PMC3445021,2,
PMC3576836,2,
PMC3064107,2,
PMC4060012,2,
GERA,2,Genetic Epidemiology Research on Adult Health and Aging
PED,2,
ECP,2,stress can induce arteriogenesis via external counterpulsation therapy
HSPA6,2,
EFNA3,2,
PIK3,2,
CARD,2,
APT2A2,2,
MXD1,2,
CD146,2,
SKF,2,facilitates a response to VEGF-induced SRC kinase family
IFI44L,2,
PASCAR,2,the Pan-African Society of Cardiology
KUM,2,one author
AAHGW,2,
PMC7333558,2,
PMC2650754,2,
ASSOCIATION,2,
PMC7881777,2,
PMC8158901,2,
PMC7767620,2,
PMC5444798,2,
PMC5664790,2,
HGT,2,
PMC4893435,2,
PMC9167449,2,
PMC4373114,2,
PMC2127866,2,
PMC10284251,2,
KRR,2,
PMC4173723,2,
PMC6090497,2,
557X,2,
PMC7845984,2,
PMC7774863,2,
WKJ,2,
2020ZX001,2,
2022ZZ002,2,
2022C03118,2,
KYZD202002,2,Scientific Research Operating Funds of Hangzhou Medical College
PMC2799273,2,
FAMENET,2,
3KB,2,
PMC89,2,
16095R3,2,
PMC10229526,2,
PMC9326232,2,
ECCV,2,Proceedings of the European conference on computer vision
E693G,2,APP mutation
MS4,2,
ABC1,2,subfamily A
PPP3R1,2,
GSTM3,2,
HHEX,2,
KIF11,2,
HVS,2,
S579,2,
KJH,2,
C282Y,2,
PMC1735734,2,
2016T042,2,
38012R2,2,
GJH,2,
P01061X,2,
N2O,2,
BL6J,2,
BBS,2,
1367S,2,
PMC2708944,2,
PMC6566748,2,
685X,2,
622X,2,
ALLFTD,2,Longitudinal Frontotemporal Lobar Degeneration
ROCF,2,
EB1,2,
EB2,2,
EB3,2,
EB4,2,
EB5,2,
EB6,2,
EB7,2,
EB8,2,
EB9,2,
PMC2821441,2,
PMC3312395,2,
FOMF,2,r medizinische Fortbildung
PMC4483581,2,
F246,2,
C747,2,
C758,2,
PMC4868257,2,
MCJ,2,
PMC4670772,2,
F590,2,
R269,2,
PMC5533238,2,
R01AG046171,2,
RF1AG051550,2,
RF1AG057452,2,
R01AG059093,2,
RF1AG058942,2,
U01AG061359,2,
U19AG063744,2,
DAOU16AMPA,2,
AG070937,2,
IRB00080300,2,Cohorts included the Emory Healthy Brain Study
IRB00078273,2,Cognitive Neurology Research
IRB00079069,2,
INNO,2,
GUDCA,2,
HOTE,2,
PS45,2,
JWN,2,
USDA,2,
PMC5759346,2,
TRPA1,2,
NUET,2,
RSANCHEZ,2,
GRT,2,
2024A,2,
JR22,2,
CM21,2,
CP24,2,
DS21,2,
EIC,2,European Innovation Council
APPV717,2,
K28A,2,
LOMEDS,2,Onset Myoclonic Epilepsy in Down Syndrome
CAI,2,The novel Cortical Asymmetry Index
INDIVIDUALS,2,
PMC6132946,2,
PMC13310155,2,
LACERTA,2,
BN012DZNE,2,
GLFC,2,
PMC3840716,2,
PMC3366926,2,
PMC2141850,2,
PMC3507991,2,
RCIA,2,
KMG,2,
CD006489,2,
ICHT,2,UK Dementia Research Institute Imperial College Healthcare Trust
AC019055,2,
KRT18P16,2,
ACTN4,2,
TGFB1,2,
LIGER,2,using the linked inference of genomic experimental relationships
UKRI,2,
GSE109816,2,
PMC4095986,2,
PMC2540432,2,
PMC5308117,2,
PMC7906983,2,
PMC7222603,2,
PMC6319653,2,
PMC6214471,2,
PMC6358498,2,
PMC7610386,2,
PMC5805277,2,
PMC7936531,2,
PMC5805593,2,
PMC7858636,2,
PMC9039724,2,
SCREEN,2,
PMC5704994,2,
PMC10912129,2,
PMC11929962,2,
PMC9581494,2,
PMC7891324,2,
PMC2785338,2,
PMC5760528,2,
S305420,2,
PMC8478425,2,
PMC10154216,2,
PMC4952057,2,
PMC5207801,2,
PMC7223185,2,
PMC9554345,2,
PMC6530775,2,
PMC5968830,2,
PMC6284793,2,
PMC5705698,2,
D991,2,
D995,2,
PMC3531084,2,
PMC7681775,2,
PMC9364913,2,
PMC8732962,2,
PMC6431044,2,
PMC6716797,2,
PMC6435756,2,
PMC6919571,2,
PMC10326379,2,
W90,2,
W97,2,
D605,2,
D612,2,
PMC7779004,2,
FPU15,2,
SAF2013,2,
PI11,2,
PI15,2,
PEOPLE,2,
CIG,2,
HVR,2,and a C-terminal hypervariable region
BMS099,2,
NCT00777309,2,
NCT01192165,2,
NCT01833143,2,a phase II single-institution clinical trial
FTI,2,
BATTLE,2,
MEK162,2,plus binimetinib
MARQUEE,2,
CRAF,2,
XPO1,2,
S0959,2,
GEF,2,
MTD,2,
GALAXY,2,
IDH2,2,
AD31,2,
HSPB1,2,
RPH3A,2,
SH3GL1,2,
CAPG,2,
NDUFV1,2,
PMC5269514,2,
PMC7405761,2,
PMC7526722,2,
PMC3098316,2,
PMC5540560,2,
PMC7854528,2,
THOP1,2,
SPINK1,2,
FBLN3,2,
GCTA,2,
SRF2018,2,
MB2020,2,
CHEMCHECK,2,
AG07438,2,
AG05397,2,
GKPILFFRLK,2,
NER,2,antimony by the inhibition of nucleotid excision repair
EPM1,2,
EMCF,2,
PMC9398545,2,
USP25,2,
COG1410,2,
PMC10232273,2,
PMC5797629,2,
PMC3382802,2,
PMC4001039,2,
C120,2,
S0028,2,
AAV,2,
MOVAS,2,In vitro work using vascular smooth muscle
M4PTB,2,
BI665088,2,
PMC6302774,2,
PMC6215310,2,
PMC4382044,2,
F496,2,
PMC3949031,2,
CLF,2,
APPNL695,2,amyloid precursor protein cDNA harboring the Swedish mutation
22C11,2,
9J,2,
9K,2,
V717,2,
CKII,2,
FVB,2,
P8340,2,
P2850,2,
P5726,2,
PMC21854,2,
M701078200,2,
EDI,2,ingredients as well as the estimated daily intake
PMC12328749,2,
PMC6146930,2,
17418R2,2,
UAMS,2,
NBD,2,and the nucleotide-binding domains
DBS,2,P-gp contains at least two drug-binding sites
CFAS,2,Cognitive Function and Ageing Study
DWT,2,
FRC,2,
HL093029,2,
HL102419,2,
UC2,2,
HL103010,2,
AG041797,2,
AG05128,2,
UO1,2,
BRAINEAC,2,
KBTBD4,2,
LOC100287127,2,
FAM180B,2,
PILRA,2,
EJHG,2,
TCPTP,2,
PIASY,2,
M2001,2,
CSZ,2,
IPAD,2,be effective in facilitating the Intramural Peri-Arterial Drainage
PMC2918894,2,
PMC3037976,2,
MPP,2,
C367,2,
CINALH,2,
ETOC,2,
TASTE,2,
O55,2,
PS1M146V,2,
12F4,2,
YM1,2,
SH30071,2,
HIFBS,2,
RII,2,
TNFRII,2,
PMC2649699,2,
H299,2,
TWIST1,2,
CCND3,2,
CCNE1,2,
EGFL7,2,
ZEB,2,
NKCC2A,2,
REVERSIR,2,
NTIS,2,
S1383,2,
S0278,2,
NRN,2,
1N3R,2,
2N3R,2,
EFRH,2,
TTBS,2,tris buffered saline
BCIP,2,
IPTG,2,
IRH,2,
PMC6605424,2,
SIRM,2,
PMC6693520,2,
PMC10990013,2,
PMC9410368,2,
PMC5818822,2,
PMC1959222,2,
E778,2,
PMC4845297,2,
PMC8766287,2,
PMC7162426,2,
GISE,2,G Esposito G Italian Society of Interventional Cardiology
SIIA,2,and Italian Society of Arterial Hypertension
PMC8494706,2,
17S,2,
PMC10157753,2,
PMC11795226,2,
PMC10598141,2,
GITIAR,2,
PMC12209812,2,
PMC11469783,2,
PMC4310436,2,
CALERIE,2,
PMC6805293,2,
A58,2,
PMC7572679,2,
NHA,2,
CH5,2,
VAPSHCS,2,the Veterans Affairs Puget Sound Health Care System
SQRT,2,
NNC0090,2,
PMC7674493,2,
PMC9312939,2,
PMC8472298,2,
PMC9475012,2,
PMC9812772,2,
B601,2,
PE8,2,
CUP,2,
PDU,2,
SIEDY,2,
PMC9876440,2,
BF01541742,2,
BF01542095,2,
NOED,2,
PMC5422634,2,
PMC8359379,2,
PMC1673419,2,
PMC2376483,2,
PMC1292130,2,
GITS,2,
PMC7893498,2,
PMC6893938,2,
PMC2424978,2,
PMC6451292,2,
PMC9652675,2,
PMC10289031,2,
TAIM,2,
BF01542360,2,
PMC5336728,2,
PMC2770379,2,
PMC31101,2,
PMC9415259,2,
PMC10921108,2,
P30CA072720,2,
H1573,2,
H1792,2,
H2087,2,
H2030,2,
EVOS,2,
14B,2,
GENEWIZ,2,
ENSEMBL,2,
MUC13,2,
BSR20192712,2,
CD74,2,
2022A,2,
FFHCI,2,
GJPY2026013,2,Ningbo University Science and Technology Cultivation Project
2026SRIP3604,2,
2026SRIP3615,2,
GNN,2,graph neural networks
CRNN,2,convolutional recurrent neural network
LTFSY,2,successfully screened a novel ACE inhibitory peptide
HDCF,2,
RWDISQPY,2,
BIOPEP,2,
UWM,2,
DFBP,2,
AHTPDB,2,
PRED,2,
BACC,2,
AHPP,2,
PLCC,2,
D1143,2,
D845,2,
D855,2,
PMC7145631,2,
REMOVE,2,
UNLESS,2,
ALERTED,2,
HANDLING,2,
MANUSCRIPT,2,
CHANGE,2,
THEY,2,
SPECIFICALLY,2,
AGREED,2,
PRODUCTION,2,
ISCED,2,International Standard Classification of Education
22961R1,2,
PRC,2,
ACT210083,2,
DOCTORADO,2,
O12,2,
O24,2,
MEIGO,2,
PMC7848196,2,
61A,2,
PDFF,2,
ZEUS,2,
PMC10936614,2,
PMC7798348,2,
PMC7072614,2,
PMC3195479,2,
631JH218,2,
PMU,2,
B38G670003,2,
A0,2,
1IYT,2,
KP50,2,
10G,2,
12B,2,
17B,2,
PMC5634759,2,
Q6PDS7,2,
Q71B07,2,
P60879,2,
Q7TQF7,2,
O55042,2,
Q6P5D0,2,
Q3TUZ9,2,
P20357,2,
Q3U452,2,
Q62277,2,
BM89,2,
P62259,2,
Q922A0,2,
P18873,2,
P17182,2,
Q5M9J7,2,
P63213,2,
Q8JZW6,2,
Q8C5K4,2,
O55129,2,
Q3TUI2,2,
P08228,2,
Q91ZZ3,2,
Q7TQD2,2,
Q9D2U9,2,
P04370,2,
Q8VC46,2,
Q9DD04,2,
P50518,2,
P02089,2,
Q9CWF2,2,
Q7TMM9,2,
P56959,2,
Q3UH19,2,
P17751,2,
Q9QZ83,2,
P84086,2,
P68373,2,
Q9CY10,2,
Q6W8Q3,2,
Q5D0E8,2,
Q3V2G3,2,
P61264,2,
1B2,2,
Q3TVQ0,2,
Q8BMV6,2,
P56480,2,
Q505F3,2,
4933425L11,2,
Q80ZL4,2,
Q80X68,2,
Q78PG9,2,
Q8C2C1,2,
P32848,2,
P62991,2,
Q6PHZ2,2,
Q8R5L1,2,
Q91V86,2,
Q9JI95,2,
CPN10,2,
Q921J3,2,
Q8K0Z5,2,
Q9D6X2,2,
Q8BGY2,2,
O55107,2,
Q9CX22,2,
Q8BP43,2,
Q3V1V5,2,
Q6PKE6,2,
Q8R4B4,2,
Q3UK59,2,
Q80ZZ7,2,
Q58ES7,2,
Q6PCN2,2,
TSTA,2,
Q5SQX7,2,
PMC1160236,2,
MCP200,2,
COLXV,2,wells and following treatment with recombinant collagen XV
3J,2,
OH1,2,
BX51,2,
DP71,2,
ALX,2,
PMC3995820,2,
PMC4404276,2,
S1L0C1,2,
S1L1C0,2,
PMC3935395,2,
R1596,2,
PMC3582864,2,
PMC3293895,2,
MCT1,2,including monocarboxylate transporter
HPO42,2,
F392,2,
F400,2,
R73,2,
PDE1,2,
MKN28,2,
H1581,2,
TFR1,2,
NTBI,2,can transport non-TBI
CYP2A6,2,
PMC5793120,2,
PMC3699831,2,
ALFA,2,
IGV,2,
XQTL,2,and the multi-omics quantitative trait linkage
APPENDIX,2,
UF1AG047133,2,
U01AG049505,2,
U01AG049506,2,
U01AG049507,2,
U01AG052411,2,
AG052409,2,
U01AG062943,2,
U01AG058589,2,
U01AG058635,2,
RF1AG057519,2,
R01AG048927,2,
RC4,2,
AG039085,2,
AG030944,2,
IMAS,2,Indiana Memory and Aging Study
AG019771,2,
AG009956,2,
MAYO,2,Mayo Clinic
NS039764,2,
NS071674,2,
5RC2HG005605,2,
IIRG09133827,2,
AG09029,2,
VAN,2,
CWRU,2,
NS026630,2,
P50AG005136,2,
R01AG041797,2,
R01NS069719,2,
AG007584,2,
RC2HL102419,2,
I904,2,
JPND,2,Neurodegenerative Disease Research
BRIDGET,2,
FFG,2,is supported by the Austrian Research Promotion agency
HL70825,2,
U01HL080295,2,
U01HL130114,2,
R01AG023629,2,
R01AG15928,2,
R01AG20098,2,
AG054076,2,
AG049607,2,
NS017950,2,
EUROSPAN,2,
STRP,2,
LSHG,2,
QLG2,2,
RFBR,2,
U19AG024904,2,
R01AG11380,2,
R01AG031272,2,
R01AG21136,2,
CWRUBB,2,Case Western Reserve University Brain Bank
P50AG008012,2,
CWRURD,2,Case Western Reserve University Rapid Decline
RF1AG058267,2,
NU38CK000480,2,
3U01AG052410,2,
GARD,2,Gwangju Alzheimer and Related Dementias Study
U01AG062602,2,
R01AG032289,2,
R01AG048234,2,
HIHGBB,2,Hussman Institute for Human Genomics Brain Bank
IBADAN,2,Ibadan Study of Aging
5R01AG009956,2,
LGP,2,Longevity Genes Project
R01AG042188,2,
R01AG044829,2,
R01AG046949,2,
R01AG057909,2,
R01AG061155,2,
P30AG038072,2,
MHAS,2,Mexican Health and Aging Study
R01AG018016,2,
NOMAS,2,Northern Manhattan Study
R01NS29993,2,
PR1066,2,
GR066133,2,
GR080002,2,
PRADI,2,Puerto Rican Alzheimer Disease Initiative
U01NS041588,2,
REAAADI,2,Research in African American Alzheimer Disease Initiative
AG72975,2,
AG42210,2,
RUSH,2,
AG017917,2,
R01AG060747,2,Stanford Extreme Phenotypes in AD
MBB,2,University of Miami Brain Endowment Bank
NCAT,2,
U54HG003067,2,the Broad Institute Genome Center
U54HG003079,2,and the Washington University Genome Institute
CGT,2,Center for Genome Technology
U24AG021886,2,
U24AG072122,2,
AI4AD,2,
R01AG017917,2,
R01AG22018,2,
MD000546,2,
JMJ,2,
UL1TR001873,2,
AG017586,2,
JQT,2,
UG3,2,
NS104095,2,
JCT,2,
TGB,2,s Research
AG046152,2,
AG043617,2,
AG042210,2,
AG036042,2,
AG036836,2,
AG036547,2,
ES017155,2,
RR024151,2,
AG041906,2,
AG034290,2,
RF1AG054014,2,
R01AG057907,2,
AG064877,2,
UG3NS104095,2,
DESCRIBE,2,
R01AG019085,2,
R37AG015473,2,
U24AG056270,2,
PMC6513159,2,
PMC10916966,2,
KDN,2,
3S,2,
QTOFMS,2,
SLO,2,
HMDB0000019,2,
CYP24,2,
IDO2,2,
PMC4660721,2,
2WB,2,
GFM,2,
JWL,2,
PMC2667420,2,
PABPN1,2,
PPM1F,2,
MEF2A,2,
WNT2,2,
FZD4,2,
SERBP1,2,
FGF11,2,
NFAT5,2,
DNAJC3,2,
COL1A2,2,
CMOR11303,2,
CMFHR112090,2,
STMN,2,
TAO,2,
MOB,2,
TEAD1,2,
TEAD,2,
CG1,2,
TASCC,2,
F1501,2,
PMC2882124,2,
F1293,2,
RF1AG047666,2,was supported by the National Institute on Aging
PMC2769828,2,
HCLD,2,
35314R1,2,
JXJY,2,
LEU17,2,
VAL3,2,
ALA42,2,
THR33,2,
ILE88,2,
GLU11,2,
VAL95,2,
ASP98,2,
GLU28,2,
CHARMM27,2,
RESPA,2,
MAPAS,2,
DBA,2,
IMCD3,2,
PMC5491277,2,
PMC4587695,2,
PMC5035134,2,
PMC5810844,2,
PMC3878021,2,
PMC4421219,2,
PMC3137579,2,
PMC6560885,2,
PMC4446876,2,
PMC4587686,2,
PMC2583450,2,
PMC2801647,2,
PMC4455198,2,
PMC5592833,2,
PMC4413766,2,
PMC6987748,2,
04EXP,2,
01CON,2,
PMC7395356,2,
PMC10551027,2,
PMC8050044,2,
PMC11387923,2,
PMC9171160,2,
PMC10088549,2,
PMC10647138,2,
PMC11126200,2,
PMC7615299,2,
PMC10242425,2,
PMC10555543,2,
PMC4139629,2,
PMC8315364,2,
PMC9117103,2,
PMC10991517,2,
PMC5998736,2,
PMC6598265,2,
PMC11213851,2,
PMC10951166,2,
PMC9676651,2,
PMC4800150,2,
PMC9630103,2,
PMC8319179,2,
PMC8233946,2,
PMC7783927,2,
PMC6935084,2,
PMC10115653,2,
PMC8981004,2,
PMC6920406,2,
PMC9352654,2,
PMC10751599,2,
PMC10209749,2,
PMC6481439,2,
PMC5549378,2,
PMC4468575,2,
CD011121,2,
S210062,2,
CD001190,2,
CD001191,2,
CD001747,2,
CD010772,2,
CNP520,2,
ITAM,2,
SHIP1,2,
NCID,2,
A014418,2,
ETC,2,
EISAI,2,
46A1,2,
S200490,2,
PMC6650620,2,
NGN3,2,
NKX6,2,
ALDH1A3,2,
HSP47,2,
HUCB34,2,immunosorted human umbilical cord blood haematopoietic stem cells
IBZ,2,and decrease the expression of ischaemic border zone
AAV6,2,
EP4,2,
SWCNT,2,
HSPC,2,or hematopoietic stem progenitor cell
HEAR,2,
026X,2,
I01BX000933,2,
1R01AG062514,2,
LN229,2,
SHSY5Y,2,
25663R1,2,
NFTS,2,
PMC2677204,2,
MRCG,2,
HRB,2,
MECHANISMS,2,
PMC2556800,2,
JCI29069,2,
PMC1483173,2,
S197,2,
FORMEN,2,The Fujiwara-kyo Osteoporosis Risk in Men
RSF,2,
MTCO1,2,
MICU1,2,
PMC6435468,2,
PMC4007397,2,
PMC5680957,2,
PMC3781568,2,
HMBPP,2,
PAMP,2,When pathogen-associated molecular patterns
NR4A3,2,
JAML,2,T cells are activated via junctional adhesion molecule-like
GZMF,2,
KHG,2,
RIG,2,
PMC5455318,2,
CMLS,2,
NCT04589325,2,
NCT03941132,2,
CD012661,2,
0SR,2,
CAMEO,2,
CB4,2,
1PX,2,
W020025,2,
M009041,2,
ORIVW,2,
PMC8897479,2,
OAB,2,
18592R2,2,
EBEID,2,
ESICM,2,by the European Society of Intensive Care Medicine
UPMC,2,
PBW,2,
H1N1,2,influenza a
SHOAS,2,
PSMMC,2,
AJB,2,
SOBI,2,
FWER,2,
ALDH1L2,2,
MTHFD2,2,
TYMS,2,
AMT,2,
DLD,2,
GLDC,2,
GATM,2,
KYAT3,2,
ME1,2,
MTHF,2,
GAD1,2,
PMC5784884,2,
PMC2694129,2,
PPK,2,
VCPA1,2,
FILTER,2,
LOF,2,
SVIMMER,2,
NHB,2,
VQSR,2,
GENESIS,2,
PVCF,2,
OUTFILE,2,
OUTPUT,2,
PREFIX,2,
MODERATE,2,
MODIFIER,2,
HGG,2,
29484R2,2,
PMC3743236,2,
2022BCA047,2,
BEC2,2,
GC4419,2,
SDHB,2,
F0F1,2,
TMEM126B,2,
MTND5,2,
M48V,2,
P99L,2,
G8969,2,
ADCK4,2,
F357,2,
COQ8B,2,
GRACILE,2,
CD013601,2,
PMC6718575,2,
LIBS,2,showed that using Laser-Induced Breakdown Spectroscopy
ICTAS50802,2,
12992R2,2,
JP288958,2,
GM104940,2,
Y36C,2,
L82R,2,
R211C,2,
A286G,2,
L358P,2,
FD223,2,
SPOT,2,
EMM,2,
T250,2,
BSR20211209,2,
HT7,2,Comparable analyses were conducted with a tau antibody
CXCL9,2,
5P30,2,
CA023108,2,
U01AG61356,2,
U01AG046139,2,
GSE254970,2,
MGO,2,and increased production of methylglyoxal
PMC6132187,2,
E6301,2,
E6310,2,
PMC4655580,2,
M242,2,
PMD,2,
IDQ,2,
CART,2,tree built using the classification and regression trees
GPR132,2,
FATP,2,
ACSL,2,
PMC4947451,2,
LCPUFA,2,Long-chain polyunsaturated fatty acids
M801925200,2,
DK116591,2,
PRC2,2,
DNMT2,2,
PWWP,2,
HSD1,2,
GNAT,2,
MYST,2,
HDAC7,2,
H3K14,2,
HAT,2,protein family are catalytic subunits of histone acetyltransferase
POVPC,2,
H1352,2,
S126,2,
F882,2,
F889,2,
C50,2,
LEOSS,2,
PMC8965260,2,
ANIMAL,2,
KIDNEY,2,
PMC11017426,2,
2023JJ40362,2,
2022JJ30451,2,
2022RC1226,2,
HT3,2,
HT6R,2,
SDT,2,and neuroendocrine changes in the Spontaneously Diabetic Torii
308G,2,
ATGL,2,and adipose triglyceride lipase
N9,2,
IIC,2,
PMC8107531,2,
0990OC,2,
PMC6192520,2,
PMC7290649,2,
PMC6678078,2,
MPOCRF,2,
PMC8488106,2,
PMC7999261,2,
PMC5469368,2,
PMC5343817,2,
PMC1745738,2,
PMC5601538,2,
PMC8059040,2,
PMC8196662,2,
PMC8607646,2,
PMC3401706,2,
TNMI7,2,
PMC11687475,2,
PMC5474378,2,
PMC6715565,2,
AR1757,2,
PMC6893008,2,
PMC2883201,2,
MEE,2,
2021RW5772,2,
PMC7935089,2,
PMC4533986,2,
PMC8306026,2,
PMC9967749,2,
S00259,2,
PMC7523028,2,
S00330,2,
PMC8761898,2,
PMC3654837,2,
PMC8106596,2,
PMC7899536,2,
PMC6464682,2,
PMC6335705,2,
PMC6374500,2,
PMC2104619,2,
PMC5495454,2,
TPF,2,
PMC7528186,2,
PMC4359629,2,
S00345,2,
EJSO,2,
BJR,2,
PMC11027319,2,
S12957,2,
PMC10561496,2,
PMC10340540,2,
ORALONCOLOGY,2,
PMC3008547,2,
PMC3951177,2,
RADIOL,2,
PMC8301937,2,
AQP3,2,
WNT5A,2,
PMC4374033,2,
PMC4135433,2,
PMC6738058,2,
ENTRED,2,
PMC5575161,2,
PMC3732236,2,
PMC5032687,2,
PMC3355935,2,
SBN,2,
NUB,2,
BPT,2,
BPED,2,
MPED,2,
NAAS,2,
12356R3,2,
SGBS,2,
GFB01,2,
CCN1,2,
10R,2,
BRD4,2,
A4143847,2,
PMC524230,2,
PMC3732483,2,
PMC4349629,2,
PMC1924687,2,
PMC6603301,2,
PARALLAX,2,
261S,2,
E113,2,
CD003641,2,
SAMHSA,2,The Substance Abuse and Mental Health Services Administration
F05,2,
NSDUH,2,
HFM,2,
CD010945,2,
VAPB,2,
VPS37A,2,
COX10,2,
SLC17A7,2,
PRSS36,2,
MEF2B,2,
SLC22A1,2,and choline transporter
TENM1,2,
H2AFX,2,
COPS2,2,
DOMINO,2,
CG1239,2,
LSM800,2,
EPPS,2,
RE2,2,
HES6,2,
DDX3X,2,
TMEM53,2,
UBR2,2,
DHH,2,
MYCBP2,2,
FHL2,2,
MIB1,2,
RYR2,2,
SYT1,2,
MLL3,2,
PMC3900103,2,
PMC10601493,2,
PMC4468388,2,
PMC6980793,2,
PMC7568283,2,
PMC1713260,2,
SIPS,2,driven by telomere attrition and stress-induced premature senescence
SADF,2,as the accumulation of senescence-associated DNA damage foci
IGFBP6,2,
EFNB1,2,
EFNB3,2,
CLCA1,2,
NMNAT,2,
AP20187,2,
EF24,2,
REAC,2,and radio-electric asymmetric carrier technology
SRT2183,2,
A1155463,2,
2021YJSS172,2,
YJSKC,2,
CDK11,2,
LPO,2,decrease in levels of ROS and lipid peroxidation
BMF,2,modifying factor
LY294002,2,K inhibitor
PGSF,2,Polygalasaponin F
PMC7191377,2,
E36,2,
NESP,2,
AG061796,2,
AG074879,2,
RF1AG066107,2,
AG054449,2,
AG075802,2,
LM012535,2,
U01AG072177,2,
TIGER,2,and Taub Institute Grants for Emerging Research
AD68,2,
GSE188545,2,
DLFPC,2,dorsolateral prefrontal cortex
21C,2,
23C,2,
BBB1,2,
RBFOX3,2,
U219,2,
LT07,2,
MAB1263,2,
SU5416,2,fish were treated with a mixture of Semaxanib
S1207,2,
GSE225721,2,
JSS,2,
TRIPOS,2,
SNORD116,2,
SPX,2,
FXYD6,2,
FXYD2,2,
LOC102724951,2,
LOC285095,2,
CECR2,2,
UPK1A,2,
ARL2,2,
SNX15,2,
PNCK,2,
ARF4,2,
PRPH,2,
PGM5P3,2,
LRRC3,2,
INO80B,2,
WBP1,2,
MYLPF,2,
PLPP2,2,
ZNF236,2,
CSH1,2,
CABP1,2,
LOC101927533,2,
SZT2,2,
LOC101927136,2,
NAPA,2,
ITIH1,2,
IL12A,2,
LOC105378909,2,
APOM,2,
LOC106660606,2,
LDB3,2,
LOC100507144,2,
ANKRD23,2,
REEP2,2,
TMEM63C,2,
RPS10,2,
NUDT3,2,
PI4KAP1,2,
SLC25A52,2,
NR1I3,2,
CEMP1,2,
CCNJL,2,
ADGRB3,2,
GSN,2,
MCM8,2,
WDR62,2,
WASHC1,2,
LOC101927322,2,
SRGAP2,2,
LOC107984875,2,
LOC102723701,2,
YJEFN3,2,
MOCS1,2,
NIMA,2,
DNAJC27,2,
TEAD4,2,
DDX11,2,
DEAD,2,
SPTBN4,2,
SLC9A3,2,
FUT1,2,
HDHD3,2,
SLC25A21,2,
MGARP,2,
G6,2,
QRICH2,2,
LOC101929457,2,
PWWP2B,2,
PACSIN1,2,
LIN7A,2,
KCTD17,2,
ATP2C2,2,
SYT7,2,
HELZ2,2,
MLX,2,
GINS3,2,
EGFLAM,2,
PPP1R16A,2,
TAF1C,2,
KIFC2,2,
LOC101927495,2,
MED16,2,
LLGL2,2,
ECHDC3,2,
NBPF,2,
ZNF775,2,
SLC35G2,2,
LGALS12,2,
TPRN,2,
INAFM1,2,
SLC2A11,2,
UBTD1,2,
MIB2,2,
TNFRSF8,2,
EPB41L4B,2,
PXMP2,2,
TMEM143,2,
CARD10,2,
PCDHGC4,2,
LOC100996842,2,
TRMT1L,2,
TDRKH,2,
EIF1B,2,
MICALL1,2,
RAC3,2,
USHBP1,2,
EP400,2,
PMM1,2,
ARHGEF15,2,
RRP1,2,
GGT6,2,
TBC1D7,2,
LOC648987,2,
THAP,2,
ZNF598,2,
NFKBIL1,2,
SVOP,2,
SEMA4C,2,
MAIP1,2,
IFI35,2,
AP1M2,2,
KRT16,2,
TMED7,2,
TICAM2,2,
GTF2A1L,2,
TUBB2B,2,
NDST1,2,
LOC101928228,2,
SERF1A,2,
ANKRD1,2,
ARHGEF9,2,
PROSER2,2,
ZFHX4,2,
LOC100505622,2,
LOC107986163,2,
CACNG2,2,
LOC105371050,2,
EPHB3,2,
TMLHE,2,
LOC112268408,2,
SCOC,2,
TNFRSF12A,2,
F13A1,2,
BLOC1S5,2,
TXNDC5,2,
LOC101927708,2,
AMPD1,2,
LYVE1,2,
FRZB,2,
ANKRD44,2,
CLEC4M,2,
LOC101929130,2,
CCDC136,2,
LYPLAL1,2,
CD248,2,
ICAM5,2,
BLNK,2,
RFX,2,
TRIM50,2,
LOC339192,2,
LOC100507477,2,
SLC5A1,2,
ADRA1B,2,
METTL21C,2,
CRABP2,2,
OTU,2,
HEXIM1,2,
CCND2,2,
WWC1,2,
JAZF1,2,
LOC100505549,2,
FMOD,2,
GLB1,2,
PTGFRN,2,
TACR1,2,
CYBB,2,
NRP2,2,
ARRDC4,2,
ITGAV,2,
LUM,2,
TPM2,2,
PMEPA1,2,
SAMSN1,2,
CKMT2,2,
ETV1,2,
UGDH,2,
ENC1,2,
IQGAP2,2,
RABIF,2,
ALX4,2,
IKBIP,2,
LIMCH1,2,
GNG2,2,
RCN3,2,
SESN1,2,
SEMA3C,2,
DACT1,2,
PTGER4,2,
FSTL1,2,
UGP2,2,
EEA1,2,
MTHFD1L,2,
MIR4435,2,
FAM118B,2,
CASP6,2,
MTF1,2,
ATRN,2,
POLR1G,2,
FGL2,2,
FCRL1,2,
IKZF3,2,
BCL11B,2,
TNFRSF13C,2,
LY9,2,
TMC8,2,
SEMA7A,2,
GYPA,2,
SLC38A5,2,
SLC38A1,2,
SLC7A6,2,
MCOLN1,2,
RHAG,2,
P2RX5,2,
TTN,2,
DYRK2,2,
DUSP2,2,
ABCA2,2,
ABCD2,2,
ATP13A1,2,
GNG8,2,
CEACAM6,2,
FGB,2,
FGG,2,
ZFPM2,2,
ORM1,2,
PRKAR1B,2,
CETN2,2,
BUB1,2,
UBE2C,2,
CENPU,2,
CENPI,2,
H2AJ,2,
WASF1,2,
TNRC6B,2,
ADA2,2,
CNKSR2,2,
SEC16A,2,
COL7A1,2,
RPL23A,2,
RPL27A,2,
RPL37,2,
TZP21,2,
TZPS9,2,
TZP23,2,
TZPS5,2,
TZPS2,2,
BIS,2,
ETHYLHEXYL,2,
PHTHALATE,2,
OCTADECANOIC,2,
NRB,2,
NLV,2,
15530R5,2,
H1370,2,
H1395,2,
H699,2,
H417,2,
H796,2,
H651,2,
H2587,2,
H60,2,
H446,2,
H727,2,
H653,2,
H2508,2,
H788,2,
H224,2,
H660,2,
H2147,2,
H1945,2,
H1312,2,
H1320,2,
PMC11242587,2,
MGC,2,
F26,2,
PMC7284016,2,
PMC7478009,2,
PMC10888119,2,
CD010756,2,
WS2,2,
ERIS,2,
LRRK2,2,
217S,2,
CD008535,2,
GXBZX,2,
TSP1,2,
D28,2,
MMP14,2,
EAT,2,Epicardial adipose tissue
ESRRG,2,
MYOCD,2,
USP7,2,
EATDS,2,sEVs secreted by epicardial adipose tissue-derived stem cells
REPAIR,2,
LVG,2,
CAREMI,2,
PMC10752444,2,
PMC1887936,2,
C53,2,
PMC3510666,2,
PMC4411042,2,
PMC2917472,2,
PMC2921870,2,
PMC2043505,2,
M603916200,2,
H1139,2,
H1147,2,
H514,2,
H522,2,
PMC3072437,2,
PMC2574023,2,
PMC2782393,2,
PMC3092370,2,
JCI8040,2,
PMC517818,2,
PMC1136635,2,
PMC1899462,2,
PMC129965,2,
PMC1886597,2,
PMC1603439,2,
PMC2626676,2,
PMC2271007,2,
PMC2680305,2,
PMC4878406,2,
PMC6459677,2,
PMC4938574,2,
PMC2615406,2,
JCI99659,2,
PMC6205384,2,
PMC5789835,2,
PMC11063162,2,
PMC7846794,2,
PMC3185121,2,
PMC2642482,2,
PMC5380221,2,
SIAH2,2,
PMC3920584,2,
PMC7609061,2,
PMC5816688,2,
PMC9283358,2,
PMC6685329,2,
PMC9104847,2,
JCI62423,2,
PMC3408740,2,
PMC2861083,2,
PMC3753681,2,
PMC2730645,2,
PMC2268054,2,
JCI115626,2,
PMC442893,2,
PMC2824059,2,
PMC3840464,2,
PMC6477926,2,
PMC3260875,2,
PMC4017349,2,
PMC4925026,2,
PMC5378496,2,
PMC3578601,2,
PMC4352848,2,
PMC4147853,2,
HFT,2,
PMC4111133,2,
PMC4875294,2,
PMC6345247,2,
PMC5578466,2,
PMC3822430,2,
PMC12912447,2,
PMC8584423,2,
PMC2192798,2,
PMC5681384,2,
PMC4324274,2,
PMC3198360,2,
PMC5482190,2,
PMC4493537,2,
PMC11916274,2,
PMC5663483,2,
PMC4514823,2,
VR1,2,
PMC3970960,2,
PMC9357075,2,
PMC3418907,2,
PMC4187500,2,
PMC4907285,2,
PMC2293325,2,
PMC3440419,2,
PMC7437654,2,
PMC3140796,2,
PMC6769886,2,
PMC6683286,2,
PMC4570408,2,
PMC4154594,2,
PMC3252742,2,
H1189,2,
PMC5130488,2,
PMC3139040,2,
JCI117303,2,
PMC296294,2,
PMC2740542,2,
H1817,2,
H1824,2,
PMC4896811,2,
PMC2706487,2,
PMC2673753,2,
PMC5725131,2,
C3HIOT1,2,
PMC4346887,2,
PMC5809634,2,
PMC3075469,2,
PMC3176459,2,
PMC5715012,2,
PMC3956050,2,
PMC3177053,2,
PMC2813357,2,
PMC5558787,2,
PMC5807060,2,
H108,2,
H113,2,
PMC2749291,2,
PMC2832011,2,
PMC3613379,2,
H1595,2,
PMC2441777,2,
PMC11074624,2,
PMC3623091,2,
PMC2747796,2,
PMC5152911,2,
PMC3846471,2,
PMC544320,2,
PMC3749126,2,
JCI14327,2,
PMC150857,2,
PMC3657509,2,
PMC2931800,2,
PMC4411213,2,
PMC3732948,2,
PMC3173214,2,
PMC3473073,2,
PMC5542178,2,
T47D,2,
PMC4682264,2,
PMC3411362,2,
M802139200,2,
PMC2386911,2,
PMC8204482,2,
PMC6218450,2,
PMC7033822,2,
PMC9667926,2,
PMC7751634,2,
PMC6037597,2,
PMC8807507,2,
KLF3,2,
PMC6918658,2,
PMC7844314,2,
PMC10435388,2,
PMC7563023,2,
H1377,2,
H1386,2,
PMC2770777,2,
PMC8880777,2,
PMC9807961,2,
PMC8460592,2,
PMC3652242,2,
PMC3600981,2,
PMC5903285,2,
PMC3580848,2,
PMC4499169,2,
PMC56963,2,
PMC3045901,2,
ERB,2,
PMC4119168,2,
PERISCOPE,2,
PMC10955661,2,
PMC5444287,1,
1P50AG025711,1,
PMC2024828,1,
HUMORAL,1,
IMMUNITY,1,
NEOPLASIA,1,
DAWSON,1,
MOORE,1,
PMC12726608,1,
ALZ105645,1,
PMC12438852,1,
EPV0506,1,
PMC12760238,1,
PMC10737162,1,
SPECIFIC,1,
ATTRIBUTABLE,1,
FRACTIONS,1,
INCIDENT,1,
PMC13137938,1,
CLC70340,1,
PMC12877423,1,
JE20150010,1,
PMC4808686,1,
PMC7598962,1,
PMC11254205,1,
DLN,1,was correlated with an elevated dissected lymph node
2022YQ028,1,
SHDC12020123,1,Shanghai Shenkang Hospital Development Center
20Y21902300,1,
PMC10793742,1,
PMC5455598,1,
PMC11093495,1,
BMI4,1,
PMC10442100,1,
PMC9844597,1,
PMC6610954,1,
PMC9631970,1,
PMC5287964,1,
FCCP,1,
T4N2M0,1,and diabetes mellitus was diagnosed with Stage IIIB
PMC4856023,1,
PMC4622096,1,
PMC4681400,1,
PMC10754309,1,
VIDEOCLIPS,1,
PSK,1,
PMC8654507,1,
PMC3207949,1,
B9,1,
HPP,1,
PMC10924494,1,
17G,1,
PMC7399405,1,
0898UP,1,
PMC5027233,1,
PMC11392149,1,
CPSF,1,
GZB20230481,1,supported by the Postdoctoral Fellowship Program of CPSF
2017BR055,1,
22ZR1439200,1,
PMC7214340,1,
PMC7217115,1,
PMC8160592,1,
PMC8028515,1,
PMC4455192,1,
PMC2808666,1,
EVIDENCE,1,
PMC2239298,1,
PMC2748741,1,
PMC5728943,1,
PMC3620691,1,
PMC6000574,1,
PMC2987634,1,
397A,1,
PMC5815687,1,
CD79,1,
MUM,1,
573A,1,
PMC5268376,1,
601A,1,
PMC11364206,1,
PMC3514105,1,
PMC10725226,1,
PMC3308295,1,
PMC5457918,1,
PMC12778126,1,
PMC8857824,1,
PMC11581776,1,
PMC10241966,1,
PMC9578903,1,
PMC9002446,1,
PMC3617134,1,
PMC5521918,1,
PMC10795236,1,
YAG,1,yttrium aluminum garnet
AUTHORSHIP,1,
EGUC,1,
PMC2734747,1,
SPCK,1,
PMC4772370,1,
PMC5822651,1,
MRFA,1,
BSS,1,
PMC2905235,1,
PMC6392996,1,
PMC2717714,1,
YAMIS,1,
PMC5369930,1,
PMC4616354,1,
PMC4127595,1,
PMC4427142,1,
PMC4597458,1,
PMC4088092,1,
PMC4065801,1,
PMC6000097,1,
PMC3406173,1,
PMC2705717,1,
T3N1,1,
T1N2,1,
T4N2,1,
T2N3,1,
RITA,1,
RPTURE,1,
PMC2921840,1,
JAAPA,1,
PMC5999988,1,
S223,1,
PMC2267693,1,
PMC4626887,1,
PMC6000685,1,
PMC8283556,1,
MUW,1,
418A,1,
AAKP,1,
PMC11203558,1,
745X,1,
CD246,1,
A1AR,1,adenosine receptor
PMC10477621,1,
PMC8945995,1,
PMC6749123,1,
PEARLS,1,
PMC9844511,1,
PMC9015199,1,
PMC9382405,1,
PMC5728893,1,
CD7,1,
PMC5572183,1,
PMC4374572,1,
HANSHIN,1,
PMC5999662,1,
IGTV,1,
3N0,1,
2N0M0,1,
PMC9107826,1,
AMITA,1,
ABG,1,his arterial blood gas
252U,1,
EF15,1,
LHC,1,Patient was taken immediately for left heart catheterization
PMC9906332,1,
PMC8158979,1,
PMC7270045,1,
PMC8006695,1,
PMC7333635,1,
PMC7165109,1,
PMC10924502,1,
WSO,1,RL Hacke W et al World Stroke Organization
PMC9680526,1,
PMC5709883,1,
PMC8459622,1,
PMC6497593,1,
PMC10519080,1,
PMC3336044,1,
PMC10163139,1,
PMC3746032,1,
PMC5207586,1,
APEX,1,
PMC8137086,1,
ANCHOR,1,outcomes and resource utilization
PMC6900858,1,
PMC5515727,1,
PMC6741394,1,
PMC2001121,1,
PMC2288717,1,
PMC2566443,1,
PMC8500622,1,
ZKE3Y10,1,
PMC5654453,1,
PMC7015670,1,
PMC3590049,1,
PMC6629599,1,
PMC5084899,1,
PMC7261757,1,
PMC3458456,1,
PMC5457896,1,
PMC4713572,1,
PMC5406079,1,
PMC3131455,1,
PMC1976377,1,
PMC5301382,1,
MSCT,1,
TLL,1,
HWL,1,
HST,1,
WKT,1,
WLH,1,
PMC4784179,1,
PMC2770538,1,
PMC3981407,1,
PMC9297346,1,
PMC7434818,1,
PMC7714223,1,
PMC8628118,1,
PMC9157661,1,
PMC7654473,1,
PMC6641200,1,
PMC4595710,1,
PMC3314178,1,
ALZ14127,1,
NATH,1,
PMC10878974,1,
PMC6708408,1,
PMC10579777,1,
CCXL,1,
PMC5379598,1,
PMC8000169,1,
PMC8369597,1,
PMC4271485,1,
IMJR,1,
S209830,1,
PMC6560183,1,
PMC1395330,1,
PESDA,1,
MLZHT,1,
ACTR,1,
JMT,1,
PMC6300886,1,
165X,1,
AB1,1,
PMC5394684,1,
PMC3207941,1,
PMC5857387,1,
PMC2946155,1,
PMC2117553,1,
PMC5618985,1,
INSIGHT,1,
PMC5895306,1,
PMC4843765,1,
PMC3249304,1,
BF02848771,1,
ARMYDA,1,
PMC6824746,1,
PMC5084592,1,
PMC5649893,1,
S11306,1,
PMC3096538,1,
PMC4169830,1,
MCN,1,
PMC3736622,1,
BF00262215,1,
PMC4963152,1,
PMC1741569,1,
BF00283138,1,
PMC12276399,1,
KRT7,1,
SOX10,1,
MOC31,1,
EBER,1,
22C3,1,
PAX7,1,
1423G,1,
A475S,1,
VTCN1,1,
191T,1,
L64H,1,
LRP1B,1,
3008G,1,
W1003L,1,
2225A,1,
K742T,1,
764T,1,
V255A,1,
VMP1,1,
ICB,1,
PMC10384750,1,
PMC5021319,1,
PMC5835936,1,
PMC10789943,1,
S41388,1,
PMC7718330,1,
MAY,1,
PMC6527894,1,
TCGA2,1,
PMC5050127,1,
S41573,1,
Z36509911,1,
PMC4974797,1,
PMC7436637,1,
PMC3354930,1,
PMC7105032,1,
PMC6376682,1,
PMC6824443,1,
PMC7202837,1,
PMC7180013,1,
PMC4667510,1,
ZAC,1,
PLAGL1,1,
PMC3982857,1,
JCI200419876,1,
PMC484972,1,
PMC5457881,1,
PMC3295572,1,
PMC3378824,1,
PMC4511318,1,
PMC5403618,1,
PMC4264527,1,
EUROS1,1,
PMC7757917,1,
TIMI3,1,
PMC5808725,1,
PMC4072828,1,
144B,1,
PMC5808509,1,
PMC6034014,1,
PMC5571705,1,
BY2015039,1,
PMC4283352,1,
PMC3639094,1,
S68426,1,
PMC4199753,1,
429OC,1,
PMC11018926,1,
IEO,1,European Institute of Oncology
CDX,1,
S768I,1,
PMC5542993,1,
PMC1860262,1,
PMC6958131,1,
PMC6112786,1,
PMC7899914,1,
PMC8909782,1,
PMC4740167,1,
PMC2999601,1,
900C,1,
WHY,1,
S98,1,
E225,1,
E85,1,
PMC3083341,1,
V14,1,
JCI115146,1,
PMC295184,1,
PMC1767734,1,
PMC2817679,1,
PMC2822152,1,
MKS,1,
PMC2799226,1,
PMC1557968,1,
PMC5228690,1,
CD138,1,
PMC2843872,1,
PMC2362717,1,
PMC3852685,1,
PMC3573063,1,
PMC13494960,1,
SHAN,1,
2025TCYCYTT,1,
PMC12798275,1,
PMC7546967,1,
PMC12783485,1,
226X,1,
PMC12186271,1,
PMC7481640,1,
PMC7481625,1,
PMC11575113,1,
PMC7481624,1,
PMC7544080,1,
PMC7481639,1,
PMC9688539,1,
PMC11949217,1,
PMC11890241,1,
PMC11256492,1,
PMC12489409,1,
PMC6995197,1,
PMC5067668,1,
ADT3,1,
LM011369,1,
GM101430,1,
PMC3107568,1,
PMC4461804,1,
PMC5070576,1,
PMC4090762,1,
PMC3413783,1,
PMC2606808,1,
PMC4239169,1,
PMC2938973,1,
PMC2649159,1,
TTP488,1,
LY450139,1,large Phase III study examining treatment with semagacestat
3APS,1,
JCI18162,1,
PMC166298,1,
PMC2682361,1,
PMC2572079,1,
PMC2963069,1,
M906994199,1,
PMC38310,1,
ADNP,1,of a peptide derived from activity-dependent neuroprotective protein
PMC6741706,1,
NAPVSIPQ,1,
PMC8213256,1,
YYYY,1,
NCCCN,1,
DRO,1,
PMC4342271,1,
GCTT,1,Germinal cell tumors of the testis
RTP,1,in renal transplanted patients
PMC3262743,1,
RJP,1,
MSP5,1,
FFI,1,
PMC10089046,1,
NSTEMIOA,1,and outcomes between NSTEMI with the occluded artery
NSTEMIPA,1,
MCVTC,1,hospital of Manmohan cardiothoracic vascular and transplant centre
RBBB,1,
NOCA,1,
PMC2778841,1,
PMC2770915,1,
PMC6470244,1,
PMC3902505,1,
PMC4619422,1,
PMC4444238,1,
PMC2600791,1,
PMC1957083,1,
PMC2518806,1,
PMC9252224,1,
MKA,1,
PMC3350459,1,
V62177,1,
PMC3699822,1,
PMC6404265,1,
PMC5738010,1,
PMC5709025,1,
S97235,1,
PMC4654530,1,
PMC5129147,1,
LASLC,1,
PMC3659261,1,
PMC4435716,1,
PMC4543853,1,
PMC4713672,1,
PMC4434945,1,
PMC5070275,1,
PMC3069944,1,
PMC5299512,1,
PMC5222718,1,
PMC10574155,1,
742X,1,
LAPIMEX,1,
UFRGS,1,Universidade Federal do Rio Grande do Sul
TDM1,1,
CS20130678,1,
PMC2622729,1,
CS20090433,1,
PMC6940903,1,
PMC2824521,1,
PMC5513193,1,
PMC9510507,1,
PMC10805109,1,
JP282433,1,
PMC9306774,1,
PMC8802999,1,
PMC8308746,1,
PMC6357192,1,
129F2,1,
PMC6984411,1,
PMC5914016,1,
PMC10143215,1,
PMC10535416,1,
PMC5779336,1,
PMC4584654,1,
USCS,1,registries that met the United States Cancer Statistics
PMC2639291,1,
PMC4570501,1,
PMC3376479,1,
288X,1,
PMC11044850,1,
TRUST,1,
5K08NS123503,1,
PMC10863697,1,
PMC4810392,1,
PMC9051987,1,
PMC8633193,1,
PMC9753901,1,
PMC9449870,1,
PMC5321635,1,
PMC1736437,1,
PMC9827422,1,
PMC5884790,1,
PMC7154103,1,
PMC5815792,1,
30F,1,
ECT,1,
CD002140,1,
PMC12584098,1,
PMC4260048,1,
PMC2721313,1,
KIF5B,1,
PMC5312308,1,
PMC11158267,1,
PMC125481,1,
PMC2984425,1,
PMC5386780,1,
PMC11819018,1,
PMC6813084,1,
SEOM,1,
PMC4500822,1,
EUROCARE,1,
PMC3687453,1,
PMC2720776,1,
PMC2720777,1,
PMC5152930,1,
S1135,1,
PMC5069877,1,
E136,1,
WORLD07,1,
PMC5457885,1,
PMC5521951,1,
PMC4132036,1,
PMC4355318,1,
PMC3216424,1,
PMC4357281,1,
PMC4665693,1,
PMC3736467,1,
PMC3391591,1,
OROS,1,
PMC3786528,1,
PMC4943074,1,
PMC6000495,1,
S1051,1,
S1076,1,
PMC2921841,1,
PMC10365959,1,
ZENG,1,
KONG,1,
TJYXZDXK,1,
061B,1,
SOCE,1,
SLF,1,
PMC7657207,1,
PMC8975321,1,
PMC8943645,1,
PMC6047270,1,
E1318,1,
PMC2954642,1,
PMC8049930,1,
PMC2912837,1,
PMC3469480,1,
PMC6945242,1,
PMC5507753,1,
HELF,1,
PMC5907673,1,
PMC9883546,1,
PMC5666650,1,
PMC6657266,1,
PMC3578855,1,
PMC8020392,1,
PMC9694098,1,
PMC9941246,1,
PMC9039064,1,
PMC8182533,1,
PMC9226727,1,
OGX,1,
B91,1,
JDK,1,
PMC6560956,1,
PMC5944517,1,
BIOSS,1,Center for Biological Signalling Studies
PMC3905716,1,
JEADV,1,
UKPD,1,
PMC4411722,1,
PMC4112077,1,
PMC3031012,1,
PMC2265707,1,
PMC4486684,1,
PMC5639775,1,
PMC5226330,1,
PMC4575702,1,
FMSB,1,of the Faculty of Medicine and Biomedical Sciences
FEE,1,
FAQS,1,
PMC2622909,1,
PMC3362977,1,
PMC1831879,1,
BIBMW,1,
SPIE,1,
PMC3956417,1,
DMLB,1,
GACR,1,
P304,1,
G069,1,
PRVOUK,1,
P34,1,
PWR,1,
PMC3858499,1,
PMC3825771,1,
PMC2771288,1,
CSHL,1,
PMC5266063,1,
PMC4687869,1,
PMC4554978,1,
PMC3822315,1,
PMC4941595,1,
PMC3120982,1,
PMC2705948,1,
PMC12096032,1,
173X,1,
PAOL,1,
CASO,1,
BAG,1,una biopsia con aguja gruesa
CPPM2,1,
CPPM5,1,
PMC8750235,1,
PMC11134198,1,
PMC9993658,1,
PMC7877344,1,
PMC5579871,1,
PMC7919120,1,
PMC9423753,1,
PMC4656381,1,
ERJ,1,
PMC5731772,1,
PMC5410483,1,
PMC7097517,1,
PMC3574203,1,
PMC5854926,1,
JCTH,1,
PMC4663200,1,
PMC5002469,1,
PMC9411953,1,
ZHAO,1,
ZOU,1,
11R,1,
HMB45,1,
PMC5777332,1,
PMC6085491,1,
PBAF,1,
PMC4968166,1,
PMC5705788,1,
PMC4159614,1,
SMARCA,1,
PMC3407948,1,
PMC7657156,1,
PMC8394288,1,
PMC8743805,1,
PMC7641983,1,
PEC,1,
RIETE,1,
W65,1,
CS20030376,1,
PMC5708966,1,
NCT01357161,1,
PMC3589702,1,
PMC4408879,1,
PMC4529392,1,
PMC4658654,1,
PMC4724060,1,
PMC4920699,1,
D1028N,1,
PMC3069884,1,
PMC4409386,1,
PMC3760262,1,
PMC2671642,1,
PMC4160307,1,
PMC3794239,1,
PIK3R1,1,
PMC3187555,1,
PMC3592874,1,
DOM12876,1,
GLIM,1,
CANA,1,
FDA4,1,
NCT02065791,1,
NCT01989754,1,
JARDIANCE,1,
JANUVIA,1,
BYETTA,1,
PMC3857139,1,
UCM508422,1,
PMC5198289,1,
PMC5571687,1,
ABI7500,1,
1A3,1,
BK20161066,1,Natural Science Foundation of Jiangsu Province for Youth
SIGNAL,1,
PMC3397694,1,
PMC4286759,1,
PMC4120162,1,
PMC4416003,1,
PMC4422624,1,
4H2,1,
CH4,1,
WR01,1,
TREND,1,
AAN,1,
PMC4235386,1,
PMC3551275,1,
PMC3267701,1,
PMC4282752,1,
PMC4188033,1,
PMC4157385,1,
PMC5023998,1,
PMC3880190,1,
PMC3079354,1,
PMC2872930,1,
PMC3223604,1,
PMC10835556,1,
FHD,1,
MJBL,1,
SLPI,1,Secretory Leukocyte Peptidase Inhibitor
PMC5319719,1,
PMC3331747,1,
PMC4559632,1,
PMC5816886,1,
JCI29126,1,
PMC1483172,1,
PMC3670576,1,
PMC6057311,1,
PMC4265859,1,
EJHM,1,
NEU,1,neutrophil count
MON,1,monocyte count
LYM,1,lymphocyte count
EOZ,1,eosinophil count
BAZ,1,and basophil count
PLO,1,
PMC2845025,1,
PMC5805548,1,
PMC10054911,1,
PMC8761800,1,
PMC8205654,1,
PMC5402593,1,
PIA1,1,
GRK,1,
FRISC,1,
PMC4494683,1,
GPIIIA,1,
PMC2954874,1,
PMC5350663,1,
PMC3146028,1,
PMC5794406,1,
AJIRB,1,
MDB,1,
LVEDVI,1,
C82,1,
JCI117786,1,
PMC441475,1,
PMC2193607,1,
PMC4656957,1,
POSDRU,1,
PMC4138583,1,
PMC2653324,1,
HARPE,1,
PMC5403074,1,
PMC5381938,1,
PMC4858602,1,
PMC2361103,1,
PMC1856622,1,
PMC6267863,1,
879X,1,
431X,1,
431X20187310,1,
FFT,1,The spectrum resulting from the Fast Fourier Transforms
431X20154387,1,
PMC4470311,1,
PMC4144848,1,
R271,1,
MFP,1,
PMC5489324,1,
PMC2465061,1,
PMC4985413,1,
I2BM,1,
CHWAPI,1,
8R0553,1,
EVF,1,
LGE11,1,
MOCO,1,recently been developed incorporating a nonrigid motion correction
PMC3048790,1,
PMC3350985,1,
PMC3441905,1,
PMC3442966,1,
PMC4158317,1,
PMC3269374,1,
PMC6076114,1,
VVL,1,
PMC2952095,1,
PMC4696752,1,
PMC7811521,1,
PMC5907931,1,
PMC4753925,1,
PMC5304385,1,
HITACHI,1,
LOWESS,1,
MS00023688,1,
MS00016464,1,
LR13H020003,1,the Natural Science Foundation of Zhejiang Province
14YJC630046,1,
CAGGAUGUC,1,
GAGGCAGAAGC,1,
AGGAUGACA,1,
PMC3759444,1,
PMC3199035,1,
PMC3817315,1,
PMC3886569,1,
PMC3064105,1,
PMC4605754,1,
PMC4002426,1,
PMC4358229,1,
PMC4100169,1,
PMC5521921,1,
PMC4716641,1,
PHB,1,
PMC3366721,1,
PMC2911837,1,
PMC4869127,1,
IJG,1,
PMC5457794,1,
OPTH,1,
S47762,1,
PMC3940707,1,
PMC2614025,1,
JCI2425,1,
PMC508941,1,
PMC2095546,1,
PMC2935168,1,
OZ,1,
HS100,1,
PMC4750906,1,
PMC6392805,1,
HKH,1,
HRV2,1,
PMC5331358,1,
R1088,1,
PMC3893036,1,
PMC3269316,1,
PMC2905784,1,
PMC4981524,1,
PMC4895057,1,
PMC5585474,1,
NCT01338376,1,
TS1M3,1,
PMC5600198,1,
PMC4427275,1,
PMC6814951,1,
PMC5384458,1,
PMC3109249,1,
PMC3195701,1,
PMC2956724,1,
PMC4796473,1,
GJHS,1,
PMC4777012,1,
PMC3462533,1,
PMC4004343,1,
PMC6392978,1,
W0,1,
W8,1,
SPSS13,1,
BF02407221,1,
PMC4414966,1,
PMC4533457,1,
BF00261273,1,
PL00009593,1,
SSTES,1,D Ouahchi Y Submental sensitive transcutaneous electrical stimulation
PL00009529,1,
GORD,1,
PMC5976344,1,
PMC5137795,1,
741OC,1,
PMC5686299,1,
MILD,1,
PMC3075464,1,
PMC8152353,1,
SLAT,1,
PMC5421819,1,
PMC6951018,1,
PMC3590050,1,
THK,1,
PMC6950027,1,
PMC6299491,1,
PPIKID,1,was supported by the International Scientific Publication Office
PPKID,1,
FKUI,1,
EGC,1,
PMC2292711,1,
PMC3809380,1,
GGCCACA,1,
APTII,1,
PMC3376239,1,
LASTP,1,
PMC6496494,1,
PMC4616658,1,
2014BAI09B07,1,
PROGIST,1,
PMC1420965,1,
PMC3115894,1,
PMC4150523,1,
PMC4114645,1,
PMC4545693,1,
PMC2946863,1,
PMC3828432,1,
PMC7299430,1,
PMC3291487,1,
PMC2915459,1,
PMC9446016,1,
ANOVA25,1,
HHPJ,1,
509A,1,
NMGS,1,
LTC,1,
PMC11238481,1,
PMC5544582,1,
PMC6117101,1,
PMC6010593,1,
PMC5723405,1,
PMC5949491,1,
PMC8945864,1,
PMC2394426,1,
PMC7096211,1,
PMC9857292,1,
PMC5706061,1,
PMC1758865,1,
PMC4679644,1,
PMC4567586,1,
HPRC,1,
U48DP001911,1,
JRH,1,
KCGC,1,
HLO,1,
PMC3222418,1,
COACH,1,MN Levine DM Community Outreach and Cardiovascular Health
PMC3218795,1,
PMC2713758,1,
PMC3778483,1,
PMC2464960,1,
LLT,1,
IID3,1,
IID3333,1,
PARTICIPATE,1,
PMC7184338,1,
PMC7091741,1,
PMC7088738,1,
PMC7165792,1,
PMC5512736,1,
PMC7107801,1,
PMC4689825,1,
PMC7838217,1,
PMC7112337,1,
PMC2760158,1,
PMC7088164,1,
PMC7103406,1,
PMC5313025,1,
AURA,1,
NCT01802632,1,In the AURA phase II extension cohort
AURA2,1,
NCT02094261,1,phase II study
NCT02228369,1,patients with leptomeningeal metastases from NSCLC called BLOOM
EGFRC797S,1,
NCT02296125,1,A phase III study FLAURA
PMC4276567,1,
PMC2999638,1,
PMC4315625,1,
PMC4826174,1,
PMC4246355,1,
PMC3180562,1,
PMC3223088,1,
S625,1,
TPS8102,1,
PMC6171234,1,
TRADJENTA,1,
PMC3024359,1,
PMC1218126,1,
YAM,1,
PMC6261836,1,
PMC6087639,1,
PMC5247299,1,
PMC2632574,1,
PMC2969137,1,
PMC5640147,1,
PMC3860806,1,
PMC6637811,1,
PMC5721780,1,
VIENNA,1,
PMC6132513,1,
PMC4248563,1,
PMC5299724,1,
PMC4582323,1,
MLKNN,1,
GZL,1,
FFS,1,
AHO,1,
XZL,1,
IEE,1,
PMC3341182,1,
IJDMB,1,
PMC2346433,1,
PMC1559722,1,
KCL,1,
922A,1,
4VNTR,1,
CGE,1,
H59,1,
PMC12245100,1,
663X,1,
PMC13143144,1,
COAPT,1,
PMC6064896,1,
MJA,1,
PMC7222639,1,
INOCA,1,
PMC6489859,1,
PMC3960127,1,
PMC11918843,1,
B101,1,
PMC10750528,1,
PMC6405654,1,
PMC10966924,1,
PMC10768372,1,
PMC7350185,1,
PMC7877976,1,
PMC9639807,1,
PMC10568545,1,
PMC9989949,1,
PLSM,1,
PMC3493278,1,
L88,1,
L89,1,
L90,1,
MJLP,1,
MTN,1,
S127,1,
DWJ,1,
CARRE,1,
PMC9339419,1,
ZKX21060,1,
PMC7202267,1,
PMC7310428,1,
DIABHYCAR,1,
PMC7293795,1,
EASEL,1,
PMC5895161,1,
PMC5515629,1,
PMC8680308,1,
PMC8272340,1,
PMC8483550,1,
PMC6713906,1,
PMC6451223,1,
PMC7063753,1,
PMC8649541,1,
PMC4072621,1,
PMC8712833,1,
PMC6594384,1,
ATRU,1,
PMC9145495,1,
PMC6697073,1,
PMC9174954,1,
PMC8763045,1,
PMC8522627,1,
PMC8318423,1,
RECEDE,1,
PMC7594536,1,
EMBLEM,1,
PMC8237440,1,
PMC8825259,1,
PMC8204658,1,
PMC3850679,1,
ECLIA,1,were measured by electrochemiluminescence immunoassay
S0101,1,
PMC3349039,1,
PMC3719391,1,
PMC3791220,1,
PMC3247919,1,
PMC2794237,1,
PMC3513544,1,
BF02254183,1,
PMC11219383,1,
PMC8531035,1,
PMC9849126,1,
PMC6365102,1,
PMC10231495,1,
PMC6707851,1,
PMC5773253,1,
PMC11164293,1,
PMC8265258,1,
BSD01,1,
UHAS,1,
FNY,1,
YAY,1,
PMC3386666,1,
PMC5894076,1,
PMC6740017,1,
A0828,1,
E417,1,
E423,1,
PMC3680588,1,
PMC2782500,1,
PMC6454740,1,
PMC5031274,1,
PMC8030392,1,
PMC4894669,1,
HVG,1,
PMC3094542,1,
PMC4310896,1,
PMC3865118,1,
PMC3748390,1,
PMC5427558,1,
DEPARTMENTAL,1,
SUPPORT,1,
MIB,1,
P504S,1,
PMC3305464,1,
PMC3719114,1,
PMC2632987,1,
A10A,1,
A10B,1,
T01,1,Excessive thirst
F83,1,
K02,1,Tightness of heart
K03,1,Cardiovascular pain not otherwise specified
K04,1,awareness of heart
K05,1,Irregular heartbeat other
K06,1,Prominent veins
K27,1,Fear of cardiovascular disease other
K28,1,
U70,1,
U75,1,Malignant neoplasm of kidney
U76,1,Malignant neoplasm of bladder
U77,1,Malignant neoplasm urinary other
U79,1,Neoplasm urinary tract not otherwise specified
U80,1,Injury urinary tract
U85,1,Congenital anomaly urinary tract
U88,1,
U90,1,Urinary calculus
U98,1,Abnormal urine test not otherwise specified
U99,1,Urinary disease other
QOF,1,financial incentives from the Quality and Outcomes Framework
HGLM,1,
GEHM,1,
PVM,1,
PMC1314681,1,
PMC1314486,1,
PMC1313423,1,
PMC5059092,1,
PMC4058716,1,
319X,1,
PMC4669250,1,
PMC1856541,1,
PMC4118748,1,
S665,1,
S668,1,
PMC4221333,1,
PMC9518626,1,
GFR6,1,
VPD,1,the effect of a soya-based vegetarian low-protein diet
PMC3362314,1,
PMC10261540,1,
E1263,1,
PMC6627351,1,
PMC4485546,1,
PMC2723964,1,
PMC5052499,1,
GIK,1,repolarising solution
DIGAMI2,1,
JCI115384,1,
PMC295469,1,
PMC1767629,1,
PMC9276513,1,
PMC10356225,1,
IMHD,1,
SPSS25,1,
PMC8298383,1,
PMC7013191,1,
PMC8762150,1,
PMC4547147,1,
PMC7243549,1,
PMC7355464,1,
PMC6311485,1,
PMC7853196,1,
PMC10185944,1,
ISTH,1,
RAO,1,
PMC8538087,1,
PMC3279691,1,
PMC4008355,1,
PMC5709014,1,
EULAR,1,
PMC11034817,1,
PMC3771677,1,
PMC4267589,1,
E27,1,
PMC4753919,1,
10L,1,
21L858R,1,
LITERATURE,1,
PET18,1,
PMC11159091,1,
PMC3665670,1,
PMC8904105,1,
C1051T,1,
NEB,1,
HID,1,
ECMIIA,1,
SCARBI,1,
CSTUP,1,
SERPD,1,
PMC6054968,1,
PMC7843813,1,
G277A,1,P Association of cholesteryl ester transferyl protein gene
R083121,1,
PMC6027903,1,
SRBI,1,
PMC5469112,1,
PMC3477681,1,
PMC6002891,1,
PMC1706071,1,
PMC6683563,1,
XQW,1,
DHZ,1,
HEYLL201637,1,
NUTRIENTS,1,
PMC6024881,1,
PMC5467710,1,
PMC4535849,1,
PMC6594440,1,
PMC3881329,1,
PMC5795015,1,
EJ14,1,
PMC5959434,1,
IIINSCLC,1,
CCRT,1,
2L,1,
PMC3408010,1,
PMC4561276,1,
PMC4616485,1,
RSK4,1,
PMC4152057,1,
PMC4720085,1,
PMC4554129,1,
STW,1,
AITS,1,Asian Institute of TeleSurgery
JTC,1,
GUH,1,Department of Nuclear Medicine
TYC,1,Department of Radiology
FMH,1,
PMC4998497,1,
NEUROSTAT,1,
AJJ,1,
PMC3703818,1,
PMC2774795,1,
A1357,1,
PMC7051416,1,
PMC3721924,1,
MEARAT,1,
PMC6604195,1,
EBW,1,
PMC3765892,1,
PMC4799843,1,
PMC4277829,1,
PMC4018960,1,
PMC5932777,1,
PMC4564840,1,
PMC4470826,1,
PMC6303093,1,
PMC3407169,1,
PMC5797378,1,
PMC5793387,1,
PMC5118906,1,
PMC4688871,1,
RDR,1,
PMC5237521,1,
PMC6209178,1,
PMC10754314,1,
PMC4832730,1,
PMC1729959,1,
PMC5007127,1,
EIJV8I10A172,1,
PMC2696860,1,
PONTE,1,
SCA,1,
E213,1,
SERVIER,1,
PHARMA,1,
PMC4750804,1,
PMC5249245,1,
PMC5461476,1,
PMC6029646,1,
PMC4912299,1,
IRRIV,1,International Renal Research Institute
PMC5459751,1,
2011BAI10B07,1,
14DZ2260200,1,
12DJ1400201,1,
PMC4630340,1,
PMC2834549,1,
PMC2615732,1,
PMC2771754,1,
VNARFT,1,
PMC2574780,1,
PMC5287973,1,
PMC471017,1,
PMC4466428,1,
PMC6649133,1,
PMC5266402,1,
MOHW103,1,
PMC3723767,1,
PMC3469105,1,
PMC3096733,1,
PMC3215644,1,
PMC3869227,1,
PMC3170925,1,
PMC3951583,1,
PMC3899529,1,
PMC2676693,1,
PMC3783830,1,
PMC3751583,1,
PMC4466103,1,
PMC10444873,1,
G51,1,
4TF,1,
PBC,1,
PMC8102467,1,
PMC4930473,1,
PMC9288358,1,
PMC9075498,1,
PMC7727236,1,
PMC5477786,1,
PMC6198374,1,
JAS,1,M Ishigaki Y Ishibashi S Japan atherosclerosis society
GL2017,1,
PMC6143773,1,
PMC7387396,1,
MEL,1,
E212,1,
E220,1,
PMC4262070,1,
PMC6857236,1,
PMC4764144,1,
S1132,1,
PMC10627647,1,
THYROIDITIS,1,
K460,1,
K461,1,
LOC105373605,1,
PMC5976284,1,
PMC3718700,1,
PMC9529877,1,
PMC5642006,1,
PMC5658241,1,
PMC8049926,1,
PMC5561599,1,
PMC9393327,1,
PMC6883923,1,
FANSHY,1,
PMC6796259,1,
PMC7336871,1,
PMC8885486,1,
PMC7986801,1,
PMC6909474,1,
PMC3511432,1,
PMC5585497,1,
ECOGPS,1,
JCOG0901,1,Japan Clinical Oncology Group Study
PMC2151229,1,
PMC4906929,1,
NCT02262897,1,
PMC4998775,1,
RMB10,1,
RMB30,1,
IORG,1,
IORG0003571,1,
PMC4358172,1,
PMC4415865,1,
PMC3938507,1,
PMC3539877,1,
PMC2572423,1,
PMC4586692,1,
PMC4603002,1,
PMC3817786,1,
PMC4506785,1,
PMC27315,1,
PMC3912196,1,
CA10032,1,
HRSA,1,
IIEA,1,
FDCS,1,Follicular Dendritic Cell Sarcoma
APEX1,1,
NOLC1,1,
SF3A3,1,
580E16,1,
RNR2,1,
PMC4394213,1,
830OC,1,
PMC2718416,1,
PMC3040837,1,
PMC3149588,1,
LAMR1,1,
PMC2652098,1,
A17961,1,
PMC3131186,1,
PMC3030465,1,
PMC3460172,1,
PMC3521770,1,
PMC3064819,1,
PMC2885364,1,
PMC5571721,1,
PMC3950195,1,
PMC3816136,1,
PMC6005373,1,
PMC4997691,1,
PMC4540888,1,
PMC3937975,1,
PMC3943400,1,
PALLIATIVE,1,
EOF,1,
WVB,1,
PMC3310028,1,
PMC4399982,1,
S273,1,
S275,1,
PMC2880740,1,
PMC2637580,1,
PMC2517961,1,
SONDA,1,
S38405,1,
PMC3579409,1,
A5259,1,
PMC5708934,1,
PMC4259931,1,
PMC3481375,1,
PMC5398348,1,
PMC11160088,1,
PMC4616386,1,
ZYSNXD011,1,
XLXX,1,
MI18,1,
A120,1,
PMC3907515,1,
PMC3772090,1,
JCI118719,1,
PMC507357,1,
PMC2775733,1,
PMC3699414,1,
PMC3612981,1,
1131T,1,
455G,1,
148C,1,
BF00209015,1,
JCI118207,1,
PMC185794,1,
CARDIO2000,1,
PMC2766633,1,
PMC3922770,1,
PMC3869568,1,
PMC340900,1,
PMC5457871,1,
THH,1,
PMC6000694,1,
PMC3115914,1,
PMC3149025,1,
PMC557225,1,
PMC3114769,1,
IOM,1,
PMC4616625,1,
REC2,1,
PMC3538394,1,
PMC2925303,1,
PMC3387907,1,
PMC13452781,1,
SIMI,1,Italiana di Medicina Interna
E418,1,
E41827570759,1,
S18335968868,1,
NBK550181,1,
PMC4616451,1,
MRK,1,
45A,1,
0001EK,1,
KI01,1,
PMC2585759,1,
PMC2582855,1,
PMC3177725,1,
PMC3753490,1,
PMC3958485,1,
PMC3520903,1,
PMC6649100,1,
PMC2768223,1,
PMC2664630,1,
HSR2,1,
HSR2454,1,
222X,1,
TRANSPARENCY,1,
SAARC,1,countries of south Asian Association for Regional Cooperation
PMC4616265,1,
PMC3407762,1,
PMC6694684,1,
PMC4189975,1,
PMC3600172,1,
PMC3549404,1,
PMC3937145,1,
C0405,1,
C0406,1,
CO405,1,
CO406,1,
GOUT1,1,
GOUT2,1,
PMC3174872,1,
PMC1755343,1,
PMC3446457,1,
PMC2588108,1,
PMC3662546,1,
RHU,1,
PMC1000865,1,
EIARF,1,
SLC2A9,1,
PMC9228912,1,
GIRERD,1,
CNNG,1,
FND,1,
FLTN,1,
YKTF,1,
UIMK,1,
PMC4415060,1,
PMC4288978,1,
PMC4590913,1,
BJY,1,
PMC3199044,1,
PMC3325449,1,
PMC4736777,1,
CBE,1,
DBRH,1,
DBU,1,
UKDPS,1,
ATLAS,1,
PMC3460264,1,
PMC3328462,1,
PMC2708154,1,
UNRWA,1,
PMC4939259,1,
A17,1,
PMC2248793,1,
RST,1,
LVDF,1,
PMC484403,1,
PMC4177929,1,
PMC3959242,1,
PMC3206855,1,
PEPI,1,Progestin Interventions
PMC3083154,1,
PMC3888921,1,
PMC2821012,1,
PMC6652695,1,
PMC5992231,1,
EDNRB,1,endothelial ETB receptors
ATP2B3,1,
PMC6347103,1,
PMC3439153,1,
PMC3856354,1,
PMC5785707,1,
PMC5085032,1,
R63,1,
PMC4921773,1,
PMC3401900,1,
PMC3714010,1,
PMC5058642,1,
PMC5338864,1,
TSWJ,1,
744X,1,
PMC3830791,1,
PMC2953798,1,
ACROSS,1,the Australasian Cooperative Research on Subarachnoid Hemorrhage study
CPLH,1,
PMC1364790,1,
PROBE,1,a randomized open blinded end-point
S134,1,
IPRI,1,
PMC6381520,1,
PMC3319302,1,
PMC4977937,1,
PMC4616591,1,
PMC6079422,1,
PMC6425417,1,
PMC1326926,1,
PMC4710906,1,
PMC5117821,1,
PMC4803685,1,
VSP1004291M,1,
PMC4198704,1,
H1679,1,
H1686,1,
PMC2993220,1,
IBJ,1,
852X,1,
823X,1,
PMC12040632,1,
BIRC1,1,
BIRC2,1,
BIRC3,1,
BIRC4,1,
BIRC5,1,
BIRC6,1,
BIRC7,1,
BIRC8,1,
RNX,1,
RNXTM,1,
SYBER,1,
DECLARATIONS,1,
PII,1,
SJZ,1,
PMC4931124,1,
NUD,1,
RASSF1A,1,
PMC7047189,1,
PMC7159826,1,
PMC7692959,1,
PMC9492973,1,
PMC6365696,1,
PMC6601559,1,
PMC5217641,1,
PMC7377081,1,
PMC5378885,1,
PMC8147479,1,
PMC5021253,1,
PMC12114311,1,
AF082843,1,
MAFFT,1,
CNIC,1,approved by the National Committee for Scientific Research
CLIS,1,was approved by the Local Health Research Committee
FJ705359,1,
PMC7545399,1,
PMC7384095,1,
ICTV,1,
PMC12642825,1,
PMC7854786,1,
PMC10459120,1,
PMC10304420,1,
PMC11069011,1,
PMC11069006,1,
PMC11342613,1,
PMC10315653,1,
PMC5626257,1,
PMC11831764,1,
PMC8385577,1,
PMC10610113,1,
PMC10222133,1,
PMC11280106,1,
PMC7660235,1,
PMC10966658,1,
PMC9267256,1,
PMC4590613,1,
ORF2,1,
PMC11471813,1,
PMC4057506,1,
EFW,1,
MFA,1,
1L307,1,
S0987,1,
PMC2391269,1,
R51,1,
PMC2887166,1,
PMC3704214,1,
PMC3567914,1,
PMC3181909,1,
PMC3335448,1,
PMC3052294,1,
PMC2765045,1,
PMC2998555,1,
PMC3142200,1,
PMC3786463,1,
PMC2909695,1,
PMC4005962,1,
PMC11711671,1,
PMC9407882,1,
PMC10268454,1,
PMC8741798,1,
NCT04365517,1,
PMC7759095,1,
PMC7522990,1,
PMC7103712,1,
PMC7219414,1,
KDD,1,
SKK,1,
RTT,1,
PMC7405836,1,
PMC7095326,1,
PMC7275134,1,
BSR20203092,1,
PMC7693198,1,
PMC7194613,1,
PMC7543402,1,
PMC7195002,1,
PMC6763279,1,
PMC7177108,1,
PMC7241378,1,
PMC7283835,1,
PMC7453989,1,
PMC7227595,1,
PMC7770266,1,
5HI1020,1,
704R,1,
PMC10016867,1,
1583OC,1,
PMC7491404,1,
PMC3066207,1,
OR1,1,
PASI,1,
PMC2849106,1,
PMC2894736,1,
JCI7451,1,
PMC409880,1,
PMC9843455,1,
AJAUMS,1,
NRY,1,the non-recombining region of the human Y chromosome
USP9Y,1,
TSIX,1,
B3GALT2,1,
EOMES,1,
GIMAP4,1,
GIMAP7,1,
GIMAP6,1,
WDR86,1,
FOSB,1,
CLEC4D,1,
EGR3,1,
CLEC4E,1,
CLEC,1,
PMC7516292,1,
PMC4625039,1,
PMC5935119,1,
PMC6915786,1,
PMC3531103,1,
JARID1,1,
PMC5679451,1,
PMC6443027,1,
PMC3454519,1,
PMC4432789,1,
PMC5992813,1,
PMC4002915,1,
PMC7601316,1,
PMC7859422,1,
PMC4279876,1,
PMC5667841,1,
PMC5822798,1,
PMC5516312,1,
PMC6739802,1,
PMC5120955,1,
2N0,1,
PMC3346713,1,
PMC3808350,1,
PMC4331828,1,
PMC6472607,1,
122S,1,
150S,1,
PMC2755245,1,
PMC4724282,1,
PMC7137510,1,
2019M652544,1,
AUC95,1,
M652544,1,
PMC4814348,1,
PMC4218968,1,
PMC4751088,1,
PMC5660914,1,
SOON,1,
PMC6224066,1,
PMC6918668,1,
PMC4736063,1,
PMC4561509,1,
PMC3721535,1,
LVDID,1,
PMC3096422,1,
PMC1564011,1,
PMC3732752,1,
DS403,1,
WFJ,1,
DS338,1,
PMC4038747,1,
PMC2670399,1,
PMC2981680,1,
PMC3825141,1,
PMC2171227,1,
PMC2171221,1,
PMC2835623,1,
NEUR,1,
PMC2758146,1,
ATG7,1,
PMC2910188,1,
PMC2669153,1,
PMC2602605,1,
PMC2837169,1,
PMC2856912,1,
PMC2811155,1,
JCI33585,1,
PMC2391284,1,
PMC3538125,1,
PMC2886067,1,
PMC5561920,1,
PMC2329914,1,
PMC3096679,1,
PMC11676660,1,
JACS,1,the Journal of the American College of Surgeons
PMC7151371,1,
AGENCY,1,
PMC9747184,1,
PMC10045495,1,
PMC8049845,1,
PMC7829109,1,
PMC9689557,1,
PMC8221278,1,
SURGERY,1,
PMC8613518,1,
PMC8868005,1,
PMC10251696,1,
PMC5835263,1,
PSQTMHS96MA,1,
V734I,1,and acute myocardial infarction due to a mutation
ABCC9,1,
G20210A,1,
APOA,1,
PMC5458124,1,
G2691A,1,
C2491T,1,
PMC5103682,1,
PMC4365331,1,
PMC3706616,1,
PMC4003915,1,
PMC5603332,1,
PO5,1,
PMC310924,1,
O157,1,
PDM,1,
TUB18,1,
TUB20,1,
TUB9,1,
SSCP,1,
5178A,1,
G12315A,1,
PMC13459720,1,
NCT02753023,1,
PMC6269644,1,
PMC6416090,1,
PMC2233977,1,
PGMBE,1,
PMC8416119,1,
PMC10691881,1,
PMC2430541,1,
786T,1,
TOSHIBA,1,
270HG,1,
PAM,1,
T894,1,
C786,1,
ENOS,1,
PMC1350055,1,
JNS,1,
PMC1236936,1,
PI030678,1,
PI040233,1,
G03,1,
PI41,1,
PMC1731632,1,
MX2,1,
PMC1349815,1,
LTJ,1,
S0749,1,
EJEP,1,
PMC12711146,1,
BORTOLAN,1,
CLEVA,1,
FERREIRA,1,
PAJECKI,1,
SANTO,1,
VISUAL,1,
MESSAGE,1,
PYY,1,and peptide YY
HOW,1,
CITE,1,
THIS,1,
MFFT,1,
OAGB,1,One-Anastomosis Gastric Bypass
PMC10222088,1,
PMC2768219,1,
PMC5736407,1,
PMC10578149,1,
PMC8311643,1,
ASMBS,1,American Society of Metabolic and Bariatric Surgery
IFSO,1,for the Surgery of Obesity and Metabolic Disorders
PMC9834364,1,
PMC4771522,1,
PMC11346089,1,
PMC7510520,1,
LRYGBP,1,
PMC10602944,1,
PMC6513303,1,
WAF,1,
PMC11045962,1,
PMC6399661,1,
DCW,1,
PMC7467912,1,
PMC3932625,1,
PMC8247294,1,
PMC5306254,1,
PMC4602932,1,
A392,1,
SYMPHONY,1,Protection from ischemic Heart events postacute cOroNary sYndromes
PRIMVAC,1,
ISACS,1,
A27,1,
PMC8109650,1,
PMC2752759,1,
AWJ,1,
PMC13313068,1,
S408856,1,
PMC10126719,1,
PMC10887083,1,
PMC11171808,1,
PMC9738289,1,
S104247,1,
PMC4853164,1,
PMC8169042,1,
PMC10980480,1,
PMC11925413,1,
PMC9978802,1,
PMC10229810,1,
PMC11746045,1,
PMC4555325,1,
PMC1501045,1,
PMC1379635,1,
S1516,1,
PMC11126188,1,
LMB,1,
MB9B,1,
6TVC,1,
2VMD,1,
XAB5,1,
PMC11460644,1,
375X,1,
TKH,1,
PMC4178541,1,
JCI117252,1,
PMC294452,1,
PMC2754894,1,
PMC10919047,1,
NBK169024,1,
PMC9039644,1,
PMC9983463,1,
PMC11149842,1,
PMC11035389,1,
PMC9998503,1,
METRNL,1,
PMC6137187,1,
PMC8010136,1,
PMC6454984,1,
PMC6894365,1,
PMC5403080,1,
PMC9997786,1,
MOSE,1,
PMC3923470,1,
PMC3884576,1,
PMC4454799,1,
PMC3936348,1,
PMC2858165,1,
PMC6653161,1,
PMC4425477,1,
PMC4531303,1,
PMC8430558,1,
360X,1,
PMC3623289,1,
PMC6097371,1,
PMC9379151,1,
PMC9275201,1,
PMC10803342,1,
2021XM09,1,
KEGG14,1,
KAT5,1,
PMC9171715,1,
PMC5900707,1,
PMC9975729,1,
PMC9386081,1,
PMC5899260,1,
PMC6828761,1,
PMC6798127,1,
PMC8021683,1,
PMC8445977,1,
PMC8821875,1,
PMC3721772,1,
PMC1608272,1,
PMC3975541,1,
PMC3975542,1,
NEEDS,1,on the National Economic Empowerment and Development Strategy
SEEDS,1,
20HANDBOOK,1,
PMC2441769,1,
PMC6054391,1,
G161,1,
PMC4392932,1,
E214,1,
PMC3661854,1,
PMC3608161,1,
OGL,1,
PMC5485485,1,
PMC4014973,1,
E32,1,
PMC1444894,1,
PMC5895397,1,
EP1556Y,1,
ZR2017QH004,1,Natural Science Foundation of Shandong Province
PMC4630937,1,
PMC5754924,1,
ELF124,1,
PMC5297961,1,
PMC4418545,1,
PMC3782849,1,
PMC5030281,1,
PMC3953329,1,
JCI118883,1,
PMC507514,1,
PMC3706691,1,
PMC2802176,1,
PMC5054001,1,
PMC5156841,1,
S96199,1,
PMC4730999,1,
PMC3564583,1,
L425,1,
PMC4538232,1,
S280,1,
468KV,1,
GPI,1,
PMC3494203,1,
S5127,1,
PMC3306226,1,
HZ08,1,
PMC10518896,1,
DAMA,1,Patients who were discharged against medical advice
NBK470371,1,
PMC8030837,1,
PMC3388647,1,
PMC7268741,1,
PMC4051201,1,
PMC8030497,1,
PMC7439452,1,
PMC6221621,1,
UNAK,1,
PMC2863979,1,
PMC3269916,1,
PMC4814179,1,
V73437,1,
F1224,1,
PMC3362178,1,
PMC4816261,1,
PMC4194280,1,
PMC4194289,1,
PMC2866650,1,
PMC4011447,1,
PMC4591592,1,
PMC3438025,1,
PHILIPS,1,
YUTU,1,
DVI1650,1,
PLB,1,
XLW,1,
YMD,1,
YBW,1,
LLG,1,
2010TS053,1,
ZR2009CM026,1,
ZR2011HL054,1,
2009DX004,1,
PMC3041212,1,
PMC2789050,1,
PMC2628702,1,
PMC2847817,1,
PMC3080337,1,
PMC2795793,1,
PMC2836500,1,
PMC12483167,1,
V2R,1,
IAPDSG,1,International Association of Diabetes and Pregnancy Study Groups
PMC11635041,1,
PMC9131781,1,
PMC2628620,1,
PMC6071392,1,
PMC4570154,1,
PMC11293242,1,
TH02,1,
PMC8789717,1,
ZOLL,1,
WCDR,1,
PMC2621010,1,
JCAD,1,
HIJAMI,1,
PMC6064840,1,
PMC1729083,1,
JHE,1,
PMC4854198,1,
PMC2962668,1,
APEC,1,association for European pediatric and congenital cardiology
PMC3676862,1,
PMC6276371,1,
PMC9374026,1,
PMC7252786,1,
PMC7921362,1,
PMC5348162,1,
3DCRT,1,
EGFT,1,
CTONG1104,1,
JMDB,1,
SOC,1,
PMC3778680,1,
PMC4367710,1,
BR19,1,
PMC3770864,1,
PMC3487403,1,
PMC4581965,1,
PMC2879581,1,
PMC1732568,1,
PMC2884343,1,
PMC2736927,1,
MONA,1,
LISA,1,
29S,1,
36S,1,
PMC2715866,1,
PMC1834069,1,
PMC1837623,1,
PMC8973653,1,
SLIR,1,
TBILI,1,
PMC7237188,1,
PMC7336415,1,
PMC7184372,1,
S004,1,
PMC4990459,1,
PMC7242188,1,
PMC7314682,1,
PMC7195096,1,
PMC7838490,1,
PMC7832552,1,
PMC8013587,1,
PMC7356425,1,
PMC7439986,1,
PMC7118652,1,
PMC5994909,1,
PMC3623866,1,
DPOA,1,
13V,1,
LGADMEDVR,1,specific peptide
PMC196910,1,
PMC37522,1,
PMC6573216,1,
PMC1311737,1,
PMC3053957,1,
PMC4038910,1,
11A1,1,
PMC2903436,1,
PMC5708951,1,
NW6S,1,
PMC4170775,1,
PMC3934352,1,
PMC3978937,1,
PMC3223710,1,
S94419,1,
PMC4694678,1,
PMC3738507,1,
DRS,1,
E408,1,
PMC4963884,1,
PMC4021298,1,
PMC3920805,1,
PMC3984024,1,
PMC3467944,1,
PMC2732144,1,
IAE,1,
PMC4759941,1,
HEM7051,1,
PMC2395897,1,
PMC3136198,1,
PMC2519084,1,
PMC4238109,1,
PMC5079310,1,
GHRAC,1,
CMRPG3E0911,1,
PMC2748772,1,
PMC3400937,1,
PMC4070192,1,
PMC1208941,1,
PMC4068621,1,
PMC4105950,1,
PMC5747262,1,
FTCO,1,
CHN,1,
AVV,1,
LMAC,1,
RMVM,1,
CAWS,1,
RKF,1,
REGISTRY,1,
PMC3468382,1,
PMC3765291,1,
MICASA,1,Myocardial injury following coronary artery surgery versus angioplasty
EIJV6I6A119,1,
PMC3821829,1,
PMC11645421,1,
SPSS18,1,
MGF,1,
PMC6916202,1,
PMC5045036,1,
PMC7000886,1,
PMC4967536,1,
LLV,1,
PMC7663972,1,
PMC9259834,1,
PMC8391210,1,
PMC10533790,1,
DIS,1,
PMC9263561,1,
PMC5304099,1,
PMC4675991,1,
PMC10304523,1,
PMC8144409,1,
PMC5455708,1,
PMC4426273,1,
PMC6274980,1,
PMC10902584,1,
PMC7571243,1,
PMC6875401,1,
TBDM,1,
IHRERC,1,The Institutional Health Research Ethics Review Committee
PMC1129014,1,
PMC4260985,1,
PMC3707095,1,
PMC3867381,1,
PMC10150548,1,
PMC10193749,1,
V3R,1,
V5R,1,
CD1B,1,
AMAN,1,to the diagnosis of acute motor axonal neuropathy
AMSAN,1,can be detected in acute motor-sensory axonal neuropathy
PL00007844,1,
PMC1245654,1,
PMC1881813,1,
BF00190321,1,
PMC3822095,1,
PMC4339942,1,
PMC5885042,1,
PMC5572045,1,
PMC5312986,1,
PMC5484256,1,
070SO,1,
CNCR10,1,
PMC6464996,1,
PMC471810,1,
DANTE,1,
118S,1,
1184OC,1,
PMC2718462,1,
274OC,1,
PMC2718455,1,
PMC6807414,1,
PMC3723112,1,
PMC3634455,1,
PMC3170418,1,
0447OC,1,
PMC2176122,1,
PMC10010752,1,
PMC8601410,1,
PMC5728822,1,
PNEURO,1,
PMC2814458,1,
PMC11337172,1,
PMC3580157,1,
PMC4099095,1,
PMC3998066,1,
BF00294459,1,
PMC4932097,1,
PMC2830881,1,
PMC7793332,1,
LMWH,1,low molecular weight heparin
CASS,1,results of the Coronary Artery Surgery Study Registry
PMC3860846,1,
PMC3861063,1,
PMC5941955,1,
PMC4890469,1,
COCTAIL,1,
PMC4655613,1,
PMC5266065,1,
64AD,1,
NSSC,1,and the Nuclear Safety and Security Commission
PMC2906178,1,
PMC3096735,1,
A2342,1,
PMC8013077,1,
PMC3776529,1,
DESCRIPA,1,
JITC,1,
PMC6739800,1,
1DSU,1,
VARC,1,while the Valve Academic Research Consortium
PMC4884118,1,
PMC6490436,1,
E8,1,
R212,1,
PMC3222049,1,
PMC2848323,1,
I139,1,
I143,1,
AKICS,1,
PMC2811953,1,
PMC4969071,1,
PMC10291276,1,
PMC13316862,1,
STONE,1,
PMC5009182,1,
PMC7122752,1,
PMC11970309,1,
ABM,1,
PMC10478418,1,
PMC13198433,1,
PMC11718481,1,
PMC7027238,1,
PMC6661702,1,
PMC6486304,1,
21620870R,1,
PMC10133371,1,
658X,1,
VIVIT,1,
SUSTAIN,1,
ELIXA,1,
EXCSEL,1,
DELIVER,1,
SAVOR,1,
EXAMINE,1,
CARMELINA,1,
TECOS,1,
PMC1860832,1,
DIAD,1,
PMC5371352,1,
PMC5731244,1,
PMC9465638,1,
PMC5741160,1,
PMC9003277,1,
PMC4808891,1,
PMC7139534,1,
PMC2615459,1,
PMC3399915,1,
PMC5153917,1,
AG049057,1,
K24AG049057,1,
RC1,1,
AG036377,1,
SDR,1,
PMC3978817,1,
PMC4369785,1,
PMC2483341,1,
PMC4540332,1,
PMC2778270,1,
PMC1761120,1,
S381,1,
PMC4163539,1,
PMC5723440,1,
PMC9761000,1,
S95,1,
TTU,1,
BF01322333,1,
PMC5484303,1,
BF00455222,1,
PMC6896771,1,
DEK,1,a rat model of diabetes with enlarged kidney
PMC8096081,1,
BF00401834,1,
PMC3590856,1,
PMC4226256,1,
9LA,1,
NIGB,1,
9CM,1,
ICDS,1,
CG94,1,
PMC2092423,1,
20A4,1,
20FINAL,1,
20KOD,1,
PMC5423430,1,
AMBP,1,
PMC2897821,1,
PMC5931551,1,
CRMP52,1,
LE6,1,
CASPR,1,
CRMP5,1,
PMC4516293,1,
PMC3131173,1,
PMC3888170,1,
A5086,1,
PMC7960083,1,
PMC5066574,1,
PMC5694024,1,
PMC2824142,1,
PMC3053332,1,
PMC5728020,1,
PMC4000153,1,
PMC2077643,1,
PMC1737458,1,
PMC4795264,1,
PMC1739186,1,
PMC11411240,1,
HEGDE,1,
ACADEMY,1,
NITTE,1,
DEEMED,1,
UNIVERSITY,1,
PATHOLOGIST,1,
PMC7018927,1,
PMC1949703,1,
PMC1910768,1,
PMC2041359,1,
PMC1023154,1,
PMC8197013,1,
IMCAR,1,Institute for Molecular Cardiovascular Research
IZKF,1,
PMC6801828,1,
JCI61716,1,
PMC3484435,1,
PMC5149600,1,
PMC6527595,1,
PMC4033580,1,
PMC5865857,1,
PMC7045684,1,
PMC5861558,1,
PMC6813819,1,
PMC6468348,1,
PMC3599637,1,
PMC1870783,1,
PMC4047641,1,
PMC4767457,1,
RIP1,1,
PMC3823192,1,
PMC5658697,1,
PMC4021368,1,
PMC7279328,1,
PMC4542456,1,
PMC8122843,1,
PMC5428615,1,
PRAGUE,1,
PMC2569046,1,
PMC5814110,1,
PMC3092060,1,
PMC481716,1,
JMAH,1,
PMC2743893,1,
PMC1760950,1,
PMC5604672,1,
FRCS,1,
2013SZ0005,1,
2014SZ0148,1,
PMC5400311,1,
ANG2,1,
ANGPT,1,
PMC5010677,1,
PMC4985320,1,
PMC6210689,1,
SSA2,1,
PMC3599194,1,
PMC3130641,1,
PMC6078862,1,
PMC2761298,1,
PMC2937592,1,
PMC3087821,1,
PMC3522135,1,
PMC3502017,1,
PMC5956794,1,
PMC3439152,1,
PMC3166738,1,
PMC2737528,1,
PMC6121461,1,
UNIMAR,1,
PMC3356343,1,
PMC2429945,1,
PMC4230482,1,
PMC3898757,1,
PMC2888983,1,
PMC4754290,1,
PMC2048951,1,
S0036,1,
PMC4985410,1,
IADI,1,
U947,1,
TTELAX,1,
V2013,1,
A483,1,
TTEEDV,1,
SVPC,1,
LVEFLAX,1,
ESVLAX,1,
PHRC,1,
LEVF,1,
SOCIETY,1,
PMC3695769,1,
PMC3169477,1,
PMC3721905,1,
SSD1700,1,
603S,1,
607S,1,
ASLM,1,
PMC2413226,1,
NATION,1,
DM2004116,1,
PMC4605376,1,
PMC4212572,1,
KERCADRS,1,a community-based study
PMC4188107,1,
PMC2890345,1,
PMC3487781,1,
PMC3024374,1,
PMC4381682,1,
C95,1,
PMC3759398,1,
PMC4189850,1,
PMC3976913,1,
S186,1,
PMC2847121,1,
PMC2871081,1,
PMC3204660,1,
PMC2933559,1,
PMC4028698,1,
PMC3935494,1,
PMC3125452,1,
PMC8111520,1,
WC1H,1,
9SH,1,
NCT03937050,1,
HS2340,1,
GUIDES,1,
R02392,1,
EDCTP2,1,
PMC4404707,1,
S13333,1,
PMC4345277,1,
SFV,1,
PMC5398871,1,
PMC5800284,1,
PMC3506505,1,
PMC5946476,1,
RIF,1,
80U,1,
COHRE,1,and the Clinical Operational and Health Services Research
JCRC,1,training program under the Joint Clinical Research Centre
PMC2001194,1,
PMC3337603,1,
PMC3025836,1,
PMC3494158,1,
PMC3730257,1,
PMC3461610,1,
PMC3325531,1,
PMC4241593,1,
THESUS,1,
PMC2713720,1,
PMC1440870,1,
PMC1729338,1,
PMC228603,1,
PMC9338576,1,
ESGWJP2017,1,Surgery Grant of the Wu Jieping Medical Foundation
POWER,1,postoperative outcomes within enhanced recovery after surgery protocol
PMC6506896,1,
PMC4554973,1,
S515,1,
S522,1,
PMC6465422,1,
S150500,1,
PMC5695257,1,
PMC4999675,1,
PMC5708406,1,
PMC6321659,1,
PMC8356939,1,
NACOSTI,1,
PMC6091590,1,
NCLR,1,
PMC5720739,1,
PMC5509237,1,
PMC5736005,1,
PMC9825023,1,
QQX,1,
PMC3377163,1,
PMC3060646,1,
PMC4112807,1,
PMC5441513,1,
PMC7379590,1,
PMC7019352,1,
PMC11146283,1,
PMC6592172,1,
PMC3102034,1,
PMC5857645,1,
PMC9294172,1,
PMC6247440,1,
PMC9290756,1,
RML,1,
PMC7840163,1,
PMC9469617,1,
PMC5644254,1,
PMC9604650,1,
PMC9315354,1,
SSY,1,
PMC6596401,1,
MTE,1,
PMC5405756,1,
ICFSR,1,
PMC6800406,1,
PMC7551991,1,
PMC12482903,1,
724X,1,
N23,1,el N-terminal
C29,1,y el C-terminal
D004797,1,
D044967,1,
D010949,1,
ARHQ,1,de la Agency for Healthcare Research and Quality
QMS,1,
DME,1,
NIDKK,1,
PMC7419560,1,
PMC11072372,1,
S273446,1,
PMC7532075,1,
PMC9003550,1,
PMC9672287,1,
PMC7186676,1,
NBK35156,1,
ENF,1,
CIRU,1,
PMC6535324,1,
PMC10894677,1,
PMC9421132,1,
PMC3860441,1,
PMC3860443,1,
PMC3860448,1,
PSC286,1,
A826,1,
PMC5977525,1,
PMC3747268,1,
JCI112160,1,
PMC424191,1,
PMC3182906,1,
PMC3060149,1,
JFA,1,
PMC1121605,1,
SCAM,1,
PMC11210264,1,
GCST007517,1,
GCST007516,1,
GCST90018905,1,
ERG,1,
PMC5304372,1,
PMC6497009,1,
PMC3041193,1,
PMC8144608,1,
PMC9899991,1,
PRACTICAL,1,
CHIPGECS,1,
PMC5008293,1,
PMC3597763,1,
PMC10571835,1,
PCW,1,
PMC3942758,1,
ROSCO,1,from the retained organic solutes and clinical outcomes
PMC3698023,1,
PMC27401,1,
PMC3776179,1,
PMC2893077,1,
PMC4064102,1,
PMC3925630,1,
PMC8742505,1,
ARIKAN,1,
DURMAZ,1,
SEZEN,1,
SAVRANLAR,1,
MP17400041,1,
HFG,1,
DBSK,1,
PMC3584048,1,
PMC5518807,1,
PMC4506982,1,
PMC2963995,1,
PMC5281527,1,
PMC7277761,1,
TBT,1,
PMC2597767,1,
PMC4809878,1,
ELIA,1,
PMC7949962,1,
PMC7360839,1,
PMC4016044,1,
UNIOESTE,1,
QGIS,1,and Quantum GIS
PMC3308294,1,
PMC2864143,1,
PMC3652434,1,
PMC3348673,1,
PMC3734739,1,
PMC3294391,1,
PMC8565009,1,
GWV,1,
XD05,1,
19ZR1469800,1,
PMC5179143,1,
EELC,1,
PMC5989432,1,
GHG,1,
PMC6660966,1,
PMC6208588,1,
PMC155786,1,
PMC4481690,1,
JVDM,1,
PMC4483209,1,
RJT,1,
PMC4442713,1,
PMC5856375,1,
S426,1,
PMC5969311,1,
PMC4254540,1,
PMC6844180,1,
S162892,1,
PMC6067618,1,
JAMS,1,
PMC4334658,1,
CAM4,1,
PMC7774736,1,
CAM43524,1,
ALWAN,1,
PMC5678742,1,
PMC3739696,1,
DSKG,1,
PMC5061026,1,
S146,1,
PMC4503246,1,
ADCN,1,
PMC10916801,1,
ATCA,1,
R755X,1,
PMC4056132,1,
FXZ,1,
PMC546009,1,
PON,1,
PMC4843822,1,
SSCA,1,
PMC3180398,1,
PMC8136679,1,
SOUTH,1,
AFRICA,1,
11S,1,
15S,1,
PMC6031105,1,
PMC5521136,1,
PMC1711722,1,
PMC2822215,1,
PMC6440628,1,
PMC6434624,1,
PMC6476031,1,
PMC3103416,1,
129C,1,
588C,1,
GPX1,1,such as glutathione peroxidase
GLRX,1,
KSE,1,
IAB,1,
RTD,1,
PHIME,1,
FOOD,1,
METALUND,1,Swedish Council for Working Life and Social Research
BJN2001415,1,
PMC2430228,1,
PMC1559555,1,
TTCA,1,carboxylic acid
M710133200,1,
PMC6195263,1,
PMC4995441,1,
PMC1731720,1,
PMC4052757,1,
PMC2787647,1,
PMC2531220,1,
PMC3507363,1,
PMC3470852,1,
PMC3971618,1,
ALOKA,1,
EOE,1,
KCO,1,
H1495,1,
PMC5609608,1,
DM225,1,
T2DM26,1,
PMC5890906,1,
PMC4062368,1,
PMC2645418,1,
PMC4484544,1,
PMC4364858,1,
PMC4226108,1,
PMC4644940,1,
PMC4510525,1,
PMC1751934,1,
PMC9977539,1,
PMC10732998,1,
PMC7878744,1,
PMC6678374,1,
PMC7805235,1,
TVCG,1,
PMC7803357,1,
PMC9189744,1,
PMC6711103,1,
PMC7064413,1,
PMC7693449,1,
PMC2940768,1,
CD62E,1,
ELAM,1,
L554F,1,
PURGENE,1,
UNG,1,
L554P,1,
ZGW,1,
YQL,1,
QLN,1,
ZSW,1,
2008AA02Z441,1,
PMC1501005,1,
I275,1,
PMC1945056,1,
344C,1,
NEDD4L,1,
PMC2801499,1,
PMC1877813,1,
RENALDO,1,
G11,1,
6NT,1,
LNMMA,1,
SF1,1,
344T,1,
GRA,1,screened for the gene for glucocorticoid remediable aldosteronism
PMC1788474,1,
PMC2014356,1,
PMC1119736,1,
ARGENTINA,1,
PROJECT,1,
COVIDIEN,1,
FUSHIMI,1,
GELATIN,1,
LEAF,1,
YASU,1,
CHEMICAL,1,
MFX,1,
80HK,1,
L9191,1,
E5877JCD1,1,
4L,1,
PMC372566,1,
H722,1,
TNP,1,
PMC3716598,1,
PMC4229714,1,
PMC4428395,1,
PMC4802488,1,
PMC3616531,1,
PMC4445622,1,
PMC10768552,1,
SAGVTNLP,1,
06817201A,1,
GYN,1,
MUREC,1,
SS854ES,1,
PMC6683510,1,
PMC7443228,1,
OBGYN,1,
JGRRR,1,
PHYSICAL,1,
PMC5558313,1,
PMC5513206,1,
PMC6052534,1,
GCKR,1,
JCI118064,1,
PMC185226,1,
PMC6950911,1,
2H2O,1,
M60,1,
LAS,1,
PMC5721822,1,
PMC6002645,1,
I331,1,
I338,1,
MPBO,1,
I184,1,
I189,1,
PMC1181438,1,
H1737,1,
PMC10256605,1,
SIMPLIFY,1,
PMC8021160,1,
PMC8030792,1,
PMC7253190,1,
PMC4960337,1,
NBER,1,
1014B,1,
PMC3824303,1,
PMC1799912,1,
PMC3717966,1,
PMC3636072,1,
PMC5726255,1,
HIPOP,1,
OHP,1,
PMC2992192,1,
PMC3064047,1,
PMC3409867,1,
PMC3899459,1,
PMC3791107,1,
PMC4174398,1,
PMC3542389,1,
PMC2664829,1,
S429,1,
S431,1,
PMC2811439,1,
006X,1,
PMC3520975,1,
PMC3006492,1,
PMC3113664,1,
PMC1767701,1,
PMC3816526,1,
PMC5419913,1,
HLC,1,
723G8,1,
OHCA,1,
CEOR,1,
S43672,1,
PMC3645904,1,
PMC2658390,1,
UU,1,
PMC2776353,1,
PMC1405646,1,
NCDR,1,
PMC4678055,1,
PMC26599,1,
PMC4734630,1,
PMC3608222,1,
PMC4012906,1,
DECODE,1,
PMC2890379,1,
PMC3811710,1,
PMC5515760,1,
ICRP,1,
PMC3662901,1,
PMC4557396,1,
PMC3719051,1,
A2909,1,
PMC8013231,1,
PMC3830431,1,
PMC11112893,1,
1492R,1,
40C,1,
PBC096,1,
370C,1,
870C,1,
101B,1,
FLO,1,
FLG114,1,
R56DE032217,1,
HMK,1,
1R25TW011213,1,
PRJNA1087153,1,
HS106ES,1,
MAKCHS,1,
SBSREC,1,
PMC5426403,1,
S438,1,
ABA,1,
PMC7066801,1,
PMC4232466,1,
JCI142242,1,
PMC8262558,1,
PMC8384107,1,
PMC9954907,1,
PMC3114608,1,
PMC9131003,1,
PMC9024052,1,
PMC6881954,1,
PMC3606728,1,
PMC8788293,1,
PMC3555006,1,
PMC8395407,1,
CD004625,1,
PMC6516960,1,
PMC9985576,1,
PMC9176325,1,
S237,1,
PMC8375880,1,
PMC7839613,1,
PMC10024556,1,
PMC9169257,1,
PMC3357092,1,
PMC7892904,1,
PMC7269279,1,
PMC10051551,1,
PMC6406122,1,
PMC8248787,1,
PMC7223138,1,
CPAA,1,
S297903,1,
PMC8123943,1,
PMC8532977,1,
WMA,1,
PMC3523141,1,
NAUTHEC,1,the Nnamdi Azikiwe University Teaching Hospital Ethical Committee
063P,1,
PMC1632156,1,
IAO,1,
PMC2607772,1,
PMC1736997,1,
PROCAM,1,
M300520,1,
PMC2971704,1,
PMC2879499,1,
PMC2721716,1,
PMC10065091,1,
413X,1,
UESC,1,Universidade Estadual de Santa Cruz
SETTING,1,
UERJ,1,
PMC3549465,1,
PMC5803755,1,
PMC4863499,1,
YPS,1,
PMC5738021,1,
PMC4476048,1,
PMC5079613,1,
PMC4499190,1,
PMC2584202,1,
PMC2648841,1,
PMC2974923,1,
PMC3589463,1,
PMC6016052,1,
PMC3554272,1,
FKF,1,
PMC3464992,1,
PMC3562686,1,
DOF,1,
PMC6374277,1,
PMC7171657,1,
PMC27454,1,
PMC3329834,1,
PMC3836112,1,
PMC4738216,1,
PMC4649725,1,
PMC5306122,1,
PMC6346637,1,
PMC3560222,1,
PMC2430041,1,
PMC2667542,1,
PMC5981986,1,
PMC5326029,1,
CNRST,1,
GPM,1,
SEN,1,
PEPS,1,
ECOSAN,1,
INEE,1,
PMC7102799,1,
PMC4281460,1,
PMC2867939,1,
PMC3094348,1,
RGPHAE,1,
UNFPA,1,
PMC4670225,1,
AUSTRIA,1,
SAQ,1,a self-administered questionnaire
DCS,1,survey responses from the Diabetes mellitus Care Survey
GOF,1,Goodness of Fit
9D20,1,
PMC2836497,1,
PMC1446172,1,
A142,1,
PMC3221581,1,
PMC1071804,1,
PMC5371492,1,
KFDA,1,approved by the Korea Food and Drug Administration
FXC,1,
PMC3065020,1,
PMC4055504,1,
NAV4694,1,
AZD2184,1,
PMC4479493,1,
PMC3747730,1,
POI,1,
PMC5302066,1,
8LL,1,
MVLS,1,Veterinary and Life Sciences
DM22,1,
NASDAB,1,Scotland on behalf of National Amputee Statistical Database
PMC3507601,1,
ANZ,1,
SPAR,1,
PMC3904875,1,
PMC2992197,1,
PMC3700729,1,
PMC3507597,1,
PMC2494662,1,
PMC4730636,1,
MKT,1,
PMC2593146,1,
PMC3136057,1,
PMC3775683,1,
PMC2653658,1,
PMC3052213,1,
PMC2924414,1,
PMC4839801,1,
HJO,1,
JTP,1,
MEST,1,grant funded by the Korea government
H14C2003,1,Republic of Korea
PMC3731378,1,
PMC406322,1,
PMC3318932,1,
PMC2723977,1,
PMC3034700,1,
PMC2890355,1,
PMC3725722,1,
PMC6544065,1,
PMC2931776,1,
PMC4673797,1,
PMC3714525,1,
PMC3198285,1,
PMC4213554,1,
PMC6510908,1,
JSN,1,the Japanese Society of Nephrology
PMC4297707,1,
MK1,1,
PMC3434284,1,
PMC3255378,1,
PMC4113441,1,
2011Z116,1,
PMC3511385,1,
S055,1,
PMC3192269,1,
PMC3628830,1,
PMC3765933,1,
PMC2859160,1,
PMC7913410,1,
IMMY,1,
19YF1448000,1,
PMC5818156,1,
PMC5583669,1,
PMC5113055,1,
PMC3574138,1,
PMC5587633,1,
PMC3715903,1,
PMC4034446,1,
PMC4521845,1,
2013ZHB015,1,
ORLS,1,
PMC2564789,1,
SAT0544,1,
PMC3142935,1,
PMC2888190,1,
PMC3156692,1,
PMC2701227,1,
PMC4361356,1,
PMC5305035,1,
MCRC,1,Multidisciplinary Cardiovascular Research Centre
9JT,1,
LREC,1,
CA01,1,
PMC2651330,1,
PMC4687459,1,
PMC3563647,1,
PMC3779040,1,
PMC3086703,1,
PMC2903500,1,
PMC3945174,1,
PMC3843565,1,
C1307,1,
C1317,1,
PMC4121534,1,
PMC4407531,1,
PMC4227244,1,
PMC4391864,1,
PMC4324095,1,
PMC3589544,1,
PMC8379120,1,
PMC2742701,1,
PMC5396487,1,
CD53,1,
PMC4822690,1,
PMC4171091,1,
MINSAL,1,
S0717,1,
PMC3142048,1,
PMC3738310,1,
PMC4171380,1,
S0864,1,
PIIS0140,1,
PMC4809183,1,
PMC7706226,1,
PMC6483962,1,
PMC8031351,1,
PMC6530395,1,
PMC3482957,1,
PMC5069851,1,
PMC4062860,1,
S81513,1,
PMC4427605,1,
PMC7482459,1,
SWADES,1,
PMC7178468,1,
PMC7035505,1,
PMC5566592,1,
PMC3299255,1,
PMC6435948,1,
PMC3246687,1,
PMC5690724,1,
PMC4466947,1,
M207552200,1,
PMC3308787,1,
M208109200,1,
PMC3039728,1,
PMC3179824,1,
PMC4194125,1,
PMC3925924,1,
PMC3587557,1,
PMC3022728,1,
PMC3099408,1,
PMC3484019,1,
PMC3580132,1,
PMC3362085,1,
PMC3077729,1,
PMC3156829,1,
PMC1913545,1,
M309968200,1,
PMC3548457,1,
PMC3155309,1,
PMC2958444,1,
G74C,1,
NJA,1,
PMC3924195,1,
PMC4061100,1,
SSKI,1,and administration of saturated solution of potassium iodine
DK60902,1,
DOH101,1,
JCI102012,1,
PMC439537,1,
PMC3100287,1,
155A,1,
V74556,1,
PMC1629614,1,
PMC5657061,1,
REDIP,1,
116X,1,
EEC,1,
BTG,1,
KHAH,1,
RENP,1,
PROGRESS,1,
PMC8031810,1,
PMC3932403,1,
PMC4933576,1,
PMC4300561,1,
PMC4896963,1,
V12112427,1,
PMC4748920,1,
MINUET,1,
RIKS,1,
HIA,1,
PMC4310389,1,
PMC4404305,1,
PMC3329631,1,
USIC,1,
PMC1768566,1,
S45646,1,
PMC3724561,1,
PMC4415523,1,
PMC3626665,1,
PMC9283055,1,
PMC10718668,1,
34012R,1,
R223,1,
SLC22A20,1,
CGMP,1,
PMC7835562,1,
PMC8198996,1,
W175,1,
PMC6237607,1,
PMC6998289,1,
PMC6177441,1,
PMC6850962,1,
KDM3A,1,
PMC6933349,1,
RASSF1,1,
SLC22,1,
PMC7084758,1,
SLC8,1,
NCX,1,gene family of sodium-calcium exchangers
PMC9360707,1,
KIHASA,1,Korea Institute for Health and Social Affairs
CD0012,1,
PMC8276761,1,
PMC7680632,1,
PMC7647196,1,
JMJH,1,
PMC8519200,1,
FNM,1,
JJK,1,
KWQ,1,
PMC6658252,1,
PMC4837063,1,
PMC10606350,1,
644X,1,
IQAIR,1,
MLPA,1,multiplex ligation-dependent probe amplification
ERRB,1,
PMC7064735,1,
PMC5522148,1,
GBOT,1,
LACOG0418,1,
PMC7919136,1,
PMC8966034,1,
PMC5131754,1,
PMC8457781,1,
PMC5461196,1,
PMC9028167,1,
PMC7084498,1,
PMC6626802,1,
LBA1,1,
PMC6606035,1,
F822,1,
V1341061,1,
465S,1,
E975,1,
PMC1691330,1,
PMC7727251,1,
ICTRP,1,
PMC1417018,1,
PMC1762038,1,
PMC3358560,1,
PMC5988114,1,
PMC7045081,1,
6S9,1,
6S18,1,
PMC7129589,1,
UNDP,1,
PMC7042605,1,
PMC5023915,1,
MUMC,1,
NCT01705210,1,
JFAJ,1,
VENI,1,
EB016089,1,
EB015909,1,
RAEE,1,
NAJP,1,
PMC3190063,1,
PMC3110581,1,
PMC2789935,1,
PMC2474785,1,
PMC3661848,1,
PMC4066341,1,
PMC3747869,1,
PMC4280680,1,
PMC3374728,1,
PMC4615266,1,
PMC3313016,1,
PMC11346952,1,
RHN,1,
PMC7902856,1,
PMC5328328,1,
PMC5087880,1,
PMC8907360,1,
PMC5697825,1,
PMC7822911,1,
PMC6190557,1,
PMC5105572,1,
PMC6252707,1,
PMC8274870,1,
PMC6692934,1,
PMC8849622,1,
PMC3378609,1,
PMC6080524,1,
CCAL,1,
PMC5654281,1,
PMC6797278,1,
PMC9446362,1,
UFABC,1,
UNIFESP,1,
AD4,1,
MEEM,1,scores in the Mini-test of the Mental Status
PMC2715154,1,
M195,1,
M200,1,
N200,1,
PMC4222027,1,
ID1040147,1,Global Alliances for Chronic Disease Grant
PMC2946988,1,
RAPCAPS,1,B The Rural Andhra Pradesh Cardiovascular Prevention Study
PMC3173370,1,
PMC116324,1,
PMC555881,1,
PMC4171964,1,
PMC3192622,1,
WROIND,1,
PMC2802562,1,
PMC3096582,1,
PMC10100199,1,
T1N0M1,1,
T2N1M0,1,
T2N3M0,1,
T2N0M1,1,
T3N0M0,1,
T3N4M0,1,
MWW,1,
PMC6997021,1,
PMC7228566,1,
RIBI,1,Purdie TG Predictors of radiotherapy induced bone injury
717X,1,
PMC3534507,1,
PMC6795577,1,
PMC6511403,1,
PZVS,1,
PMC4833788,1,
PMC4560318,1,
PMC6922429,1,
PMC2706218,1,
MOO,1,
NAO,1,
SPINE,1,
US26,1,
BP26,1,
I09,1,
I51,1,
INDANA,1,
ESNA,1,
PMC2735390,1,
PMC4900942,1,
PMC4217251,1,
PMC4263941,1,
PMC4221549,1,
PMC4242519,1,
PMC4945554,1,
PMC4988796,1,
HD4,1,
TMAP,1,N-trimethyl-alanylproline betaine
PMC4591744,1,
PMC2953273,1,
PMC6042400,1,
PMC6503300,1,
PMC4880483,1,
PMC8675857,1,
PMC5729912,1,
PMC9038861,1,
SYNGO,1,data reconstruction was done using the Siemens workstation
PMC5279074,1,
PMC4728474,1,
PMC8983729,1,
PMC2759912,1,
E48,1,
PMC4866918,1,
PMC4521077,1,
PMC4960559,1,
PMC3780998,1,
PMC2826836,1,
HUBRO,1,pressure among participants in the Oslo Health Study
PMC10081979,1,
GSE97760,1,
GSE138260,1,
DOSE,1,
SUV39H1,1,
MALEIMIDE,1,
EHMT,1,
EMHT2,1,
PMC6622286,1,
PMC8120460,1,
PMC7066857,1,
PMC7246721,1,
PMC4157524,1,
PMC3307112,1,
PMC6424022,1,
PMC8115915,1,
PMC5992509,1,
FACER,1,
PMC6212842,1,
ARID4B,1,
PMC7010348,1,
PMC5777140,1,
PMC8758480,1,
SHA,1,
UMM,1,
PEF,1,
PMC5988037,1,
HTERT,1,
JTR,1,
PMC6689268,1,
PMC7513856,1,
NKC,1,
PMC6599037,1,
PMC8799073,1,
UHRF1,1,
TUSC3,1,
PMC7246390,1,
MER,1,
PMC6593513,1,
PMC8520711,1,
PMC7266269,1,
PMC5587180,1,
PMC9940301,1,
PMC7407996,1,
PMC4358132,1,
YWHAB,1,
PMC7894587,1,
EHMT1,1,
PMC6391616,1,
NSD3L,1,
HEREDITAS,1,
PMC8819906,1,
PMC3598715,1,
PMC2912779,1,
SASPI,1,results from the Southern Africa Stroke Prevention Initiative
STI,1,
PMC2816585,1,
PMC2816568,1,
PMC356921,1,
PMC2045097,1,
R33,1,
PLWA,1,traditional medicine utilization among persons living with AIDS
ARV,1,on antiretroviral
PMC3746637,1,
PMC3746650,1,
JDM,1,
PMC4386183,1,
PMC6164838,1,
PMC5669018,1,
PMC5520342,1,
B1203,1,
OTJ,1,
KBR,1,
KKM,1,
CSH,1,
PMC4730617,1,
PMC4806507,1,
PMC4489401,1,
PMC11115710,1,
PMC4965295,1,
PMC5484414,1,
PMC7399269,1,
PMC4736473,1,
PMC4994200,1,
PMC4565516,1,
JCI80851,1,
PMC4811143,1,
PMC4602371,1,
PMC3062476,1,
JCI63563,1,
PMC3408750,1,
PMC11024783,1,
CGRP,1,of vasodilatory peptides such as calcitonin gene-related peptide
PMC2650769,1,
PMC8030044,1,
PMC7681982,1,
XCEL,1,
PMC8262233,1,
PMC6159400,1,
PMC8030405,1,
PMC4189930,1,
PMC5457580,1,
PMC3645096,1,
PMC4967448,1,
PMC11580841,1,
AD17,1,
P753S,1,
AHB0042,1,
P044701,1,
77G7,1,
V5111,1,
PEAKS,1,
SM2010R,1,
752G,1,
A21244,1,
A11032,1,
PMC8281661,1,
PMC6709628,1,
PMC11264707,1,
PMC9895127,1,
PMC9499867,1,
PMC11541985,1,
PMC8478697,1,
PMC8519958,1,
PMC5755170,1,
PMC7904815,1,
PMC9142584,1,
PMC12539876,1,
VEG,1,
PMC4198761,1,
PMC3358546,1,
TROG,1,
ANZUP,1,
FASTRACK,1,
PMC8222682,1,
PMC9093013,1,
PMC7003302,1,
PMC8496384,1,
PMC3951202,1,
PMC3606541,1,
PMC6940002,1,
PMC11300943,1,
STIKES,1,
TASTPM,1,
KEP,1,
IMERI,1,from the Indonesian Medical Education and Research Institute
TMII,1,
C1000,1,
PMC7564174,1,
PMC8859419,1,
PMC8438345,1,
PMC7251864,1,
PMC5427593,1,
PMC7519406,1,
PMC6257159,1,
S327538,1,
PMC8456430,1,
CALM1,1,
CASP9,1,
PMC5920825,1,
PMC7594431,1,
PMC7119211,1,
PMC4297613,1,
MEA,1,
PMC6423613,1,
PMC4851109,1,
PMC3765323,1,
PMC7246738,1,
PMC5618501,1,
PMC3882209,1,
PMC10113056,1,
332X,1,
PMC10700886,1,
HY20180203,1,
AU5800,1,
FNA,1,
PMC7296337,1,
PMC7354715,1,
PMC8599903,1,
PMC5722581,1,
CHD1L,1,
PMC6982113,1,
PMC8212611,1,
PMC8529738,1,
PMC5523441,1,
PMC9271874,1,
PMC6708761,1,
PMC7587422,1,
PMC3561360,1,
PMC3117886,1,
PMC2603493,1,
PMC2944774,1,
PMC3951206,1,
CN108062,1,
REALM,1,the Rapid Estimate of Adult Literacy in Medicine
04S2,1,
CCTS,1,Center for Clinical and Translational Science
DK080033,1,
5U01DK060990,1,
5U01DK060984,1,
5U01DK06102,1,
5U01DK,1,
5U01DK061028,1,
5U01DK60980,1,
5U01DK060963,1,
5U01DK060902,1,
HCRIC,1,
GRCR,1,
LSU,1,
5K24DK002651,1,
MJF,1,
NCES,1,
PMC1447230,1,
PMC1492157,1,
PMC3014012,1,
PMC3785182,1,
PMC3144398,1,
PMC2615704,1,
PMC3109932,1,
PMC2025590,1,
PMC12980592,1,
PMC3015090,1,
PMC1831578,1,
PMC3077482,1,
PMC3157534,1,
PMC3270237,1,
PMC3454452,1,
PMC1831571,1,
PMC8319704,1,
PMC8360807,1,
PMC7118348,1,
PMC7158570,1,
SBW,1,
PMC7164637,1,
PMC7875732,1,
PMC7190011,1,
PMC12237589,1,
R2005,1,
20H04026,1,
TCY,1,
VOJ,1,
PMC6937009,1,
PMC4901087,1,
PMC8960597,1,
PMC7058458,1,
JE20090190,1,
PMC3900791,1,
PMC8348995,1,
2018ESC,1,
PMC2867357,1,
PMC3096564,1,
PMC7590378,1,
PMC3975839,1,
SHL,1,
CMRG3C0771,1,
CMRPG3CD0071,1,
CMRPG3CD0681,1,
NSC102,1,
NSC101,1,
182A,1,
MY2,1,
PMC3351735,1,
PMC2493390,1,
PMC1738177,1,
PMC3344908,1,
PMC2365731,1,
PMC3114322,1,
PMC3025269,1,
PMC5207554,1,
AS100,1,
PMC2663518,1,
PMC5536571,1,
PMC4689142,1,
PMC2866072,1,
SURE,1,
PMC2681013,1,
PMC3131115,1,
PMC128375,1,
PMC2571055,1,
PMC1857326,1,
PMC4603066,1,
PMC4616525,1,
PMC5917174,1,
PMC3460255,1,
AMBIEN,1,
PMC3669060,1,
PMC3544552,1,
PMC3412984,1,
PMC3977599,1,
ZU,1,
PMC5851744,1,
2015RCB006,1,
PMC4319943,1,
PMC4685626,1,
PMC4140809,1,
PMC5122443,1,
PMC2851675,1,
PMC2753745,1,
PMC4387400,1,
PMC4596545,1,
PMC3965531,1,
1395OC,1,
PMC4351595,1,
PMC4433365,1,
PMC4983059,1,
PMC5773107,1,
ELR,1,
A5007,1,
PMC2855565,1,
PMC2758877,1,
DENSE,1,histopathological and displacement encoding with stimulated echoes
PMC1767650,1,
PMC2032067,1,
ACUITY,1,
PMC12503227,1,
MED00920,1,
GAV,1,
ICVTS,1,
EXCEL,1,
PMC12278985,1,
PMC9071893,1,
PMC8299999,1,
PMC1602233,1,
PMC10547561,1,
PMC3145379,1,
PMC8579754,1,
PMC4331020,1,
I208,1,
I212,1,
PMC8093468,1,
PMC7525697,1,
PMC13154082,1,
PADP,1,
DISCONTINUE,1,
PMC7099862,1,
PMC10798730,1,
PTSS,1,
KJ2020A0393,1,Natural Science Research in Universities of Anhui Province
1048C60,1,
PMC5674847,1,
QUAN,1,
PMC8712448,1,
PMC3647246,1,
PMC4158377,1,
PMC8750761,1,
PMC6150834,1,
PMC9690494,1,
TECH,1,
SMU,1,
S0828,1,
282X,1,
PMC2643192,1,
PMC3084587,1,
PMC6919523,1,
PMC4656225,1,
DERLA,1,
PMC6522044,1,
PMC2562891,1,
PMC5889324,1,
PMC2944346,1,
PMC5396255,1,
PMC5293218,1,
PMC8776520,1,
BHL,1,
PMC4663145,1,
PMC7732692,1,
PMC6713839,1,
PMC6196636,1,
PMC3249326,1,
PMC3443668,1,
PMC4061445,1,
PMC5897926,1,
JNMS,1,
PMC7085152,1,
PMC8080747,1,
PMC8348150,1,
PMC2070980,1,
PMC5755156,1,
PMC2117060,1,
PMC5836160,1,
PMC10503878,1,
PMC4090282,1,
PMC4671446,1,
PMC6047342,1,
PMC5338706,1,
PMC7257910,1,
PMC7067736,1,
PMC4814011,1,
PMC9180324,1,
PMC10236766,1,
30G,1,
2018JJ6098,1,
2020SK4011,1,
K202306,1,
JCI200524531,1,
PMC1052018,1,
S001,1,
PMC6026881,1,
PMC4465353,1,
SIM380,1,
PMC8120551,1,
PMC4502803,1,
S251846,1,
PMC7305827,1,
PMC7039589,1,
PMC5432166,1,
1975S,1,
1979S,1,
PMC3364079,1,
PMC3666587,1,
PMC5045492,1,
PMC6475723,1,
PMC8341335,1,
PMC8042020,1,
CATAMERI,1,and participating to the CATAnzaro MEtabolic RIsk factors
URICASE,1,
WMR2013,1,
PMC4105594,1,
S85588,1,
PMC4527375,1,
PMC6352261,1,
INDACO,1,
PMC3637139,1,
S6400,1,
PMC2754086,1,
0962OC,1,
PMC4187518,1,
PMC9488649,1,
PMC3774040,1,
PMC3599353,1,
0402OC,1,
PMC6363973,1,
PMC3210140,1,
MINITAB,1,
NPCC,1,such group is the National Prostate Cancer Coalition
RWG,1,
PMC2854488,1,
IVF,1,
PMC2917042,1,
PMC2815981,1,
PMC2361411,1,
PMC1550657,1,
PMC2976696,1,
PMC5693234,1,
DECISIONS,1,
96S,1,
105S,1,
PMC2748115,1,
PMC4612632,1,
PO1HL81587,1,
140A,1,
PAT2000,1,
AG101,1,
JLF,1,
EAL,1,
BDB,1,
RMW,1,
DGW,1,
KPF,1,
MEW,1,
ANA17,1,
PMC3151425,1,
PMC2904361,1,
PMC3570053,1,
PMC19544,1,
PMC2982998,1,
PMC3932629,1,
PMC2744423,1,
PMC2734141,1,
PMC3049726,1,
PMC4508218,1,
PMC3700369,1,
PMC3149100,1,
PMC3886751,1,
PMC5105280,1,
ERSP,1,Regional School of Public Health
7001E,1,
V12,1,
PMC3597898,1,
PMC2987913,1,
PMC2803188,1,
PMC4472365,1,
Q248H,1,
207X,1,
MOK,1,
IETF,1,
URN,1,
PMC4845218,1,
CLB,1,
PMC4616690,1,
STATA12,1,
RCT26,1,
2014CFA061,1,
PMC2714672,1,
ATTACC,1,of the Attenuation by Adenosine of Cardiac Complications
PMC2898523,1,
PMC1861197,1,
PMC3587671,1,
ICARUS,1,
ACS20151013I,1,
PMC5126441,1,
3HI0514,1,
249RR,1,
PMC2287188,1,
48A,1,
JCI3685,1,
PMC508909,1,
JCI119503,1,
PMC508171,1,
HERITAGE,1,
AJMG22,1,
PMC34453,1,
PMC4411519,1,
HISPALIPID,1,
PMC4094689,1,
ESCARVAL,1,
PMC3953440,1,
PMC7684387,1,
PMC6634561,1,
PMC4263934,1,
PMC2788549,1,
PMC5734397,1,
PMC4656025,1,
PMC1732452,1,
NBS,1,
PMC4012177,1,
PMC3932759,1,
DATA2010,1,
PMC2438597,1,
PMC2821200,1,
PMC6202421,1,
TB17060015B4,1,
RLSMDA23,1,
HDMP21,1,
WBSMDA24,1,
RKNNMDA17,1,
MLI,1,
DSS148,1,
DDD1,1,
DSS248,1,
GIPK,1,
MFS24,1,
BSH,1,
15A026,1,
15YBA035,1,
2018JJ2085,1,
2017HGPY001,1,
RHA,1,
PMC3848857,1,
PMC2782491,1,
ELLPMDA,1,
PMC6152467,1,
PMC2559869,1,
PMC3275568,1,
EBCTC,1,
PMC3228012,1,
D92,1,
PMC3964941,1,
PMC5209722,1,
PMC10659497,1,
DBEI,1,
PMC11141840,1,
HRC1,1,
SAIGE30,1,
K51,1,seven variants were significantly associated with ulcerative colitis
AD38,1,
AD50,1,
PMBB,1,replicate these results in the Penn Medicine BioBank
T1D36,1,
R01HG010067,1,
R01GM138597,1,
R01AG066833,1,
U01HG8657,1,
U01HG8685,1,
U01HG8672,1,
U01HG8666,1,
U01HG6379,1,
U01HG8679,1,
U01HG8680,1,
U01HG8684,1,
U01HG8673,1,
U01HG8701,1,
U01HG8676,1,
U01HG8664,1,
Z94,1,
HTJ,1,
PMC524960,1,
PMC8475926,1,
PMC7524800,1,
PMC6693589,1,
PMC2676234,1,
PMC3676720,1,
PMC3696366,1,
PMC7860582,1,
PMC9481623,1,
PMC6375696,1,
PMC6119127,1,
PMC5885318,1,
PMC3641776,1,
PMC3661605,1,
PMC4512221,1,
PMC6154824,1,
CSM,1,
TFS,1,
PMC6394610,1,
PMC5648830,1,
PMC9267426,1,
PMC5585782,1,
EARS,1,
PMC8209386,1,
PM2000B,1,
NIBP,1,
8SP,1,
RFRD,1,Catheter-based radiofrequency renal denervation
PMC6357280,1,
PMC2858400,1,
R112,1,
R122,1,
PMC4297859,1,
PMC5011151,1,
PMC4367954,1,
F583,1,
PMC4593817,1,
E1682,1,
PMC5578072,1,
R79,1,
PMC4297860,1,
PMC2693710,1,
PMC7769809,1,
PMC7186294,1,
F203,1,
PMC5680591,1,
H1111,1,
PMC4551125,1,
PMC6977808,1,
PMC6635649,1,
15068R1,1,
CRO,1,
290G,1,
48C,1,
S16R,1,
240C,1,
D80D,1,
1105A,1,
1110C,1,
P370P,1,
1138G,1,
229G,1,
701G,1,
965T,1,
GSE15222,1,are higher in AD cases than in controls
SCARA3,1,
CCDC25,1,
H369N,1,
TGEN,1,
IMPUTE,1,
SFRH,1,
PMC3422859,1,
TRPM,1,
PMC1134315,1,
PMC3469316,1,
PMC2970620,1,
PMC2850052,1,
PMC137415,1,
PMC1462648,1,
PMC126873,1,
PMC55725,1,
PMC3966818,1,
INP,1,and Isolates of Natural Products
HOMO,1,
LUMO,1,
PMC6672572,1,
PMC6725159,1,
PMC2596591,1,
MT477,1,
VCH,1,
M102223200,1,
M806154200,1,
PMC2583320,1,
PMC2806059,1,
PMC6837603,1,
METHODOLOGY,1,
TECHNIQUE,1,
OBSERVATION,1,
PREOPERATIVE,1,
OPERATIVE,1,
OUR,1,
PMC3608613,1,
DHHS,1,
HDH,1,
WHC,1,
CFX384,1,
PMC3111877,1,
PMC2632304,1,
PMC2787641,1,
PMC3509808,1,
PMC3324593,1,
PMC3245900,1,
PMC3579614,1,
PMC1924539,1,
PMC1196417,1,
PMC3773906,1,
OBFC1,1,
PMC2889047,1,
PMC2932868,1,
PMC3091863,1,
PMC2916850,1,
PMC2748187,1,
PMC2853179,1,
PMC4525478,1,
PMC3049891,1,
PMC4501476,1,
PMC2695928,1,
PMC2647324,1,
PMC2783462,1,
PMC11158548,1,
PMC2855947,1,
PMC2363630,1,
PMC3184167,1,
PMC3077235,1,
PMC7835148,1,
MEN,1,Cases with multiple endocrine neoplasia
PMC1774002,1,
PMC10282340,1,
INHANCE,1,within the international head and neck cancer epidemiology
PMC5080551,1,
PMC7106707,1,
PMC5527373,1,
VCG,1,
PMC6872491,1,
ICGC,1,
PMC7025898,1,
PMC6136490,1,
PMC3149206,1,
PMC4267883,1,
PMC11600683,1,
BIOSTEC,1,
LONGXIN,1,
MALB,1,was used to measure the levels of microalbuminuria
UCR,1,urine creatinine
MGA,1,
PMC8623964,1,
PMC9410236,1,
PMC6023630,1,
907XL,1,
CV70,1,
GOOD,1,Cardiometabolic Risk Profile in Patients with hypertension disease
PMC4433709,1,
S151,1,
S162,1,
11377C,1,
276G,1,
PMC2759015,1,
PMC4176799,1,
PMC3268972,1,
PMC11801616,1,
PMC10617881,1,
PMC10027066,1,
PMC5528145,1,
PMC10185646,1,
PMC6397437,1,
PMC8640738,1,
PMC8806368,1,
PMC6363959,1,
IJCH,1,
PMC4978855,1,
PMC2080452,1,
PMC4853968,1,
PMC3838972,1,
SNNP24,1,
USA45,1,
S184,1,
S190,1,
PMC3632159,1,
PMC3141541,1,
PMC7704177,1,
PMC6686996,1,
PMC6308729,1,
PMC6908414,1,
PMC7047764,1,
S225854,1,
PMC6942533,1,
PMC5126814,1,
PMC5536674,1,
PMC5866284,1,
PMC6998152,1,
AOAA,1,
PMC4769056,1,
PMC3533060,1,
PMC3743823,1,
PMC3901560,1,
JCQP,1,
RCRM,1,
PMC7545923,1,
PMC12520724,1,
GOOGLE,1,
SCHOLAR,1,
Q13,1,
PMC3078586,1,
PMC6090296,1,
PMC11122252,1,
PMC8128547,1,
PMC8398149,1,
PMC5736940,1,
PMC7568138,1,
PMC5785894,1,
PMC8921111,1,
PMC10486001,1,
PMC3925198,1,
PMC6424648,1,
PMC4807648,1,
PMC5687326,1,
PMC9573395,1,
PMC8173880,1,
PMC9834857,1,
S307,1,
S309,1,
PMC4579563,1,
PMC6138548,1,
PMC7554089,1,
PMC6930276,1,
SPSS19,1,
DWI7,1,
PMC4348002,1,
PMC4144864,1,
PMC6133472,1,
PMC5648001,1,
PMC4317387,1,
PMC2881595,1,
PMC7453742,1,
PMC3397777,1,
PMC4677415,1,
PMC3852828,1,
PMC4253866,1,
PMC4156436,1,
PMC2889712,1,
PMC4704996,1,
PMC4134415,1,
PMC4114341,1,
PMC3675164,1,
PMC5264305,1,
PMC11972561,1,
E601,1,
PMC5989238,1,
PMC11166803,1,
PMC9772264,1,
PMC6166266,1,
0603OC,1,
PMC11020350,1,
PMC10311880,1,
PMC6807143,1,
F788,1,
F805,1,
998X,1,
CUNY,1,
SS4,1,In the last stage of sampling
PMC4197296,1,
JREC,1,and University of Zimbabwe College of Health Sciences
MRCZ,1,and Medical Research Council of Zimbabwe
PMC1112640,1,
CARMEN,1,
EDLIZ,1,
PMC1466748,1,
PMC3114724,1,
PMC5473552,1,
JIRB,1,
6X,1,
7X,1,
N06DA02,1,
N06DA03,1,
N06DA04,1,
PMC5365367,1,
PMC1446494,1,
PMC1764521,1,
PMC3774160,1,
PMC4153082,1,
PMC3210344,1,
PMC1860082,1,
PMC400349,1,
PMC4876097,1,
PMC4110909,1,
PMC1860034,1,
PMC4641119,1,
PMC12289147,1,
570X,1,
PMC3056772,1,
PMC5362954,1,
PMC2893537,1,
PMC5884827,1,
PMC3541948,1,
PMC1723745,1,
PMC1030087,1,
PASCAL,1,conventional laser vs pattern scan laser
PMC5129857,1,
PMC5464887,1,
A304G,1,
G149A,1,
R51S,1,
T1587A,1,
P511Q,1,
R289C,1,
V874I,1,
OR51I1,1,
KLHDC2,1,
DUS2,1,
KANK2,1,
N4BP2,1,
CWH43,1,
CCHCR1,1,
UBXN11,1,
SMITEST,1,
JP15H04772,1,
JP25242062,1,
JP16H01872,1,
PMC2518661,1,
R198,1,
R205,1,
PMC3179381,1,
ADAMTS7,1,
PMC3297116,1,
PMC3119261,1,
PMC3927410,1,
PLCL2,1,
SF3A2,1,
PMC4326706,1,
PMC2923694,1,
JCI40732,1,
PMC2786810,1,
PMC2756548,1,
PMC4115259,1,
PMC11114696,1,
PMC5572005,1,
PMC3048500,1,
NESARC,1,
227X,1,
PMC3071386,1,
PMC3651773,1,
PMC1360873,1,
PMC7794905,1,
OMNI,1,
NEWCASTLE,1,
OTTAWA,1,
QUALITY,1,
2018SK2065,1,
DDG,1,
DGGG,1,
PMC6301211,1,
PMC3322716,1,
PMC6520736,1,
PMC6860156,1,
PMC1271389,1,
PMC6524275,1,
MABC,1,anshan Birth Cohort
PMC6613005,1,
PMC6518700,1,
BSMI,1,
FOKI,1,
PMC4744276,1,
PMC4616752,1,
PMC10316818,1,
PMC5800395,1,
PMC6430411,1,
PMC6572053,1,
PMC6013372,1,
PMC3114479,1,
PMC5356519,1,
PMC2223512,1,
H2W,1,
PC6,1,
CHTN,1,
XAR,1,
SP6,1,
UTP,1,
J72,1,
1999S,1,
2005S,1,
PPCA,1,
PMC1134524,1,
PMC44026,1,
PMC185765,1,
JCI118178,1,
BF01076894,1,
PMC442422,1,
JCI113240,1,
PMC39618,1,
PMC11216020,1,
FHEMIG,1,
UFOP,1,o da Universidade Federal de Ouro Preto
FAPEMIG,1,Pesquisa do Estado de Minas Gerais
APQ,1,
UMFG,1,of Medicine of Federal University of Minas Gerais
BHCG,1,
APEDE,1,
EQHKTCM,1,
MLNATSK,1,
VFFIEN,1,
ITVCAF,1,
AAB,1,
PMC6472693,1,
706X,1,
PMC7815046,1,
PMC6351336,1,
PMC5382867,1,
PMC3880024,1,
PMC6614534,1,
PMC6353826,1,
1820OC,1,
PMC4642207,1,
PMC10585222,1,
PMC6492298,1,
PMC1541982,1,
MODC,1,
PMC9641151,1,
PMC9874797,1,
AJH,1,
H2306,1,
BIOSTAT,1,
PMC10325696,1,
PMC2703183,1,
PMC5449453,1,
PMC12067569,1,
UBR,1,
GRAD,1,
HPDME,1,
UPDS,1,
PMC6408624,1,
809X,1,
PMC5651331,1,
PMC2241589,1,
PMC6676937,1,
PMC2909055,1,
PMC2959097,1,
PMC3769156,1,
PMC3263865,1,
PMC11249421,1,
CED,1,Centre for Demographic Studies
Z09,1,
PMC7677488,1,
SKR,1,
PMC7250561,1,
PMC7498416,1,
PMC7402080,1,
PMC7526639,1,
PMC7670496,1,
PMC8888028,1,
PMC7943897,1,
PMC8454529,1,
PMC9124953,1,
PMC9724453,1,
NSTACS,1,on hospital admissions for non-ST-elevation acute coronary syndromes
PMC11112522,1,
PMC10186086,1,
PMC9214185,1,
PMC8142604,1,
PMC7600622,1,
PMC8321431,1,
PMC7383122,1,
PMC8382715,1,
PMC10727387,1,
PMC9376236,1,
CHADS,1,
BLED,1,
CXTDC2016006,1,
QNRC2016446,1,
SH2021038,1,Zhenjiang Key Research and Development Fund
K201907,1,Suqian Science and Technology Support Project Fund
PMC6625042,1,
JPSR,1,
PMC5343767,1,
W64,1,
PMC4276779,1,
PMC4943233,1,
ORBIT,1,
ACTIVE,1,
PMC6133241,1,
PMC6898797,1,
FANTASIIA,1,
PMC7877972,1,
PMC7819663,1,
PMC7879654,1,
PMC9020983,1,
AFFIRM,1,
PMC7755023,1,
PMC6429211,1,
PMC8268134,1,
PMC10509015,1,
WJ2019H170,1,Project of Joint Fund of Hubei Health Commission
SHP,1,
DR3,1,
DQ2,1,
DQ8,1,
SOLAR,1,
PMC7770268,1,
PMC6709545,1,
PMC7388095,1,
PMC6270990,1,
PMC4485725,1,
PMC9315050,1,
PMC5974126,1,
PMC9439787,1,
PMC7385772,1,
PMC10337247,1,
PMC7511303,1,
PMC6357237,1,
PMC9943615,1,
PMC5918237,1,
PMC4930791,1,
PMC8768469,1,
PMC5174822,1,
PMC6433468,1,
PMC8793384,1,
PMC8809509,1,
PMC9536276,1,
S370244,1,
PMC9624212,1,
PMC9210085,1,
PMC9365413,1,
PMC8053625,1,
PMC8166359,1,
PMC8648282,1,
ACCR,1,
PMC7685409,1,
PMC8799918,1,
PMC5950709,1,
PMC5571767,1,
PMC6197057,1,
PMC1482595,1,
PMC5554219,1,
CD4010,1,
CKD21,1,
F1020,1,
S0952,1,
PMC1783029,1,
PMC1905469,1,
PMC34362,1,
PMC3358992,1,
PMC3783956,1,
PMC3654324,1,
PMC4608213,1,
TH03,1,
F438,1,
PMC5014534,1,
PMC5237403,1,
PMMA,1,new findings of its amelioration using polymethylmethacrylate
PMC4813818,1,
PMC5218460,1,
NCT00378352,1,
PMC2730545,1,
PMC3018783,1,
PMC3486644,1,
TAMI,1,Thrombolysis and Angioplasty in Myocardial Infarction
PMC4359051,1,
DANAMI,1,
PRIMULTI,1,
PMC11346707,1,
STROKE,1,
267X,1,
471X,1,
EUROPE,1,
100V2,1,
EGV,1,
PMC5634253,1,
PMC6557987,1,
PMC1881358,1,
PMC6855138,1,
PMC8638933,1,
PMC9558073,1,
PMC6601648,1,
PMC7719906,1,
PMC6430026,1,
PMC4022094,1,
PMC9277514,1,
PMC3745788,1,
PMC3348936,1,
PMC7382460,1,
BP29,1,
PMC5132177,1,
PMC5988715,1,
PMC2689482,1,
PMC4117100,1,
H223,1,
PMC4678091,1,
PMC4245851,1,
H2239,1,
GEL,1,
PMC6148327,1,
PMC6372132,1,
PMEA,1,
VENC,1,maximum velocity encoding
PMC3472227,1,
PMC4894556,1,
PMC4871626,1,
PMC3466397,1,
PMC5156381,1,
PMC5049681,1,
H1368,1,
PMC4286649,1,
PMC13037665,1,
MEDAX,1,
SOMATOM,1,
CCCRC,1,
PMC11171640,1,
PMC10626403,1,
PMC9290407,1,
PMC11409058,1,
PMC6326710,1,
PMC8871309,1,
PMC8289432,1,
PMC3423761,1,
PMC8896491,1,
PMC4315529,1,
PMC5334098,1,
PMC7362905,1,
CVIR,1,
PMC5405955,1,
BC063166,1,
A23751,1,
F325,1,
PMC4201301,1,
PMC4382384,1,
PMC4097822,1,
MOT,1,
PMC5442882,1,
PMC3432533,1,
811X,1,
PMC2676292,1,
PMC6723949,1,
PMC5635569,1,
PMC4860345,1,
PMC4735229,1,
P157161,1,
PMC4418141,1,
PMC4823136,1,
PMC6572706,1,
PMC6262334,1,
S120101,1,
PMC5098530,1,
PMC5501058,1,
PMC5988096,1,
PMC5724061,1,
PMC6490178,1,
PMC6445482,1,
PMC8047269,1,
PMC4998459,1,
PMC4370147,1,
S179802,1,
PMC6385786,1,
S216010,1,
PMC6800559,1,
PMC4489974,1,
PMC5219987,1,
PMC4504650,1,
PMC5996482,1,
PMC4592200,1,
PMC5219990,1,
CDRR,1,
PMC6483202,1,
PMC6307578,1,
PMC3159901,1,
V8121921,1,
PMC3084440,1,
PMC11510088,1,
PMC4248564,1,
PMC8458897,1,
PMC10719466,1,
S0005,1,
PMC10745182,1,
PMC3282562,1,
PMC4766230,1,
PMC10380763,1,
PMC7666431,1,
PMC11185183,1,
PMC5954070,1,
PMC5987407,1,
PMC1864941,1,
A0949,1,
PMC8128586,1,
SIENA,1,
SIENAX,1,
PMC170271,1,
PMC3079734,1,
PMC6502320,1,
CNIL,1,Informatique et des Libertes
EBIXA,1,
ARICEPT,1,
REMINYL,1,
EXELON,1,
INSEE,1,French national institute of economic and statistical information
IMG,1,
PMC4421924,1,
TRAVAIL,1,
EMPLOI,1,
DGS,1,
MC3,1,
SNIIRAM,1,
EGB,1,
YIC,1,
PMC4981907,1,
PMC2705925,1,
PMC8791222,1,
SPF,1,
CUSABIO,1,
LA221221,1,accordance with the ethical standards of the institutional
GPL,1,
SFL,1,
ZYG,1,
PDZY,1,
PMC5394147,1,
PMC7262667,1,
PMC6213955,1,
PMC7791269,1,
PMC6899291,1,
GKD,1,
PMC7447028,1,
PMC6054678,1,
PMC8292761,1,
PMC5589741,1,
PMC5487688,1,
PMC5798872,1,
PMC7132090,1,
PMC7839771,1,
PMC7353031,1,
REDLINC,1,
FBM,1,
DFP,1,
LKA,1,
JVR,1,
PMC7138543,1,
PMC4807302,1,
ASB,1,
PMC7112966,1,
PMC5093246,1,
PMC2834990,1,
PMC5679617,1,
CMMM,1,
PMC7683166,1,
009X,1,
NASCET,1,
ICSS,1,
PMC5818799,1,
PMC1356444,1,
PMC5315494,1,
PMC4874663,1,
PMC3173718,1,
PMC3005797,1,
PMC5815500,1,
PMC5863133,1,
PMC5841824,1,
PMC2127967,1,
PMC5423873,1,
PMC4684145,1,
BF03011874,1,
PMC12969435,1,
PCHC,1,
PMC12331797,1,
PMC12138065,1,
PMC3616799,1,
MKELBANA,1,
PMC9355518,1,
MPHR,1,
PMC2020495,1,
PMC9843664,1,
PMC10051873,1,
PMC6400970,1,
CAD7,1,
CAD19,1,
PCI19,1,
PMC2628695,1,
PMC3164969,1,
PMC2830563,1,
PMC2846954,1,
PMC8607842,1,
PMC5682784,1,
80XP,1,
XL30,1,
PMC3392223,1,
PMC4050067,1,
PMC4322857,1,
PMC3142546,1,
PMC4501874,1,
PMC3770572,1,
PMC4455922,1,
PMC4254633,1,
PMC3532190,1,
PMC3928323,1,
PMC3726927,1,
PMC4747631,1,
0238OC,1,
JCI75695,1,
PMC4348969,1,
PMC3423894,1,
PMC4132720,1,
SIP1,1,
PMC2279201,1,
PMC4087018,1,
PMC3232024,1,
PMC4662610,1,
PMC2749331,1,
PMC4891136,1,
ERGIC3,1,
PMC4638005,1,
PMC4634198,1,
PMC3953115,1,
PMC5819754,1,
MIR,1,
PMC4123222,1,
PMC2688687,1,
PMC8288490,1,
MMLV,1,
EZH2,1,
PMC4741570,1,
PMC6721450,1,
PMC6664112,1,
SRSF1,1,
SRSF5,1,
PMC3524227,1,
PMC6357032,1,
HCG11,1,
CPEB3,1,
PMC6797506,1,
PMC6714137,1,
PMC6976848,1,
PMC4278269,1,
TRIM28,1,
TE1,1,
TE8,1,
PMC4981254,1,
PMC7062986,1,
PMC3881938,1,
PMC5800919,1,
MALAT,1,
CXCL6,1,
S184235,1,
PMC6355169,1,
PMC5934576,1,
PMC4723784,1,
PMC6748112,1,
PMC6817437,1,
PMC2835422,1,
PMC3205956,1,
PMC6726458,1,
PMC6155218,1,
BSX,1,
AEH,1,
PMC5870236,1,
PMC11189917,1,
RPCA,1,Durable principal component analysis
MSA3D,1,D convolution neural network
QSVC,1,
ILSVRC,1,
MIRIAD,1,
VFDS,1,
PMC9760486,1,
PMC10501457,1,
IJCNN48605,1,
PMC9088013,1,
PMC3315348,1,
DCNN,1,
LNAI,1,
PMC9407775,1,
PMC9201448,1,
ICLR,1,
VGG19,1,
CLAHE,1,
PMC6603745,1,
PMC8004778,1,
PMC4247067,1,
1COR,1,
2AOR,1,
2011C23001,1,
CLP,1,
PMC3650037,1,
CHPSNE,1,
PMC3480954,1,
PMC3384604,1,
PMC3532113,1,
PMC140316,1,
PMC3110764,1,
PMC3519757,1,
PMC7222568,1,
153X,1,
ISVT,1,
PMC5905152,1,
PMC6264047,1,
PMC6419403,1,
PMC5864607,1,
PMC6511144,1,
PMC6275303,1,
PMC6405667,1,
PMC3112133,1,
HSRP,1,Ethical Committee of the Health System Research Project
QNN,1,
STP,1,
VLN,1,
SAREC,1,
PMC1893121,1,
PMC2785103,1,
PMC2785214,1,
PMC3848873,1,
2087G,1,
PMC3354454,1,
PMC2374854,1,
WHOE,1,
PMC2784491,1,
PMC5131971,1,
HFN,1,
LLL,1,
MEDIUM,1,
EPV,1,events per variables
TFF,1,
PMC3399971,1,
PMC3810081,1,
PMC3690926,1,
PMC4795428,1,
PMC4633784,1,
PMC4258130,1,
PMC3642209,1,
PMC4353671,1,
PMC4822660,1,
PMC4735759,1,
JCI42004,1,
PMC2964970,1,
JCK,1,
PMC3579333,1,
PMC4902352,1,
PMC4170782,1,
PMC4170772,1,
PMC4008249,1,
PMC4681110,1,
PMC3499117,1,
PMC3796647,1,
JE20100180,1,
PMC3899458,1,
PMC4122290,1,
PMC4732880,1,
PMC4374868,1,
PMC2837146,1,
PMC2915496,1,
PMC4604086,1,
PMC3773450,1,
PMC3220918,1,
PMC8954358,1,
PMC8137661,1,
PMC8078369,1,
PMC7887261,1,
PMC8025117,1,
COL6A4P2,1,
PMC8139505,1,
PMC8005792,1,
PMC7037496,1,
PMC3720532,1,
PMC6794735,1,
PMC5790654,1,
PMC8285487,1,
PMC8489678,1,
S454,1,
S462,1,
PMC3804872,1,
PMC9360465,1,
PMC3525209,1,
PMC8457105,1,
PMC4091838,1,
TATAA,1,
PGPM,1,
S108656,1,
PMC5338934,1,
PMC7366207,1,
PMC5943329,1,
PMC8036652,1,
PMC4123988,1,
PMC2940803,1,
PMC3087325,1,
PMC3392588,1,
UGT1A,1,
UGT2B,1,
PMC4294984,1,
UGT1A9,1,
PMC2570038,1,
PMC5973388,1,
PMC2432046,1,
VI44,1,
P685,1,
PMC41514,1,
PMC1417797,1,
PMC10804508,1,
HYZ,1,
YFW,1,
XQX,1,
KC23229,1,
PMC6334032,1,
PMC8666728,1,
PMC3779464,1,
PMC6309668,1,
244X,1,
PMC10714632,1,
455X,1,
HSCL,1,
PMC6015441,1,
E188,1,
PMC4208990,1,
PMC8977765,1,
PMC5499153,1,
PMC9124241,1,
PMC3639489,1,
PMC3898694,1,
PMC6009628,1,
CDI,1,
PMC3429870,1,
PMC3407996,1,
PMC6615909,1,
PMC8186229,1,
PMC9181472,1,
011X,1,
PMC6287494,1,
PMC5026093,1,
PMC8196855,1,
PMC8004920,1,
PMC5825975,1,
PMC4481004,1,
PMC6210463,1,
PMC3296795,1,
PMC7198562,1,
S268470,1,
PMC7667147,1,
S1389,1,
PMC4249687,1,
S34841,1,
PMC3666153,1,
S337932,1,
PMC8721018,1,
3107BOR,1,
PMC12995263,1,
995X,1,
COUNTRY,1,
IMAB,1,
PMC3940992,1,
PMC8867787,1,
PMC5685922,1,
PMC8987194,1,
PMC6511994,1,
PMC10623838,1,
PMC6137966,1,
PMC10520138,1,
PMC6371140,1,
EFC,1,
AS9,1,
PMC10455309,1,
BOT,1,
PMC4736276,1,
PMC7381373,1,
PMC8155747,1,
PMC3025086,1,
PMC6823790,1,
PMC3773143,1,
PMC7083721,1,
PMC5072944,1,
LL508,1,
PMC2980940,1,
PMC4276458,1,
PMC140764,1,
PMC3168733,1,
PMC3056636,1,
PMC3266843,1,
PMC3396750,1,
PMC4667972,1,
PMC1784099,1,
PMC1853253,1,
PMC4041523,1,
VMAT,1,
PMC5714051,1,
PMC3941228,1,
PMC4075550,1,
PMC3766284,1,
PMC10134524,1,
EOA,1,
PMC6394135,1,
PMC7310511,1,
PMC5643354,1,
PMC4921267,1,
LIPOCALIN,1,
CS20171592,1,
PMC6535886,1,
PMC4187505,1,
WMT,1,
PMC6064622,1,
038X,1,
BF00277480,1,
PMC19389,1,
PMC2877338,1,
M309439200,1,
M109883200,1,
E587,1,
E594,1,
M014787,1,
PMC3090244,1,
PMC2518489,1,
PMC3093856,1,
PMC3526200,1,
PMC3765408,1,
PMC6280809,1,
PMC4915864,1,
KIDGO,1,
PMC3531659,1,
S98151,1,
PMC4777226,1,
S42700,1,
PMC3665499,1,
PMC4283880,1,
PMC4603123,1,
PMC2755046,1,
PMC3729220,1,
PMC2584198,1,
PMC3860850,1,
PMC8673079,1,
PMC2642645,1,
PMC3932779,1,
PMC4109424,1,
PMC29372,1,
PMC3836097,1,
PMC3968949,1,
PMC3792047,1,
PMC3587362,1,
PMC4112070,1,
PMC3167747,1,
PMC2845767,1,
PMC2689191,1,
CR478,1,
PMC5604625,1,
MCAR,1,
PMC1987352,1,
PMC4527979,1,
PMC2845522,1,
PMC4494682,1,
PMC3073941,1,
PMC3319439,1,
PMC3708721,1,
P035238,1,
PMC3622343,1,
PMC2881676,1,
PMC2292820,1,
PMC2253977,1,
PMC3883430,1,
PMC5206900,1,
PMC4344957,1,
E252,1,
PMC4016088,1,
PMC2771929,1,
PMC3517599,1,
PMC3370162,1,
PMC2891999,1,
PMC4440543,1,
PMC4499003,1,
PMC3929938,1,
PMC3293889,1,
PMC4889017,1,
PMC4738479,1,
PMC2211542,1,
PMC4676825,1,
CNP67352,1,
PMC3607243,1,
V651386,1,
PMC11059984,1,
IME,1,
BX50,1,
DM16,1,
DEFB1,1,
PMC6083524,1,
PMC4454312,1,
PMC5656911,1,
SCH527123,1,
PMC8027923,1,
PMC3746516,1,
PMC3464757,1,
PMC6164842,1,
PMC2886310,1,
PMC4112898,1,
PMC8702745,1,
HDDDDHYHN,1,
F1000,1,
PMC6124376,1,
DECREASE,1,
PMC6776733,1,
PMC5898738,1,
PMC6716711,1,
PMC6788479,1,
PMC5995321,1,
PMC6404216,1,
PMC6249191,1,
PMC4319857,1,
PMC7481132,1,
CHEX,1,
JYS,1,
PMC6861401,1,
PMC3636331,1,
PMC6393031,1,
PMC4028953,1,
PMC4311120,1,
PMC4917641,1,
PMC4543415,1,
PMC11916040,1,
PMC5441324,1,
PMC5392141,1,
PMC4800329,1,
PMC4694381,1,
PMC5536743,1,
PMC5546050,1,
PMC5403017,1,
PMC5094927,1,
PMC5336865,1,
PMC4565159,1,
PMC5293455,1,
PMC5079314,1,
T38,1,
PMC5058811,1,
PMC2562733,1,
PMC3428416,1,
PMC3609481,1,
PMC3142040,1,
PMC4064258,1,
PMC4151963,1,
PMC3747941,1,
PMC3357247,1,
PMC2713637,1,
PMC4758656,1,
PMC3507610,1,
PMC2689888,1,
JADE,1,The Joint Asia Diabetes Evaluation
PMC2782622,1,
PMC5447267,1,
PMC10901917,1,
FISH,1,
PMC5264035,1,
PMC4947287,1,
PMC10497296,1,
PMC8202444,1,
PMC5220661,1,
BDL,1,
PMC7498492,1,
SABCS19,1,
PMC4652348,1,
PMC5703391,1,
BF00686499,1,
PMC5507536,1,
ASU,1,
RILD,1,
PMC5764407,1,
50U,1,
H202,1,
MHCII,1,
SPIA,1,
ANKRD16,1,
ANKRD18A,1,
ANKRD34A,1,
ANKRD36,1,
ANKRD52,1,
ANKRD18CP,1,
DIP2A,1,
PMC3277080,1,
PMC4022280,1,
PMC4067010,1,
PMC4750869,1,
PMC4843776,1,
PMC4783287,1,
PMC5004790,1,
PYK2,1,
PMC4821770,1,
PMC4625569,1,
PMC3286451,1,
PMC2881850,1,
PMC3139587,1,
PMC3069026,1,
PMC6264789,1,
PMC7681621,1,
PMC3070773,1,
JCI45041,1,
PMC3148731,1,
JCI44845,1,
PMC3007162,1,
PMC3501739,1,
PMC4147146,1,
PMC4572309,1,
PMC2919643,1,
PMC3139586,1,
PMC2603593,1,
CDLI,1,
PMC130106,1,
PMC2808819,1,
1430S,1,
PMC2127925,1,
EAD,1,
MMJ,1,
MGK,1,
1R01DK073665,1,
MIMICK,1,Mapping of Inflammatory Markers in Chronic Kidney Disease
JCI119114,1,
PMC507753,1,
DSC,1,
PMC2794228,1,
V5122024,1,
TGR,1,
M003128200,1,
V75728,1,
PMC297924,1,
PMC4085141,1,
PMC3679066,1,
3130XL,1,
G418,1,
SNPS,1,
TSUC1,1,
SKEMS,1,
GCC3,1,
PMC2362334,1,
PMC3449089,1,
PMC3233727,1,
MTS1,1,
PMC279643,1,
PMC2848990,1,
PMC2820389,1,
PMC3110744,1,
PMC11254288,1,
C204,1,
MPLC,1,
NCT02718365,1,between segmentectomy and wedge resection for those patients
ZYJC21002,1,
21PJ008,1,
2022YFS0208,1,
JACS1303,1,
PMC9346182,1,
PMC6976347,1,
PMC5708414,1,
PMC6892192,1,
PMC13229207,1,
FRCR,1,
0QQ,1,
PBR28,1,
NIMROD,1,
FXFN,1,
MICL,1,
LGC,1,
PMC9869610,1,
PMC7241955,1,
PMC6262214,1,
PMC7456794,1,
LRB,1,
PMC10907093,1,
PMC10393407,1,
PMC7617268,1,
BST20150058,1,
PMC4613512,1,
PMC7912433,1,
PMC7893630,1,
EJNMMI,1,
PMC10917722,1,
PMC7556947,1,
PTTP,1,
FTTM,1,
MHJ,1,
SSV,1,
PMC6974509,1,
PMC6756107,1,
P2Z,1,
P2X,1,
M209478200,1,
PMC6474397,1,
P2Y2,1,
PMC4372621,1,
PMC5970445,1,
PMC7198372,1,
PMC11157487,1,
PMC10108015,1,
PMC11780721,1,
PMC9817075,1,
PMC5920098,1,
TZ6019,1,
PMC5767129,1,
PMC9094091,1,
PMC3742514,1,
2013CB530700,1,
MAC8000,1,
SQTS,1,the short QT syndrome
KCNH25,1,
KCNQ14,1,
KCNJ26,1,
PMC6932184,1,
PMC1729042,1,
PMC3164517,1,
BF01852189,1,
BF01907131,1,
INJECT,1,of the International Joint Efficacy Comparison of Thrombolytics
PMC6932321,1,
PMC3402577,1,
HERG,1,
SQT3,1,A novel form of short QT syndrome
KCNJ2,1,
PMC1952683,1,
PMC5591166,1,
PMC3812758,1,
PMC4531260,1,
TELECART,1,
PMC5813682,1,
PMC3286768,1,
PMC11965360,1,
TXT,1,
CLIN,1,
V22,1,
P4585,1,
LANCET,1,
V389,1,
P255,1,
V375,1,
P1823,1,
PMC9558689,1,
PMC7083237,1,
PMC5362464,1,
DSW,1,
PMC8280089,1,
PMC8807562,1,
PMC6749995,1,
PMC8830346,1,
PMC9240160,1,
PMC1560567,1,
PMC5705936,1,
PMC5817870,1,
PMC8671626,1,
PMC5351777,1,
LATAM,1,
PMC9728094,1,
PMC4993154,1,
PMC11160459,1,
PMC8105612,1,
PMC5726228,1,
PMC6487310,1,
PMC7193684,1,
PMC4481136,1,
PMC9549427,1,
PMC9189831,1,
PMC9355720,1,
L18047666059,1,
BCRT1,1,
DSCAM,1,
SVA2,1,
TASVA3,1,
SVB3,1,
1YT,1,
1Y,1,
CBR3,1,
CCDC26,1,
IRWRLDA,1,
LLCLPLDA,1,
PMC7755919,1,
D986,1,
D371,1,
D374,1,
PMC5753235,1,
PMC6065402,1,
PMC7430881,1,
PMC8110321,1,
PMC7206728,1,
PMC7403773,1,
PMC8126648,1,
PMC5052669,1,
PMC8642957,1,
PMC7005249,1,
PMC7549635,1,
RWLRLS,1,
PMC8664497,1,
PMC8460650,1,
GAERF,1,
PMC4791209,1,
PMC3670728,1,
PMC8733169,1,
PMC7031474,1,
PMC6698587,1,
PMC6914774,1,
PMC8620196,1,
PMC8489074,1,
PMC6312584,1,
PMC5662622,1,
PMC3174123,1,
PMC2688793,1,
PMC3918195,1,
PMC9427549,1,
PMC3322696,1,
PMC6452986,1,
PMC5412524,1,
PMC3963851,1,
FEMS,1,
PMC3319474,1,
PMC5118361,1,
PMC4851807,1,
PMC5655948,1,
PMC9150644,1,
S687,1,
S688,1,
PMC10754311,1,
AMVSD,1,
PMC7489448,1,
PMC3868690,1,
PMC6329881,1,
PMC3231551,1,
PMC4492183,1,
PMC4860433,1,
PMC3608099,1,
EIJV12I1A17,1,
PMC1994021,1,
PMC3744164,1,
PMC5857013,1,
PMC5570397,1,
PMC4251333,1,
PMC2631454,1,
PMC8684637,1,
PMC9364424,1,
PMC7793211,1,
335X,1,
PMC4203334,1,
VOILES,1,
LARRY,1,
LEWIS,1,
LING,1,
LUPOV,1,
IVAN,1,
TSANG,1,
LONG,1,
ROBERTSON,1,
MICHAEL,1,
PETRACHE,1,
IRINA,1,
CHANG,1,
HUA,1,
SL310,1,
COL1,1,and type I
P44,1,
MAPKKK,1,
R01CA118118,1,
R01HL077328,1,
PMC475363,1,
0273OC,1,
PMC3018159,1,
PMC2114116,1,
M710139200,1,
M709540200,1,
M100625200,1,
PMC557001,1,
JCI23424,1,
PMC1077173,1,
PMC2720209,1,
PMC49293,1,
PMC3248397,1,
M003871200,1,
L824,1,
PMC3251269,1,
PMC12051716,1,
PMC8091106,1,
PMC7331188,1,
S368784,1,
PMC9552797,1,
PMC10564142,1,
PMC3188846,1,
PMC8007347,1,
PMC10365644,1,
S117269,1,
PMC5153315,1,
PMC7060389,1,
PMC9954858,1,
C2022,1,
PMC7352874,1,
PMC4251899,1,
PMC2531137,1,
PMC3929969,1,
PMC4457558,1,
PMC4836172,1,
PMC7464412,1,
PMC7760157,1,
PMC7967444,1,
PMC8628928,1,
PMC9200444,1,
2791OC,1,
TITB,1,
PMC7187923,1,
PMC5478118,1,
LASA,1,
PMC3131180,1,
PMC3577701,1,
PMC4579264,1,
PMC3353894,1,
PMC3681777,1,
PMC3871632,1,
PMC4058242,1,
PMC2699705,1,
PMC4299312,1,
PMC2732137,1,
PMC4016297,1,
111A1,1,
EPICARE,1,Epidemiological Cardiology Research Center
DK066488,1,
DK092354,1,
PMC3582350,1,
PMC5621378,1,
PMC3627820,1,
PMC2429917,1,
PMC2390827,1,
JASE,1,
PMC2974377,1,
PMC3187186,1,
PMC3525738,1,
PMC9855828,1,
FKBP,1,
FKBP8,1,
BCAP31,1,
NDUF2,1,
ATP5H,1,D subunit of mitochondrial ATP synthase
CISD3,1,
CIAPIN1,1,
NDOR1,1,
TFH,1,
M30019,1,
M19064,1,
M10115,1,
M29943,1,
DLX6,1,
M12497,1,
M5768,1,
E2F1DP1RB,1,
M9279,1,
M12402,1,
E2F1DP1,1,
M12555,1,
M17867,1,
M19298,1,
E2F4DP2,1,
M10526,1,
E2F4DP1,1,
M1485,1,
M8998,1,
M17117,1,
M3037,1,
M29995,1,
HES4,1,
M40770,1,
ATXN7L3,1,
M1905,1,
SGCGSSAAA,1,
M102,1,
M176,1,
WP4016,1,
WP4946,1,
M258,1,
CORUM,1,
PMC7430645,1,
PMC8184839,1,
PMC6959316,1,
PMC2875444,1,
PMC7693407,1,
PMC6997353,1,
PMC10625470,1,
C700107200,1,
NAF,1,
PMC3767537,1,
PMC4326663,1,
PMC4365936,1,
PMC7090286,1,
PMC3618321,1,
D100,1,
D105,1,
PMC6323985,1,
PMC8478879,1,
PMC7846856,1,
PMC5964979,1,
PMC7961148,1,
PMC7205193,1,
PMC7279688,1,
PMC2336811,1,
PMC5501713,1,
PMC9090738,1,
PMC4848912,1,
CATAMERIS,1,participated in the CATAnzaro MEtabolic RIsk Factors Study
PMC4532625,1,
PMC2584137,1,
PMC3594115,1,
LIDO,1,
PMC4779925,1,
PMC1636651,1,
PMC7315309,1,
841X,1,
CNE,1,
PMC1052349,1,
BF00275938,1,
PMC5178358,1,
TRS,1,
EPIDIAM,1,
PMC3343680,1,
CHRISMED,1,
PHN2003587,1,
PMC1090564,1,
8800C,1,
TANITA,1,
BAL,1,
GACN,1,
NNGT,1,
TTLC,1,
KHL,1,
PMC42293,1,
JCI117083,1,
PMC294081,1,
M235,1,
JCI119343,1,
PMC508000,1,
PMC5344074,1,
S1518,1,
CLGC,1,
NDS,1,
DM15,1,
DM11,1,
MML,1,
CSFII,1,the Continuing Survey of Food Intakes by Individuals
PMC4544418,1,
JOA,1,
PMC4363046,1,
PMC3571247,1,
SSAC,1,
DML,1,
PMC4181106,1,
PMC4085089,1,
H416,1,
1E2,1,
PMC3632174,1,
PMC2610423,1,
PMC2742157,1,
PMC4038933,1,
PMC3145074,1,
PMC3317164,1,
PMC13094361,1,
TCA70282,1,
241X,1,
WCP,1,advice were documented on the Welsh Clinical Portal
PMC8764574,1,
E398,1,
E404,1,
PMC5359105,1,
PMC10136953,1,
PMC4524963,1,
PMC5493232,1,
PMC6240263,1,
PMC6889414,1,
LUNA,1,With Advanced Carcinoids of the Lung and Thymus
PMC13166505,1,
CHEC2021,1,
ORRD,1,
2021JCMS01,1,
CN108591,1,
PMC8716536,1,
PMC7615900,1,
PMC5848489,1,
TSN,1,
PMC5865320,1,
PMC4138154,1,
PMC7057251,1,
PMC5477208,1,
PMC7023800,1,
PMC9957054,1,
AFYA,1,
PMC8492375,1,
PMC5976242,1,
PMC3734845,1,
PMC8703165,1,
PMC8214612,1,
PMC6718829,1,
PMC9091657,1,
PMC6757245,1,
S93604,1,
PMC5310703,1,
PMC8426012,1,
PMC6162711,1,
PMC9281072,1,
PMC3953471,1,
PPP1R13L,1,
PMC4509329,1,
PMC4754858,1,
PMC1851194,1,
PMC2795613,1,
PMC4690651,1,
PMC7346973,1,
PMC8101211,1,
PMC5471687,1,
PMC6981058,1,
PMC7608048,1,
PMC9368588,1,
D38,1,
EHP456,1,
PMC5381995,1,
PMC10904940,1,
PMC5605892,1,
PMC6613007,1,
PMC4251962,1,
JE2007416,1,
PMC4771605,1,
PMC8159872,1,
PMC5490618,1,
PMC7431055,1,
PMC5662733,1,
PMC9099244,1,
S37319,1,
PMC5312492,1,
PMC5085924,1,
S57378,1,
PMC3949559,1,
PMC7467615,1,
HHD,1,devastating complications like stroke and Hypertensive Heart Disease
EKSUTH,1,
SSI,1,
C5H4N4O3,1,kidneys may be related to SUAs
C8H10N4O2,1,similar chemical structure to caffeine
PMC5485479,1,
HDFP,1,
PMC3539261,1,
PMC4572044,1,
II19,1,
II26,1,
S2221,1,
PMC3819497,1,
PMC2684336,1,
PMC3750299,1,
S12727,1,
PMC3825656,1,
PMC6159425,1,
PMC5851449,1,
PMC10694352,1,
YN2022ZD02,1,
YN2012QN11,1,
G8,1,
XMZ,1,
PMC3260695,1,
S168,1,
UY,1,
PMC7584267,1,
PMC5792451,1,
PMC9457218,1,
PMC8957094,1,
PMC5684968,1,
PMC7453035,1,
PMC6276672,1,
PMC10185648,1,
E1140,1,
PMC5782835,1,
PMC10372128,1,
PMC6494372,1,
PMC11353311,1,
S105,1,
PMC9887070,1,
PMC10241323,1,
PMC9225473,1,
PMC8866018,1,
PMC8108433,1,
PMC9515530,1,
PMC9474418,1,
PMC10696938,1,
PMC7706101,1,
E496,1,
E503,1,
PMC9363128,1,
PMC7417808,1,
PMC9738445,1,
PMC8544580,1,
PMC10030331,1,
PMC7992513,1,
PMC8183248,1,
PMC8284249,1,
PMC7233408,1,
PMC8193347,1,
PMC7611362,1,
PMC7579065,1,
PMC8393535,1,
PMC8838827,1,
PMC10138515,1,
PMC8245662,1,
PMC10548403,1,
ISAK,1,the International Society for the Advancement of Kinanthropometry
BHH6,1,
MP150,1,
DBPIHG,1,
PMC4268473,1,
PMC6520618,1,
PMC5655818,1,
PMC8032001,1,
LINOSA,1,
EUROBAVAR,1,
PMC8110777,1,
PMC4022589,1,
ZJF,1,
SLY,1,
WJZ,1,
PMC13537732,1,
1S75,1,
PMC3826804,1,
PMC3741453,1,
PMC3055858,1,
PMC3085982,1,
PMC4611559,1,
PMC3380885,1,
PMC4315947,1,
PMC1191612,1,
PMC1242804,1,
PMC2941072,1,
CO13,1,
HEPAVIH,1,
PMC4237313,1,
PMC3244388,1,
ES05257,1,
ES08074,1,
P42,1,
ES05947,1,
RR02635,1,
ES00002,1,
ES03918,1,with support from NIH
PMC1247510,1,
PMC1012092,1,
PMC1567946,1,
PMC1508610,1,
PMC1128028,1,
PMC1519355,1,
PMC1035204,1,
JCH,1,
JCH14392,1,
PEDRIANES,1,
MARTIN,1,
397X,1,
729X,1,
382X,1,
IUIBS,1,Research Institute of Biomedical and Health Sciences
ISRCTN,1,
ABIN2773773,1,
HOMAIR,1,
11W,1,
VGA,1,
ULPGC,1,
ACIISI,1,
PMC5763572,1,
AT1A,1,
JCI88641,1,
PMC5373887,1,
JHM,1,
PMC6366639,1,
202001006RR,1,
PMC6604144,1,
PMC5522839,1,
PMC7020055,1,
PMC5721777,1,
R288,1,
R295,1,
PMC7509253,1,
JCI115260,1,
PMC296986,1,
JCI117242,1,
PMC294442,1,
REE,1,Related Changes in Resting Energy Expenditure
PMC3355213,1,
JCI10022,1,
PMC314366,1,
PMC6490907,1,
UGANDA,1,
APP1136898,1,
IFLS4,1,Indonesian Family Life Survey
KEPK,1,
SEAR,1,
WPT,1,
JE20150178,1,
PMC5037248,1,
PMC2627311,1,
PMC4141811,1,
POSBINDU,1,Factors Influence the Utilization of Community Participation
OIDA,1,
PMC4275493,1,
PMC4430914,1,
ENGLISH,1,
PMC4529043,1,
PMC3679976,1,
PMC4121128,1,
CRONICAS,1,
PMC5529980,1,
PMC3084476,1,
PMC7069391,1,
BS8,1,
1TD,1,
CWE,1,
PMC2475602,1,
EAH,1,
LEK,1,
PMC4415505,1,
PMC4606796,1,
PMC5027361,1,
PMC5313039,1,
PMC2894615,1,
PMC4262334,1,
PMC7065699,1,
REDUCED,1,
GUT,1,
PERMEABILITY,1,
PRIMING,1,
ENHANCED,1,
THYMUS,1,
PMC5805861,1,
PMC5723426,1,
PMC5606981,1,
PMC2901386,1,
PMC4301835,1,
PMC5481976,1,
PMC3476923,1,
PMC3649470,1,
PMC5496727,1,
PMC6190873,1,
PMC3552190,1,
PMC6163334,1,
PMC5598354,1,
DAISY,1,The Diabetes Autoimmunity Study in the Young
PMC4038357,1,
PMC5571740,1,
PMC3208635,1,
PMC5447027,1,
PMC4761565,1,
PMC6579978,1,
PMC4430542,1,
PMC4841936,1,
APMIS,1,
PMC3058492,1,
PMC6036705,1,
MA104,1,
PMC5572490,1,
9S,1,
PMC3579561,1,
PMC6349727,1,
PMC2818015,1,
PMC5009876,1,
PMC3105672,1,
PMC2702831,1,
PMC4086764,1,
PMC2864268,1,
PMC5832804,1,
PMC5626949,1,
PMC302785,1,
PMC11139180,1,
PMC6280363,1,
PMC3955146,1,
PMC4785527,1,
PMC1440768,1,
PMC4902239,1,
PMC3930015,1,
PMC4661628,1,
PMC5698406,1,
PMC5089099,1,
0135R,1,
0081R,1,
6463R,1,
3082R,1,
0296R,1,
TESTTM,1,
FLV,1,
CDC25A,1,
25A,1,
GL261,1,
PMC4057734,1,
PMC2988826,1,
PMC2935767,1,
L86,1,
PMC3997262,1,
JCI38019,1,
PMC2689100,1,
PMC2917898,1,
PMC4614797,1,
PMC317004,1,
PMC1900008,1,
PMC4892125,1,
PMC3093533,1,
PMC3225383,1,
PMC4803201,1,
NCMS,1,the New Rural Cooperative Medical Scheme
HD30880,1,
DK056350,1,
HD38700,1,
PMC2992625,1,
FCRF,1,
PMC3679057,1,
INTERMAP,1,
PMC4308093,1,
INTERSALT,1,
PMC8673112,1,
CONVINCE,1,
PMC3691150,1,
PMC2799402,1,
PMC2649578,1,
PMC5489649,1,
A247,1,
LS174T,1,
CC1,1,
AIDCA,1,
15K08466,1,
15K11297,1,
15K21247,1,
PMC2835497,1,
PMC2360313,1,
PMC2527793,1,
PMC3365379,1,
PMC2634723,1,
PMC3979708,1,
PMC3311064,1,
PMC5173155,1,
PMC3118215,1,
PMC3099128,1,
PMC3495246,1,
PMC3088758,1,
TDG,1,
PMC3462231,1,
PMC3248214,1,
PMC3770275,1,
PMC3229304,1,
PMC3897214,1,
PMC3589129,1,
PMC9424486,1,
REQUIMTE,1,
LAQV,1,
GSE23343,1,
GSE24422,1,
GSE27949,1,
GSE38396,1,
GSE55650,1,
GSE66785,1,
GSE151683,1,
GSE154554,1,
GSE156993,1,
GSE161355,1,
SERPINA,1,
PTGS,1,
CASP2,1,
UGT,1,
CYB5,1,
PTGE,1,
LOX5,1,
HEM1,1,
MSH3,1,
SSR1,1,
PMC2725315,1,
PMC1693461,1,
PMC7885587,1,
PMC7278058,1,
PMC8124164,1,
13212FP,1,
PMC6385756,1,
AGER,1,or ligands of the advanced glycation endproduct-specific receptor
C106,1,
PMC5552838,1,
GALNT2,1,
PMC3278539,1,
PMC5639199,1,
PMC8629657,1,
E1713,1,
E20,1,
PMC4154098,1,
PMC4391288,1,
PMC9608980,1,
PMC7944381,1,
PMC4101777,1,
PMC9060994,1,
PMC9094718,1,
PMC2713155,1,
PMC4270076,1,
PMC5298466,1,
PMC8440349,1,
PMC4573668,1,
W152,1,
PMC5484754,1,
S201614,1,
PMC6598933,1,
STOPP,1,
PMC4339726,1,
PMC6530304,1,
PMC8284916,1,
PMC5774291,1,
SNAC,1,
PMC4548012,1,
PMC7435346,1,
PMC5378654,1,
JGS,1,
PMC3890276,1,
M16,1,
PMC8048048,1,
PMC7301527,1,
PMC2675171,1,
PMC1280410,1,
PMC1873808,1,
GPS110,1,
PMC6822834,1,
PMC1873797,1,
PMC6492390,1,
AMEND,1,
PMC9163784,1,
PMC3569684,1,
GENMOD,1,
HL35434,1,
PMC2994677,1,
PMC3292428,1,
HNR,1,
S224,1,
PMC3222475,1,
PMC1446921,1,
PMC2776766,1,
PMC1277865,1,
PMC2959055,1,
PMC2801178,1,
PMC1797833,1,
PMC2776243,1,
PMC3721881,1,
M02,1,
M07,1,
BMA,1,
CD004349,1,
PMC9195252,1,
DICOME,1,
LVEDD3,1,
PAC201,1,
FXX,1,
YMQ,1,
PMC3257876,1,
PMC3864621,1,
PMC8678835,1,
PMC5319802,1,
PMC4309065,1,
PMC3332169,1,
PMC12492052,1,
M4N,1,
3M5,1,
FRN,1,
PMC8067543,1,
KLW,1,
BF03403823,1,
PMC6973681,1,
CDX2,1,
HORMONET,1,
PMC10387775,1,
2022RW0113,1,
PMC9586554,1,
PMC8118193,1,
PMC9513765,1,
POCCR,1,Pandemic-Ontario Collaborative in Cancer Research
PMC10028129,1,
PMC11240657,1,
PMC7337231,1,
PMC6289164,1,
UEA,1,
SSF,1,
PMC4680124,1,
PMC3076666,1,
PMC5210403,1,
PMC5734483,1,
PMC27557,1,
PMC5164907,1,
CV2,1,
PMC4468822,1,
PMC4829692,1,
PMC4365957,1,
PMC2917518,1,
NMDAR2B,1,
PMC3149028,1,
BF00965128,1,
PMC2806733,1,
PMC3621600,1,
PMC3711917,1,
BF02303705,1,
PMC5207550,1,
FD20,1,
2011S013,1,
OMEGA,1,
H1371,1,
PMC4010665,1,
PMC4214170,1,
PMC4490013,1,
PMC2778257,1,
GOSPEL,1,
PMC9678479,1,
PM23,1,
M3C,1,
SPHMMC,1,
HAB,1,
PMC5944196,1,
PMC7228347,1,
PMC8669536,1,
PMC7242190,1,
PMC7492001,1,
PMC7264681,1,
PMC7591867,1,
PMC8474977,1,
ISPED,1,Italian Society for Pediatric Endocrinology and Diabetology
PMC7438223,1,
PMC8660988,1,
PMC8396224,1,
PMC7283710,1,
PMC8571297,1,
PMC7428425,1,
PMC7779280,1,
NCDD,1,
EJ16,1,
PMC3144755,1,
PMC7907127,1,
NTU,1,
STANCE,1,SERI-NTU Advanced Ocular Engineering
RPE26,1,
OCTA23,1,
OCTA29,1,
NCT02670031,1,
DP110X,1,
DSLR,1,
C010A,1,
JRNMRR140601,1,
L32,1,
L37,1,
PMC2935621,1,
PMC4120649,1,
PMC5600872,1,
PMC6404988,1,
PMC7293289,1,
PMC6365272,1,
PMC6336859,1,
PMC7162882,1,
PMC6456612,1,
PMC6181956,1,
PMC4995042,1,
PMC7422770,1,
PMC5066513,1,
PMC5770182,1,
PMC7397518,1,
PMC7357089,1,
PMC5617557,1,
PMC7673841,1,
PMC7496426,1,
PMC6362803,1,
PMC7347889,1,
PMC8467937,1,
TAMU,1,
BACHEM,1,
HRAM,1,
PMC5286796,1,
PMC6223570,1,
PMC7442397,1,
PMC6164908,1,
S150825,1,
PMC5729884,1,
PMC5584783,1,
PMC4263689,1,
GPER1,1,
PMC6208154,1,
PMC7698939,1,
PMC7474256,1,
HAMO,1,
PMC8266738,1,
PMC7295014,1,
PMC6587218,1,
PMC7225070,1,
PMC4833561,1,
PMC7754173,1,
PMC6392449,1,
PMC7182012,1,
PMC4972307,1,
PMC4451389,1,
HT2B,1,
PMC5682332,1,
PMC4091415,1,
PMC7070205,1,
PMC6418033,1,
PMC6070150,1,
PMC6543127,1,
PMC3713042,1,
2008CD115,1,
PMC1449408,1,
PMC150570,1,
BF00282583,1,
PMC1551936,1,
PMC1731634,1,
DIA615,1,
PMC2566668,1,
PMC2548937,1,
SHE,1,
TGI,1,
1R01HG007879,1,
PMC9171658,1,
PMC6583835,1,
PMC5833543,1,
PMC7409747,1,
PMC6450348,1,
PMC7076535,1,
PMC7878608,1,
PMC3464381,1,
LCE,1,late contrast-enhanced
NL99,1,
NCT01217307,1,
CPH,1,
RAJ,1,
HZR,1,
MANP,1,
TDJ,1,
PMC3046634,1,
PMC2709761,1,
JCI13505,1,
PMC209533,1,
PMC3260022,1,
PMC1221104,1,
PMC381014,1,
PMC3012963,1,
A1971,1,
PMC2278125,1,
BF03091760,1,
PMC2856867,1,
PMC1802732,1,
PMC3006050,1,
INFUSE,1,
PMC4144969,1,
LFL,1,
XPC,1,
XMS,1,
S1S2,1,
PMC3750429,1,
PMC3790707,1,
PMC4062912,1,
PMC1850572,1,
PMC3279730,1,
PMC3819364,1,
PMC3852223,1,
CUAP,1,
PI10,1,
EC10,1,
CM10,1,
CP09,1,
PMC2803313,1,
PMC2465597,1,
PMC3559556,1,
PMC11925477,1,
COVID28,1,
282X20200051,1,
PMC8591053,1,
PMC9454645,1,
PMC8828141,1,
PMC8214069,1,
311XPT041922,1,
PMC8409907,1,
PMC8938267,1,
PMC10022108,1,
BEO,1,
PMC8966865,1,
PMC8420256,1,
PMC7224343,1,
PMC9204712,1,
PMC9388369,1,
PMC8671853,1,
PMC5352117,1,
PMC8744866,1,
PMC10477483,1,
PMC7733126,1,
PMC8853057,1,
PMC8382933,1,
PMC11270463,1,
PMC9363148,1,
PMC7679769,1,
PMC7367032,1,
PMC8944917,1,
PMC9873268,1,
PMC8542506,1,
PMC7987341,1,
PMC8010267,1,
PMC1847934,1,
PMC7096724,1,
PMC7886178,1,
PMC9212366,1,
PMC7103107,1,
PMC8205208,1,
BWL,1,
BWQ,1,
PMC9640184,1,
PMC8294691,1,
PMC10148459,1,
CVI42,1,
LYT,1,
PMC2667571,1,
PMC6047663,1,
PMC8788051,1,
PMC8261755,1,
PMC8557157,1,
PMC8043954,1,
PMC8685602,1,
PMC4422260,1,
TATORT,1,
PMC8919633,1,
PMC7992961,1,
PMC6939338,1,
PMC8102246,1,
GCH,1,
PMC5835645,1,
PMC8342400,1,
PMC9213357,1,
PMC4463489,1,
PMC7308546,1,
PMC7990980,1,
PMC5797568,1,
PMC9253963,1,
PMC3621526,1,
PMC7031039,1,
PMC6259029,1,
PMC12342259,1,
WTSAF4YR,1,
WTSAF2YR,1,
PMC9884709,1,
PMC11568605,1,
PBB153,1,
PMC11245865,1,
PMC8030797,1,
PMC11282714,1,
PMC7495165,1,
PMC8961567,1,
PMC6060806,1,
2470S,1,
PMC11279592,1,
PMC9086712,1,
PMC7132581,1,
EOFAZ,1,
PMC7255478,1,
PMC7795281,1,
PMC10637002,1,
PMC8031033,1,
PMC7595187,1,
CCTT,1,
TG3,1,
GTGAGC,1,
GAGCTG,1,
TGTC,1,
AKS,1,
TBK,1,
BF00400419,1,
CRK,1,
GENEDIAB,1,Genetique de la Nephropathie Diabetique
JCI119321,1,
PMC507978,1,
PMC1715523,1,
HNS,1,
WWW,1,
V7122509,1,
CYP1A2,1,
V991653,1,
PMC6371567,1,
CIRMC,1,b Interdepartimental Center for Research in Molecular Medicine
OD450,1,
PMC4333077,1,
PMC3817642,1,
PMC3933500,1,
2017ACC,1,
PMC4582642,1,
PMC5602867,1,
EP085586,1,
EP086650,1,
PMC5397770,1,
PMC5622555,1,
PMC3549933,1,
TH10,1,
TALENT,1,
PMC3306936,1,
PMC4522127,1,
CRN,1,and England
MDRD4,1,
TIMELINE,1,
NCT01452412,1,
METM,1,
EJL,1,
32S,1,
PMC2730228,1,
PMC3066566,1,
PMC3580168,1,
620X,1,
92B7,1,
PMC2909370,1,
PMC9828188,1,
BF00451725,1,
PMC1283170,1,
PMC3729547,1,
JHYPE,1,
PMC11608614,1,
PMC2930221,1,
PMC8032105,1,
PMC7575032,1,
PMC8377766,1,
PMC10138072,1,
PMC4692982,1,
PMC7442272,1,
AHOY,1,
PMC6398596,1,
JAMP,1,
PMC7643792,1,
PMC9634725,1,
JMU,1,
PMC5747597,1,
GRANMO,1,
VMP,1,The first author
DBP1,1,
HR1,1,
PMC4671913,1,
IDHOCO,1,
PMC6486189,1,
PMC4114428,1,
PMC3932254,1,
PMC4704904,1,
PMC4705419,1,
PMC4922794,1,
PMC4756253,1,
PMC3237100,1,
PMC2351452,1,
QARDIO,1,
QARDIOARM,1,
20QARDIO,1,
20QARDIOARM,1,
PMC4027883,1,
BIOS,1,
BD215,1,
7252G,1,
7251G,1,
KD595,1,
A200,1,
PMC6555784,1,
978X,1,
PMC4275411,1,
PMC5486452,1,
V1482084,1,
PMC3566173,1,
PMC1115719,1,
PMC3196564,1,
PMC2596352,1,
PMC1663720,1,
PMC60658,1,
PMC2014434,1,
PMC6907272,1,
LS9,1,
7TF,1,
BS1,1,
2NT,1,
MILANO,1,
GENOVA,1,
TORINO,1,
FERRARA,1,
PERUGIA,1,
NAPOLI,1,
ANCONA,1,
PADOVA,1,
METC,1,
NBK425701,1,
PMC5877754,1,
PMC4674592,1,
PMC3625369,1,
PMC3474653,1,
PMC3241307,1,
PMC9367874,1,
PMC6201026,1,
PMC4535111,1,
S183776,1,
PMC6301727,1,
PMC5881243,1,
PMC4834895,1,
S222176,1,
PMC6890172,1,
PMC5361713,1,
PMC13019561,1,
MUW418,1,
R01DK114014,1,
R01DK122797,1,
K24DK92291,1,
K24DK113381,1,
KDL,1,
K23DK128605,1,
IEM,1,
K23DK119562,1,
K23DK139456,1,
YDK,1,
PMC7057296,1,
F269,1,
PMC8062449,1,
PMC11230716,1,
PMC5796522,1,
PMC6622423,1,
M22,1,
PMC10829039,1,
PMC7025351,1,
PMC4594067,1,
PMC4404622,1,
PMC10273748,1,
PMC10616502,1,
PMC4594058,1,
PMC3921111,1,
ARID,1,
PMC10561814,1,
PMC11000713,1,
PMC6946085,1,
PMC8582182,1,
CREC,1,
PMC4558762,1,
PMC4694610,1,
KKF,1,
JMW,1,
PMC6484667,1,
PMC6199558,1,
PMC3339864,1,
PMC7140054,1,
PMC6670048,1,
PMC2715005,1,
CNCR1,1,
PMC3314264,1,
S228718,1,
PMC7078713,1,
S78,1,
PMC4624444,1,
PMC12482560,1,
GB57786,1,
MS0070,1,
10MG,1,
MZ8001,1,
5MG,1,
C2759,1,
R8775,1,
C11995500BT,1,
K1006,1,
S7840,1,
KOMP,1,
IMPC,1,
NEST,1,
GD5,1,
M5149,1,
1003D,1,
2024088DW,1,
VINNO,1,
X10,1,
23L,1,
C2006,1,
P0131,1,
GSE59867,1,a previously published dataset
ZDKJ202004,1,Major Science and Technology Project of Hainan Province
PMC9517047,1,
JP05,1,
JP11,1,
UCC,1,
PMC5787350,1,
PMC4039588,1,
PMC3690438,1,
PMC5556207,1,
PMC3979110,1,
PMC5388337,1,
PMC5530368,1,
PMC6213511,1,
PMC5525290,1,
PMC1913208,1,
PMC4254543,1,
PMC5752178,1,
PMC8017193,1,
PMC5159921,1,
PMC6909224,1,
PMC6881509,1,
PMC6929211,1,
C0,1,
PMC3674617,1,
PMC2888198,1,
PMC4765360,1,
PMC3758909,1,
HSSJ,1,
PMC3295961,1,
PMC5405569,1,
PMC5904774,1,
PMC3116228,1,
PMC4860590,1,
PMC4957458,1,
PMC6642878,1,
PMC5962437,1,
PMC7021702,1,
473X,1,
INDIGO,1,
01DQ13004,1,
AD7,1,
MCI29,1,
AAL38,1,
DTI39,1,
AD19,1,
AD48,1,
AD16,1,
AD55,1,
CONICYT,1,
ACT172121,1,
PMC3988385,1,
PMC4317324,1,
FIRST,1,
PMC3078126,1,
PMC3792746,1,
PMC3669206,1,
PMC3038572,1,
PMC2782417,1,
PMC7116583,1,
PMC5329061,1,
S44,1,
PMC3038541,1,
PMC2612638,1,
HBM30,1,
PMC6871915,1,
PMC3858183,1,
PMC6148733,1,
SS054,1,
PMC3785512,1,
OUP,1,
PMC3611599,1,
PMC5013069,1,
PMC4878436,1,
JLD,1,
PMC3798026,1,
BCI,1,
ACII,1,
PMC6870106,1,
PMC5260128,1,
WHZ,1,
PMC3401326,1,
TAPAS,1,
PMC3131199,1,
EACPR,1,
COMFORTABLE,1,
PMC162260,1,
LMBP,1,a laboratory medicine best practices
PMC5103618,1,
PMC4569584,1,
GGD,1,Amsterdam and the Public Health Service
PMC2533321,1,
PMC4006633,1,
PMC3910507,1,
PMC3496010,1,
67B,1,
PMC3410696,1,
PMC3646682,1,
GCW,1,
PMC3248851,1,
PMC3700889,1,
PMC2827511,1,
PMC8989410,1,
PMC6889673,1,
GSE90745,1,
GPL15690,1,
MRAK042828,1,
MRAK078284,1,
AY539885,1,
QKM,1,
ZJS,1,
JYL,1,
JJW,1,
PMC3651923,1,
PMC3447949,1,
PMC3563769,1,
PMC4149175,1,
PMC4184960,1,
CHRF,1,
PMC4070571,1,
PMC4320320,1,
PING,1,
HAIYING,1,
CUI,1,
JIAYUE,1,
PMC4732855,1,
PMC4405709,1,
LIPCAR,1,
PMC3812140,1,
PMC3967509,1,
PMC3858397,1,
H2054,1,
PMC2793132,1,
H965,1,
H971,1,
PMC3089475,1,
CS20070468,1,
PMC3495050,1,
PMC3523627,1,
H2819,1,
H2827,1,
PMC4713480,1,
NFKBIZ,1,
PMC10820232,1,
PMC9146647,1,
PMC9811083,1,
PMC10440229,1,
PMC10232430,1,
PMC3380647,1,
PMC4467451,1,
PMC4810804,1,
PMC5848095,1,
PMC10601957,1,
PMC9382800,1,
PCSK6,1,
PMC6905542,1,
PMC5644460,1,
PMC10192246,1,
PMC9368716,1,
ARISTOTLE,1,
AUGUSTUS,1,
SPORTIF,1,
PMC4751531,1,
S47385,1,
PMC4064952,1,
PMC3858024,1,
PMC8021766,1,
FAI,1,
PMC4802904,1,
CNEPSS,1,
PMC3181498,1,
PMC6900224,1,
PMC7089802,1,
PMC8527730,1,
PMC3864758,1,
PMC8275875,1,
PMC3349540,1,
ADH7,1,
AL354747,1,
CHD13,1,
CARY,1,
HL07011,1,
SCOR,1,
PMC1878814,1,
I29,1,
I37,1,
PMC2629209,1,
PMC2687077,1,
PMC2685752,1,
PMC2702100,1,
PMC2585612,1,
PMC3090190,1,
PMC2706290,1,
38H,1,
42H,1,
WJMJ,1,
JPER10957,1,
599X,1,
9LU,1,
GBP,1,
PMC5849242,1,
PMC5532989,1,
PMC7853902,1,
PMC7719810,1,
PMC6837161,1,
PMC6826526,1,
PMC8461046,1,
CALIBER,1,using linked bespoke studies and electronic health records
PMC3535749,1,
PMC7795250,1,
PMC13280542,1,
DOTATOC,1,
5HT,1,
H209,1,
M0758,1,
GA515,1,
BX43,1,
SC50,1,
JKT,1,
R173,1,
PMC8111313,1,
PMC6531606,1,
PMC7426294,1,
PMC7865972,1,
PMC11213692,1,
PMC7291028,1,
PMC13053111,1,
R274,1,
PMC2360161,1,
PMC10918930,1,
E211,1,
PMC5132161,1,
PMC7008102,1,
PMC3727458,1,
PMC5183972,1,
PMC4396535,1,
PMC2584844,1,
PMC6364292,1,
PMC7428564,1,
PMC8074598,1,
S140951,1,
PMC5985790,1,
PMC8432420,1,
PMC9828027,1,
PMC2785081,1,
PMC6643330,1,
PMC10082935,1,
PMC10266637,1,
620R,1,
PAST,1,
AP4B1,1,
4832CC,1,
PMC4820045,1,
PMC4375551,1,
PMC3329573,1,
PMC5836999,1,
PMC3358490,1,
PMC6462981,1,
PMC3174938,1,
PMC8959661,1,
VEH,1,
PMC1275606,1,
620W,1,
PMC2342636,1,
PMC3292549,1,
PMC4016172,1,
PMC3843010,1,
PMC3424584,1,
PMC3203626,1,
2740A,1,
169CC,1,
PMC3750602,1,
PMC2375857,1,
PMC2650987,1,
PMC6654190,1,
WCW,1,
1D170,1,
PMC2920063,1,
PMC2259297,1,
PMC2781792,1,
JE20080099,1,
PMC3924105,1,
ZCB,1,
PRL,1,
PMC539258,1,
PMC2213683,1,
PMC2787410,1,
PMC6388331,1,
636X,1,
GLDH,1,with ammonium in the presence of glutamate dehydrogenase
7H2O,1,
PMC4531835,1,
PMC5164968,1,
PMC3278719,1,
PMC4536640,1,
JCI111524,1,
PMC425281,1,
PMC5537833,1,
PMC11159508,1,
M501830200,1,
PMC5133827,1,
PMC4105384,1,
PMC2895915,1,
PMC3231949,1,
PMC4536974,1,
PMC5411038,1,
PMC5590412,1,
JCI106083,1,
PMC322340,1,
PMC8746801,1,
MCTES,1,
UIDP,1,
PMC5617182,1,
PMC5946297,1,
PMC6868769,1,
PMC6543615,1,
PMC6611987,1,
PMC6660385,1,
PMC8285851,1,
PMC7460905,1,
PMC10765730,1,
02RF38H,1,
02RF38Z,1,
02RF48Z,1,
02RF3KZ,1,
PRAGMATIC,1,
E172,1,
PMC9081462,1,
PMC8475055,1,
PMC5477218,1,
PMC7422925,1,
PMC9288764,1,
PMC4571158,1,
PMC9673702,1,
PMC4958553,1,
PMC8759485,1,
PMC7650030,1,
SOLVE,1,
PMC5485944,1,
15PJ1407100,1,
PMC3184670,1,
PMC2072557,1,
PMC1912470,1,
PMC4646182,1,
PMC3985066,1,
S0104,1,
V1281781,1,
CS83,1,
CS89,1,
PMC5352762,1,
PMC4027056,1,
PMC4206019,1,
OXIMED,1,
PMC3600316,1,
PB07C,1,
KUS,1,
M407715200,1,
WJH,1,
GRMM,1,
C967,1,
NEL,1,
M210269200,1,
PMC23952,1,
12127R1,1,
107UP,1,
PMC2720127,1,
PMC2713680,1,
PMC1578567,1,
859OC,1,
PMC2706597,1,
1792OC,1,
PMC2865851,1,
PMC2562773,1,
PMC7185561,1,
PMC8249442,1,
602X,1,
DDZ,1,Deutsches Diabetes-Zentrum
CAL20,1,
CAL47,1,
PI28,1,
CPI13,1,
PMC5994068,1,
PMC3506093,1,
PMC2453650,1,
PMC5500097,1,
PMC4846029,1,
PMC5944227,1,
KCIS,1,
PMC3551264,1,
PMC6108795,1,
PMC10278792,1,
K360,1,
DK115844,1,
P00002,1,
K24DK092290,1,
R01DK072231,1,
KN9,1,
A321,1,
PMC4761648,1,
PMC5720531,1,
PMC3210064,1,
PMC2776701,1,
PMC3069377,1,
PMC3217259,1,
PMC3217720,1,
PMC2726643,1,
PMC3181964,1,
PMC4886910,1,
PMC1448411,1,
PMC5268044,1,
ZYS,1,
ZQC,1,
S88375,1,
PMC4598197,1,
503X,1,
PMC4841118,1,
PMC4704323,1,
IRESSA,1,of singleagent gefitinib
PROSE,1,lung cancer treated with second-line erlotinib or chemotherapy
DELTA,1,Docetaxel and Erlotinib Lung Cancer Trial
PMC3380886,1,
PMC3492197,1,
NEJ002,1,cell lung cancer with sensitive EGFR gene mutations
PMC4132025,1,
PMC6000121,1,
PMC6000113,1,
PMC4395619,1,
PMC5531470,1,
M596L,1,
ITI,1,The inter-trial interval
VMW,1,
VMT,1,
VFT,1,
DFT,1,
PMC4223091,1,
PMC4221633,1,
PMC3789118,1,
PMC4221632,1,
PMC4258165,1,
PMC4459491,1,
RKW,1,
PMC28422,1,
PMC2905685,1,
PMC4860182,1,
PMC6672442,1,
PMC4486520,1,
PMC3341026,1,
PMC2910495,1,
PMC6782583,1,
PMC2190704,1,
PMC2700659,1,
PMC5560305,1,
PMC2956267,1,
PMC2637276,1,
E6614,1,
PMC4672794,1,
PMC4305018,1,
PMC8636005,1,
IL5,1,
PMC5467269,1,
PMC7332109,1,
PMC7806479,1,
PMC8434674,1,
PMC7968396,1,
PMC4372143,1,
PMC7343789,1,
PMC7694449,1,
PMC7214751,1,
PMC4003558,1,
PMC4717486,1,
PMC6450181,1,
PMC5676466,1,
PMC7997823,1,
PMC7083894,1,
MJJ,1,
PMC7581795,1,
PMC5286367,1,
PMC4344930,1,
PMC3491837,1,
PMC6134935,1,
PMC7904035,1,
PMC8049507,1,
PMC5827602,1,
PMC5807067,1,
PMC5986831,1,
PMC5827027,1,
PMC6514972,1,
PMC4553775,1,
PMC3262985,1,
PMC4181601,1,
SFH,1,
PMC4655423,1,
JMF,1,
PMC7611573,1,
PMC10758752,1,
MYS,1,
93M,1,
91F,1,
04M,1,
26F,1,
34F,1,
41F,1,
L18,1,
L26,1,
L21,1,
L7,1,
L12,1,
L34,1,
L15,1,
L16,1,
L28,1,
L29,1,
PMC8031274,1,
D9,1,
PMC8271202,1,
PMC13265864,1,
PMC4769189,1,
PMC8542055,1,
PMC5512446,1,
PMC7183902,1,
PMC4451570,1,
PMC12354306,1,
PMC12136642,1,
PMC7710815,1,
PMC7932846,1,
PMC5572665,1,
1640OC,1,
PMC3778730,1,
PMC7772165,1,
FF1,1,sent sind
FF2,1,
FF3,1,und welche Therapieoptionen
PMC8516774,1,
PMC3953754,1,
PMC5330213,1,
MEEDIA,1,
COMMUN,1,
PMC10343850,1,
FLNSNLI,1,
NCFM,1,
2TP2TP,1,
MS1D1,1,
MS1D383,1,
MS495D1,1,
MS495D383,1,
DS1D1,1,
DS1D495,1,
DS383D1,1,
DS383D495,1,
TRENDS,1,
PMC8329234,1,
PMC5920728,1,
PMC4016197,1,
PMC3242609,1,
PMC2776928,1,
PMC1370713,1,
PMC6927119,1,
PMC6410147,1,
WOA,1,
PMC9130474,1,
MHDMF,1,
PMC5998943,1,
PMC7203727,1,
D1074,1,
D946,1,
PMC3245088,1,
NIPS,1,
ISCV,1,International Conference on Intelligent Systems and Computer Vision
PMC8291612,1,
BF00994018,1,
PMC3503717,1,
GCS3000,1,
176A,1,
SNHG12,1,
SNORA24,1,
GPR128,1,
SNORA20,1,
TAF1D,1,
SNORD105,1,
ANKRD32,1,
SCARNA6,1,
RABGGTB,1,
SNORD82,1,
SNORD60,1,
SNORD50A,1,
50A,1,
SNORD61,1,
SNHG3,1,
SNORD15B,1,
SNORD41,1,
SCARNA7,1,
RNU4,1,
SCARNA10,1,
SNORD1C,1,
KLRC3,1,
SNORA68,1,
SNORD54,1,
LLPH,1,
SCARNA5,1,
SNHG10,1,
SNORA3,1,
SNORA23,1,
CEP78,1,
KLRC1,1,
SNORD28,1,
HIST1H4A,1,
SNORD104,1,
DTHD1,1,
SNHG1,1,
SNORA37,1,
SNORD58A,1,
58A,1,
RNU5A,1,
U5A,1,
SNORD46,1,
COX7B,1,
PRSS23,1,
WDR74,1,
SNORD59B,1,
59B,1,
RPL7A,1,
SNORD14E,1,
SNORD50B,1,
50B,1,
SNORD30,1,
SNORD6,1,
SNORD63,1,
SCARNA1,1,
SNORA22,1,
SNORA19,1,
BRK1,1,
BRICK1,1,
SCAR,1,
RNU4ATAC,1,
U12,1,
GPSM3,1,
LGALS9B,1,
MLF2,1,
TTYH3,1,
WAS,1,
CA5BP1,1,
LGALS9,1,
TUBB,1,
EIF2,1,
FAM198B,1,
ASGPR,1,Asialoglycoprotein receptor
EGR,1,
FCGR,1,
PMC1769274,1,
CS20080298,1,
PMC55695,1,
PMC113859,1,
PMC3139760,1,
PMC548683,1,
PMC2731641,1,
PMC151446,1,
PMC1805577,1,
R500003,1,
PDAY,1,from the Pathobiological Determinants of Atherosclerosis in Youth
PMC287289,1,
KAM,1,
PMC2919217,1,
PMC9901094,1,
AMPATH,1,
1Z4,1,
COB,1,
KDHS,1,and ICF International Kenya demographic and health survey
PMC6729061,1,
PMC5987322,1,
PMC3599365,1,
PMC4682577,1,
PMC4877339,1,
PMC5845052,1,
PMC2683851,1,
PMC5970478,1,
PMC6191270,1,
PMC4429684,1,
PMC6201800,1,
PMC13346366,1,
I65,1,
I27,1,
BOLT,1,
KLJ,1,
AG037551,1,
AG032438,1,
PO1,1,
AGO5131,1,
AG1048,1,
P01AG020206,1,
ES004696,1,
ES007033,1,
AG033398,1,
ES016873,1,
ES019277,1,
NS057567,1,
NS062684,1,
NS082137,1,
MIPAV,1,
PPMI,1,
PMC3117674,1,
PMC8098522,1,
PMC3540093,1,
PMC3740054,1,
PMC3812407,1,
PMC2730778,1,
PMC4587763,1,
PMC3864623,1,
PMC3413765,1,
PMC13451477,1,
IRCT,1,
SL15,1,
LOCF,1,handled via ITT with last observation carried forward
PMC5217339,1,
PMC10661368,1,
PMC3760791,1,
S3673,1,
PMC11805154,1,
PMC4872285,1,
PMC5891980,1,
TAK,1,
SSRN,1,
PMC9892869,1,
TTJ,1,
PMC11416061,1,
PMC7408687,1,
PMC3153949,1,
PMC7115957,1,
PMC7977463,1,
PMC12329282,1,
PMC8602558,1,
EJ18,1,
PMC10798275,1,
PMC11989898,1,
RBME,1,
PMC6594608,1,
FONDEF,1,
NS300,1,
CM100,1,
EXOEL,1,
CD63A,1,
GFC,1,
PMC5352568,1,
PMC4983196,1,
PMC2928355,1,
PMC5032920,1,
PMC3687275,1,
PMC3011834,1,
PMC4283151,1,
PMC4643195,1,
S1678,1,
PMC4246371,1,
PMC4327731,1,
PMC5292379,1,
PMC4911175,1,
PMC2543087,1,
PMC3102084,1,
PMC6586400,1,
NJJ,1,
MIANALYZE,1,
COMPLETE,1,
RECORDS,1,
ONLY,1,
IMPUTATION,1,
PMC1380614,1,
PMC2826284,1,
PMC3320046,1,
PMC3257239,1,
PL00008474,1,
PMC12165142,1,
PMC5819792,1,
TUS,1,
PMC2765862,1,
PMC3567204,1,
PMC4043205,1,
PMC2727140,1,
PMC2360746,1,
PMC2822344,1,
PMC6491556,1,
KC11OIMI0441,1,s Hospital
GIRBA2553,1,Gil Hospital
2019E320100,1,
PMC3382585,1,
PMC5828916,1,
PMC2396939,1,
PMC5743046,1,
LSN,1,
PMC5572852,1,
PMC349151,1,
PMC18479,1,
PMC5853112,1,
PMC2924417,1,
PMC3971401,1,
PMC5437587,1,
PMC5895369,1,
JMAJ,1,
CMSOTA,1,
NCSS,1,
PMC3821857,1,
BST,1,
RTB,1,
PXXP,1,
DOK3,1,
RASGAP,1,
RASG12V,1,
KRASG12D,1,
GISTIC,1,
PY99,1,
TE300,1,
PMC516528,1,
PMC545207,1,
PMC1430334,1,
M005504200,1,
PMC2193463,1,
PMC1084282,1,
M102116200,1,
PMC2211998,1,
PMC2956443,1,
PMC2722688,1,
PMC1475762,1,
PMC312852,1,
PMC2148413,1,
PMC4376775,1,
R3B,1,
1Y6,1,
3P5,1,
R2H,1,
2A6,1,
HYL,1,
8R0438,1,
PMC2561019,1,
PMC3496497,1,
CMDA2,1,
PMC1769072,1,
PMC4011786,1,
PMC10308690,1,
YKL4,1,
PMC6640854,1,
PMC5087847,1,
PMC5478431,1,
PMC8627607,1,
PMC6454768,1,
PMC9367230,1,
PMC9408740,1,
PMC9636389,1,
PMC9174455,1,
PMC6834233,1,
PMC9555855,1,
PMC9139037,1,
HVB,1,
PMC5495015,1,
ENDOCRINE,1,
PMC7393009,1,
NISSEI,1,
PMC2365905,1,
PMC2836342,1,
PMC3044248,1,
PMC3040378,1,
PMC2687091,1,
EMRO,1,
BJC,1,
PMC2828405,1,
PMC5016561,1,
ECIT,1,
KBH,1,
PMC4226760,1,
PMC2774464,1,
PMC4310390,1,
PMC3877129,1,
PMC3731600,1,
PMC3474183,1,
JCI20096,1,
PMC362120,1,
PMC2193383,1,
JCI27083,1,
PMC1409742,1,
PAR2,1,
PMC3143573,1,
PMC4739587,1,
DK073665,1,
ATRIA,1,the AnTicoagulation and Risk Factors in Atrial Fibrillation
PMC3743254,1,
PMC3049935,1,
PMC3487349,1,
PMC3676734,1,
PMC2247366,1,
S1547,1,
PMC2843774,1,
PMC2796571,1,
PMC2818049,1,
KID695,1,
PMC2903714,1,
PMC3224826,1,
PMC2827597,1,
PMC6146918,1,
PMC2848322,1,
JCI57158,1,
PMC3163962,1,
NF4,1,
NF5,1,
NF6,1,
NF7,1,
NF8,1,
NF9,1,
HRF,1,also known as histamine-releasing factor
G014906,1,
RESEARCH0034,1,
PMC1976390,1,
PMC2632664,1,
PMC2907514,1,
PMC2234425,1,
PMC2716216,1,
PMC334973,1,
PKR,1,
PMC2928770,1,
I34,1,
A163,1,
PMC1247618,1,
VFW,1,
CCR115818,1,
CA79725,1,
PMC1351073,1,
PMC1749445,1,
PMC1473034,1,
ERN,1,
ACME,1,
TRANSAX,1,
PMC7528960,1,
PMC1619811,1,
139S,1,
161S,1,
PMC1404737,1,
PMC10542184,1,
PMC7781697,1,
PMC6376873,1,
EASO,1,
PMC7722377,1,
PMC2829436,1,
KASL,1,
PMC8273632,1,
PMC3853116,1,
PMC5332518,1,
PMC8154929,1,
PMC5975474,1,
PMC6224993,1,
PMC5642865,1,
PMC3377675,1,
PMC3311911,1,
E2050,1,
PMC7268278,1,
PMC6377260,1,
CKL,1,
PMC7243466,1,
PMC3146797,1,
PMC3853839,1,
PMC4437270,1,
PMC6537127,1,
PMC9385747,1,
CD012282,1,
PMC6494196,1,
GREACE,1,the Greek Atorvastatin and Coronary Heart Disease Evaluation
PMC12212162,1,
PMCI,1,or progressive mild cognitive impairment
W32,1,
IHGC,1,
GAN,1,
BIB,1,
BBAC093,1,
GCCN,1,
PMC8817716,1,
JMIHI,1,
COMPMEDIMAG,1,
PMC3432158,1,
S42979,1,
PMC8287113,1,
EMBC40787,1,
ARXIV,1,
JMI,1,
PMC10355128,1,
DEMNET,1,
S23146330,1,
PMC10383967,1,
S10916,1,
S22030740,1,
PMC8839926,1,
PMC10859371,1,
KHCHOI6,1,
1CKD,1,
SKP,1,
HJC,1,
DWC,1,
KHC,1,
YHK,1,
BJP,1,
MRCC,1,Authors also thank the Medical Research Collaborating Center
PMC2633200,1,
PMC3691726,1,
DA471,1,
341X,1,
PMC2440295,1,
PMC3265353,1,
PMC3315341,1,
TCA13819,1,
ICHIMURA,1,
GGN,1,glass nodule
PMC3470856,1,
PGWBI,1,being index
PMC3220807,1,
PMC4419027,1,
PMC3226486,1,
OR21,1,
OR20,1,
OR00,1,
OR11,1,
OR10,1,
CUHK4460,1,
PMC546066,1,
PMC2559972,1,
PMC4781641,1,
PMC2377255,1,
AWK,1,
PMC2944086,1,
JDI13095,1,
AASD,1,by Asian Association for the Study of Diabetes
PMC546417,1,
PMC5587261,1,
PMC4881137,1,
PMC3830848,1,
PMC4278845,1,
PMC5411261,1,
PMC3604592,1,
PMC3807212,1,
PMC3316968,1,
PMC4306879,1,
S130014,1,
PMC5422331,1,
PMC3651729,1,
PMC2797382,1,
PMC5108436,1,
PMC3946449,1,
PMC4610060,1,
168X,1,
EPRC,1,University of Ghana Ethical and Protocol Review Committee
5D43TW009140,1,
PMC2858142,1,
PMC3108107,1,
PMC3038598,1,
PMC8108759,1,
NBK9630,1,
PMC3866919,1,
PMC4323150,1,
PMC3928397,1,
PMC3716493,1,
PMC4061252,1,
PMC11392073,1,
WHO6,1,
JCOG080211,1,
C659,1,
C660,1,
C661,1,
FP31,1,
20JC1417200,1,
XHLHGG202101,1,Project of Conquering Major Diseases in Xuhui District
PMC6487510,1,
PMC7705621,1,
PMC9635791,1,
PMC3653450,1,
PMC4536823,1,
201X,1,
OCD,1,
PMC4238915,1,
CARMAGUE,1,the cardiac marker guideline uptake in Europe
PMC2226063,1,
PMC2721709,1,
PMC5362164,1,
ESCACC,1,
BWH,1,
PMC3821818,1,
PMC4259326,1,
AG031155,1,
DK69406,1,
AG26720,1,
PMC3081688,1,
PMC3135309,1,
1S20,1,
PMC3233688,1,
PMC2715571,1,
PMC2927112,1,
PMC2648825,1,
PMC3140993,1,
CHDRP,1,
PMC2267485,1,
PMC3326105,1,
PMC4660634,1,
BF00285287,1,
PMC3888488,1,
PMC2390992,1,
PMC3474781,1,
JE20110003,1,
PMC3899462,1,
MADIABETES,1,
PMC4391715,1,
UKE,1,tsklinikum Hamburg-Eppendorf
MVO17,1,
LGE14,1,
LVEF6,1,
MI28,1,
MI21,1,
LGE20,1,
MVO35,1,
PMC3806290,1,
PMC5611635,1,
PMC5325053,1,
SENC,1,
PMC5511088,1,
PMC5676975,1,
PMC4651190,1,
PMC9329615,1,
PMC6397185,1,
PMC8245969,1,
PMC8282997,1,
PMC6686365,1,
PMC5676834,1,
PMC1951787,1,
CMMI,1,
PMC9433206,1,
864X,1,
PMC10371671,1,
PMC8200340,1,
PMC7856360,1,
PMC6161830,1,
PMC7858209,1,
EMERGENT,1,
PRACTICES,1,
REPROCESSING,1,
SURVEILLANCE,1,
AB167,1,
AB168,1,
PMC8382507,1,
PMC5644792,1,
PMC6537719,1,
CHRONIC,1,
PMC10056269,1,
ORPHANET,1,
NCT05003986,1,The clinical trial EPPIK
NCT04573920,1,The clinical trial AFFINITY
HERA,1,
NCT02855268,1,The clinical trial HERA
NCT05267262,1,
NCT04937907,1,and efficacy of Hydroxychloroquine
NC1,1,
CHXLAS,1,
PMC2709682,1,
PMC8729840,1,
PMC7784921,1,
PMC3223569,1,
PMC9718039,1,
COL4A,1,
PMC3839543,1,
TECT,1,
PMC3395192,1,
PMC8823908,1,
PMC8268845,1,
PMC8897303,1,
PMC9459024,1,
PMC8007696,1,
PMC8801184,1,
REMIND,1,
PMC3040418,1,
PMC4496027,1,
PMC9718021,1,
ATR1,1,
PMC8869926,1,
JCI85939,1,
PMC5004940,1,
PMC6278936,1,
PMC9694958,1,
IGA,1,
PMC7265383,1,
PMC5023110,1,
PMC5678609,1,
PMC6360271,1,
PMC5967757,1,
PMC3968506,1,
PMC7080842,1,
PMC5628172,1,
PMC2777188,1,
USL,1,
USL7,1,
IT2007,1,
PFP,1,
PMC2710375,1,
PMC6496648,1,
MOLT4,1,
PMC1218112,1,
JCI16390,1,
PMC151114,1,
PMC2696387,1,
PMC2720799,1,
PMC2581752,1,
PMC3865210,1,
BX000640,1,
5C5,1,
AT1AKO,1,A receptor KO
S0968,1,
PMC3106113,1,
PMC3322313,1,
PMC1861145,1,
H1459,1,
H1468,1,
PMC3532534,1,
PMC3320150,1,
PMC3504012,1,
PMC3541439,1,
PMC1887334,1,
PMC3286212,1,
H1974,1,
H946,1,
H953,1,
PMC2920375,1,
JCI119656,1,
PMC508314,1,
25L,1,
H461,1,
JCI8768,1,
PMC517910,1,
PMC3010347,1,
H2216,1,
H2228,1,
PMC298249,1,
PMC2921878,1,
PMC3488278,1,
H133,1,
H141,1,
PMC3505528,1,
PMC9229324,1,
SMZ,1,
KFJ,1,
AKH,1,
GOT,1,
PMC7664589,1,
PMC7177629,1,
PMC8705658,1,
PMC7404893,1,
PMC8042162,1,
PMC7274977,1,
PMC7588173,1,
PMC8495508,1,
PMC8013709,1,
PMC7753560,1,
PMC7551813,1,
PMC8114673,1,
PMC7722483,1,
PMC7370631,1,
EJIFCC,1,
PMC8592630,1,
PMC7127395,1,
PMC7414317,1,
PMC8270227,1,
PMC8006494,1,
PMC7300739,1,
AODE,1,
AODR,1,
PMC6709741,1,
PMC6709745,1,
PMC1736927,1,
PMC2126835,1,
JEJ,1,
PMC1756770,1,
PMC1615456,1,
PMC6875727,1,
PMC6709747,1,
PMC6709744,1,
PMC6713002,1,
PMC2170355,1,
EURODEM,1,
PMC4648559,1,
WFX,1,
JXP,1,
METRA,1,
QUIDEL,1,
LSM510,1,
D8,1,
BX000838,1,
PMC3555696,1,
PMC3126661,1,
PMC7104794,1,
PMC3706197,1,
PMC4258755,1,
PMC2118287,1,
PMC2679382,1,
M704147200,1,
PMC1187967,1,
PMC2777130,1,
PMC3569742,1,
R740S,1,
PMC2953890,1,
PMC8610118,1,
TNFRSF11B,1,
GYPC,1,
FCGRT,1,
PRRX2,1,
PRELP,1,
AOX1,1,
PRDM6,1,
STRA6,1,
PTGFR,1,
LOC388630,1,
ANXA2P2,1,
K139,1,
GPL4372,1,
JAVA,1,
GES33000,1,
ROCR,1,
EXPRESSION,1,
OMNIBUS,1,
2019JJ80066,1,
KDSQ,1,
SMCQ,1,
PMC6460109,1,
PMC5736301,1,
PMC4710552,1,
PMC5386436,1,
PMC4355261,1,
PMC4038930,1,
PMC4681781,1,
PMC6124498,1,
PMC3491402,1,
PMC4357660,1,
PMC4712667,1,
PMC6164065,1,
PMC6858947,1,
PMC3383396,1,
PMC4916251,1,
PMC6192412,1,
PMC5436121,1,
PMC6082022,1,
PMC6226095,1,
PMC6218447,1,
PMC7244758,1,
PMC7216508,1,
BF00202265,1,
PMC4558604,1,
PMC7540926,1,
PMC8436914,1,
PMC5611492,1,
PMC7058666,1,
PMC7786910,1,
PMC8465482,1,
PMC6886219,1,
PMC4782211,1,
PMC6921559,1,
CCN6,1,
PMC6424355,1,
PMC7193208,1,
PMC5387209,1,
PMC7359319,1,
PMC6296031,1,
ADAL,1,
PMC6620026,1,
PMC6685478,1,
W1G,1,
8PH,1,
H0715,1,
E170,1,
ENDNOTE,1,
P172,1,
PMC2467420,1,
SILVHIA,1,
PMC3807823,1,
PMC4133016,1,
PMC3059279,1,
BOPTA,1,
PMC3405486,1,
PMC12224910,1,
AVE0991,1,
AVE,1,
ATR12181,1,
PMC8023760,1,
PMC8965484,1,
PMC3571694,1,
PMC4900947,1,
PMC9149118,1,
PMC7147427,1,
PMC7213023,1,
PMC3069876,1,
PMC11254551,1,
PMC10469084,1,
PMC4535695,1,
PMC10965702,1,
PMC5748862,1,
PMC8047324,1,
PMC7821164,1,
PMC2118469,1,
TX527,1,
PMC4184870,1,
PMC5725534,1,
PMC3816059,1,
PMC6647517,1,
PMC8957947,1,
PMC8862399,1,
PMC10262062,1,
PMC10313987,1,
PMC7552986,1,
CS20240699,1,
PMC11250104,1,
PMC9871625,1,
PMC11218096,1,
PMC7195385,1,
PMC8193264,1,
PMC8215340,1,
PMC9248984,1,
PMC8523494,1,
H368,1,
H374,1,
PMC6146302,1,
PMC11176769,1,
PMC7004279,1,
PMC3419270,1,
PMC11545830,1,
PMC9905317,1,
PMC6534777,1,
PMC9061754,1,
PMC2844017,1,
JCI118726,1,
PMC507364,1,
PMC11168883,1,
PMC10034415,1,
PMC6534791,1,
PMC9530748,1,
CNTO,1,
PMC5129491,1,
PMC5424532,1,
PMC2491337,1,
PMC5486039,1,
JCI74084,1,
PMC4220659,1,
PMC6106108,1,
PMC7878436,1,
PLVAP,1,
PMC11186637,1,
PMC11084681,1,
PMC3901806,1,
PMC4130264,1,
PMC11011548,1,
PMC4762052,1,
PMC12060254,1,
PMC4154221,1,
PMC4154206,1,
PMC4154202,1,
PMC4216148,1,
NLCS,1,
AIR,1,
PMC2235230,1,
PMC1242081,1,
1758OC,1,
PMC3734610,1,
PMC2665367,1,
PMC3318234,1,
1903OC,1,
PMC3040395,1,
PMC3585480,1,
JE20100098,1,
PMC3899505,1,
PMC3404667,1,
2082OC,1,
PMC3208653,1,
PMC4154215,1,
PMC3369553,1,
PMC1475215,1,
1011OC,1,
PMC10150103,1,
YSI,1,
R22,1,
PMC3392815,1,
PMC5424188,1,
PMC3699625,1,
PMC2611975,1,
PMC6385189,1,
PMC3955332,1,
PMC3734997,1,
PMC6618010,1,
L869,1,
PMC3765023,1,
PMC2861032,1,
PMC4982029,1,
PMC8917864,1,
PMC6486953,1,
E1338,1,
PMC3526210,1,
PMC8414895,1,
PMC3501850,1,
PMC3888572,1,
PMC7607864,1,
PMC5439030,1,
PMC8050730,1,
PMC6631920,1,
PMC3988529,1,
PMC4484041,1,
PMC4902714,1,
PMC5530523,1,
PMC3364878,1,
PMC3750542,1,
S41,1,
PMC2995191,1,
PMC3645141,1,
PMC1841784,1,
PMC2855597,1,
PMC2623095,1,
PMC2745559,1,
SUVIMAX,1,the Supplementation en Vitamines et Mineraux Antioxydants
PMC1448494,1,
PMC1586006,1,
PMC9592305,1,
H627,1,
SLW,1,
PMC6167608,1,
HBR,1,
TCT2020,1,
TCT20,1,
PMC6593641,1,
PMC6593635,1,
PMC6764000,1,
PMC7298605,1,
PMC4481318,1,
PMC3064407,1,
PMC9051153,1,
PMC9095868,1,
2J2,1,
GSK22562940,1,
VEGF13,1,
AEPU,1,
AUCB,1,
AUDA,1,
EDHF,1,EETs act as an endothelium-derived hyperpolarizing factor
BIOTEC,1,
ODSIII,1,
98A,1,
A2547,1,
HALO,1,
LAIMAN,1,
R800038,1,
PMC2674692,1,
PMC4115045,1,
PMC2720027,1,
EEZE,1,
H2838,1,
PMC2863006,1,
PMC2072806,1,
PMC1693731,1,
PMC3325372,1,
PMC5332206,1,
PMC3243038,1,
PMC4548251,1,
PMC3786555,1,
PMC7943617,1,
PMC5825002,1,
PMC5256393,1,
PMC208806,1,
PMC7687859,1,
PMC3609829,1,
PMC5339733,1,
PMC7235045,1,
PMC3290524,1,
H2128,1,
PMC2614571,1,
PMC6385273,1,
PMC5310989,1,
PMC7432634,1,
PMC4575626,1,
JCI58128,1,
PMC3248288,1,
TPPU,1,
PMC5824362,1,
PMC6622471,1,
PMC3859216,1,
G0801370,1,
PMC2676989,1,
PMC2882176,1,
PMC3314936,1,
PMC2892940,1,
IESC,1,
UFRJ,1,
TLNS,1,
LHS,1,
SINASC,1,
311X00024914,1,
PMC4863984,1,
CARNA,1,
AWD,1,
PMC1993623,1,
PMC2684577,1,
TKM,1,
ROLE,1,
PMC3424246,1,
PMC8099352,1,
PMC11594033,1,
GTI,1,The data were benchmarked using the GeoTerraImage
R14,1,
PMC6589017,1,
PMC10218408,1,
PMC5624573,1,
PMC8889060,1,
P03093,1,
P030932017,1,
PMC7503727,1,
PMC2824586,1,
PMC4231366,1,
PMC8199430,1,
PMC10161731,1,
HSRC,1,
PMC6353159,1,
PMC9337715,1,
PMC9958907,1,
PMC5360288,1,
PMC10218307,1,
PMC3229518,1,
PMC10712896,1,
PMC3637052,1,
PMC9016970,1,
PMC10001468,1,
PMC9152091,1,
THIRSTY,1,
FRUCTOSE,1,
C6H12O6,1,monosaccharide with the same molecular formula as glucose
GLUT5,1,
HU0001,1,
PMC7312413,1,
PMC4592063,1,
PMC7188081,1,
PMC6422088,1,
PMC2536760,1,
AVPR3,1,pituitary vasopressin receptor gene
PMC2040022,1,
PMC2708945,1,
E1065,1,
PMC8485913,1,
PMC8212309,1,
PMC8572195,1,
PMC7669756,1,
PMC6489227,1,
PMC5707744,1,
PMC7392307,1,
PMC4940461,1,
PMC5197923,1,
V1A,1,
E127,1,
PMC8716535,1,
JCI200419656,1,
PMC311433,1,
PMC4026680,1,
PMC8717738,1,
PMC7424787,1,
PMC7821599,1,
PMC10917390,1,
PMC5288484,1,
JCI37385,1,
PMC2673878,1,
PMC4452737,1,
PMC5313070,1,
PMC8778490,1,
PMC10261323,1,
PMC6461713,1,
R141,1,
PMC8409908,1,
PMC8088703,1,
S270709,1,
PMC7588276,1,
RPSP,1,
PMC6984407,1,
PMC2525476,1,
MCY,1,
PMC5946174,1,
F1256,1,
F712,1,
PMC2838595,1,
PMC4120672,1,
PMC4214522,1,
PMC6045876,1,
PMC5599902,1,
PMC7735828,1,
R189,1,
PMC7191446,1,
PMC5590153,1,
28X,1,
HBD,1,
CONACYT,1,and the Mexican Council of Science and Technology
MTHB,1,
PMC3999315,1,
PMC3046611,1,
PMC4781904,1,
PMC4488779,1,
BF00296341,1,
PMC4632412,1,
PMC4368383,1,
PMC2686169,1,
411OC,1,
PMC2662991,1,
PMC108664,1,
PMC3580120,1,
101S,1,
PMC12588822,1,
PMC3368346,1,
PMC3353220,1,
PMC5464597,1,
PMC11288809,1,
UNESCO,1,
TWAS,1,
ITM,1,
JP20K01739,1,
GINI,1,
GPD,1,
PMC5440765,1,
PMC8184979,1,
PMC6873710,1,
PMC3265534,1,
PMC10283185,1,
PMC9647898,1,
PMC6079016,1,
PMC7739806,1,
PMC7035694,1,
PMC4767315,1,
PMC10230667,1,
PMC5857107,1,
S413630,1,
PMC10281271,1,
PMC10469830,1,
PMC4374571,1,
PMC4145203,1,
KMA,1,
PMC4946036,1,
PMC10334532,1,
VSP0904271B,1,
S406491,1,
PMC10293795,1,
PMC8860753,1,
VSP1504334K,1,
PMC6985282,1,
PMC5327442,1,
PMC8857747,1,
PMC4421927,1,
PMC6085562,1,
JPS,1,
PMC6111409,1,
PMC6327583,1,
PMC5869783,1,
PMC4271136,1,
PMC4625452,1,
S334,1,
PMC3852906,1,
UROL,1,
PMC4377754,1,
1H631,1,
PMC2686332,1,
PMC1486322,1,
BJA,1,
PMC11213983,1,
S0007,1,
ISAC,1,were obtained from the Independent Scientific Advisory Committee
K00414X,1,
NIHR203310,1,Institute for Health Research Nottingham Biomedical Research Centre
6B5DEA,1,
HSE19,1,
PMC5054917,1,
PMC7775741,1,
PMC8117971,1,
PMC7437967,1,
CPOC,1,
S267,1,
S278,1,
S016,1,
PMC9810470,1,
PMC4521131,1,
PMC8451277,1,
BJS,1,
PMC8105588,1,
PMC4065361,1,
PMC10018384,1,
PMC7418689,1,
PMC6214661,1,
PMC1559700,1,
PMC270056,1,
FWI,1,case-control study in an adult population in Guadeloupe
PMC28659,1,
REJ,1,
1406S,1,
S1532,1,
PMC1757052,1,
PMC8112324,1,
PMC11988729,1,
SHMS,1,According to the Saudi Hypertension Management Society
PMC6121905,1,
PMC7036818,1,
PMC4031901,1,
PMC7301236,1,
PMC6572246,1,
PMC6555092,1,
PMC4575476,1,
PMC4596265,1,
PMC10541986,1,
ITEM,1,
P7995,1,
PMC7482625,1,
CP202257,1,
PMC6102563,1,
PMC3490805,1,
PMC4511715,1,
PMC4392208,1,
PMC9487616,1,
PMC6773333,1,
PMC6652141,1,
PMC6139141,1,
PMC5060735,1,
PMC4950775,1,
PMC5681715,1,
PMC8795812,1,
Z944,1,
JWC,1,
PMC6284662,1,
PMC6761240,1,
PMC7714465,1,
PMC5482688,1,
PMC5524613,1,
PMC3494542,1,
EPIH,1,
PMC9754908,1,
GRAPHICAL,1,
REVIEWING,1,
INDICATORS,1,
STATISTICS,1,
INPATIENT,1,
REGISTRATION,1,
KRAMIR,1,
KOSIS,1,Korean Statistical Information Service
PMC6935556,1,
PMC13036842,1,
PMC6325441,1,
PMC7867023,1,
PMC3773657,1,
PMC6324589,1,
PMC7335574,1,
THIN,1,The Health Improvement Network
PMC8743129,1,
PMC5075179,1,
UOC,1,
LDM,1,
EDS,1,
GBDRF,1,
PMC4685753,1,
PMC4673910,1,
PMC4678169,1,
PMC4675674,1,
JCI116124,1,
PMC443389,1,
JCI117668,1,
PMC295365,1,
PMC4884488,1,
PMC4733508,1,
PMC4762747,1,
PMC3974344,1,
PMC4776390,1,
2013J2200019,1,
GTN,1,g sublingual glyceryl trinitrate
V11,1,
J2200019,1,
PMC3092159,1,
PMC3368338,1,
PMC3382070,1,
PMC4131276,1,
PMC3033760,1,
PMC4324846,1,
PMC2638213,1,
PMC2741709,1,
PMC3513538,1,
PMC8031957,1,
PMC2270395,1,
PMC3637917,1,
FIV,1,
AAFCO,1,by the Association of American Feed Control Officials
AOAC,1,using Association of Analytical Communities
PDIFF,1,
PMC4913574,1,
PMC4895404,1,
PMC3544805,1,
PMC4922328,1,
PMC3766569,1,
PMC5048479,1,
CMRR,1,moire de Ressources et de Recherche
S942,1,
PHOSPHO,1,
181P,1,
TP327252,1,
13C6,1,
VPYSELGG,1,
01ED1203,1,
BF01273157,1,
PMC4253625,1,
PMC4461657,1,
E07,1,
PMC2096586,1,
PMC4593569,1,
JCI79765,1,
PMC4396464,1,
BF00296182,1,
BF02815094,1,
PMC4409432,1,
PMC3710290,1,
R100052200,1,
C2B,1,
PMC10487958,1,
EMSC,1,Emergency Medical Service Cards
RSPD2023R649,1,this work through the Researchers Supporting Project number
PULSE,1,
PMC8444354,1,
PMC6156553,1,
PMC8006950,1,
PMC10423066,1,
PMC10171238,1,
PMC3990398,1,
PMC10339125,1,
S317780,1,
PMC8216200,1,
PMC4423284,1,
PMC9444789,1,
APHRS,1,Asia-Pacific Heart Rhythm Society
SOLEACE,1,
PMC8029711,1,
PMC8336333,1,
B2018,1,
009B,1,
PMC2013581,1,
PMC4180067,1,
PMC6151242,1,
CS20090142,1,
CD006612,1,
PMC6483699,1,
PMC6200518,1,
PMC6417904,1,
PMC4303827,1,
PMC3956305,1,
GHJ,1,
A2756G,1,
PMC3274435,1,
PMC3946345,1,
LI4,1,of the large intestine channel of hand yangming
KI3,1,
PMC2440647,1,
PMC6871074,1,
PMC2596101,1,
PMC3423412,1,
PMC3246487,1,
PMC3177015,1,
PMC140943,1,
PMC1157105,1,
PMC2726714,1,
PMC14647,1,
PMC3141010,1,
PMC7975203,1,
PMC1760588,1,
PMC9394018,1,
S299353,1,
PMC7920585,1,
PMC5232417,1,
PMC7803691,1,
PMC6352772,1,
DOS,1,
PMC6053159,1,
PMC4668625,1,
PMC6055850,1,
PMC8441096,1,
PMC7932272,1,
SSSC,1,
PMC8139996,1,
PMC2667675,1,
PMC7424436,1,
PMC4605027,1,
JYZ,1,
AVMA,1,in compliance with the American Veterinary Medical Association
GIBCO,1,heat-inactivated FBS
ZYL,1,
MFT,1,
DBL,1,
PMC2637970,1,
JCI200112131,1,
PMC209357,1,
PMC218755,1,
PMC1769009,1,
PMC1719883,1,
PMC1336704,1,
PMC3390172,1,
JAA,1,
PMC1183573,1,
PMC2697558,1,
H1337,1,
H530,1,
PMC7646193,1,
DBMDA,1,model based on the distance sequence similarity method
UGA,1,
SSAB,1,
R121,1,
PMC6464243,1,
PMC6957846,1,
PMC6510966,1,
D104,1,
PMC4055753,1,
PMC4822091,1,
PMC4144366,1,
PMC358498,1,
D296,1,
D302,1,
PMC5753222,1,
D833,1,
PMC5210640,1,
PMC4538606,1,
PMC7170854,1,
PMC7526458,1,
HL105649,1,
133050DS1,1,
90HM,1,
D5D320,1,
90HPT,1,
LCSM,1,
VB001,1,
MAB3249,1,
STAT60,1,
S11150,1,
HL105647,1,
HORIZONS,1,
PMC6130225,1,
PMC4035012,1,
3A1015,1,
461RR,1,
PMC5763167,1,
PMC2892196,1,
PMC2774810,1,
PMC3458196,1,
PMC4330050,1,
PMC4905590,1,
PMC8476992,1,
NHLS,1,National Health Laboratory Service
SCNN1B,1,
SCNN1G,1,
B23,1,
B28,1,
PMC4387715,1,
PMC3611977,1,
PMC5810200,1,
PMC3721868,1,
PMC4848974,1,
PMC4344861,1,
PMC4448460,1,
PMC6588770,1,
PMC10854423,1,
904X,1,
IHA,1,
J2000,1,
FMCAHR,1,into the Federal Medical Centre Abuja Hypertension Registry
FMCABJ,1,
RESISTANT,1,
VARIATES,1,
ADJUSTED,1,
ODDS,1,
RATIO,1,
PMC5837039,1,
PMC4120268,1,
PMC4118668,1,
PMC3959684,1,
G18,1,
PMC7040881,1,
E53,1,
S003,1,
TOS,1,
PMC5819889,1,
MFSF,1,
ALG,1,
PMC5051381,1,
PMC8029809,1,
PMC4537907,1,
PMC3909733,1,
PMC4260939,1,
PMC6365088,1,
PMC11537125,1,
FMMU,1,Fourth Military Medical University
GDMCC,1,
MAK086,1,
A450,1,
PRJNA991321,1,
XJYY,1,
SUPPLEMENTAL,1,
PMC8767999,1,
PMC9091713,1,
PMC9185821,1,
0208TR,1,
PMC9989478,1,
PMC9668228,1,
S0163,1,
PMC3734821,1,
PMC5133134,1,
PMC8175694,1,
PMC10617678,1,
PMC7407005,1,
2118OC,1,
PMC6221574,1,
HCH,1,
ACY,1,
WKK,1,
PMC9484392,1,
PMC9734379,1,
PMC6320572,1,
GGU,1,
PMC6892239,1,
PMC8835596,1,
PMC8733955,1,
PMC4015327,1,
PMC7132306,1,
PMC7914443,1,
PMC7553175,1,
PLA0302,1,
SB12,1,
R01HL072844,1,
R21AI142649,1,
R03AG059554,1,
R03AA026516,1,
C500238200,1,
PMC3745981,1,
PMC5562667,1,
PMC3941783,1,
PMC7125511,1,
PMC7168024,1,
PMC7094943,1,
PMC7164635,1,
PMC7091888,1,
PMC7194638,1,
PMC7087935,1,
PMC7149362,1,
PMC3548359,1,
PMC5972837,1,
PMC6563020,1,
PMC7164771,1,
C420,1,
C426,1,
R373,1,
R381,1,
PMC1761128,1,
PMC2667944,1,
PMC4340704,1,
PMC4085346,1,
PMC2448814,1,
PMC4749868,1,
M001943200,1,
PMC3125547,1,
PMC5810417,1,
PMC7834154,1,
PMC5123239,1,
PMC8275379,1,
087X,1,
UCSI,1,
OX26,1,
DE2B4,1,
DQA,1,
S87148,1,
PMC4531021,1,
PMC7245681,1,
PMC5290713,1,
PMC3526946,1,
PMC5905289,1,
PMC3744999,1,
PMC6058502,1,
PMC5874847,1,
PMC3761088,1,
NEMO,1,
PMC4582676,1,
PMC5840984,1,
PMC7032167,1,
PMC4397104,1,
PMC3507026,1,
PMC3722627,1,
PMC5480312,1,
PMC4544070,1,
PMC3956368,1,
PMC3426789,1,
S149022,1,
PMC6154717,1,
PMC3426787,1,
PMC3865110,1,
PMC4098784,1,
PMC3970315,1,
AHCT,1,
S94025,1,
PMC3706454,1,
PMC4833694,1,
PMC3959237,1,
PMC4683873,1,
PMC2894000,1,
PMC4962567,1,
ECNE,1,
PMC9626446,1,
RENJIE,1,
SE1,1,
SE2,1,
PMC6250297,1,
PMC7801569,1,
PMC7327965,1,
PMC8055310,1,
PMC7327955,1,
PMC8388875,1,
625S,1,
PMC5583950,1,
PMC4510779,1,
PMC4618939,1,
PMC8439461,1,
PMC6931138,1,
PMC6876847,1,
PMC8275520,1,
PMC6244743,1,
PMC6976917,1,
PMC6143077,1,
JCI81507,1,
PMC4463217,1,
PMC6566834,1,
PMC5622742,1,
PMC8472506,1,
PMC4783516,1,
PMC8060055,1,
PMC7904633,1,
PMC6394668,1,
SMT,1,
SUBCOMMITTEE,1,
SCREENING,1,
MANAGEMENT,1,
CHILDREN,1,
PMC3178100,1,
PMC4146525,1,
PMC2962779,1,
SAFAR,1,
PMC4948287,1,
PMC3783561,1,
022X,1,
PMC8901279,1,
PMC2647401,1,
BF02374502,1,
ALERT,1,in the Assessment of Lescol in Renal Transplant
S231,1,
ATIC,1,from the Anti-Oxidant Therapy in Chronic Renal Insufficiency
PMC2897819,1,
CARDS,1,an analysis from the Collaborative Atorvastatin Diabetes Study
ESPLANADE,1,
PMC3001777,1,
CN108090,1,
PMC4116066,1,
PLANET,1,
PMC4420568,1,
PMC4673714,1,
PMC4839705,1,
ASUCA,1,of clinical usefulness in CKD patients with atorvastatin
PMC5486454,1,
PMC3955032,1,
PMC5062823,1,
CD007784,1,
PMC4442158,1,
PMC4495033,1,
PMC9840603,1,
MRCTA,1,
ECFAH,1,
FMU,1,
HTN8,1,
HTN9,1,
VARIANTTM,1,
P800,1,
LOGIQ7,1,
HTN24,1,
MS32,1,
LDH33,1,
LDF,1,and laser Doppler flowmetry
PMC1895723,1,
PMC8030071,1,
PMC6499209,1,
PMC6969996,1,
S0944,1,
PMC6543685,1,
PMC7378601,1,
PMC5739896,1,
H1777,1,
PMC5467317,1,
PMC3427943,1,
PMC2740975,1,
PMC8088439,1,
CSF18,1,
90C,1,
AD44,1,
PMC4857183,1,
PMC2965425,1,
PMC6437931,1,
PMC6109140,1,
PMC5181674,1,
PMC4970660,1,
PMC5405766,1,
PMC5613285,1,
PMC6166008,1,
PMC5938137,1,
PMC4529186,1,
PMC6416642,1,
PMC5938617,1,
PMC5561570,1,
PMC6187226,1,
PMC6583061,1,
PMC6351776,1,
PMC6414493,1,
PMC5931806,1,
PMC8758469,1,
PMC12116197,1,
MUI,1,
IUMS,1,committee of the Isfahan University of Medical Sciences
PMC4982467,1,
PMC5670338,1,
PMC4466125,1,
PMC3087724,1,
PMC7231082,1,
PMC3631594,1,
PMC6129200,1,
PMC4824471,1,
PMC9118784,1,
PMC5355390,1,
PMC9061634,1,
PMC6543508,1,
PMC4050680,1,
PMC11232199,1,
VC14,1,
CLAM,1,
PMC8122975,1,
PMC8003545,1,
481OC,1,
PMC8050293,1,
PMC6171146,1,
PMC8615829,1,
PMC8817052,1,
PMC6895901,1,
PMC6882930,1,
PMC10792886,1,
DFK,1,
PMC8711640,1,
PMC6778842,1,
PMC5715110,1,
PMC7648125,1,
PMC10787502,1,
KRJ,1,
PMC8172839,1,
PMC7896045,1,
PMC9808012,1,
UGJ,1,
PMC6921240,1,
PMC5828328,1,
PMC9310661,1,
PMC4051660,1,
PADRECC,1,Education and Clinical Center
R01AG031348,1,
CCRP,1,
MSN,1,
FRCPC,1,
PMC1767957,1,
PMC3150395,1,
DESEP,1,
PMC3149102,1,
WC500117061,1,
PMC3558546,1,
PMC3333484,1,
CPMP,1,
PMC7027795,1,
DDCD,1,results from the Duke Databank for Cardiovascular Disease
UROXATRAL,1,
PMC1947951,1,
PHAII,1,
PRKWNK4,1,
J03280,1,
ZNF148,1,
AP2,1,
GAGA,1,
HAPMAP,1,
390A,1,
184A,1,
390G,1,
184G,1,
HHMI,1,
PMC280271,1,
S1096,1,
PMC1310641,1,
PMC1203831,1,
BIOBASE,1,
PMC38434,1,
PMC7801646,1,
CKD11,1,
CKD24,1,
KIKS,1,Kidney Knowledge Survey
CKD30,1,
PMC5237219,1,
PMC3686835,1,
PMC6091174,1,
PMC5383384,1,
PMC6108149,1,
PMC4720188,1,
PMC6109611,1,
PMC5018410,1,
PMC5976857,1,
PMC6682811,1,
PMC4215861,1,
R01HL087773,1,
R01HL121754,1,
R01HL91069,1,Lung and Blood Institute
CIM,1,
HBM3,1,
PMC6871833,1,
MGSJ,1,
PMC3150036,1,
PMC3128996,1,
AVD,1,
PMC2829658,1,
PMC3848808,1,
TBME,1,
PMC3660421,1,
PMC3443263,1,
HFJ,1,
PMC3192809,1,
PMC2430604,1,
PMC8880395,1,
RKR,1,
NPCDSC,1,
PMC5987910,1,
PMC3865551,1,
PMC4013553,1,
PMC4293143,1,
PHFI,1,
PMC3533578,1,
PMC3383461,1,
PMC4964242,1,
RPJSSCR,1,
PMC3396323,1,
UHG,1,
PMC4843831,1,
PMC3758966,1,
PMC9627198,1,
SGRS,1,
GRST2D,1,
GRSFPG,1,fasting plasma glucose GRS
GRSIS,1,insulin secretion GRS
DNBC,1,
GRSFG,1,D	The GRS for FG
UGRS,1,
PMC4629783,1,
PMC6941594,1,
PMC7612115,1,
PMC7994893,1,
PMC5409715,1,
PMC7462250,1,
PMC5188448,1,
PMC6784340,1,
PMC6426570,1,
PMC6753636,1,
PMC7265287,1,
STORK,1,
PMC5533106,1,
PMC6701842,1,
PMC7039588,1,
PMC6083526,1,
PMC5148717,1,
PMC8588568,1,
PMC6231972,1,
PMC6213110,1,
PMC4964615,1,
PMC5241477,1,
PMC10118805,1,
PMC3454322,1,
PMC6276711,1,
PMC5224877,1,
PMC6321391,1,
PMC5127244,1,
R325W,1,
PMC6497595,1,
PMC6487100,1,
R133,1,
PMC8484170,1,
316L,1,
OUT,1,
NEXT,1,
PMC12204403,1,
PMC5009646,1,
PMC4495878,1,
THEMIS,1,
PMC8046536,1,
PMC3724253,1,
PMC6500800,1,
PMC4734826,1,
PMC4068111,1,
PMC5733229,1,
PMC5471800,1,
PMC9771776,1,
ADIPOR1,1,
ADIPOR2,1,
HS200,1,
XL640,1,
19CVD,1,
DALYS,1,
KGHK,1,
PMC10118650,1,
EP171764,1,
APPGL,1,
PMC6515015,1,
PMC5872260,1,
PMC8348252,1,
PMC5837225,1,
PMC4760944,1,
LASSA,1,the Lipid and Atherosclerosis Society of Southern Africa
PMC6233651,1,
ICLPS,1,the International ChoLesterol management Practice Study
PMC12164846,1,
EURIKA,1,
PMC5473961,1,
PMC8349492,1,
URB,1,
TOTL,1,
BRITE,1,
PMC3199603,1,
PMC8319795,1,
PMC4870597,1,
PMC4403824,1,
PMC4221322,1,
PMC4219782,1,
DCRM,1,
PMC9803322,1,
PMC7685565,1,
PMC5843236,1,
PMC6307065,1,
NTB,1,
PMC4151175,1,
PMC3261941,1,
MTM,1,
PMC3261964,1,
XP128,1,
HLB,1,
6890N,1,
SGE,1,
PCDD,1,
PMC2770167,1,
PMC2258089,1,
PMC2644409,1,
PMC2572596,1,
PMC2854765,1,
PMC2648846,1,
P4501A1,1,
PMC39794,1,
PMC1257602,1,
PMC2679600,1,
PMC1533232,1,
PMC10455679,1,
SZTAKI,1,Institute for Computer Science and Control
INMA,1,
ICTEAM,1,
W2V,1,
GPOD,1,
HL7,1,
B70,1,
B72,1,
PMC8248936,1,
PMC8864223,1,
PMC9331828,1,
PMC9871628,1,
PMC5780623,1,
PMC5008529,1,
PMC6422950,1,
PMC6450304,1,
PMC9152277,1,
PMC9847212,1,
PMC3396320,1,
PMC12477764,1,
PMC12477763,1,
ASVD,1,
YYW,1,
YZW,1,
PMC4482354,1,
CDL,1,
PMC11242442,1,
PMC9673669,1,
PMC8947823,1,
PMC8590731,1,
PMC6119242,1,
PMC7802156,1,
PMC5024477,1,
PMC8019501,1,
PMC5054175,1,
PMC6439767,1,
PMC5428477,1,
PMC9097510,1,
PMC2988224,1,
PMC5457596,1,
ION,1,ischemic optic neuropathy
NW8,1,
ARMD,1,
XPX,1,
BYW,1,
FFH,1,
GFT,1,
XHQ,1,
XPG,1,
YDZ,1,
WBY,1,
PMC4241591,1,
PMC4085393,1,
PMC3907530,1,
PMC4250178,1,
PMC1040195,1,
PMC4831311,1,
PMC4153543,1,
PMC4236559,1,
PMC4705268,1,
PMC1771277,1,
ZHR,1,
MWS,1,
JEW,1,
PMC3028358,1,
PL00002950,1,
PMC5551483,1,
GBD2016,1,
PMC6227754,1,
PMC6252083,1,
PMC7615134,1,
PMC6227504,1,
PMC6227915,1,
PMC5477645,1,
PMC6893436,1,
PMC5862128,1,
PMC5928785,1,
PMC5089946,1,
PMC5815077,1,
PMC5016553,1,
PMC9420096,1,
819X,1,
EOS,1,
PAL,1,
PMC7565465,1,
PMC2768208,1,
PMC5437020,1,
MGJ,1,
PMC3303545,1,
PMC5634274,1,
PMC5413501,1,
PMC5406879,1,
PMC1772243,1,
PMC3749269,1,
TTJM,1,
DMJ,1,
PMC9167168,1,
PMC12255961,1,
KNA,1,
IUHS,1,International University of the Health Sciences
ACEP,1,developed by the American College of Emergency Physicians
BIHS,1,British and Irish Hypertension Society
PMC7770615,1,
PMC10230372,1,
PMC6283373,1,
PMC9799038,1,
PMC8266743,1,
PMC10539169,1,
PMC7804125,1,
16K01823,1,
PF6,1,
SMF,1,
PMC6133005,1,
S519,1,
PMC4932325,1,
PMC5906184,1,
PMC5760033,1,
PMC6038338,1,
PMC6600869,1,
PMC4254896,1,
PMC4045757,1,
PMC5371200,1,
R159,1,
IDPP,1,
PMC4182544,1,
PMC4014931,1,
PMC4183025,1,
SYNTHESIS,1,
FUENTES,1,
CONCLUSIONES,1,
PMC3221026,1,
UFSM,1,
PMC3526238,1,
PMC6319708,1,
THW,1,
PMC6422256,1,
199HU,1,
299HU,1,
399HU,1,
400HU,1,
PMC4802453,1,
PMC8750505,1,
PMC4779073,1,
PMC3033741,1,
BF00295949,1,
BF02785317,1,
PMC3185155,1,
PMC3967130,1,
PMC4072893,1,
PMC4274774,1,
PMC3372882,1,
JCI24140,1,
PMC1077175,1,
PMC4087005,1,
PMC3241693,1,
PDIP,1,study is part of the Pre-diabetes Intervention Project
OLYMPUS,1,
AV640,1,
2008GS09,1,
2008B178,1,
HL60942,1,
HL81090,1,
HL88547,1,
0840118N,1,
PMC2736875,1,
PMC2757146,1,
PMC3108141,1,
PMC3070056,1,
JCI46028,1,
PMC3163955,1,
JCI19246,1,
PMC296995,1,
JCI19451,1,
PMC296998,1,
PMC2563043,1,
EUGENE2,1,
PMC2898926,1,
PMC2883353,1,
PMC2736686,1,
PMC9645600,1,
YBS,1,
CTV3,1,
SNOMED,1,
U072,1,
DAA235,1,
HSE18,1,
PMC7095016,1,
PMC7170368,1,
PMC7575889,1,
PMC7486167,1,
PMC7436708,1,
PMC8029672,1,
PMC7832110,1,
PMC7206933,1,
PGM,1,
PMC7219415,1,
PMC7292605,1,
PMC7301045,1,
PMC7255214,1,
PMC7206932,1,
PMC7478634,1,
PMC7665028,1,
PMC5463396,1,
MREC,1,
PIRS,1,
MINTS,1,
QHAPDC,1,Custodians for Queensland Hospital Admitted Patient Data Collection
ABF,1,
SKV,1,
DDHHS,1,
UQCCR,1,
MNHHS,1,HREC Reference Number
PMC3484715,1,
PMC3109940,1,
PMC3525781,1,
PMC3100286,1,
PMC2744545,1,
AKLA,1,
S131,1,
EHC049,1,
GRD,1,
PMC5010740,1,
PMC3544747,1,
MPLUS,1,
ICPE,1,Results from the international consortium of psychiatric epidemiology
PMC6878531,1,
PMC1484630,1,
PMC3010198,1,
PMC2894982,1,
NCM,1,
BWJH,1,
PMC6878592,1,
PMC6878352,1,
PMC2776660,1,
JBW,1,
PMC1495268,1,
843X,1,
PMC3071684,1,
PMC11055154,1,
ESSV,1,
CBIOS,1,
CINTESIS,1,
CERNAS,1,
DGHS,1,of the Directorate General of Health Services
UMS,1,
ATH,1,
UMV,1,
RIV15070,1,
PMC9013154,1,
PMC2065870,1,
3DF8,1,
N11,1,
P12,1,
N22,1,
P22,1,
SLRK,1,
YVS,1,
STT,1,
HL54457,1,
HL68737,1,
S3204,1,
PMC43710,1,
CR150,1,
MOTULSKY,1,
PMC7159276,1,
PMC12811966,1,
PMC7775627,1,
PMC6528314,1,
PMC545647,1,
PMC11496519,1,
FRICAS,1,
PMC4747988,1,
PMC9613865,1,
PMC9523171,1,
PMC8588976,1,
PMC6723357,1,
LMV,1,
EKP,1,
BHK,1,
SYS,1,
PMC1884425,1,
PMC7250808,1,
PMC5961559,1,
PMC8591921,1,
PMC6283225,1,
PMC8029540,1,
PMC12304654,1,
PMC8258554,1,
PMC5524022,1,
1400A,1,
ES09825,1,
R832416,1,
RD832416,1,
PMC1746963,1,
PMC1852653,1,
TOVA,1,
PMC1280331,1,
PMC1513328,1,
PMC1552018,1,
PMC6655109,1,
PMC2078522,1,
PMC1570474,1,
PMC1241864,1,
PMC1074349,1,
PMC1747419,1,
PMC3139397,1,
PMC5833374,1,
RSEM7,1,
NSCLC12,1,
CA121850,1,
DK62136,1,
PMC3256436,1,
PMC3901401,1,
PMC61120,1,
PMC2858668,1,
PMC2409909,1,
PMC1949911,1,
PMC3365735,1,
M611871200,1,
PMC1850976,1,
PMC1893117,1,
PMC2885975,1,
PMC3182047,1,
PMC4254495,1,
PMC3174263,1,
MGLL,1,promotes hepatocarcinogenesis by inhibiting monoglyceride lipase
PMC4865920,1,
PMC3407828,1,
PMC2664004,1,
ECRG2,1,
PMC6982778,1,
TRX,1,
PRX,1,
LOOH,1,is also an increased concentration of lipid hydroperoxide
HOGG1,1,
GFAT,1,phosphate amidotransferase
IJPT,1,
CRDOJ,1,
PMC2887297,1,
PMC4047668,1,
PMC4025963,1,
PMC4143244,1,
PMC4736974,1,
PMC3914983,1,
PMC4106080,1,
WOX,1,
PMC3488923,1,
PMC3830063,1,
PMC3194031,1,
PMC5975208,1,
PMC148550,1,
PMC5294966,1,
PMC2551671,1,
PMC433833,1,
PMC287365,1,
MTH1,1,
PMC4373109,1,
PMC4807165,1,
PMC3003462,1,
PMC3463936,1,
S251,1,
S260,1,
PMC9039972,1,
CD012037,1,
PMC6486160,1,
BCTT,1,
S135665,1,
PMC5479300,1,
PMC4898308,1,
K23DK087900,1,
DK087900,1,
DK085446,1,
TR000423,1,
PMC2710472,1,
PMC2604122,1,
PMC4186513,1,
PMC4446879,1,
7B84B5F850,1,
5A82,1,
428A,1,
AC96,1,
6E167A3FBB40,1,
VACS,1,Butt AA Rimland D Veterans Aging Cohort Study
PMC3049942,1,
PMC2678033,1,
RJA,1,
PMC3135785,1,
HEDIS2014,1,
PMC4291537,1,
PMC3695651,1,
PMC3156423,1,
PMC3326277,1,
PMC2652122,1,
PMC3878693,1,
FEB4,1,
PMC10315765,1,
FEB413568,1,
FEBSOPEN,1,
DCT,1,
DTL,1,
TAL,1,
PLIN2,1,
C75,1,
BNIP,1,interacting protein
C176,1,
PMC7611626,1,
PMC3848326,1,
JCI72267,1,
PMC4038570,1,
PMC5529143,1,
PMC7059008,1,
PMC7430039,1,
PMC8630632,1,
PMC8891297,1,
PMC8378534,1,
PMC8034822,1,
PMC8183413,1,
F1162,1,
F1172,1,
PMC6620587,1,
PMC7982967,1,
PMC8010236,1,
PMC7355049,1,
PMC8044133,1,
PMC9742301,1,
PMC8201852,1,
PMC4525064,1,
PMC9259369,1,
PMC4868356,1,
PMC8608748,1,
PMC6948871,1,
PMC7815809,1,
PMC8132466,1,
PMC7679409,1,
PMC8364553,1,
PMC5661291,1,
PMC4154690,1,
PMC7054893,1,
REV120,1,
PMC7573269,1,
PMC5748924,1,
PMC4413756,1,
F1318,1,
F1326,1,
PMC4042105,1,
PMC7452120,1,
M800102200,1,
PMC2447655,1,
PMC5875955,1,
PMC3013544,1,
C000405200,1,
PMC3686831,1,
AMK,1,
PMC6124406,1,
PMC9276703,1,
PMC8292346,1,
RGJ,1,
PMC9499864,1,
PMC11196097,1,
PMC6188645,1,
PMC7682750,1,
PMC8080614,1,
PMC4891668,1,
PMC4026934,1,
F1252,1,
F1257,1,
PMC7294331,1,
PMC7986929,1,
PMC5652292,1,
PMC7611214,1,
PMC6941980,1,
PMC9287557,1,
PMC8965715,1,
PTA0,1,
NG136,1,
HAALSI,1,
PMC5314614,1,
A875STANDARD,1,
PMC4948792,1,
PMC3889339,1,
PMC3450076,1,
PMC6502007,1,
S0030,1,
PMC5201192,1,
PMC9445665,1,
PMC6796665,1,
PMC4792671,1,
EJO,1,
PMC6623281,1,
NDO,1,
PMC5050200,1,
PMC6885231,1,
738X,1,
NICM,1,
SF15,1,
A11259,1,
HDLHDL,1,
UUN,1,Urine creatinine and urea nitrogen
PMC3146741,1,
PMC3417131,1,
F539,1,
F544,1,
PMC2748735,1,
PMC5029810,1,
PMC4569429,1,
PMC3136348,1,
PMC4838042,1,
PMC5812444,1,
E676,1,
E681,1,
PMC13480964,1,
PMC3931985,1,
PMC9743545,1,
ZAR,1,South African Rand
PMC3621664,1,
PMC5726614,1,
PMC3556685,1,
PMC6296053,1,
PMC4660724,1,
PMC6003072,1,
PMC3623661,1,
PMC3751656,1,
PMC3299641,1,
PMC7484861,1,
PCPIPCH,1,
WEO,1,
OFX,1,
PMC3975215,1,
OBW,1,
PMC3973979,1,
PMC4795815,1,
ETD,1,
PMC4263039,1,
PMC7012049,1,
PMC3721364,1,
PMC4816639,1,
PMC6037552,1,
PMC4762059,1,
PMC4886444,1,
AIRE,1,pharmaco-economic analysis of the acute infarction ramipril efficacy
PMC3959180,1,
PMC6417234,1,
235X,1,
ATW,1,
GDK,1,
AA2,1,
PMC4562412,1,
PMC3155828,1,
PMC5493097,1,
PMC3712381,1,
PMC4553910,1,
PMC4718331,1,
PMC4487487,1,
PMC4388902,1,
PMC2648991,1,
PMC4533811,1,
PMC4547591,1,
PMC4463061,1,
PMC4559695,1,
PMC4257695,1,
PMC2870584,1,
PMC3585483,1,
PMC4468212,1,
PMC3634755,1,
PMC8324016,1,
PMC4487478,1,
PMC4463140,1,
PMC4463139,1,
PMC4028607,1,
PMC4620627,1,
PMC4324855,1,
PMC4463146,1,
PMC4463138,1,
PMC4232236,1,
PMC4463142,1,
PMC4463145,1,
PMC5345020,1,
PMC3480977,1,
PMC10331967,1,
519X,1,
EIJV9SRA3,1,
PMC5710614,1,
PMC1805684,1,
S235517,1,
PMC6969702,1,
PMC6188532,1,
PMC4618367,1,
PMC6626280,1,
PMC7270845,1,
JSA,1,
PMC7684945,1,
PMC6532681,1,
PMC6295912,1,
PMC3243050,1,
PMC305359,1,
PMC6547231,1,
PMC6875651,1,
PMC1121039,1,
PMC2947122,1,
PMC1968589,1,
PMC1118686,1,
RRJ,1,
PMC8199345,1,
PMC6736383,1,
RHM,1,
PMC8408584,1,
EBNJ,1,
PMC6801649,1,
NW4,1,
4BT,1,
DIRAYA,1,
SGHQ,1,
PMC6081552,1,
SPCD,1,gicos y conductuales
PMC6131890,1,
PMC7379622,1,
PMC6678125,1,
PMC4023089,1,
CNJ,1,
PMC4496054,1,
PMC5478743,1,
PMC5884477,1,
UNK,1,
PMC6107424,1,
S58063,1,
PMC4122550,1,
PMC10846020,1,
PMC11267951,1,
CGK,1,
SLU,1,
S275575,1,
PMC7591036,1,
PMC8949733,1,
PMC7467626,1,
PMC3367294,1,
PMC6852048,1,
PMC6042601,1,
OSSS,1,
PMC6050647,1,
PMC4511244,1,
PMC5769214,1,
PMC6196770,1,
MRCP,1,
1PG,1,
PMC6037292,1,
PI0427930,1,
DP5,1,
OD012161,1,
G0801056,1,
PMC4071302,1,
PMC3341729,1,
PMC3647284,1,
PMC4266685,1,
PMC7614828,1,
PMC529361,1,
PMC3589967,1,
PMC3969323,1,
PMC2873308,1,
PMC3821814,1,
EURHOBOP,1,
PMC1861246,1,
PMC4171056,1,
PMC3266429,1,
PMC2894776,1,
PMC3898411,1,
PMC5624713,1,
PMC3072274,1,
PMC1769216,1,
PMC6952872,1,
TSD,1,
ZEN2011,1,
FCR,1,
LSR,1,
R5165,1,
0312138A,1,
IVWM,1,
B34,1,
IVBM,1,
B35,1,
DA1296,1,
A55,1,
FORUN,1,
T319,1,
FUGG,1,
EFRE,1,
UHROM,1,
R8,1,
R9,1,
R11,1,
N418,1,
PK136,1,
AF6,1,
PMC3257823,1,
PMC4826716,1,
PMC3351910,1,
PMC4354651,1,
NEMA,1,
PMC2803022,1,
PMC2822815,1,
PMC4131296,1,
PMC4234568,1,
PMC5072626,1,
PMC4945149,1,
PMC6982279,1,
PMC2892800,1,
PMC1218803,1,
PMC2801179,1,
P20RR018787,1,
P42ES007373,1,
PMC1552016,1,
PMC2235208,1,
PMC1637404,1,
PMC2001352,1,
PMC1740251,1,
PMC1924921,1,
JOM,1,
PMC2627873,1,
PMC7682301,1,
PMC1035522,1,
PMC1277866,1,
L293,1,
L302,1,
PMC2519851,1,
PMC2235213,1,
PMC1007859,1,
PMC1551995,1,
PMC2639760,1,
PMC3673192,1,
B243,1,
MCO3,1,
YCT,1,
PMC1280345,1,
NAH,1,
GPA,1,
PMC3279435,1,
H695,1,
H703,1,
PMC2920907,1,
D1067,1,
D1072,1,
PMC3013756,1,
D786,1,
D792,1,
PMC2686584,1,
0456OC,1,
APCAR,1,
PMC3222979,1,
PMC2713831,1,
PMC2920900,1,
PMC2586923,1,
PMC1665439,1,
MLRV,1,
PMC3230427,1,
EEAWHI,1,s Health Initiative
PMC2685837,1,
WJGM,1,
PMC8688977,1,
TE5,1,
TACS,1,
DM13,1,
MLEL,1,
PMC6490626,1,
PMC4504240,1,
S75,1,
69S,1,
75S,1,
TFX,1,
PMC7106939,1,
PMC4402094,1,
S125065,1,
PMC5927064,1,
PMC2765219,1,
PMC5862717,1,
PMC3972254,1,
52S,1,
PMC6490667,1,
HUMU4574795,1,
C0078S,1,
JL12884,1,
JL13959,1,
BM5422,1,
VAHTS,1,
VIMENTIN,1,
PMC8763006,1,
PMC6545969,1,
PMC10185746,1,
PMC9273409,1,
PMC3801217,1,
PMC3760546,1,
PMC2194025,1,
ANXA7,1,
PMC8852355,1,
JCI98215,1,
PMC5957472,1,
PMC7311953,1,
NMRR,1,
X5,1,
GPB,1,
SPS,1,
GS48750,1,
PRIMSA,1,Preferred Reporting Items for Systematic Reviews and Meta-Analyses
PMC5640125,1,
PMC2276880,1,
S0010,1,
PMC6805560,1,
PMC3965743,1,
PMC2999708,1,
PMC3756187,1,
PMC4642439,1,
PMC3130515,1,
PMC5951227,1,
0167482X,1,
PMC4517490,1,
S184319,1,
PMC6283257,1,
PMC4244456,1,
PMC3514247,1,
PMC3506442,1,
PMC5107715,1,
PMC2020496,1,
PMC3350953,1,
PMC6656707,1,
PMC4265866,1,
PMC5659190,1,
PMC6448918,1,
486X,1,
PMC4958723,1,
PMC1277047,1,
TRAPID,1,
PMC4512876,1,
PMC4868251,1,
PMC3236837,1,
HSEB,1,
KTD,1,
JAR,1,
CKK,1,
ZHC,1,
T15LM007124,1,
1R01,1,
HL48223,1,
PMC2430603,1,
BF00414653,1,
BF01386390,1,
JMRI5,1,
PMC2292206,1,
W29,1,
TGFBR1,1,
PMC2806428,1,
MIMAT0005887,1,
MIMAT0000095,1,
MIMAT0004949,1,
MIMAT0002813,1,
MIMAT0000103,1,
MIMAT0005951,1,
MIMAT0022720,1,
MIMAT0000070,1,
MIMAT0001413,1,
MIMAT0000737,1,
MIMAT0000419,1,
MIMAT0004680,1,
MIMAT0000460,1,
MIMAT0000068,1,
MIMAT0000263,1,
MIMAT0005892,1,
MIMAT0004678,1,
MIMAT0025479,1,
MIMAT0004586,1,
MIMAT0002173,1,
MIMAT0027455,1,
GOID,1,
MBLN1,1,
PMC4848907,1,
PMC4130850,1,
PMC5607780,1,
PMC5515592,1,
YHJ,1,
JCI40503,1,
PMC2735911,1,
PMC7013987,1,
ATG6,1,
PMC6026144,1,
PMC6982107,1,
PMC4619814,1,
PMC3674130,1,
PMC5442392,1,
F1129,1,
PMC6021494,1,
F749,1,
PMC6791503,1,
JCI81061,1,
PMC4639992,1,
JCI59327,1,
PMC3314458,1,
PMC7404689,1,
7PFE,1,
PMC5619463,1,
PMC5465406,1,
PMC10845696,1,
PMC5603705,1,
ANA30,1,
PMC5415557,1,
PMC2912653,1,
PMC3179861,1,
PMC6022546,1,
PMC10128614,1,
PMC7238917,1,
PMC5181646,1,
PMC7526670,1,
PMC8018165,1,
PMC5964736,1,
PMC10852938,1,
PMC4764485,1,
PMC7248019,1,
IOCM,1,and iso-osmolar contrast media
PMC4819627,1,
PMC5986826,1,
PMC3520085,1,
PMC3805082,1,
PMC5791539,1,
PMC5554175,1,
PMC5457426,1,
PMC4768419,1,
PMC4633802,1,
PMC3944753,1,
R700,1,
R709,1,
PMC1414056,1,
PMC2518784,1,
PMC5523753,1,
PMC6816834,1,
PMC5986837,1,
PMC6580528,1,
PMC5342499,1,
PMC4490760,1,
PMC4740296,1,
PMC4656779,1,
PMC3304523,1,
PMC2613548,1,
TMPRSS4,1,
PMC5008398,1,
PMC4682166,1,
PMC3656907,1,
PMC3744600,1,
PMC3182687,1,
PMC5154679,1,
PMC4826423,1,
PMC4788520,1,
PMC4937856,1,
PMC3432200,1,
PMC4320840,1,
PMC4197875,1,
PMC3459069,1,
PMC3989628,1,
0221OC,1,
PMC2970854,1,
PMC2117343,1,
PMC2722857,1,
PMC1489164,1,
S11831,1,
PMC3762614,1,
PMC3022985,1,
DSCP1,1,
PMC4016702,1,
PMC2902243,1,
446X,1,
PRKAA1,1,
NCT04098666,1,
NCT03861767,1,
CSTU,1,Epidemiological Studies Unit
SLAY,1,
BEIS,1,Energy and Industrial Strategy
Z18,1,
MRCIEU,1,
PMC5709209,1,
PMC5552828,1,
PMC7896249,1,
PMC5711966,1,
PMC7306131,1,
ICK,1,
PMC5709222,1,
PMC4074244,1,
PMC10011140,1,
PMC5974083,1,
D930,1,
PMC6323927,1,
PMC3304531,1,
PMC7610958,1,
PMC5837715,1,
PMC7190426,1,
CAROLINA,1,
COGNITION,1,
PMC8099814,1,
TOMMORROW,1,s disease
PMC6434515,1,
PMC6479226,1,
PMC3114823,1,
PAARC,1,
PMC1741053,1,
PMC2569090,1,
PMC7681614,1,
PMC1746548,1,
PMC1803768,1,
PMC3960483,1,
ARPKD,1,
PMC2756388,1,
H1031,1,
PMC3311458,1,
PMC8412038,1,
PMC3789583,1,
PMC8673097,1,
PMC3959634,1,
PMC3136362,1,
PMC2663827,1,
PMC3279936,1,
PMC3567080,1,
PMC6048599,1,
PMC9011362,1,
PMC3028347,1,
NASPGHAN,1,
NACHRI,1,
PMC3375915,1,
PMC5690584,1,
BBC,1,
SP4,1,
PMC4234111,1,
PMC3717603,1,
PMC4423790,1,
PMC2758325,1,
PMC2849283,1,
RUN,1,
DMC,1,
PMC3209709,1,
PMC4325666,1,
PMC4499000,1,
PMC3858622,1,
PMC3690820,1,
PMC8367475,1,
PMC2811584,1,
PMC3028593,1,
PMC5086094,1,
PMC4648228,1,
PMC4929170,1,
PMC4335693,1,
PMC5507159,1,
PMC6571077,1,
PMC7977408,1,
PMC5361411,1,
PMC7038071,1,
MYTHIC,1,
CODA,1,
HT8,1,
TECHNOLOGIES,1,
HISTOS,1,
AURIGA,1,
PMC5740755,1,
PMC1552007,1,
PMC6479379,1,
PMC3587996,1,
PMC5977416,1,
PMC1009018,1,
DARU,1,
PMC1849948,1,
PMC3045404,1,
S0162,1,
PMC3073979,1,
PMC4372666,1,
PMC6446054,1,
PMC5598235,1,
PMC4613324,1,
AFZEL,1,
PMC11929527,1,
MED00170,1,
MED00460,1,
PMC13093572,1,
E2220162,1,
PMC8908230,1,
G9,1,
G24,1,
PMC4676441,1,
PMC7503359,1,
IMCU,1,n Multidisciplinar en Cuidados
DOCM,1,
PMC6902249,1,
JCI24531,1,
S233554,1,
PMC6914658,1,
CD007145,1,
PMC9428894,1,
PMC6950602,1,
PMC6527310,1,
PMC7018786,1,
CD009021,1,
PMC11534277,1,
S0718,1,
H08,1,
PMC3897959,1,
PMC4418021,1,
LINDA,1,
PMC10552437,1,
ITPW,1,
PTW,1,
PMC7724636,1,
PMC4123233,1,
S157,1,
PMC9810476,1,
PMC7293792,1,
F355,1,
F363,1,
PMC7338581,1,
EHM,1,
KCB,1,
CKH,1,
PMC9241106,1,
S196293,1,
PMC6509937,1,
PMC4778958,1,
PMC9856417,1,
ZODIAC,1,
PMC2828830,1,
PMC2732996,1,
PMC5318155,1,
PMC8590792,1,
FMM,1,
PMC10469096,1,
PMC6104260,1,
PMC7519473,1,
PMC9500553,1,
PMC9698961,1,
PMC8409834,1,
PMC7372047,1,
PMC5058977,1,
PMC10871577,1,
B324,1,
B325,1,
RFS12,1,
ZYJC18009,1,Project for Disciplines of Excellence
PMC9206049,1,
PMC7519961,1,
PMC4115487,1,
PMC6854787,1,
PMC6788015,1,
PMC1920534,1,
PMC7882390,1,
PMC9725180,1,
PMC9931075,1,
PMC10101834,1,
PMC7113050,1,
PMC6006101,1,
PMC7733294,1,
PMC7856530,1,
PMC9378574,1,
PMC5721037,1,
PMC9777177,1,
PMC3896765,1,
PMC11163696,1,
PMC8256910,1,
PMC7144598,1,
PMC7456786,1,
PMC7295861,1,
PMC7831720,1,
PMC7925389,1,
PMC8845466,1,
PMC7499501,1,
PMC8336996,1,
41H,1,
45H,1,
PMC7269015,1,
PMC8586903,1,
PMC7433415,1,
PMC7884247,1,
PMC7194648,1,
PMC8186126,1,
PMC7314209,1,
PMC8971059,1,
PMC8783979,1,
PMC8013547,1,
PMC7928982,1,
PMC8858218,1,
PMC8011346,1,
PMC7595287,1,
IMB,1,
HDU,1,
VLBW,1,very low birth weight
ELBW,1,and extremely low birth weight
PPW,1,
PMC6076583,1,
NW3,1,
4SR,1,
IAIM,1,
NHBPEP,1,
PMC6171203,1,
PMC3923649,1,
PMC3398179,1,
NJCA,1,
NPM,1,
PMC4498787,1,
ERACOL,1,
GJE,1,
PMC1372730,1,
PMC9905079,1,
Q33X,1,
S602L,1,
S440L,1,
TREM24,1,
OQFE,1,
UKB50K,1,
CADD39,1,
R41,1,
VICI,1,
IEJ,1,
PMC1683100,1,
PMC6375806,1,
PMC7484092,1,
PMC4546546,1,
PMC7896636,1,
PMC4211559,1,
PMC9729101,1,
PMC5567154,1,
PMC3415556,1,
PMC4707969,1,
PMC5669039,1,
PMC5299056,1,
PMC4189899,1,
PMC7689298,1,
PMC6043775,1,
PMC8572160,1,
PMC7759458,1,
PMC5065685,1,
PMC8596853,1,
PMC6301329,1,
D886,1,
D894,1,
PMC6323892,1,
PMC9453102,1,
569X,1,
UMA,1,
PMC5124234,1,
PMC5858363,1,
TM81,1,
PMC4331591,1,
PMC4476735,1,
PMC6688122,1,
JTTZ,1,
PMC5902070,1,
PMC2809074,1,
CCSPS,1,diabetes from China coronary secondary prevention study
PQS,1,
PMC4515518,1,
PMC8592925,1,
PMC8668333,1,
PMC8519714,1,
PMC10179038,1,
ROUT,1,
OFFGEL,1,
CXP,1,and collision cell exit potential
FINC,1,
PCYOX,1,
SAA4,1,
AGP1,1,
EHVAHLLFLR,1,
GFEPTLEALFGK,1,
TPDVSSALDK,1,
FALLGDFFR,1,
WLPSSSPVTGYR,1,
LFLSYDYAVK,1,
EALQGVGDMGR,1,
EGYYGYTGAFR,1,
SQFEGFVK,1,
AVIDDAFAR,1,
IANVFTNAFR,1,
PMC6512115,1,
PMC8156776,1,
PMC5329082,1,
PMC8843950,1,
PMC5907605,1,
PMC8060883,1,
PMC7793727,1,
CJEM,1,
PMC5528535,1,
PMC4705754,1,
PMC7317428,1,
PMC3071619,1,
PMC6769001,1,
PMC3667973,1,
E652,1,
E661,1,
PMC3813945,1,
PMC5666832,1,
PMC5064763,1,
PMC5338597,1,
PMC3695953,1,
PMC8719990,1,
PMC10578575,1,
CIBIN,1,
17533ABO,1,
PARITY,1,
PMC5740094,1,
PMC4525008,1,
HMA,1,
TEF,1,
PMC4265994,1,
PMC3595629,1,
PMC10476850,1,
E3N,1,
PMC7665933,1,
PMC2850624,1,
PMC2362067,1,
PMC3147250,1,
S92294,1,
PMC4621172,1,
PMC9256971,1,
PMC9776030,1,
PMC8121599,1,
PMC10145909,1,
PMC10165833,1,
PMC8785509,1,
PMC9252059,1,
PMC5937518,1,
PMC12868036,1,
UMSS,1,
DESC,1,
SGRQ,1,
SQLI,1,
STAI,1,
CD012537,1,
PMC11908747,1,
2025RW1193,1,
266X,1,
762X,1,
CUTANEOUS,1,
UVA,1,
SKIN,1,
PMC10725812,1,
PMC7282127,1,
PMC6444334,1,
PMC2948972,1,
PMC9832856,1,
AJCR,1,
PMC5776741,1,
PMC4786242,1,
PMC2802364,1,
PMC8101242,1,
PMC10537468,1,
COMISAIR,1,
PMC8258506,1,
S264,1,
PMC6011799,1,
PMC10723802,1,
PMC6977405,1,
PMC2858204,1,
PMC9885545,1,
PMC3622669,1,
PMC6857565,1,
PMC5763940,1,
PMC11093484,1,
HWANG73,1,
FLARE,1,
PEG39,1,
HPAEC1,1,
B703,1,
R01CA280968,1,
PMC9742616,1,
PMC6462673,1,
KKY,1,
PMC3568187,1,
PMC5400565,1,
S528,1,
S537,1,
PMC4128907,1,
PMC8428668,1,
PMC6462684,1,
PMC5803139,1,
S1168,1,
PMC5949387,1,
S1147,1,
PMC4644113,1,
PMC10175134,1,
PMC2706783,1,
PMC3439161,1,
PMC4684479,1,
PMC3043335,1,
PMC2936830,1,
9574LSF,1,
PMC4982771,1,
PMC5469482,1,
PMC5933623,1,
PMC10959252,1,
PMC7819920,1,
PMC3128676,1,
S738,1,
PMC5179356,1,
PMC4038751,1,
PMC7976573,1,
PMC8287542,1,
PMC5691402,1,
PMC5677616,1,
M50,1,
M51,1,
MISTI,1,
SENDA,1,
PMC6486282,1,
SAPALDIA,1,
PMC4358818,1,
PMC4679921,1,
PMC2871198,1,
SINCA,1,n Nacional de Calidad del Aire
PMC3047543,1,
PMC2040364,1,
PMC2967202,1,
PMC3671962,1,
PMC3530376,1,
PMC2951939,1,
PMC404491,1,
NBK44324,1,
PMC3919809,1,
PMC3185318,1,
PMC3845049,1,
PMC3553094,1,
PMC5331721,1,
KNC8,1,
PMC3558465,1,
PMC3526495,1,
PMC3846574,1,
PMC3445691,1,
IDFGD,1,
PMC4442608,1,
BF02599711,1,
PMC2394644,1,
PMC28155,1,
PMC3546905,1,
PMC3304407,1,
PMC10711082,1,
RGZ,1,
ADAMTS9,1,
COBLL1,1,
ZFC,1,
ZCC,1,
PMC6043402,1,
PMC7186854,1,
PMC8247507,1,
PMC4036209,1,
PMC4778392,1,
PMC5717805,1,
PMC8499698,1,
PMC3161304,1,
PMC2585540,1,
NEGR1,1,
SEC16B,1,
TMEM18,1,
DGKG,1,
GNPDA2,1,
LIN7C,1,
FAIM2,1,
SH2B1,1,
KCTD15,1,
BCAMS,1,
PMC8275890,1,
PMC5570525,1,
PMC7116747,1,
PMC7544135,1,
PMC4260795,1,
PMC6245212,1,
PMC2760963,1,
PMC3047456,1,
PMC9554749,1,
PMC5826763,1,
PMC5911788,1,
PMC3873112,1,
PMC6812615,1,
PMC2850526,1,
PMC6142386,1,
PMC2663557,1,
T9,1,
T13,1,
T14,1,
T15,1,
T16,1,
T17,1,
T18,1,
T19,1,
T20,1,
T21,1,
T22,1,
T23,1,
T24,1,
T25,1,
T26,1,
T27,1,
T28,1,
T30,1,
C13,1,
LAL,1,endotoxin concentration was measured with Limulus Amebocyte Lysate
A405,1,
CELLECTRA,1,
PVC,1,
PMC10438338,1,
55S,1,
62S,1,
PMC2594167,1,
PMC2706146,1,
PMC2100434,1,
BF03344122,1,
CEASOR,1,
PMC1805051,1,
PMC2093927,1,
169X,1,
E224,1,
E231,1,
PMC4317294,1,
PMC1742767,1,
PMC4668678,1,
2000ST,1,
V350,1,
SCAN,1,
FL1,1,
075B,1,
HCY,1,
HWC,1,
HCW,1,
HCK,1,
CKJ,1,
LPT,1,
ASCJ,1,
FWK,1,
F1626,1,
PMC4393722,1,
PMC3495114,1,
PMC3378606,1,
CS20120644,1,
PTLH,1,
CXCR7,1,
PMC2271008,1,
PMC3799579,1,
YIN,1,
NTMH,1,
PMC3136351,1,
JPAH,1,
CDJ,1,
VSTG,1,
PMC5378495,1,
PMC10800050,1,
091X,1,
PMC10081363,1,
BMI23,1,
WHTR,1,
TW008358,1,
AG037031,1,
03S1,1,
PMC5348878,1,
PMC5329726,1,
PMC6249846,1,
PMC7336642,1,
PMC6208349,1,
PMC3648858,1,
PMC7219403,1,
PMC9078015,1,
CHIEF,1,
PMC9137347,1,
PMC8920809,1,
PMC8939084,1,
DAI,1,and dysfunctional adiposity index
PMC8582804,1,
PMC10111650,1,
PMC9672518,1,
PMC9756661,1,
PMC8960385,1,
PMC9188105,1,
NMK,1,
PMC8643546,1,
PMC8590771,1,
PMC5131270,1,
PMC9329673,1,
PMC5892460,1,
PMC9659876,1,
PMC5591153,1,
PMC8960742,1,
PMC10380655,1,
930X,1,
MT2,1,
MT3,1,
MTNR1C,1,
MNTR1B,1,
PMC10054309,1,
PMC9527780,1,
ERHM,1,
PMC9854223,1,
APCSB,1,
PMC9737286,1,
PMC8773381,1,
PMC3280008,1,
PMC7250006,1,
PMC7943438,1,
PMC6205410,1,
PMC7440907,1,
PMC3507617,1,
PMC7201093,1,
PMC8025154,1,
PMC6941092,1,
PMC6779516,1,
PMC7003850,1,
PMC6119081,1,
PMC4878414,1,
BIOPHA,1,
PMC6503061,1,
PMC6536290,1,
PMC6971490,1,
ARNTL,1,
PMC7074039,1,
PMC9706697,1,
PMC6082246,1,
PMC8151899,1,
SEEMEDJ,1,
V2I1,1,
NLIN,1,
PMC1748107,1,
PMC1060963,1,
PMC2127653,1,
PMC2865193,1,
SFP,1,
PMC3002182,1,
0294OC,1,
PMC3029938,1,
035MS,1,
31M,1,
C01,1,
PMC4351385,1,
PMC4128773,1,
PMC4463780,1,
PMC3946571,1,
PMC3317189,1,
PMC3622231,1,
PMC3640817,1,
ECRHS,1,
20REPORT,1,
20WP5,1,
20ECRHS,1,
20II,1,
ARTEMIS,1,
INRETS,1,
MOBILIZE,1,
PMC3498530,1,
PMC3722046,1,
PMC4128772,1,
PMC3622279,1,
PMC3237815,1,
PMC5764276,1,
SBIA,1,performed by the Section of Biomedical Image Analysis
PMC4116172,1,
PMC3985543,1,
PMC4118752,1,
PMC2528894,1,
PMC6741905,1,
PMC2752411,1,
PMC4427240,1,
PMC1820859,1,
PMC2778773,1,
PMC2244646,1,
PMC3586223,1,
PMC12651626,1,
402X,1,
933X,1,
AHEPA,1,
NEMEA,1,
PMC11120204,1,
PMC11624700,1,
PMC8447967,1,
PMC9874175,1,
PMC7881360,1,
PMC10685527,1,
PMC9908606,1,
PMC4983187,1,
PMC5488302,1,
S1885,1,
PMC10763308,1,
PMC9006201,1,
RRH1225,1,
0142159X,1,
PMC11311946,1,
SCEP,1,Community Engagement Programme
PMC11607921,1,
PMC3601402,1,
PMC4089658,1,
PMC4145236,1,
PMC12251322,1,
PMC5791063,1,
PMC8778233,1,
H3A,1,
0G4,1,
TLRC,1,Translational Lung Research Center Heidelberg
DZL,1,German Center for Lung Research
REML,1,
PMC6901703,1,
PMC7819251,1,
PMC5042029,1,
PMC5330848,1,
PMC2879460,1,
PMC3494470,1,
PMC2753443,1,
PMC5285443,1,
PMC2792717,1,
PMC6020240,1,
EDU,1,
RINCONH,1,
KRISHNG,1,
DJT,1,
SJH,1,
KJW,1,
IRB03,1,
HUM00073515,1,
071803MP2F,1,
JURO,1,
WJN,1,
PMC4419128,1,
F385,1,
F394,1,
PMC4868370,1,
PMC5297636,1,
PINCH,1,
F777,1,
F786,1,
EPPIC,1,
PMC4483576,1,
PMC4607953,1,
YAJKD,1,
PMC4123400,1,
PMC3918180,1,
ACJW,1,
PMC3530349,1,
PMC3139963,1,
PMC3982889,1,
PMC5460705,1,
MJG,1,
PMC3946885,1,
PMC3467213,1,
127S,1,
PMC4446357,1,
PMC4718100,1,
PMC3968638,1,
PMC3816871,1,
PMC8928469,1,
PMC5015255,1,
PMC3907022,1,
JR005864,1,
NCBI37,1,
NCBIM37,1,
PBTB,1,
4G10,1,
GM079404,1,
PMC3547813,1,
PMC4063417,1,
PMC1442520,1,
PMC3162068,1,
BST0390933,1,
409X,1,
PMC3017511,1,
JCI44646,1,
PMC3069778,1,
JCI61135,1,
PMC3314470,1,
PMC3171729,1,
PMC3264491,1,
PMC6672417,1,
PMC3146043,1,
PMC45108,1,
PMC1974775,1,
PMC3233188,1,
PMC2892930,1,
PMC2726921,1,
PMC3192677,1,
PMC3915036,1,
HHM,1,
PMC2819742,1,
BF00220750,1,
BST20120080,1,
PMC3349985,1,
PMC10846277,1,
PMC4314950,1,
M111838200,1,
PMC6578706,1,
PMC1850219,1,
PMC86565,1,
PMC2944093,1,
PMC1854871,1,
PMC1277864,1,
DESIR,1,an Epidemiological Study on the Insulin Resistance Syndrome
PMC1492588,1,
A442,1,
A443,1,
PMC1257672,1,
PMC4048320,1,
PMC2956265,1,
PMC1459913,1,
PMC1392228,1,
PMC1867998,1,
PMC1757723,1,
PMC2556925,1,
PMC2567605,1,
PMC1448563,1,
PMC6128455,1,
20G,1,
AB039044,1,
CS2,1,
R102,1,
PMC4790413,1,
H655,1,
PMC4015109,1,
PMC5730114,1,
TPL,1,
ZAM,1,
S0012,1,
S0925,1,
PMC4340409,1,
PMC5107398,1,
PMC4691728,1,
PMC6083548,1,
PMC4597453,1,
PMC6015333,1,
PMC3559887,1,
B6SJLF1,1,
MGE,1,and medial
PMC5178822,1,
PMC2956420,1,
PMC2758233,1,
PMC5161452,1,
PMC5176356,1,
PMC3415310,1,
PMC3368596,1,
PMC34715,1,
PMC1941499,1,
PMC2690614,1,
PMC2780015,1,
PMC314187,1,
PMC3003688,1,
PMC3310485,1,
PMC2838375,1,
PMC2387254,1,
DR6,1,
PMC2677572,1,
PMC4603575,1,
M406240200,1,
PMC161361,1,
PMC3142110,1,
PMC4075422,1,
PMC2614307,1,
PMC5214460,1,
PMC10522728,1,
HART,1,X Healthy Aging Research and Technology
MP3,1,
MDASI,1,
PMC9062944,1,
PMC9327804,1,
PMC6660372,1,
PMC3493687,1,
PMC6637827,1,
PMC9976549,1,
PMC3562417,1,
EXPLORE,1,
PMC4912240,1,
PMC7604980,1,
PMC4437691,1,
PMC6620018,1,
PMC4457793,1,
PMC7648356,1,
PMC5784695,1,
PMC3893473,1,
PMC8112585,1,
PMC7168578,1,
PMC4270818,1,
PEDI,1,
PMC12017104,1,
V6H,1,
3V4,1,
V5Z,1,
4H4,1,
8L1,1,
1C5,1,
S7N,1,
5A2,1,
IWK,1,
B3H,1,
4R2,1,
3P4,1,
1X8,1,
BCCHR,1,
CIUSSS,1,
CHUS,1,
PMC2845028,1,
PMC26499,1,
PMC3357246,1,
PMC2928900,1,
S247,1,
PMC3357249,1,
S256,1,
2107C,1,
PMC4536582,1,
PMC5969249,1,
PMC7017961,1,
E313,1,
E320,1,
PMC5026530,1,
PMC3790621,1,
PMC3766323,1,
PMC3867996,1,
S253,1,
PMC9810473,1,
PMC3478667,1,
PMC3661836,1,
PMC4657618,1,
PMC6054504,1,
PMC6925576,1,
PMC3464369,1,
PMC6051541,1,
PMC7383720,1,
PMC3661847,1,
PMC3836093,1,
PMC10531143,1,
PMC3372443,1,
PMC8031106,1,
PMC10861176,1,
PMC4108512,1,
PMC4736703,1,
PMC6138894,1,
PMC8204226,1,
PMC6375606,1,
PMC6477648,1,
EHAB724,1,
PMC9365306,1,
PMC3691067,1,
PMC6720884,1,
PMC10102720,1,
PMC3610210,1,
PMC8649534,1,
S68544,1,
PMC4161522,1,
PMC8395801,1,
ORG,1,
B01AC06,1,
B01AC04,1,were prescribed other anti platelet medications including clopidogrel
B01AC05,1,
B01AC23,1,and cilostazole
BO1AA03,1,Thirty-four patients were on warfarin
BWY,1,
HI10C2020,1,Republic of Korea
PMC3025374,1,
PMC3072693,1,
PMC3272595,1,
PMC3618264,1,
AIPRD,1,
PMC3870204,1,
PMC3171942,1,
PMC4067039,1,
PMC4048617,1,
PMC10240811,1,
PUMC,1,and Peking Union Medical College
22PJ249,1,
NCT05543954,1,
EXM,1,
40X,1,
M22035,1,Beijing Natural Science Foundation
CD013829,1,
PMC9347663,1,
PMC4315183,1,
PMC3186439,1,
MDP,1,
PMC6785792,1,
PMC6126438,1,
PMC6581228,1,
PMC7413240,1,
PMC6424229,1,
PMC3086610,1,
PMC4679356,1,
PMC9576616,1,
PRGD2,1,
PMC5223097,1,
PMC9289292,1,
PMC10394316,1,
PMC3440681,1,
PMC5242342,1,
RM26,1,
PMC6076351,1,
PMC5817114,1,
PMC2895820,1,
3PEG,1,
PMC9157726,1,
PMC1501139,1,
PMC4016835,1,
T174,1,
OD260,1,
OD280,1,
UGC,1,work was supported by the University Grant Commission
PMC8109873,1,
JCI117423,1,
PMC295169,1,
PMC3438648,1,
RDC,1,
PMC6807947,1,
PMC334765,1,
PMC21652,1,
PMC2656464,1,
JCLA6,1,
PMC6808148,1,
PMC3860599,1,
BVKS,1,
205S,1,
213S,1,
20C,1,
18C,1,
PMC1767035,1,
PMC2908179,1,
MADH,1,
PMC4829998,1,
LRRI,1,
45CFR46,1,
MATCHTM,1,
MERLIN,1,
ES015262,1,
FG02,1,
09ER64783,1,
CA118100,1,
R03CA167727,1,was supported by an NCI award
PMC2590464,1,
PMC3530374,1,
PMC2851818,1,
JCI44796,1,
PMC3104747,1,
JCI2629,1,
PMC508984,1,
JCI31871,1,
PMC2096430,1,
PMC2859187,1,
PMC3022629,1,
PMC169193,1,
174G,1,
PMC3271143,1,
AIRGENE,1,
PMC2737012,1,
PMC1381059,1,
PMC3058282,1,
TM003,1,
PMC4102645,1,
CNCR8,1,
PMC3078195,1,
M000379200,1,
W600,1,
W605,1,
PMC9075491,1,
JAH37312,1,
P30DK114857,1,
PMC3039603,1,
PMC5180446,1,
PMC4629217,1,
TWH,1,
PMC3650458,1,
PMC373520,1,
PMC8378801,1,
PMC5742074,1,
PMC6218820,1,
PMC3672330,1,
PMC4169583,1,
1047322X,1,
PMC4148074,1,
F130,1,
F137,1,
PMC2909765,1,
PMC11047796,1,
PMC3959826,1,
PMC2668773,1,
H747,1,
PMC5784550,1,
PMC5464539,1,
518X,1,
IUOPA,1,a del Principado de Asturias
CIBERESP,1,
CA6367,1,
CA63673,1,
SEGP,1,along with the standard error
TRICL,1,
ILCCO,1,
SEGD2,1,
PMC2878097,1,
PMC3734257,1,
PMC4914330,1,
PMC4780226,1,
GYF,1,
PMC5929107,1,
CHRNB4,1,
PMC3235017,1,
PMC4256159,1,
PMC4687951,1,
PMC4973233,1,
PMC6372135,1,
PMC4516908,1,
PMC4617611,1,
PMC4382211,1,
PMC4338562,1,
PMC9136713,1,
PMC3433394,1,
PMC5510465,1,
PMC3607485,1,
PMC5446088,1,
PMC2914600,1,
PMC3476894,1,
PMC4572886,1,
PMC5721813,1,
PMC3164150,1,
PMC9055740,1,
QCX,1,
B2017167,1,
PMC4619482,1,
PMC3308296,1,
JMM,1,
PMC6319492,1,
GCO,1,
PMC8301673,1,
PMC7027660,1,
PMC8369032,1,
PMC8060540,1,
PMC3192872,1,
PMC7795887,1,
PMC4866499,1,
PMC12244252,1,
MAGZ,1,
PMC2923378,1,
PMC6406570,1,
PMC6968975,1,
PMC7912442,1,
PMC8879663,1,
PMC6559114,1,
PMC8839619,1,
PMC9889557,1,
PMC3546377,1,
PMC9660218,1,
PMC6356710,1,
PMC6489401,1,
PMC10709477,1,
PMC4219896,1,
CEN,1,
PMC6361089,1,
PMC5926493,1,
PMC7784187,1,
PMC9065397,1,
PMC6110332,1,
PMC6683096,1,
PMC8108907,1,
501S,1,
616X,1,
PMC13036687,1,
Z0030,1,
K20250411,1,
CT750,1,
PMC10774141,1,
PMC11871705,1,
PMC11893343,1,
PMC11033399,1,
PMC5848815,1,
PMC10199215,1,
PMC12456192,1,
PMC10843049,1,
PMC10944788,1,
PMC10067783,1,
PMC6903756,1,
SWEDEN,1,
CAMELLIA,1,
PMC6661119,1,
SJA,1,
PMC6583513,1,
TSJ,1,
PMC3612072,1,
PMC3235986,1,
S206981,1,
PMC6683169,1,
PMC4639420,1,
PMC6173866,1,
MEDI0382,1,
PMC6047309,1,
PMC5489501,1,
DIAGNOSTIC,1,
PMC6288600,1,
PMC5010396,1,
1V2,1,
MISR,1,
GEOS,1,
CTM,1,
CAAQS,1,
NAAQS,1,
CRT43823,1,
MOP133463,1,
PMC1860727,1,
PMC3984213,1,
PMC3701997,1,
PMC3326581,1,
PMC3346774,1,
PMC2721866,1,
PMC3679821,1,
PMC3053408,1,
PMC2974694,1,
PMC4345419,1,
PMC3080924,1,
1698OC,1,
PMC2718454,1,
PMC3640199,1,
PMC4314252,1,
PMC11975859,1,
QN2023055,1,
QN2022030,1,
MSZ2024089,1,
WOSCC,1,
GUTS,1,the growing up today study
PMC11609014,1,
PMC3971384,1,
PMC11791080,1,
ANNALS,1,
PMC4264924,1,
ZFR,1,
PMC11255577,1,
JJCSV,1,
PMC3040999,1,
PMC10291605,1,
PMC10171967,1,
PMC6817813,1,
EHC,1,
PMC3514688,1,
PMC6933152,1,
PMC9513221,1,
PMC3021513,1,
PMC4506411,1,
PMC3345541,1,
PMC3569689,1,
PMC3988259,1,
PMC7534536,1,
PMC7402228,1,
PMC8564773,1,
PMC8751854,1,
PMC11068573,1,
CRTC2,1,
PMC10435389,1,
PMC6047317,1,
PMC10954893,1,
PMC7471100,1,
PMC10851844,1,
PMC10773077,1,
PMC11242244,1,
PMC5689452,1,
JCI170998,1,
PMC11245155,1,
PMC12352845,1,
AM1924,1,
HPRT1,1,
36B4,1,
A32965,1,
MA527570,1,
IL33,1,
PMC9271575,1,
PMC9449267,1,
PMC7542610,1,
PMC7439947,1,
PMC7652785,1,
PMC2190033,1,
GPR119,1,
PMC2751869,1,
PMC9988888,1,
PMC9640911,1,
PMC7050025,1,
PMC7023045,1,
B52,1,
PMC3389491,1,
PMC7535914,1,
PMC8234911,1,
GML,1,
PMC8098393,1,
PMC5854685,1,
BAQ,1,
PMC6232815,1,
PNS2002146,1,
PMC9774459,1,
S9352,1,
PMC3359050,1,
PMC8389325,1,
PMC3811078,1,
PMC7641267,1,
PMC9141153,1,
PMC8446835,1,
PMC3102548,1,
PMC2189818,1,
NTO,1,
PMC7796924,1,
PMC7150944,1,
CBDV,1,
THCV,1,
PMC5247568,1,
PMC3230631,1,
PMC5438786,1,
PMC2219532,1,
PMC8433814,1,
PMC4885828,1,
PMC5075023,1,
PMC8854262,1,
PMC2228254,1,
PMC2682269,1,
PMC3388241,1,
8RZ,1,
XVI,1,
XVII,1,
BEST,1,
HARMONY,1,
EXSCEL,1,
PMC4215191,1,
DWM,1,
PMC3877433,1,
PMC2789475,1,
PMC3823759,1,
PMC5805120,1,
PMC11410575,1,
PMC10305862,1,
HEARTS,1,
PMC10305930,1,
PMC7583064,1,
PMC3145836,1,
STAAB,1,
PMC5669014,1,
PMC8957212,1,
PMC10243231,1,
PMC8006904,1,
PMC8109711,1,
NPHCE,1,
HSPH,1,Chan School of public health
PMC7025029,1,
PMC9036467,1,
PMC10560824,1,
AHME,1,
PMC7371224,1,
PMC6007838,1,
PMC10421976,1,
PMC9731046,1,
KMM,1,
GYTS,1,
PMC5673683,1,
PMC9582631,1,
PMC10475607,1,
PMC4889076,1,
SEQUENCING,1,
STRATEGY,1,
MALE,1,
MEAN,1,
RANGE,1,
MRE09,1,
Q2404,1,
CASAVA,1,
POLYPHEN,1,
PVAL,1,
C416T,1,
C2747T,1,
C80T,1,
G808A,1,
A6194T,1,
A737C,1,
N246T,1,
G13471C,1,
D4491H,1,
G749A,1,
R250H,1,
G842A,1,
R281Q,1,
G32C,1,
G2299A,1,
E767K,1,
A7C,1,
T3P,1,
G8591A,1,
R2864H,1,
C7896A,1,
D2632E,1,
PGRN,1,
VPS10,1,
MUTATION,1,
TASTER,1,
POLYPHEN2,1,
PMC3365264,1,
E318G,1,
PMC3750021,1,
PMC4236585,1,
PMC8095507,1,
PMC2723002,1,
PMC2657343,1,
PMC2930090,1,
PMC6672232,1,
PMC8094645,1,
PMC2797262,1,
M104068200,1,
M508460200,1,
PMC2409196,1,
PMC1224625,1,
PMC2638122,1,
PMC2639214,1,
PMC4367199,1,
PMC3508699,1,
PMC2844092,1,
PMC4166351,1,
PMC3084787,1,
PMC7296682,1,
PMC7359592,1,
CSTRIDE,1,
LXZ,1,
MHZ,1,
PMC5222992,1,
BXZL,1,
PMC6420746,1,
PMC6245763,1,
PMC4220293,1,
PMC3641613,1,
PMC6736754,1,
PMC6140571,1,
PMC6127437,1,
MEDICE,1,
ORN,1,through the Ontario Renal Network
NRCT,1,and the National Research Council of Thailand
CCRN,1,via the Comprehensive Clinical Research Network
DJR,1,
LLH,1,
F844,1,
E26,1,
ADABAS,1,
NSII,1,
PMC3781481,1,
PMC3811792,1,
PMC3324721,1,
E663,1,
PMC3974352,1,
F1087,1,
FF108,1,
PMC3357240,1,
PMC6309655,1,
PMC5121106,1,
CATHAY,1,
CNP71643,1,
JCI110067,1,
PMC370600,1,
PMC11340942,1,
POLAND,1,
G20,1,
GUIDELINE,1,
PMC2213889,1,
PMC7851758,1,
PMC9669185,1,
JCI145112,1,
PMC8159680,1,
BF03323925,1,
ICICLE,1,
PMC3478067,1,
PMC4412158,1,
PMC2720445,1,
PMC3271813,1,
PMC3839512,1,
PMC3070495,1,
EQUATOR,1,
PMC6311367,1,
PMC9668925,1,
129S7,1,
DCFDA,1,
MX550D,1,
X488,1,
S2N,1,
05G,1,
HGFIE,1,
WTA,1,
CXCL4,1,
IVM,1,
MOTIVATE,1,
PMC3524090,1,
TH13,1,
PMC2720568,1,
EIJV9I12A244,1,
PMC6830908,1,
MBM,1,
4MR0620,1,
701R,1,
PMC3567335,1,
PMC5337829,1,
PMC6178087,1,
PMC41357,1,
JCI26987,1,
PMC1297262,1,
PMC2657037,1,
IX92,1,
IX95,1,
PMC8593642,1,
V88,1,
PADGEM,1,
FWG,1,
JCJ,1,
H98,1,
PMC5551582,1,
V92,1,
PMC8787128,1,
PMC6370531,1,
PMC4592324,1,
V91,1,
JCI5183,1,
PMC408121,1,
PMC6562336,1,
PMC8100938,1,
PMC8325311,1,
TH14,1,
PMC5477519,1,
JCI118575,1,
PMC507213,1,
JCI117921,1,
PMC295843,1,
PMC6653445,1,
PMC4863763,1,
PMC9038723,1,
CVD18,1,
MI22,1,
UKB24,1,
SOCIABILITY,1,
WARMTH,1,
DILIGENCE,1,
CURIOSITY,1,
NERVOUSNESS,1,
I24,1,
418MA,1,
MI15,1,
CVD43,1,
MI46,1,
S471,1,
S477,1,
PMC6310178,1,
PMC2464619,1,
PMC7189712,1,
PMC1994437,1,
PMC5903548,1,
PMC6283315,1,
PMC8225943,1,
PROT,1,
PMC5463031,1,
PMC7758739,1,
PMC3839907,1,
CADM2,1,
PMC6195860,1,
PMC4447572,1,
PMC2968721,1,
PMC6153564,1,
PMC3196269,1,
PMC7026032,1,
PMC3172237,1,
CHD2,1,
CHD7,1,
CHD8,1,
PEI,1,
T8660,1,
A301,1,
281A,1,
MWCO,1,
SWI2,1,
SNF2,1,
NT2,1,
EL4,1,
BROAD,1,
NGFPATHWAY,1,
COMMITMENT,1,
BEHAVIORAL,1,
FEAR,1,
DIFFERENTION,1,
SYNAPSE,1,
ORGANIZATION,1,
BIOGENESIS,1,
PROJECTION,1,
NEURITE,1,
FOREBRAIN,1,
DIVISION,1,
PROGRESSION,1,
CYCLE,1,
DEPENDENT,1,
PROSITE,1,
Z01AG000378,1,
PMC2980353,1,
PMC2483574,1,
PMC3012925,1,
PMC2770510,1,
PMC2570601,1,
PMC2564952,1,
PMC2714968,1,
PMC2737306,1,
PMC2992029,1,
PMC1899158,1,
PMC2276655,1,
PMC3060774,1,
NURD,1,
PMC2708696,1,
FOG,1,
PMC2824460,1,
PMC2891439,1,
PMC2570622,1,
NURF,1,
PMC3034902,1,
PMC3109908,1,
PMC2756292,1,
PMC2674110,1,
PMC2925045,1,
PMC3498958,1,
GRIP,1,
PMC6569923,1,
PMC1913536,1,
PMC2593447,1,
TRF2,1,
PMC2576494,1,
PMC3163777,1,
PMC137585,1,
R72,1,
PMC1929142,1,
PMC2633529,1,
PMC9714776,1,
SKALIM,1,
GM109,1,
161696DS1,1,
TSQ,1,
AQP1,1,
F1019,1,
I0519,1,
B1219,1,
F7387,1,
C0521,1,
J1119,1,
RR024131,1,
RR00080,1,
RR00071,1,
M0100032,1,
RR11145,1,
RR00827,1,
RR00052,1,
2P20,1,
RR11104,1,
RR029887,1,
DK057867,1,
DK048689,1,
PMC7366187,1,
JCI104713,1,
PMC289275,1,
S166,1,
PMC8667593,1,
PMC4552739,1,
PMC6364529,1,
PMC6646882,1,
PMC1380284,1,
PMC3968507,1,
PMC8455058,1,
PMC5727198,1,
PMC3817911,1,
PMC4449819,1,
PMC5053789,1,
PMC8719615,1,
PMC3636787,1,
PMC6086711,1,
PMC7191931,1,
PMC8545710,1,
PMC8021115,1,
PMC7792648,1,
PMC5042670,1,
PMC8485904,1,
PMC2938597,1,
PMC4801134,1,
PMC6419293,1,
PMC8045338,1,
PMC3538157,1,
PMC3551777,1,
BJH,1,
PMC3901083,1,
PMC4330073,1,
PMC6132728,1,
311X,1,
PMC13224957,1,
311XPT163525,1,
897X,1,
DCNT,1,
ACMGN,1,
TMR,1,
PMC4673801,1,
S006,1,
PMC5241768,1,
PMC10609647,1,
PMC5864101,1,
PMC6222943,1,
PMC6971785,1,
PMC9526092,1,
PMC5483426,1,
PMC6031009,1,
PMC9908056,1,
PMC2753305,1,
PMC11729769,1,
GVA,1,
924120916X,1,
FSA,1,
PMC4767439,1,
PMC11581819,1,
PMC4365017,1,
PMC6079498,1,
PMC4206363,1,
PMC4028702,1,
PMC10804902,1,
PMC4499642,1,
PMC3625244,1,
PMC7509947,1,
PMC5206435,1,
PMC6324382,1,
NCT01624909,1,
PMC2741513,1,
TRANSLATE,1,
PMC6003623,1,
PMC2944344,1,
PMC4797546,1,
SIAM,1,
PMC5131926,1,
W73,1,
PMC4771977,1,
PMC4144381,1,
S0733,1,
PMC4579927,1,
PMC4657729,1,
PMC5721858,1,
PMC3765149,1,
PMC4042316,1,
PMC5015406,1,
FGJH,1,
PMC6801437,1,
CH3CN,1,
LA2017282,1,
U1603128,1,
PMC4940055,1,
S0254,1,
PMC5291210,1,
PMC3438763,1,
PMC6273632,1,
PMC5350716,1,
PMC11260076,1,
TSRI,1,funded by the Thailand Science Research and Innovation
KLVF,1,
Q71HJ6,1,
B4DFF6,1,
FLJ57264,1,
Q54A46,1,
Q6FGG5,1,
B4DFG1,1,
B4DFJ7,1,
Q9B2U4,1,
B5TZ82,1,
Q8IWL8,1,
Q4VFD5,1,
B5TZ79,1,
C9E0F1,1,
B4DFF2,1,
C8CJL5,1,
Q9Y5Z0,1,
Q5RLM1,1,
Q9BXQ0,1,
Q96I26,1,
C0LJA7,1,
B4DFJ2,1,
FAM35A,1,
B7Z1X7,1,
FLJ59017,1,
RPRTRLHTHRNR,1,
JPST002316,1,
PXD045244,1,
PMC5595746,1,
PMC4261873,1,
PMC5341572,1,
TMP21,1,
PMC7178415,1,
RC3,1,
BF02740632,1,
PMC9334157,1,
PMC413569,1,
BCJ20200290,1,
PMC7293109,1,
PMC10578497,1,
PMC2614331,1,
PMC7550645,1,
PMC8830262,1,
PMC8838555,1,
PMC2774257,1,
PMC8385523,1,
PMC2675194,1,
9H,1,
PMC10352931,1,
PMC11075139,1,
PMC9496455,1,
B92,1,
PMC9693426,1,
PMC4465115,1,
PMC3779177,1,
HIT,1,
NSRIF,1,
PMC2766273,1,
S1173,1,
PMC2677513,1,
PMC2830808,1,
PXK,1,
PMC13143615,1,
2019B0202001,1,
NUTRIC,1,
L518,1,
PMC7381468,1,
PMC7796016,1,
LDJ,1,
PMC10617629,1,
PMC11046830,1,
PMC8201689,1,
CONUT,1,and controlling nutritional status
PMC10480717,1,
PMC11682890,1,
PMC10355056,1,
PMC10401046,1,
PMC11746047,1,
PMC8928659,1,
PMC11953244,1,
PMC8316173,1,
PMC12086549,1,
PMC7884680,1,
S472917,1,
PMC11318610,1,
PMC10632111,1,
PMC8912694,1,
PMC7457672,1,
PMC9598505,1,
1197TR,1,
PMC8886946,1,
PMC11002609,1,
PMC7358556,1,
PMC10132150,1,
PMC9174537,1,
PMC12074028,1,
PMC9832433,1,
B2101075,1,
PMC9198233,1,
S486224,1,
PMC11568769,1,
PMC10629175,1,
PMC11817186,1,
PMC8233182,1,
PMC9030615,1,
PMC11717531,1,
PMC10475205,1,
PMC7284998,1,
PMC7084712,1,
PMC11476093,1,
PMC10284735,1,
PMC11725668,1,
PMC12398266,1,
PMC6166969,1,
BMWF,1,
15T,1,
671NR,1,
DP72,1,
RGE,1,
PMC4671335,1,
PMC4320644,1,
PMC2690395,1,
PMC3633431,1,
PMC5253190,1,
PMC3968073,1,
PMC2219302,1,
PMC3361592,1,
PMC5426652,1,
PMC3229031,1,
PMC4160312,1,
JCI110137,1,
PMC370684,1,
V4101814,1,
PMC4010180,1,
R969,1,
R977,1,
PMC3840320,1,
PMC3899559,1,
PMC5316848,1,
S63898,1,
PMC4070857,1,
PMC4580066,1,
R235,1,
H1117,1,
H1127,1,
S103298,1,
PMC4854309,1,
PMC4921271,1,
PMC4631349,1,
PMC4780701,1,
U258,1,National Institute of Health and Medical Research
UKCRC,1,
CJG,1,
KDT,1,
EJB,1,
DJS,1,
MKJ,1,
FINRISK,1,
HABC,1,
SNX7,1,
SNPID,1,
ZC3HC1,1,
MRPS6,1,
WDR12,1,
MORF4L1,1,
PPAP2B,1,
KIAA1462,1,
GUCY1A3,1,
IL6R,1,
KIAA1822,1,
PLG,1,
SLC22A4,1,
RAI1,1,
SMG6,1,
CNNM2,1,
BUD13,1,
ANKS1A,1,
TAF1A,1,
GPR22,1,
PMC2723948,1,
BF00145007,1,
PMC3168750,1,
PMC3176830,1,
PMC4821877,1,
PMC3653306,1,
PMC4035794,1,
PMC4126747,1,
PMC3101633,1,
PMC11462739,1,
NFHS,1,
MIHM,1,
AWMD,1,
NCDIR,1,
PMC3249960,1,
PMC6166515,1,
PMC1089060,1,
PMC5746011,1,
PMC5114854,1,
PMC1594582,1,
ARAMIA,1,
VILANO,1,
NCT00319202,1,
CPKII,1,
QUICKI,1,
680B,1,
LPP,1,
NHLBINIH,1,
EXPERT,1,
KOWALSKA,1,
PROKOP,1,
TLEJKO,1,
KINALSKAL,1,
KOCHMAN,1,
MUSIAL,1,
RAMIREZ,1,
GARCIA,1,
VILLAROEL,1,
GFJ,1,
JCI118709,1,
PMC507347,1,
H1325,1,
19G,1,
26G,1,
C779,1,
C784,1,
PMC38019,1,
JCI200319774,1,
PMC297000,1,
103S,1,
115S,1,
JCI117809,1,
PMC441432,1,
L147,1,
L154,1,
PMC1429717,1,
PMC9942303,1,
KTSP,1,
PX3,1,
PMC4239429,1,
PMC3577111,1,
S322,1,
PMC153066,1,
PMC1989150,1,
PMC2797819,1,
PMC1987374,1,
PMC3223741,1,
AOAS738,1,
PMC6410198,1,
PMC6448994,1,
PMC4287945,1,
PMC7031402,1,
D608,1,
D617,1,
PMC5753273,1,
PMC3531200,1,
PMC3770000,1,
BF02532787,1,
PMC6075597,1,
PMC4579246,1,
NDN,1,
PMC3634915,1,
PMC1463158,1,
PMC2943225,1,
PMC1314197,1,
PMC3392078,1,
SYM,1,
PMC7118452,1,
JC04,1,
PMC4129273,1,
PMC3353213,1,
PMC2595004,1,
PMC3854617,1,
PMC129637,1,
PMC4240212,1,
IRJE,1,
PMC11835506,1,
IPEM,1,
PMC12951616,1,
NCT05356923,1,
IQI,1,
Y009932,1,
NIHR303306,1,is supported by an NIHR Doctoral Fellowship Award
1R01HL148787,1,
R35HL161195,1,and Blood Institute
SCRF,1,
PMC4800485,1,
PMC6894377,1,
PMC5589875,1,
PMC6752964,1,
PMC9936837,1,
PMC9553764,1,
PMC9454470,1,
PMC9852131,1,
PMC8249249,1,
PMC3383786,1,
PMC7954267,1,
PMC9553301,1,
PMC13078772,1,
PMC13078771,1,
PMC13078770,1,
PMC11149244,1,
PMC8396398,1,
PMC8763151,1,
PMC8428638,1,
PMC5651183,1,
PMC9565398,1,
PMC11483576,1,
KML,1,
CN108626,1,
DISCOVER,1,
PMC11868141,1,
JCI165654,1,
PMC9927939,1,
OJNV,1,
PMC5614644,1,
TRACTS,1,Center for Traumatic Brain Injury and Stress Disorders
B6796,1,
U01NS086659,1,
1RF1AG054156,1,
CCR1,1,
PLP,1,
LHE,1,hematoxylin and eosin
S460,1,
PMC3739428,1,
PMC5807097,1,
PMC5084333,1,
PMC4891281,1,
PMCPMC408388,1,
PMC408388,1,
PMCPMC408277,1,
PMC408277,1,
PMC3568380,1,
PMC3207972,1,
PMC2779142,1,
PMC4529282,1,
PMC4222856,1,
PMC3082446,1,
UNITE,1,
PMC4601147,1,
PMC3713446,1,
PMC4019619,1,
PMC2292479,1,
PMC2945234,1,
PMC2827877,1,
PMC2776269,1,
PMC2761710,1,
PMC2799633,1,
PMC493478,1,
PMC4489160,1,
PMC4867550,1,
PMC5172605,1,
PMC3268759,1,
PMC2736364,1,
PMC3323293,1,
PMC7964847,1,
PMC5192512,1,
PMC4833534,1,
PMC4529056,1,
PMC3009734,1,
JNP,1,
SFK,1,Src Family Kinases
NR2,1,
MS200,1,
PND5,1,
TOPO,1,
HIV1,1,
AG026379,1,
PMC2927852,1,
PMC6792645,1,
PMC2872912,1,
PMC1383521,1,
PMC2648957,1,
PMC4506165,1,
PMC1560359,1,
PMC84723,1,
PMC2120102,1,
NTR,1,
PMC2172613,1,
PMC2475799,1,
PMC6742299,1,
PMC6666215,1,
PMC23450,1,
PMC2734995,1,
PMC6672445,1,
PMC6561343,1,
PMC2753201,1,
PMC2840440,1,
BJ20060731,1,
PMC1698684,1,
PMC42005,1,
PMC6762375,1,
PMC2918901,1,
PMC3527905,1,
PMC2757419,1,
PMC2587166,1,
PMC2767332,1,
PMC6451770,1,
MBRN25,1,
HUNT26,1,
CVD8,1,
PMC3182143,1,
PMC4700825,1,
PMC3873841,1,
PMC2072042,1,
PMC4387871,1,
PMC5850169,1,
PMC5821431,1,
PMC6153555,1,
PMC6136445,1,
SIFF,1,Statens Institutt for folkehelse
LCV,1,
MSV,1,
PMC2956982,1,
PMC4555993,1,
PMC3341973,1,
PMC5706768,1,
PMC3508198,1,
PMC5523993,1,
PMC6015305,1,
PMC6938224,1,
PMC4202009,1,
PMC4889516,1,
PMC4547137,1,
PMC7828433,1,
IL18,1,
LKB,1,
LTF,1,
RETN,1,
ENPP2,1,
CHN1,1,
SERPINA12,1,
HNIF4A,1,
HINFP,1,
4I,1,
ADIPOR,1,
GSE136043,1,
GSE116959,1,
TSV,1,
FPK,1,
PAI1,1,
GENDER,1,
SMOKING,1,
PMC2099519,1,
PMC5987408,1,
PMC6440018,1,
PMC5014866,1,
PMC3424455,1,
PMC4435780,1,
PMC3805734,1,
PMC2945727,1,
PMC4747028,1,
PMC5584870,1,
PMC2925446,1,
M609798200,1,
PMC2923657,1,
PMC2967627,1,
PMC3105585,1,
PMC3361735,1,
PMC3318705,1,
PMC5777338,1,
PMC6893313,1,
PMC3742583,1,
E1261,1,
PMC3388067,1,
PMC7363861,1,
PMC5079241,1,
S197507,1,
PMC6503326,1,
PMC5824613,1,
PMC4992602,1,
PMC5850121,1,
PMC6701166,1,
PMC4758279,1,
PMC3208084,1,
ANECS,1,Australian National Endometrial Cancer Study Group
PMC4559752,1,
PMC6414252,1,
PMC2875844,1,
PMC6879672,1,
PMC6299935,1,
PMC5688663,1,
PMC12626506,1,
TISCH,1,
E576,1,
BLCA,1,
CESC,1,
CHOL,1,
DLBC,1,
ESCA,1,
KIRP,1,
LAML,1,
LGG,1,
MESO,1,
PCPG,1,
SKCM,1,
THYM,1,
UCEC,1,
UVM,1,
COADREAD,1,
AZD7762,1,
AZD8055,1,
UNC0638,1,
GSK1904529A,1,
CX3CL,1,
XCL,1,
XCR,1,
7K,1,
7J,1,
7Q,1,
EMTAB6149,1,cell types identified in the NSCLC single-cell dataset
PMC11992426,1,
109T,1,
E237G,1,
2A0421,1,
200R,1,
PMC9290968,1,
PMC2996906,1,
PMC10159887,1,
PMC5941698,1,
PMC11150364,1,
PMC11641820,1,
PMC12071042,1,
PMC9863279,1,
PMC10687892,1,
PMC10390740,1,
PMC12021760,1,
PMC11492473,1,
PMC10983046,1,
PMC10999884,1,
PMC3694348,1,
PMC7607869,1,
PMC11663944,1,
PMC10970385,1,
PMC9657840,1,
UCP1,1,
OXV,1,
PE3,1,
2010E,1,
MLT,1,
TYB,1,
FSQ,1,
P0010S,1,
ODY,1,
R0284,1,
PMC3097287,1,
PMC4855512,1,
PMC5157132,1,
PMC5737745,1,
CS20010039,1,
PMC3170816,1,
PMC6931942,1,
PMC6489946,1,
PMC10717578,1,
H910,1,
H921,1,
PMC4166749,1,
PMC3049501,1,
PMC4829404,1,
PMC3577529,1,
R582,1,
PMC4141235,1,
PMC3729014,1,
R1301,1,
R1310,1,
PMC2576098,1,
C654,1,
C664,1,
PMC2740394,1,
PMC4937430,1,
PMC5323221,1,
PMC3013529,1,
PMC2892032,1,
R730,1,
R737,1,
PMC4368857,1,
WIND,1,
PMC3741359,1,
PMC9005286,1,
MEDIS,1,
PMC4460175,1,
PMC5214940,1,
PMC7291029,1,
PMC2492729,1,
PMC5868513,1,
CIII,1,
PMC6064080,1,
CLARICOR,1,
PMC6015281,1,
PMC5599628,1,
PMC7037901,1,
E7,1,
PMC5797330,1,
PMC8600403,1,
PMC4848800,1,
TRIF,1,
TRAM,1,
PMC4307261,1,
PMC5216376,1,
PMC1856093,1,
PMC2744000,1,
PMC3009680,1,
PMC1809579,1,
PMC2705866,1,
PMC3591199,1,
PMC4578250,1,
PMC8060969,1,
N06AB,1,
PMC3669724,1,
PMC6309083,1,
PMC3707815,1,
PMC6454446,1,
PMC5417646,1,
PMC10852471,1,
PMC4772820,1,
PMC5956805,1,
PMC4171127,1,
PMC2742897,1,
REPOSI,1,
GIFA,1,
PMC5731183,1,
PMC6125780,1,
PMC5963953,1,
PMC5530485,1,
PMC4626373,1,
PMC3884743,1,
FHE,1,
PMC6021231,1,
PMC6174634,1,
PMC3633652,1,
PMC4414886,1,
PMC7469006,1,
17H0314,1,
20H02928,1,
93G,1,
PMC5256065,1,
PMC2661582,1,
E701,1,
E707,1,
PMC3321250,1,
PMC5998353,1,
PMC4457282,1,
PMC2909045,1,
PMC6314462,1,
PMC2571052,1,
PMC4316808,1,
PMC3161300,1,
PMC3488291,1,
PMC6515216,1,
PMC4052396,1,
PMC6387246,1,
PMC2883484,1,
PMC3016330,1,
PMC3816877,1,
PMC7039520,1,
PMC2721482,1,
PMC2925155,1,
PMC4383460,1,
PMC4670816,1,
PMC6335246,1,
PMC3052787,1,
PMC3668813,1,
PMC3850748,1,
PMC3973090,1,
PMC2013746,1,
PMC2278202,1,
PMC3151653,1,
PMC6681168,1,
PMC3558443,1,
PMC5135788,1,
PMC43887,1,
PMC4553099,1,
PMC6180139,1,
PMC6789135,1,
PMC2849681,1,
PMC4349792,1,
PMC4776260,1,
PMC6077812,1,
138C,1,
PMC6030862,1,
PMC5463325,1,
PMC7171129,1,
PMC6818003,1,
PMC6167754,1,
PMC2287379,1,
PMC4158265,1,
S635,1,
S653,1,
PMC3648716,1,
PMC5026413,1,
PMC4792621,1,
PMC5844474,1,
PMC4042573,1,
PMC3886750,1,
PMC6516640,1,
ZEALAND,1,
MAXQDA,1,
PARI,1,
BOY,1,
IPOS,1,
PMC1857305,1,
PMC5455686,1,
PMC130056,1,
PRAXIS,1,
ZEFQ,1,
PMC2383914,1,
W000598,1,
PMC10167561,1,
UDMI,1,
PMC7242509,1,
PMC4954231,1,
PMC6415647,1,
PMC6799556,1,
PMC5624468,1,
PMC5862020,1,
PMC5957087,1,
PMC7700208,1,
DQB3,1,
S262,1,
S268,1,
PMC5694779,1,
PMC7504171,1,
PMC3129711,1,
PMC6394663,1,
PMC4423826,1,
E1043,1,
E1055,1,
PMC4469812,1,
PMC3282804,1,
1400OC,1,
PMC2453509,1,
CACTI,1,
PMC5856232,1,
PMC3714518,1,
PMC4416245,1,
PMC2827519,1,
PMC4236234,1,
EIAS,1,Exogenous insulin antibody syndrome
R47,1,
R55,1,
PMC5776673,1,
WICC,1,
PMC5795741,1,
PMC5833549,1,
PMC4225544,1,
PMC7716821,1,
PMC7054378,1,
PMC7416479,1,
TRIALNET,1,
PMC6776880,1,
REMOVAL,1,
PMC5641446,1,
PMC2566605,1,
HUMU1943814,1,
PICU,1,Department of Emergency and Pediatric Intensive Care Unit
RSTA,1,
GPL15048,1,
S7791,1,
P70445,1,
P70568,1,
SW620,1,
THP1,1,
PMC10220270,1,
PMC10468537,1,
PMC10460746,1,
PMC6909940,1,
PMC2665283,1,
PMC3107500,1,
PMC10462766,1,
W98,1,
W102,1,
PMC5570223,1,
D963,1,
PMC5753188,1,
PMC4739640,1,
IOBR,1,
PMC8283787,1,
PMC9836934,1,
H3K18,1,
PMC11543520,1,
PMC9929130,1,
PMC10543829,1,
PMC12079437,1,
PMC6337639,1,
AMED,1,the Japan Agency for Medical Research and Development
CCAT,1,
CD71,1,
PMC5308465,1,
PMC3266542,1,
PMC5471138,1,
0146OC,1,
PMC4742930,1,
PMC2921669,1,
PMC5024543,1,
PMC3208506,1,
PMC3324395,1,
PMC3898614,1,
JCI93182,1,
PMC5531423,1,
JCI39717,1,
PMC2786798,1,
PMC2138527,1,
PMC5997177,1,
PMC3782041,1,
PMC4852511,1,
PMC6113928,1,
M001651,1,
PMC3035495,1,
PMC5551573,1,
PMC4566811,1,
PMC4869713,1,
PMC5480600,1,
PMC3294003,1,
PMC2822898,1,
PMC4861698,1,
PMC5255630,1,
PMC4359968,1,
S1535,1,
JCI42912,1,
PMC3007145,1,
JCI61392,1,
PMC3314474,1,
PMC4493415,1,
PMC4548055,1,
PMC5776392,1,
PMC6170177,1,
PMC5927533,1,
PMC5581987,1,
PMC5514481,1,
PMC3753308,1,
PMC5578409,1,
PMC3236346,1,
PMC6010882,1,
BF01741597,1,
PMC11038907,1,
PMC5673063,1,
PMC12197912,1,
DOR,1,
HEMS,1,
RPL,1,
IHR,1,
NCLC,1,
VINL,1,
PMC10376703,1,
PMC10462943,1,
PMC3825189,1,
PMC4890630,1,
PMC1609175,1,
PMC2889935,1,
PMC7719248,1,
PMC7112021,1,
DLNL,1,
PMC5289450,1,
PMC3164711,1,
PMC2656556,1,
PMC4113527,1,
PMC3922658,1,
LSO,1,
PMC6928074,1,
PMC9736413,1,
PMC10377827,1,
PMC9893111,1,
PMC7690830,1,
PMC4905583,1,
PMC7774773,1,
PMC8842137,1,
PMC7830355,1,
PMC4790643,1,
S154,1,
PMC7241806,1,
PMC10810819,1,
ARTO,1,Adaption and Regeneration of Tissues and Organs-
SISDO,1,Italian Society of Orofacial Pain
MEPEV,1,
DTAC,1,
LVESP,1,and left ventricular end-systolic pressure
PMC5256396,1,
S0146,1,
PMC8472034,1,
PMC6915331,1,
PMC7690716,1,
PMC3872229,1,
PMC4322923,1,
PMC4072825,1,
PMC5871811,1,
PMC6769522,1,
GTPCH1,1,
PMC7910417,1,
PMC10118741,1,
PMC6198052,1,
PMC4227197,1,
PMC9251346,1,
PMC7503025,1,
PMC3001213,1,
PMC7891246,1,
PMC8112476,1,
PMC4998878,1,
PMC7222178,1,
PMC9687638,1,
PMC9370392,1,
PMC5290450,1,
PMC3413657,1,
U01DA020830,1,
RC2DA028793,1,
AMFIT,1,
PMC2733188,1,
PMC2235847,1,
PMC2872112,1,
BF00846165,1,
CESD,1,
P4502B1,1,
GPRD,1,
PMC3039809,1,
PMC2767432,1,
PMC2943186,1,
PMC2887816,1,
S0924,1,
502X,1,
FIN,1,
9F061,1,
AT4,1,
IITC,1,
PMC4326607,1,
AUF1,1,
H991,1,
R744,1,
PMC196909,1,
PMC7166930,1,
PMC4750962,1,
PMC3279931,1,
PMC2721079,1,
PMC2966442,1,
19449R1,1,
AURKB,1,
E2F5,1,
SFM,1,
BPE,1,L bovine pituitary extract
3R4F,1,
MZIP31,1,
TURBO,1,
EPB,1,
043A,1,
3DNA,1,
RNU44,1,expression normalized with control miRNA
WIF1,1,
XRE,1,
RNAPIII,1,whereas RNA polymerase III
C19MC,1,
LATS2,1,
PPP2R2A,1,A regulatory subunit B alpha
PMC2884965,1,
PMC2826782,1,
PMC2715493,1,
PMC11968769,1,
PMC11828132,1,
PMC2741087,1,
PMC2268826,1,
BORIS,1,
PMC1955459,1,
PMC3327128,1,
PMC2733940,1,
PMC4492529,1,
PMC2597294,1,
PMC8374472,1,
PMC2577847,1,
PMC2668758,1,
PMC2816705,1,
PMC2642529,1,
PMC2802672,1,
PMC2864411,1,
PMC2688814,1,
PMC2745487,1,
JCI39566,1,
PMC2846041,1,
PMC3833327,1,
PMC4011561,1,
PMC2773489,1,
PMC2675647,1,
PMC2766609,1,
PMC2831102,1,
PMC2906272,1,
PMC2860161,1,
PMC2720208,1,
0485TR,1,
PMC11368228,1,
ICVC,1,
MASSALUD,1,
PMC6159396,1,
PMC5494155,1,
PMC4107260,1,
PMC3610922,1,
PMC7664459,1,
CSPM,1,
PMC149427,1,
PMC10823458,1,
PMC10387213,1,
TOPCAT,1,
PMC10083894,1,
PMC10814779,1,
PMC6509722,1,
PMC3507581,1,
PMC3991930,1,
PMC5871763,1,
CIBIS,1,
CASA,1,
PMC4182807,1,
PMC2639415,1,
PMC7399103,1,
PMC4643392,1,
PMC6813988,1,
PMC9330693,1,
DCOR,1,
SLGT2,1,
PMC6121405,1,
CP203737,1,
PMC3944129,1,
PMC5659722,1,
PMC3572149,1,
EMJ,1,
PMC8449753,1,
PMC6795806,1,
PMC7699902,1,
PMC5502716,1,
F253,1,
PMC5429216,1,
PMC8052229,1,
PMC1505819,1,
PMC8483691,1,
BF03044785,1,
PMC8573010,1,
JCI17202,1,
PMC166290,1,
PMC4421169,1,
VDRA,1,manual on how a vitamin D receptor activator
CNP71593,1,
V981427,1,
PMC3871774,1,
PMC6364523,1,
PMC8857445,1,
EPATH,1,
PMC6245577,1,
PMC7920180,1,
PMC10575723,1,
781X,1,
640X,1,
JCI174015,1,
PMC10575719,1,
JCI170341DS1,1,
NCT00340678,1,
NCT01392560,1,
NCT04334707,1,
E101,1,
030A,1,
MSCTC0,1,
DY1817,1,
A2066,1,
JBH,1,
IHB,1,
EAO,1,
UO1DK114920,1,
U01DK133081,1,
U01DK133091,1,
U01DK133092,1,
U01DK133093,1,
U01DK133095,1,
U01DK133097,1,
U01DK114866,1,
U01DK114908,1,
U01DK133090,1,
U01DK133113,1,
U01DK133766,1,
U01DK133768,1,
U01DK114907,1,
U01DK114920,1,
U01DK114923,1,
U01DK114933,1,
U24DK114886,1,
XORTX,1,
PMC7557481,1,
PMC3699823,1,
PMC7271053,1,
PMC3186453,1,
CN109606,1,
PMC9548386,1,
PMC9116599,1,
PMC5802942,1,
JND,1,
PMC8075408,1,
PMC5689476,1,
PMC2684647,1,
PRIORITY,1,and subsequent intervention with spironolactone to delay progression
PMC5875458,1,
PMC8144710,1,
PMC7698013,1,
PMC8706756,1,
JCI164486,1,
PMC9974101,1,
PMC8065027,1,
PMC6088420,1,
PMC3749332,1,
PMC6597610,1,
PMC7213795,1,
PMC5392562,1,
PMC5735158,1,
PMC6863566,1,
KHANA,1,
50USD,1,
PMC4729435,1,
NP1,1,
PMC2880606,1,
PMC3191684,1,
YRP,1,
PMC5465265,1,
PMC3889324,1,
PMC4502066,1,
PMC5612455,1,
PMC4720995,1,
PMC2728593,1,
PMC3109729,1,
PMC4874131,1,
PMC3606830,1,
PMC3544806,1,
PMC1492599,1,
GKY,1,
HHX,1,
KQL,1,
PMC3636185,1,
GUP,1,
PMC3409655,1,
RDST,1,
RJK,1,
NAGM,1,
S0738,1,
PMC4019601,1,
S44698,1,
PMC3693921,1,
PMC13061220,1,
WOMEN,1,
SPM25,1,
FPT,1,
CHARMED,1,the composite hindered and restricted model of diffusion
PMC11095490,1,
PMC11344989,1,
PMC10789674,1,
CD012216,1,
PMC6486090,1,
PMC7186920,1,
RO948,1,
MK6240,1,
PMC8175317,1,
PMC11684148,1,
PMC8205978,1,
PMC5182031,1,
PMC8131652,1,
PMC6333848,1,
LWC,1,
PMC12586874,1,
PMC6070383,1,
PMC8015832,1,
PMC11063818,1,
PMC13070646,1,
PMC9015709,1,
PMC11485391,1,
PMC7905788,1,
PMC8985353,1,
PMC6233630,1,
PMC9671808,1,
PMC2586008,1,
PMC5736019,1,
PMC4036230,1,
YAL,1,
PMC9844353,1,
PMC9816212,1,
PMC12848857,1,
PMC11005141,1,
PMC10391361,1,
PMC8406467,1,
PMC5945611,1,
PMC11350140,1,
T726,1,flortaucipir analog
PMC11667531,1,
PMC10174492,1,
PMC10761330,1,
PMC11924289,1,
12K,1,
PMC8185001,1,
PMC10816901,1,
PMC7946812,1,
PMC9148982,1,
PMC8005231,1,
PMC5803427,1,
MJY,1,
PMC11567869,1,
PMC9155614,1,
PMC8559723,1,
PMC5822207,1,
PMC10770222,1,
PMC10087669,1,
PMC5516529,1,
PMC8339682,1,
PMC10786718,1,
PMC10952480,1,
PMC9025524,1,
PMC5822204,1,
PMC9158156,1,
PMC6305908,1,
PMC10629762,1,
PMC7673282,1,
PMC5047041,1,
PMC2947856,1,
PMC10167767,1,
PMC9297091,1,
PMC7101073,1,
PMC9718670,1,
PMC8609678,1,
NUCOG,1,
PMC3076589,1,
PMC11134622,1,
ICQ,1,
2021YF0048,1,
PMC11010296,1,
PMC10696776,1,
PMC8337159,1,
PMC5041326,1,
PMC1550701,1,
PMC9986277,1,
PMC7482644,1,
PMC4969548,1,
PMC5263862,1,
PMC7789238,1,
HSL,1,
PMC8320530,1,
PMC7895642,1,
PMC9132355,1,
PMC6555123,1,
PMC9356231,1,
PMC8663713,1,
PMC1794004,1,
PMC5703087,1,
YYE,1,
PMC6456826,1,
PMC10398923,1,
PMC8408006,1,
PMC10537217,1,
PMC4642387,1,
PMC8621665,1,
PMC10664614,1,
PMC10503205,1,
PMC5495972,1,
PMC10001002,1,
PMC2483926,1,
PMC1761898,1,
PMC5382259,1,
PMC9167989,1,
PMC8375146,1,
GLUCO,1,
SBF,1,
PMC7109603,1,
PMC6008496,1,
PMC3800510,1,
PMC5868960,1,
PMC2912456,1,
PMC4246060,1,
P049015,1,
PMC4373748,1,
PMC5864978,1,
PMC3272390,1,
BF01324255,1,
PMC5837491,1,
S1056,1,
PMC3460256,1,
PMC8759265,1,
CHUC,1,
LCN,1,
PMC5916324,1,
PMC7174054,1,
PMC6367005,1,
PMC5710182,1,
PMC8172244,1,
PMC6992814,1,
IHGB,1,
JAHR,1,
PMC8283708,1,
PMC5796918,1,
PMC8267056,1,
PMC6733778,1,
PMC4970664,1,
PMC8285036,1,
PMC7446786,1,
PMC8059191,1,
PMC6624942,1,
PMC3382095,1,
PMC7062546,1,
PMC4018437,1,
PMC6807606,1,
PMC6471434,1,
PMC4511361,1,
ELJ,1,
PMC5563333,1,
PMC4158684,1,
ULM,1,
PMC6267886,1,
PMC7071641,1,
PMC8235104,1,
PHW,1,
PMC4867020,1,
BF00548394,1,
PMC4254836,1,
PMC6193670,1,
BF03193146,1,
PMC4240627,1,
PMC4404375,1,
PMC3779103,1,
H810,1,
H820,1,
PMC4967207,1,
PMC3441642,1,
PMC3322529,1,
PMC5409713,1,
ANAES,1,
PMC3652918,1,
PHN2002430,1,
PMC6593153,1,
PMC92037,1,
PMC3099420,1,
PMC4303825,1,
PMC2575488,1,
1627S,1,
1633S,1,
26736N,1,
PMC4081456,1,
F549,1,
F108,1,
PMC2716076,1,
PMC4940838,1,
V114708,1,
1353S,1,
BJN20051588,1,
BF02556313,1,
516S,1,
524S,1,
PMC2841576,1,
PHN2002332,1,
PMC5029029,1,
PMC3770576,1,
AG035042,1,
P30AG035982,1,s Disease Center
AF347015,1,
H1A,1,
5656A,1,
3197T,1,
U5,1,
10550A,1,
1189T,1,
15924A,1,
15758A,1,
GRIN2B,1,
CNTN5,1,
PMC2677512,1,
PMC2851906,1,
PMC2809030,1,
PMC3608420,1,
PMC2902697,1,
PMC3549495,1,
PMC3366726,1,
PMC3785377,1,
HBM10,1,
PMC6873338,1,
PMC3198979,1,
PMC1448891,1,
PMC447592,1,
PMC1226134,1,
PMC44682,1,
PMC3270155,1,
PMC6871295,1,
PMC3635491,1,
PMC3010297,1,
PMC2556222,1,
PMC3053329,1,
PMC6762571,1,
2S265,1,
7028C,1,
D310,1,
SAU,1,
PI18,1,
1R01AG056850,1,
R21AG056974,1,
R01AG061566,1,
SLT006,1,
R345,1,
CM19,1,
DGC,1,
Q90,1,
PMC7940428,1,
DSMIG,1,
PMC4445685,1,
PMC7396809,1,
PMC2714652,1,
PMC5989753,1,
PMC5837063,1,
PMC4859552,1,
PMC8043974,1,
PMC421751,1,
161A,1,
PMC7655667,1,
PMC6248113,1,
AMW,1,
PMC6439956,1,
PODAIO,1,
PMC3010675,1,
PMC7507514,1,
HSD17B1,1,
PMC3310186,1,
PMC4908308,1,
LCIABI,1,
PMC2714805,1,
PMC2430887,1,
PMC4865091,1,
PMC6004911,1,
PMC6374283,1,
PMC3250648,1,
PMC1892238,1,
PMC8261691,1,
TRD,1,
PMC8279178,1,
NOP2,1,
NOP2324,1,
MENSAH,1,
DRM,1,
JSTOR,1,
HEA,1,
NUR,1,
OCTT,1,
AGREEII,1,
RELEVANCE,1,
PRACTICE,1,
EP15672,1,
PMC2584183,1,
PMC8998095,1,
E839,1,
PMC3001530,1,
PMC6084991,1,
PMC3809300,1,
PMC4458502,1,
PMC5554546,1,
PMC3552986,1,
PMC3901889,1,
PMC4360421,1,
S1S196,1,
USPSTT,1,
PMC81561,1,
PMC9175339,1,
UST,1,
GAIHST,1,
I716V,1,
M146L,1,
L286V,1,
N323,1,
NEPCO,1,
PMC3034246,1,
PMC26992,1,
JCI34777,1,
PMC2323189,1,
PMC7809274,1,
PMC3893396,1,
PMC6971044,1,
PMC3018352,1,
PMC2822727,1,
PMC7239844,1,
PMC6954243,1,
PMC5493325,1,
PMC6005196,1,
PMC5334525,1,
PMC4599677,1,
PMC5363302,1,
PMC1698785,1,
PMC6614071,1,
PMC5889169,1,
PMC3115982,1,
N296H,1,
PMC5324134,1,
PMC3055419,1,
PMC4942607,1,
295X,1,
PMC5540971,1,
PMC7001509,1,
PMC3345358,1,
PMC7094867,1,
AJG,1,Outcomes were assessed by one of the authors
T1G3,1,
IKNL,1,registration team of the Netherlands Comprehensive Cancer Organisation
PMC5798521,1,
PMC3138100,1,
PMC4372289,1,
MOU,1,
PMC3946933,1,
PMC4974190,1,
PMC3188988,1,
PMC4927992,1,
PMC5865728,1,
PMC4539560,1,
PMC7400945,1,
844X,1,
PMC5914352,1,
PMC6134288,1,
AUSSTATS,1,
PMC428525,1,
PMC6501531,1,
PMC4085923,1,
PMC6212867,1,
PMC4892884,1,
PMC6682881,1,
PMC11575783,1,
RGAO,1,
PCHRD,1,
UPMREB,1,
GPO,1,
20A,1,
44ER,1,
ANRIL,1,
SMYD4,1,
FOXA2,1,
PMC10984526,1,
PMC6396901,1,
PMC4164438,1,
PMC5376673,1,
PMC10106001,1,
PMC3214617,1,
QPCR,1,
PDE4B,1,
PMC8761634,1,
PMC6424897,1,
PMC6946588,1,
PMC8924099,1,
PMC4220746,1,
PMC4930689,1,
PMC5910004,1,
PMC6107963,1,
RS1333049,1,
PMC8952457,1,
PMC7093365,1,
PMC9618511,1,
PMC2699880,1,
PMC5833347,1,
PMC3072366,1,
UBE2E2,1,
PMC4902507,1,
PMC4604042,1,
PMC6786884,1,
PMC5333408,1,
PMC3687498,1,
PMC9404801,1,
PMC19963,1,
PMC8673350,1,
PMC8971350,1,
RS699,1,
RS4762,1,
PMC7996594,1,
PMC4670722,1,
PMC9543580,1,
PMC4724147,1,
PMC11256231,1,
PMC2914741,1,
16521R1,1,
BELL1,1,
GSP,1,
NFE2L2,1,
GOEA,1,and Gene Ontology enrichment analysis
ALDH3A1,1,
CBR1,1,
FTH1,1,
GPX2,1,
PRDX1,1,
PSMA3,1,
TALDO1,1,
TKT,1,
UGT1A6,1,
CYP4F11,1,
HSPA14,1,
IFRD2,1,
LST1,1,
MLLT3,1,
MSRA,1,
PPP1R12A,1,
ANPEP,1,
DDX18,1,
FDX1,1,
GNB2L1,1,
METAP2,1,
PPP2R1B,1,
SLC30A5,1,
ABCC1,1,
F12K,1,
ES100475,1,
U01ES016035,1,
R01CA124640,1,
PMC2705781,1,
PMC454179,1,
PMC4167688,1,
PMC2805149,1,
PMC3005311,1,
PMC2966974,1,
PMC2676583,1,
M804597200,1,
PMC2662273,1,
M500166200,1,
M404984200,1,
BJ20060725,1,
PMC1615900,1,
M700159200,1,
PMC2650144,1,
PMC1315281,1,
1749OC,1,
PMC2361640,1,
R201,1,
PMC2375039,1,
PMC2707520,1,
L888,1,
PMC2692799,1,
L478,1,
PMC1234339,1,
PMC2556968,1,
PMC1088378,1,
CVID,1,application to studies of Common Variable Immune Deficiency
PMC1190154,1,
PMC6515018,1,
PMC3746062,1,
PMC6227383,1,
PMC3142031,1,
PMC3792020,1,
PMC3408694,1,
PMC2860494,1,
PMC4416723,1,
PMC3411819,1,
PMC4661678,1,
PMC5305248,1,
PMC2858188,1,
PMC5469065,1,
PMC4167705,1,
SLDCS,1,Cardiovascular Study
204A,1,
213A,1,
PMC3949596,1,
PMC2871200,1,
CARRS,1,center for cArdio-metabolic risk reduction in South Asia
PMC4752677,1,
PMC2782982,1,
PMC8031101,1,
PMC6041775,1,
PMC5515354,1,
PMC6196828,1,
PMC6076564,1,
PMC4610042,1,
PMC11407953,1,
COI,1,
PMC7615984,1,
PMC10920054,1,
PMC4171129,1,
PMC8342963,1,
PMC8749453,1,
PMC7613024,1,
PMC8425529,1,
PMC8669362,1,
PMC10869296,1,
PMC10884964,1,
PMC8678709,1,
PMC4312429,1,
ENNS,1,expanded national nutrition survey
PMC10092926,1,
PMC5146857,1,
POPCEN,1,
PC2023,1,
PMC9784145,1,
PMC10701131,1,
PIDS,1,
PMC5986147,1,
WA14,1,
4QA,1,
CORONARY,1,
SYNDROME,1,
PMC3748966,1,
PMC4555139,1,
PMC3043109,1,
PMC2287372,1,
PMC2726155,1,
PMC2990863,1,
PMC4314445,1,
PMC4203905,1,
PMC4091648,1,
PMC2126495,1,
PMC2127594,1,
PMC3247794,1,
PMC3865979,1,
PMC5444775,1,
PMC5883494,1,
PMC4330106,1,
HAPIEE,1,
PMC3676342,1,
PMC3074476,1,
PMC2896609,1,
PMC6654324,1,
PMC11698444,1,
PMC5403404,1,
PMC7481622,1,
PMC3090714,1,
PMC8206495,1,
PMC3396321,1,
PMC9138849,1,
PMC2594915,1,
PMC6649763,1,
PMC8164101,1,
PMC3882337,1,
PMC6317710,1,
469OC,1,
PMC7006189,1,
PMC4929151,1,
PMC4267004,1,
PMC7268048,1,
PMC9340041,1,
880X,1,
PMC9733606,1,
T029153,1,
DEN,1,
20200619A,1,
PMC7355116,1,
PMC3662217,1,
PMC6204971,1,
YJM,1,
PMC7983380,1,
PMC7306881,1,
PMC8639953,1,
DISCHARGE,1,
PMC6561308,1,
20210118F,1,
PMC8261704,1,
PMC5076567,1,
PMC8479591,1,
PMC9302931,1,
NSTE,1,
TSOC,1,
20200326A,1,
PMC7677644,1,
PMC3426608,1,
PMC5946057,1,
EJR,1,
PMC7271417,1,
PMC8478888,1,
PMC5838601,1,
PMC6342893,1,
PMC8236495,1,
PMC7554067,1,
PMC6824266,1,
PMC7195857,1,
PMC11834153,1,
PMC4135448,1,
PMC6205220,1,
FFRCT,1,
FORECAST,1,
PMC8648068,1,
PMC4473773,1,
PMC11801730,1,
ADNC,1,s Disease Neuropathological Changes
PMC6407643,1,
PMC6674234,1,
PMC2953572,1,
PMC9509584,1,
PMC10211310,1,
PMC2836607,1,
PMC7745791,1,
PMC3983361,1,
PMC6729489,1,
PMC9754248,1,
PMC5641217,1,
PMC6717006,1,
PMC6197187,1,
PMC10022272,1,
PMC6097897,1,
PMC8590691,1,
PMC9852006,1,
PMC6294585,1,
PMC6464349,1,
PMC6464748,1,
PMC7251068,1,
PMC9019935,1,
PMC3216000,1,
JCI169131,1,
PMC10351966,1,
PMC8309690,1,
PMC7483348,1,
PMC8671336,1,
PMC2954463,1,
PMC4007142,1,
PMC5131697,1,
S0703,1,
NCT0273334,1,
NCT02257294,1,
PMC4816961,1,
PMC3487342,1,
PMC5429864,1,
PMC4885592,1,
PMC5033815,1,
PMC3851953,1,
PMC4509710,1,
PMC4282779,1,
PMC2041905,1,
PMC2966468,1,
PMC4231283,1,
INTEGRITI,1,
PMC4669307,1,
PMC4446834,1,
MVI,1,
PMC4873532,1,
ENDORA,1,
PMC13532949,1,
TJP70696,1,
PDE,1,
A14,1,
MPVP,1,
MCVP,1,
NGEU,1,
GNCS,1,
OBE,1,
H237,1,
H243,1,
PMC2685147,1,
PMC9075261,1,
PMC7083037,1,
ADAN,1,
PMC10332167,1,
PMC10201823,1,
PMC7661394,1,
H589,1,
PMC9285081,1,
PMC487540,1,
PMC11745611,1,
HAOJIYAN123,1,
NSCLC3,1,
NSCLC16,1,
NSCLC19,1,
4607L,1,
NSCLC30,1,
NSCLC32,1,
NSCLC8,1,
NSCLC41,1,
SBTR,1,
NSCLC63,1,
RFS66,1,
OCOG,1,protocol design for the Ontario Clinical Oncology Group
LUSTRE,1,
S221,1,
PMC6795579,1,
PMC4838060,1,
PMC9487766,1,
PMC8327695,1,
PMC9992580,1,
PMC10360220,1,
PMC6595588,1,
PMC4520506,1,
PMC7139098,1,
PMC4489408,1,
JCOG0403,1,
PMC5048455,1,
PMC5881570,1,
PMC7058490,1,
PMC8107727,1,
PMC7867739,1,
PMC4458187,1,
PMC5792746,1,
PMC8620528,1,
GRR,1,
PMC7113042,1,
PMC7057428,1,
PMC6357770,1,
PMC5572805,1,
PJM,1,
PMC5778638,1,
PMC7517707,1,
PMC8474440,1,
PMC4055118,1,
VEFG2,1,
ABD,1,
FJ168067,1,
DSDNA,1,
2A2,1,
2B3,1,
BQH,1,
JYQ,1,
JYM,1,
YLS,1,
XYC,1,
JBG,1,
HZC,1,
H976,1,
H986,1,
PMC2670700,1,
TMP,1,
TPD,1,
PMC3926175,1,
PMC9300448,1,
VEGF2,1,
PMC231459,1,
PMC140666,1,
PMC10717356,1,
PMC2118398,1,
PMC1855077,1,
PMC2756190,1,
VP16,1,
PMC1995444,1,
MICAD,1,Molecular Imaging and Contrast Agent Database
V97,1,
PMC2667788,1,
PMC3794291,1,
PMC3679269,1,
PMC4055006,1,
PMC12202395,1,
PMC12833512,1,
EKB,1,th	Egyptian Knowledge Bank
PMC10604533,1,
PMC11465476,1,
PMC9459903,1,
PMC10963352,1,
PMC3878706,1,
PMC11643986,1,
PMC4924157,1,
PMC8997670,1,
PMC10497558,1,
PMC10909474,1,
PMC10068165,1,
PMC11449749,1,
PMC10157647,1,
PMC10804267,1,
PMC11840255,1,
PMC6444850,1,
PMC8185917,1,
PMC11666175,1,
PMC8432877,1,
PMC7766732,1,
PMC9203120,1,
PMC11493281,1,
PMC7353226,1,
PMC3514698,1,
PMC7379941,1,
PMC7828659,1,
TRK,1,
A459,1,
MAMG,1,
ST46,1,
PMC4535288,1,
PMC4322162,1,
PMC6504182,1,
PMC1568603,1,
PMC2945268,1,
PMC3527990,1,
PMC1865340,1,
PMC5497465,1,
PMC5905840,1,
ASCEND,1,
PMC2363175,1,
PMC2818690,1,
PMC5897668,1,
PMC2928145,1,
AME,1,
PMC6037964,1,
PMC5351216,1,
PWN,1,
128X,1,
PMC5313342,1,
PMC4289148,1,
PMC3168528,1,
PMC3595330,1,
PMC4733493,1,
PMC4854098,1,
PMC4555869,1,
PMC5715874,1,
PMC6731443,1,
PMC5739773,1,
PMC11824409,1,
ASH1,1,
PMC4846847,1,
PMC6029357,1,
PMC6737693,1,
PMC5863151,1,
PMC7039860,1,
PMC2789046,1,
PMC4954770,1,
PMC7592777,1,
PMC8575250,1,
AKTA,1,
FPLC,1,
HJ2,1,
HJ7,1,
110LED,1,
60X,1,
ELWD,1,
UV280,1,
PMC2677798,1,
BF00294260,1,
PMC2990809,1,
PMC2844804,1,
PMC2518071,1,
PMC2737680,1,
PMC2694127,1,
PMC3563737,1,
PMC3403985,1,
PMC3210154,1,
PMC5894932,1,
PMC6007878,1,
PMC1618663,1,
PMC3072750,1,
PMC7042280,1,
ENABLED,1,
PMC4261096,1,
PMC5137165,1,
PMC2955836,1,
PMC2787195,1,
PMC3924573,1,
STED,1,
PMC3331702,1,
PMC3038340,1,
PMC4778388,1,
PMC3792042,1,
PMC6514201,1,
PMC5561579,1,
PMC4302983,1,
PMC5335861,1,
PMC5719975,1,
PMC7117725,1,
618X,1,
AMER,1,
HAYAT,1,
KHAN,1,
REVIEWERS,1,
PMC6157862,1,
1607845414Y,1,
V1271501,1,
PMC5691769,1,
PMC9576679,1,
179X,1,
PMC10545791,1,
USA41,1,
NMI,1,
DXCURREN,1,
USA54,1,
LSF,1,
V100,1,
SXM2,1,
TSNE,1,
P30AG008051,1,
U24EB028980,1,
DNND,1,
S228939,1,
PMC6935598,1,
PMC2639208,1,
PMC8333817,1,
PMC2861339,1,
PMC3303950,1,
A6848,1,
PMC7963227,1,
ICAECC,1,Computers and Communications
PMC8294320,1,
PMC8014455,1,
PMC5816885,1,
PMC7884739,1,
PMC7776829,1,
PMC7296847,1,
ICDIP,1,
PMC6588512,1,
ISBI,1,
PMC7238823,1,
PMC9156620,1,
PMC6751474,1,
HIPO2,1,
PMC5187496,1,
PMC6062561,1,
PMC8415107,1,
PMC12645157,1,
ALZ70952,1,
HUMBLET,1,
BARON,1,
1QP,1,
H2020,1,
TIM2,1,
S60733,1,KU Leuven Ethics Committee
CD278,1,
DX29,1,
G025H7,1,
RF8B2,1,
CD192,1,
K036C2,1,
WM59,1,
CD127,1,
A019D5,1,
CD95,1,
DX2,1,
B56,1,
CCR4,1,
CD194,1,
L291H4,1,
CD123,1,
7G3,1,
L307,1,
CD57,1,
HNK,1,
CD21,1,
L128,1,
ML5,1,
11C1,1,
CD94,1,
3D9,1,
HLADR,1,
FUN,1,
CD141,1,
NCAM16,1,
3G8,1,
5C3,1,
IA6,1,
IL2,1,
MQ1,1,
17H12,1,
JES3,1,
9D7,1,
IBB,1,
4B4,1,
25D2,1,
4B10,1,
L50,1,
N49,1,
MQ2,1,
13A5,1,
VIM,1,
CD125,1,
S3C,1,
VCA,1,
EXIMIOUS,1,
VLAIO,1,
PMC9878767,1,
REV,1,
PMC9008044,1,
PMC7954128,1,
PMC5699970,1,
PMC12079183,1,
E1316,1,
PMC4780638,1,
PMC3409649,1,
PMC5790187,1,
PMC8439173,1,
PMC7445078,1,
PMC10516910,1,
PMC9120416,1,
PMC8129071,1,
PMC9642783,1,
KSHV,1,
PMC7762304,1,
PMC4890679,1,
PMC11044380,1,
PMC7673850,1,
PMC11144239,1,
PMC13148177,1,
PMC8042032,1,
PMC6886494,1,
PMC8161699,1,
PMC12321623,1,
PMC8011659,1,
PMC11702477,1,
PMC12015116,1,
PMC7734206,1,
PMC13322747,1,
IDACO,1,on Ambulatory BP in Relation to Cardiovascular Outcomes
12R03CR,1,
021X,1,
PMC10955738,1,
WEB,1,
CDS,1,a Turbo-V IonSpray and a Calibrant Delivery System
APCI,1,
GS2,1,
ISVF,1,electrospray voltage
RT250,1,
LAE,1,
LPCAT1,1,
RPT,1,
FIOCRUZ,1,
PMC8654104,1,
PMC4080172,1,
PMC2714981,1,
PMC6599476,1,
PMC4066084,1,
PMC8030842,1,
PDSD,1,es Sociais das Desigualdades
PMC3162522,1,
PMC5412294,1,
PMC4589552,1,
PMC137461,1,
PMC8619602,1,
PMC5447093,1,
PMC5099958,1,
PMC6930554,1,
M708909200,1,
PMC4382985,1,
PMC3059589,1,
PMC7114804,1,
PMC3448908,1,
DDL,1,
PMC7188661,1,
PMC8070923,1,
MPB,1,
HAGO,1,
PMC5276774,1,
PMC11849043,1,
B0642,1,
CVCL,1,
SCSP,1,
MS400,1,
43703M1,1,
44145M1,1,
0060M1,1,
M60009RDPD,1,
KTC011001,1,
P0013,1,
K0010,1,
P0100,1,
PS108P,1,
AF7309,1,
GTX113294,1,
L3012,1,
L35665,1,
DP451,1,
KR118,1,
FP205,1,
PMC2905360,1,
SIRT5,1,
TMBIM6,1,
TYHX,1,Zishen Tongyang Huoxue decoction
PMC7893489,1,
PMC9386913,1,
PMC1430282,1,
S444975,1,
PMC10844013,1,
PMC8050340,1,
QUEST,1,
PMC99793,1,
PMC10771378,1,
MAPKAPK2,1,
PMC10822151,1,
EMC10,1,
MAPKAP,1,
MK3,1,
PMC3105394,1,
PMC381421,1,
PMC2903446,1,
PMC5009735,1,
PMC3459988,1,
PMC6015297,1,
PMC11637486,1,
PMC5752189,1,
PMC6270260,1,
PMC10900662,1,
BRB3,1,
BRB32525,1,
NEWBY,1,
SYST,1,
PMC5770339,1,
PMC6928390,1,
PMC6061958,1,
PMC8261644,1,
PMC3390027,1,
PMC7005351,1,
PMC7004760,1,
PMC5381595,1,
PMC7572345,1,
PMC6692679,1,
PMC8673518,1,
PMC4980244,1,
0F,1,
CR69U,1,
PMC8674313,1,
PMC6692677,1,
PMC7882359,1,
E115,1,
PMC7644637,1,
PMC7889845,1,
GGCG,1,
ATP5F1E,1,
PRELID3B,1,
GAAG,1,
TMIGD1,1,
SLC6A4,1,
NSRP1,1,
SSH2,1,
1803G,1,
811C,1,
751C,1,
528A,1,
729G,1,
474G,1,
620C,1,
674G,1,
743C,1,
136G,1,
768C,1,
1176G,1,
DIG2,1,
VIIA,1,
MYO7A,1,and Myosin VIIA
ROH40,1,
T2D71,1,
ANK2,1,D pathogenesis is unconfirmed but Ankyrin B
FH81,1,
HAPLOVIEW91,1,
FROH,1,Inbreeding coefficients
SRX2669131,1,
SRX2376201,1,
SRX2376208,1,
SRX2376209,1,
ILAR,1,
PMC5259626,1,
PMC6063971,1,
PMC10822632,1,
PMC10832956,1,
PMC2267438,1,
PMC4053774,1,
PMC3417415,1,
ALX1,1,
PMC4724490,1,
PMC3532348,1,
PMC10911481,1,
FOPS,1,Rusbridge C Feline orofacial pain syndrome
PMC7128958,1,
PMC3538540,1,
63K,1,
PMC5935720,1,
PMC7169425,1,
PMC5413029,1,
PMC4600213,1,
PMC6720638,1,
PMC2148402,1,
PMC2908484,1,
PMC6325901,1,
PMC4711855,1,
MFL,1,
PMC5902831,1,
PMC5090169,1,
R143,1,
PMC2782357,1,
PMC4102448,1,
PMC6990544,1,
PMC5789638,1,
PMC3636649,1,
PMC2815922,1,
PMC4964517,1,
PMC4880969,1,
E909,1,
E922,1,
PMC3093973,1,
SPG6,1,
M610314200,1,
PMC4336527,1,
PMC5972534,1,
PMC3442244,1,
PMC5585763,1,
PMC4848520,1,
PMC2757796,1,
WTY,1,
PMC5783488,1,
PMC6829411,1,
PMC3519379,1,
PMC10832793,1,
JCI118541,1,
PMC507179,1,
PMC2803857,1,
PMC3092069,1,
PMC385104,1,
PMC3083463,1,
PMC311071,1,
PMC7833138,1,
NETHERLANDS,1,
MAQ,1,adherence was assessed using the Medication Adherence Questionnaire
PMC2785749,1,
PMC8031496,1,
PMC7721454,1,
PMC3516009,1,
S124477,1,
PMC5338939,1,
PMC4603956,1,
PMC2365733,1,
PMC6148333,1,
EFFECTS,1,
DIETARY,1,
PATTERNS,1,
44S,1,
PMC2857374,1,
PMC5757406,1,
PMC5168444,1,
PMC5579467,1,
PMC5287944,1,
PMC4395833,1,
PMC4307014,1,
PMC4256131,1,
PMC6410537,1,
PMC8422353,1,
PMC8634077,1,
PMC8370395,1,
DORK,1,reconstruction also included a dynamic off-resonance in k-space
BET31,1,
AFNI32,1,
VCON,1,
NIFTI,1,
MCFLIRT31,1,
PMC4445458,1,
PMC6439590,1,
PMC3154449,1,
PMC3866416,1,
PMC6242982,1,
PMC4980916,1,
PMC4908626,1,
PMC6454039,1,
PMC7726142,1,
PMC5826397,1,
PMC7268071,1,
PMC3237553,1,
PMC3752525,1,
PMC5663717,1,
PMC5006220,1,
PMC6261373,1,
PMC9777169,1,
SECTOR,1,
NBP,1,normal blood pressure
ALLHEART,1,
IACR,1,
POSTERS,1,
SESSION,1,
PS11,1,
NBK541070,1,
PREDATORR,1,
PMC8523261,1,
PMC8029545,1,
MARREC,1,
PMC7687699,1,
PMC5393937,1,
PMC3142958,1,
PERCEDIME2,1,
PMC3598539,1,
PMC8031671,1,
PMC7370937,1,
PMC8350722,1,
PMC4069173,1,
NBK459218,1,
PMC5512148,1,
PMC7599161,1,
PMC8216020,1,
PMC8369347,1,
PMC9939362,1,
PMC6345328,1,
PMC6943261,1,
PMC6598737,1,
LUMSA,1,
PMC4579558,1,
PMC5788455,1,
PMC3023235,1,
PMC5381519,1,
PMC4359276,1,
PMC5013120,1,
PMC4813795,1,
PMC4692964,1,
PMC4465267,1,
KXX,1,
PMC5233555,1,
PMC486580,1,
PMC1738329,1,
PMC3794159,1,
VOSP,1,
PMC3286334,1,
PMC4863520,1,
PMC11637408,1,
ZAMBIA,1,
WHYM200,1,
PMC6631738,1,
PMC5804492,1,
PMC5735693,1,
PMC3787994,1,
PMC4007186,1,
PMC6146176,1,
PMC2776360,1,
PMC4063107,1,
PMC5671567,1,
PMC4553326,1,
PMC6375551,1,
JAPI,1,
PMC2792638,1,
PMC11198757,1,
PMC3681568,1,
IJB,1,International Journal of Biosciences
PMC5201285,1,
CCER,1,
TER,1,
S5C,1,
S5D,1,
S5E,1,
GISNEL,1,Gruppo Italiano per lo Studio della Nefrite Lupica
PMC3593734,1,
PMC3486641,1,
PMC3636797,1,
PMC3770142,1,
PMC3576368,1,
PMC3014041,1,
PMC4550441,1,
PMC3083317,1,
PMC4696561,1,
PMC4727919,1,
PMC3434313,1,
PMC2562415,1,
PMC5527548,1,
PMC3569442,1,
PMC10163802,1,
NHSBSA,1,
PMC6964176,1,
PMC4310177,1,
DADA,1,
PMC7833602,1,
PMC4282286,1,
PMC5801235,1,
PMC4152370,1,
PMC6914263,1,
PMC8617891,1,
S344380,1,
PMC8820757,1,
S354847,1,
PMC8297245,1,
PMC8582963,1,
PMC8573565,1,
PMC9034500,1,
PMC9765220,1,
DREAMS,1,
PMC4212556,1,
PMC3842214,1,
PMC5107938,1,
PMC6581547,1,
PMC8477260,1,
PMC3901842,1,
PMC4499529,1,
PMC10239144,1,
NBMDA,1,
DCSMDA,1,developed a distance-related set-based prediction model
BHCN,1,disease association prediction model
RNSSLFN,1,constructed a prediction model
VAEMDA,1,designed a deep learning model
GAEMDA,1,designed a graph autoencoder model
DFELMDA,1,proposed a deep forest ensemble learning method
SVAEMDA,1,
SAEMDA,1,
EKRRMDA,1,
DBNMDA,1,
GMDA,1,
RLSSLP,1,
IMCMDA,1,
IIMCMP,1,such as the improved inductive matrix complementary model
IMDN,1,
NIMGSA,1,neural induction matrix complementation method model
DLRMC,1,
MM1,1,
IMMDMDTID,1,
FPFP,1,
LODCV,1,
ZJL,1,
YFY,1,
I1,1,
PMC2847718,1,
PMC3926854,1,
PMC4383082,1,
PMC7041288,1,
PMC6337518,1,
PMC6360053,1,
PMC3629999,1,
PMC5132253,1,
LSGSP,1,
C9RA05554A,1,
PMC9071959,1,
C8RA07519K,1,
PMC9088870,1,
PMC5915491,1,
PMC8211179,1,
C6MB00853D,1,
PMC5905221,1,
PMC6497741,1,
PMC5849212,1,
PMC6770222,1,
PMC8082881,1,
PMC7015868,1,
PMC5749861,1,
C7RA08894A,1,
PMC6918542,1,
PMC7226829,1,
PMC8774034,1,
PMC6349206,1,
PMC6546388,1,
PMC6380288,1,
PMC6234518,1,
PMC6111239,1,
PMC6459551,1,
D812,1,
D818,1,
PMC5210560,1,
PMC7037353,1,
PAN,1,in puromycinaminonucleoside
LSLH,1,
R34,1,
BAS,1,
TP2025,1,
MBS7606745,1,
MBS7606746,1,
PMC3804114,1,
JCI119297,1,
PMC507954,1,
PMC4437774,1,
71S,1,
CS103S068S,1,
PMC7473805,1,
PMC1773076,1,
PMC4731121,1,
V441064,1,
V581585,1,
PMC3788861,1,
PMC4377065,1,
PMC10107074,1,
PMC7286363,1,
V12112321,1,
PMC4225010,1,
PMC10323925,1,
PIMA,1,
CVDCOMP4,1,and peripheral arterial disease
CKDEPI,1,
TSI,1,
DP3DK108209,1,
K08HL130944,1,
K08DK106523,1,
R03DK121941,1,
R56HL156829,1,
P01HL092969,1,
P01HL128203,1,
P01HL151328,1,
P30DK081943,1,
P30DK089503,1,
R01HL108897,1,
R01HL112625,1,
R01HL149685,1,
R01HL161829,1,
HL150754,1,
PMC6946063,1,
PMC5291489,1,
PMC3030449,1,
PMC4308988,1,
PMC4648056,1,
PMC4593254,1,
PMC5490983,1,
PMC2772123,1,
PMC4324763,1,
PMC8566900,1,
PMC5402253,1,
PMC7682927,1,
D075366,1,
PMC5665661,1,
PMC2866499,1,
PMC4920704,1,
PMC3284229,1,
PMC4106641,1,
PMC3171935,1,
PMC5328158,1,
PMC6152844,1,
PMC3807967,1,
PMC3411890,1,
PMC2098784,1,
PMC9189959,1,
PMC2845307,1,
PMC7554159,1,
PMC6925582,1,
PMC3871568,1,
CA108773,1,
CA163255,1,
DICOM,1,
PMC2222556,1,
PMC2606117,1,
PMC11158256,1,
PMC2937054,1,
PMC3308131,1,
PMC2797680,1,
WPTM,1,
PMC3157977,1,
VOLCANO,1,
PMC3503307,1,
PMC2459241,1,
PMC1568058,1,
PMC11159843,1,
PMC2963178,1,
PMC3289413,1,
PMC3182997,1,
IIBH,1,
PMC2854397,1,
PMC312845,1,
PMC3329268,1,
PMC10269592,1,
WMSTB,1,Sun Da Wenzhou Municipal Science and Technology Bureau
HGFS,1,investigated if feeding zebrafish a high-glucose fairy shrimp
12L,1,
BNCC153810,1,
SU8020,1,
1200EX,1,
341F,1,
806R,1,
IIDNA,1,
WZU,1,
QTH,1,
TKO,1,
PMC7246646,1,
PMC7498448,1,
PMC5713459,1,
PMC8747253,1,
PMC7176648,1,
PMC6699990,1,
1040841X,1,
PMC3703927,1,
PMC6110173,1,
PMC8005598,1,
PMC3855001,1,
PMC6278047,1,
PMC6466575,1,
PMC7016763,1,
PMC6645389,1,
PMC7524291,1,
PMC2816710,1,
PMC4922538,1,
PMC3869884,1,
PMC3732377,1,
PMC6530968,1,
PMC5626943,1,
PMC58791,1,
PMC2922906,1,
PMC6633160,1,
PMC5657398,1,
AMJ,1,
PMC6761276,1,
PMC3466942,1,
PMC5647369,1,
PMC4834151,1,
HOCN,1,Cyanic acid
CD11B,1,
HOC1,1,
ONOOH,1,
PMC4628136,1,
PMC4745373,1,
PMC4277181,1,
PMC3529214,1,
PMC7095830,1,
PMC3022070,1,
PMC4209336,1,
PMC544285,1,
S176,1,
463A,1,
PMC2798120,1,
PMC3068762,1,
PMC2615711,1,
PMC3684028,1,
PMC3782223,1,
F407,1,
F417,1,
E144,1,
E151,1,
S315,1,
S320,1,
M011163,1,
PMC3284168,1,
PMC2781323,1,
PMC3826672,1,
PMC3742028,1,
PMC1326168,1,
F585,1,
PMC4662997,1,
M411484200,1,
PMC2879312,1,
H1144,1,
H1153,1,
PMC299800,1,
PMC8932168,1,
SNMC,1,the Swedish National March Cohort
HOA,1,
PMC3404815,1,
PMC4430167,1,
PMC7670795,1,
PMC6615183,1,
PMC6527136,1,
PMC3158733,1,
PMC2588639,1,
PMC2773709,1,
IDFETFC,1,
PMC2601045,1,
PMC5510687,1,
PMC4233917,1,
PMC4590518,1,
PMC13253839,1,
343F,1,
798R,1,
QIIME,1,
VSEARCH20,1,
NOG,1,
NSCLC28,1,
CRC43,1,
XBL,1,
HML,1,
PRJNA1406830,1,
MLY,1,
PMC12469920,1,
PERL,1,the preventing early real loss in diabetes
FIX,1,
PMC9781141,1,
PMC7561156,1,
PMC12979640,1,
PMC3337984,1,
PMC4100778,1,
F1327,1,
F1340,1,
PMC11246891,1,
PMC7790211,1,
PMC7065123,1,
PMC9004527,1,
PMC7412683,1,
PMC9598825,1,
PMC8604859,1,
202402831R,1,
PMC4551215,1,
PMC12086678,1,
PMC12476947,1,
PMC2386694,1,
PMC3145913,1,
PMC3146922,1,
PMC8524911,1,
DDCRT,1,
PMC6224962,1,
PMC10907602,1,
PMC11166352,1,
PMC11903210,1,
PMC11297917,1,
PMC10972048,1,
PMC9794153,1,
PMC11589860,1,
PMC8904814,1,
PMC4893096,1,
PMC5530336,1,
PMC5601200,1,
PMC6105922,1,
CRYSTAL,1,
PMC6322285,1,
PMC7066279,1,
PMC7066315,1,
PMC7066091,1,
PMC7066104,1,
PMC8045740,1,
PMC11149044,1,
AMETHYST,1,
PMC11325246,1,
PMC12232968,1,
S416025,1,
PMC10629451,1,
PMC9953369,1,
PMC10943825,1,
PMC11910530,1,
PMC9842641,1,
756X,1,
DM5,1,
NVT,1,
MOL01,1,
MOL02,1,
MOL03,1,
MOL04,1,
C30H52O4,1,
MOL05,1,
MOL06,1,
MOL07,1,
MOL08,1,
MOL09,1,
MOL10,1,
MOL11,1,
C48H82O18,1,
MOL12,1,
MOL13,1,
MOL14,1,
MOL15,1,
C36H62O9,1,
MOL16,1,
MOL17,1,
C36H60O8,1,
MOL18,1,
MOL19,1,
C48H76O19,1,
MOL20,1,
C55H92O23,1,
MOL21,1,
C44H74O14,1,
MOL22,1,
C54H92O23,1,
MOL23,1,
MOL24,1,
MOL25,1,
C51H84O21,1,
MOL26,1,
C57H94O26,1,
MOL27,1,
C30H52O3,1,
MOL28,1,
EGRF,1,
PHR,1,
GIY,1,
GIUU,1,
GIU,1,
DM32,1,
DM43,1,
DM50,1,
HKC,1,
DM52,1,
PMC8764238,1,
PMC6943541,1,
PMC4522876,1,
PMC6337439,1,
PMC2781779,1,
PMC5926405,1,
PMC5125941,1,
PMC7463568,1,
PMC7042531,1,
HO1,1,
PMC7479230,1,
PMC8440634,1,
PMC8811133,1,
PMC8263209,1,
PMC8678473,1,
PMC7351787,1,
PMC7519149,1,
PMC9135652,1,
PMC6217896,1,
CKC,1,
PMC6468558,1,
PMC8675029,1,
PMC7585722,1,
PMC7488177,1,
PMC7798354,1,
PMC8615779,1,
PMC5487923,1,
PMC7893693,1,
MHA,1,
S265362,1,
PMC7399456,1,
PMC1084289,1,
PMC4593792,1,
PMC3454385,1,
JRC,1,
P01308,1,
P02671,1,
P02675,1,
P02679,1,
SERPINA1,1,
P01009,1,
PPY,1,
P01298,1,
P01024,1,
P04004,1,
P04275,1,
P02743,1,
P30530,1,
IL3,1,
P08700,1,
P35225,1,
P14780,1,
P02649,1,
P41159,1,
KNPDCR,1,
HNDG1,1,
PMC3058906,1,
PMC3343739,1,
PMC3034393,1,
PMC2700302,1,
PMC3683865,1,
PMC6287606,1,
PMC3125970,1,
BF00219691,1,
PMC3317783,1,
PIBPET,1,
PMC3500862,1,
BF00189310,1,
HAM,1,
GMJV,1,
PMC2579316,1,
PMC2089076,1,
PMC2657956,1,
PMC4047116,1,
PMC2715210,1,
PMC2764726,1,
PMC3536978,1,
PMC7827637,1,
TOHP,1,
PMC2667673,1,
PMC5873602,1,
PMC5573024,1,
PMC13429907,1,
ILSI,1,
PMC5852744,1,
PMC1663843,1,
PMC4419474,1,
PMC3761770,1,
S0011,1,
393X,1,
DIA596,1,
PMC1416881,1,
PMC1547774,1,
PMC1341513,1,
BJN19970191,1,
NMRS,1,
PMC2014351,1,
PMC8009744,1,
H1118,1,
PMC5748775,1,
PMC7823889,1,
PMC9740491,1,
547X,1,
PMC9720902,1,
PMC5907696,1,
PMC3359576,1,
PMC6225636,1,
F149,1,
F154,1,
PMC9217124,1,
CN110302,1,
PMC5745310,1,
FOXD1,1,
PMC4536957,1,
PMC5390249,1,
PMC4378095,1,
PMC5084889,1,
PMC4983224,1,
PMC3785269,1,
PMC7444279,1,
PMC5871862,1,
PMC5723562,1,
PMC7575977,1,
PMC4978049,1,
PMC8835923,1,
PMC9587090,1,
PMC6289160,1,
PMC5890293,1,
PMC3070548,1,
PMC9532438,1,
F231,1,
PMC4378033,1,
CS20201017,1,
PMC8329852,1,
H1569,1,
H1588,1,
PMC6734083,1,
PMC7884828,1,
PMC9330499,1,
PMC9073222,1,
PMC9143586,1,
PMC8328243,1,
PMC9329949,1,
PMC7721117,1,
PMC9703192,1,
M407629200,1,
PMC6895109,1,
PMC5280008,1,
JCI117214,1,
PMC294357,1,
PMC3127739,1,
PMC8907449,1,
PMC4211675,1,
PMC9938018,1,
PMC8897674,1,
PMC8535479,1,
FAVOURED,1,
PMC8815512,1,
PMC8584887,1,
PMC8823930,1,
PMC6521763,1,
PMC6444520,1,
CN107279,1,
PMC9163811,1,
SPIESSER,1,
BORTEJECT,1,
TRANSFORM,1,
BPAR,1,
CET,1,The Centre for Evidence in Transplantation
PMC4491924,1,
PMC5828695,1,
MHL,1,
ALADIN,1,
PMC6450618,1,
PMC2938598,1,
PMC5842596,1,
PMC4891752,1,
PMC4946511,1,
PMC6001618,1,
PMC5791086,1,
PMC6050928,1,
PMC5348724,1,
PMC5084878,1,
PMC6018026,1,
PMC5576945,1,
IDNT,1,Study and Irbesartan Diabetic Nephropathy Trial
PMC6326036,1,
PMC6727262,1,
PMC6727261,1,
PMC6727266,1,
PMC3791975,1,
PMC5523054,1,
PMC6419287,1,
PGH,1,
PMC4696583,1,
PMC6309643,1,
PMC6556720,1,
PMC9163814,1,
PMC5072721,1,
306X,1,
699X,1,
PMC5125558,1,
HL120393,1,
ARRA,1,
5RC2HL102419,1,
AG049506,1,
AG049505,1,
NEI,1,
AG050631,1,
RR029965,1,
U54HD083092,1,
NIRH,1,
GMR2556929,1,
S253T,1,
C41D11,1,
DRF,1,
BLP2,1,
PMC3962992,1,
PMC3465795,1,
PMC4050701,1,
PMC4301587,1,
PMC4253055,1,
PMC4049806,1,
PMC4544703,1,
PMC3135811,1,
M011161200,1,
AMX,1,
PMC1196397,1,
D710,1,
D716,1,
PMC4702834,1,
PMC2855889,1,
PMC3992975,1,
BF00123632,1,
BF00848307,1,
PMC1076884,1,
R130,1,
PMC3091323,1,
PMC395923,1,
PMC4120741,1,
PMC4962325,1,
PMC4783153,1,
E2393,1,
PMC4109890,1,
PMC6569091,1,
PMC11063022,1,
CD252,1,
CD134,1,
PANNORAMIC,1,
NCT02671955,1,
KH130356,1,
I3977,1,
I4677,1,
BIOSMALL,1,
EFOP,1,
VEKOP,1,
PMC8081906,1,
PMC7049584,1,
PMC8346388,1,
PMC8876213,1,
LEL,1,
PMC6683488,1,
PMC8230861,1,
PMC7136921,1,
PMC6317697,1,
PMC7325042,1,
S260429,1,
PMC8235942,1,
PMC8960412,1,
PMC8168453,1,
PMC7451269,1,
PMC10278658,1,
EP3356411A1,1,
PMC9986543,1,
PMC8084948,1,
S272,1,
S283,1,
PMC3721350,1,
PMC7236372,1,
PMC6169832,1,
PMC6826717,1,
PMC8695375,1,
PMC8143037,1,
PMC4116689,1,
PMC5638696,1,
PMC8366498,1,
PMC8200040,1,
PMC7511277,1,
PMC8088836,1,
PMC9889517,1,
PMC9386972,1,
PMC9304936,1,
PMC7049610,1,
PMC8595671,1,
PMC8652148,1,
PMC9352865,1,
PMC7457830,1,
PMC5856308,1,
GITRL,1,
PMC7327798,1,
PMC4077003,1,
PMC11980039,1,
CKD17,1,
TMS,1,
CKD39,1,
CKD76,1,
DKD76,1,
CKD70,1,
AMR105,1,
GFR116,1,
PMC9925348,1,
PMC9986419,1,
PMC9554031,1,
PMC7682191,1,
PMC10988213,1,
PMC12010799,1,
PMC8569607,1,
PMC6270081,1,
PMC7071651,1,
PMC5718284,1,
PMC9406474,1,
PMC8785833,1,
PMC6141172,1,
PMC4870615,1,
PMC4123405,1,
PMC5578092,1,
PMC10105740,1,
PMC7855177,1,
PMC5628706,1,
201800742R,1,
PMC4943248,1,
CLML,1,
OTO,1,
PMC6168546,1,
PMC8228749,1,
PMC4372053,1,
PMC6112234,1,
PMC7988986,1,
PMC2879310,1,
PMC6883958,1,
PMC6445481,1,
PMC6677704,1,
PMC9689120,1,
PMC4072128,1,
PMC6290680,1,
PMC6189123,1,
PMC5678636,1,
PMC5894336,1,
PMC3351624,1,
PMC7406485,1,
PMC5312304,1,
PMC11824460,1,
SENP1,1,
PMC5348332,1,
PMC4537021,1,
PMC5456302,1,
E6274,1,
E6282,1,
PMC6142242,1,
PMC4461058,1,
PMC6436862,1,
PMC4848114,1,
PMC4809063,1,
NMT,1,
PMC5701754,1,
PMC6653643,1,
PMC3822498,1,
PMC3653824,1,
PMC3258465,1,
PMC5956006,1,
PMC9695205,1,
PMC7560840,1,
PMC9034456,1,
MO980,1,
PMC10791079,1,
PMC5214547,1,
PMC8145417,1,
PMC10312025,1,
S401414,1,
PMC9990454,1,
PMC6998275,1,
LNMP,1,last normal menstrual period
ROM,1,gestation and has presented with rupture of membranes
EDPS,1,
PAULESI,1,Pan African University Life and Earth Science Institute
YKG,1,
SS3,1,
TJOG,1,
PMC3180936,1,
DMK,1,
PMC10309367,1,
PMC4664094,1,
PHN2005898,1,
EDDS,1,depression during pregnancy with the Edinburgh Depression Scale
PMC2066182,1,
PMC2732150,1,
PHN2005840,1,
PMC3716614,1,
PMC2533645,1,
PMC2993644,1,
PMC2078636,1,
GMJ,1,
ABV,1,
PMC3403365,1,
536X,1,
PMC3628203,1,
DTP,1,
PMC3964358,1,
SPHN,1,
PMC11016838,1,
SCI00960,1,
PMC11094372,1,
ADHERENCE,1,
PERSISTENCE,1,
NONADHERENCE,1,
2C8,1,
2C18,1,
PMC6469348,1,
PMC2771382,1,
PMC4655321,1,
PMC5966620,1,
PMC4728199,1,
HOTMAN,1,
BEAUTY,1,in hypertensive pAtients monitored Using the HOTMAN sYstem
PMC10493865,1,
FIGARO,1,
PMC10505105,1,
PMC10724525,1,
CVSR,1,
PMC10010701,1,
PMC10689164,1,
PMC5780689,1,
PMC6874096,1,
PMC4374549,1,
PMC4033175,1,
RESIST,1,
POL,1,
PMC3628283,1,
S226619,1,
PMC6970267,1,
PMC6664237,1,
PMC5206775,1,
PMC5645121,1,
RIAT,1,Reasons for not intensifying antihypertensive treatment
PMC5331678,1,
PMC10112936,1,
PMC3570326,1,
PMC9581089,1,
PMC5059050,1,
PMC4917812,1,
NARC,1,consensus report from the Non-adherence Academic Research Consortium
PMC7963139,1,
PMC5527253,1,
PMC7355811,1,
PHARM,1,
PMC6946938,1,
PMC10969945,1,
UMIB,1,
ITR,1,for Integrative and Translational Research in Population Health
COMPETE,1,
INFARMED,1,National Agency for Medicines and Health Products
CEIC,1,National Ethics Committee for Clinical Investigation
MD001501,1,
QXI,1,
TOCSY,1,
AMIX,1,
PMC8135207,1,
PMC9456003,1,
PMC5394987,1,
PMC6977781,1,
PMC10003079,1,
PMC5841876,1,
PMC6529708,1,
PMC7612493,1,
PMC6567161,1,
PMC8826589,1,
PMC5407388,1,
PMC6834997,1,
PMC6374156,1,
PMC8244025,1,
PMC9708446,1,
PMC8466669,1,
PMC7142375,1,
PMC4110601,1,
PMC8817869,1,
PMC7554927,1,
THEOCHEM,1,
PMC5711383,1,
PMC9232967,1,
PMC9484891,1,
PMC4963881,1,
E1187,1,
PMC3680678,1,
PMC9505541,1,
PMC7751191,1,
PMC6714464,1,
PMC7353289,1,
PMC2675814,1,
PMC5409651,1,
HCPA,1,
CONEP,1,
705CPINT,1,
FINEP,1,
PMC3948640,1,
PMC3391232,1,
PMC3688665,1,
PMC3673518,1,
PMC3215400,1,
PMC4456410,1,
PMC3368309,1,
PMC1458573,1,
A2425,1,
PMC8013096,1,
PMC1522116,1,
PMC1740148,1,
PMC4339754,1,
JACE,1,
BF03002993,1,
PMC2126071,1,
PMC3338487,1,
L9084,1,
PMC1619770,1,
PMC3519314,1,
2049396713Y,1,
PMC4137809,1,
PMC1614976,1,
PMC1349434,1,
PMC3881121,1,
PMC7376925,1,
UHM,1,
RAASI,1,
RPMS,1,
STROB,1,STrengthening the Reporting of OBservational studies in Epidemiology
PMC5373470,1,
PMC3473098,1,
PMC5687264,1,
1536710X,1,
PMC3586536,1,
PMC4967032,1,
PMC5156409,1,
PMC6768295,1,
PMC6892637,1,
PMC6974100,1,
TBJ,1,
PMC6711125,1,
PMC5649254,1,
PMC4917062,1,
PMC6535131,1,
PMC2703730,1,
PMC7505053,1,
PMC3920657,1,
PMC7293873,1,
PMC4269852,1,
PMC4827253,1,
PMC6363843,1,
PMC4291541,1,
PMC5469551,1,
PMC4327889,1,
PMC6283369,1,
PMC5299034,1,
PMC12111827,1,
K48,1,
CTRP1250,1,
PMC8759171,1,
PMC12042790,1,
PMC8164980,1,
PMC5045794,1,
PMC8123919,1,
PMC125339,1,
PMC2682563,1,
PMC8073545,1,
PMC11943068,1,
PMC3297978,1,
PMC8240107,1,
PMC3901072,1,
PMC3169622,1,
PMC3084988,1,
PMC8632283,1,
PMC4229239,1,
PMC7197441,1,
PMC3299986,1,
PMC8047332,1,
201901347RR,1,
PMC9185681,1,
PMC3937660,1,
SCD1,1,
PMC3199492,1,
PMC11601906,1,
PMC4879058,1,
PMC8165005,1,
H493,1,
PMC6418308,1,
PMC8972444,1,
PMC2893268,1,
PMC9800727,1,
PMC4422160,1,
PMC1892530,1,
PMC3340075,1,
PMC7431957,1,
JCI139496,1,
PMC7880311,1,
PMC9190004,1,
E94,1,
E102,1,
PMC5800603,1,
PMC6013932,1,
PMC5765194,1,
PMC11836589,1,
PMC11666528,1,
PMC4872999,1,
REPUBLIC,1,
MEXT,1,
WPI,1,
K594N,1,
M595L,1,
HSS145233,1,
HSS127417,1,
TLS55,1,
29G,1,
TERUMO,1,
PMC27798,1,
PMC33303,1,
RCCA,1,
TDVMP,1,
AMMDP,1,
PMC3044446,1,
PMC2172747,1,
M500546,1,
PMC470750,1,
M600218,1,
M601019200,1,
M508915200,1,
M607831200,1,
M700364,1,
M606597200,1,
M900250,1,
PMC2789777,1,
PMC3683965,1,
M206885200,1,
22R,1,
M300044200,1,
M300760200,1,
M504513200,1,
M508781200,1,
M508780200,1,
JCI33622,1,
PMC2200302,1,
M209085200,1,
M600542,1,
M700481,1,
M033209,1,
PMC3588875,1,
M505368200,1,
PMC4193829,1,
M400333,1,
ABCG5,1,
ABCG8,1,
PMC2762909,1,
M304989200,1,
FRET,1,
M300078,1,
M503570200,1,
PMC1201532,1,
PMC2855324,1,
PLGE,1,
1562R3,1,
TYW,1,
BEKK,1,
R21DK073482,1,
K01DK067207,1,
HG004168,1,
PMC2995700,1,
PMC2258139,1,
PMC6647020,1,
PMC1716603,1,
PMC282675,1,
PMC1712571,1,
PMC1181989,1,
PMC1599913,1,
PMC2638766,1,
PMC2614692,1,
PMC2253985,1,
PMC2628742,1,
PMC1852718,1,
PMC1757435,1,
PMC1609196,1,
H2064,1,
H2071,1,
PMC6577882,1,
PMC2670196,1,
PMC2866099,1,
PMC2689609,1,
PMC2077893,1,
PMC5800125,1,
EDC,1,
N705,1,
T877,1,
EDSTAC,1,Hence the Endocrine Disruptors Testing Advisory Committee
D2DM,1,
D003920,1,
D003921,1,
D003922,1,
D003928,1,
PMC5518659,1,
PMC4380643,1,
PMC4198987,1,
EDKB,1,
PMC3026379,1,
EADB,1,
PMC3851483,1,
PMC5086697,1,
PMC4962246,1,
PMC4847034,1,
PMC5696238,1,
PMC18832,1,
PMC3773827,1,
PPARD,1,
PMC4419664,1,
M103241200,1,
1E306,1,
PMC4650109,1,
PMC3639048,1,
PMC4167806,1,
PMC3677810,1,
002R001,1,
PMC1087923,1,
PMC5416996,1,
PMC2718745,1,
PMC1999396,1,
M004571200,1,
PMC2242507,1,
PMC2935850,1,
BF3,1,
PMC3668559,1,
PMC4127367,1,
PMC3202589,1,
PMC2761384,1,
PMC2795706,1,
PMC1318465,1,
PMC1757550,1,
PMC1240982,1,
TCDD,1,
PMC8480850,1,
L266V,1,
G272V,1,
A300,1,
081A,1,
G8742,1,
ERV1,1,
ERVK,1,
ERVL,1,
ERV,1,
PMC5390006,1,
PMC2876030,1,
PMC4719006,1,
PMC3039398,1,
PMC3957276,1,
PMC6181645,1,
PMC6095477,1,
PMC5857280,1,
PMC2874221,1,
PMC6659213,1,
PMC4372415,1,
PMC3538325,1,
PMC5127451,1,
PMC5259880,1,
PMC3752843,1,
PMC4708105,1,
PMC3339379,1,
PMC6607905,1,
PMC4757950,1,
PMC5039924,1,
PMC5015075,1,
PMC6633549,1,
LDCC,1,
PMC7782705,1,
PMC7295244,1,
PMC7566321,1,
PMC7428328,1,
PMC6960195,1,
PMC5040069,1,
PMC6524256,1,
PMC7061981,1,
PMC7179879,1,
1R01AG054059,1,
AG054047,1,
AG054059,1,
TR000427,1,
EXECUTIVE,1,
POINTER,1,Brain Health Through Lifestyle Intervention to Reduce Risk
P166,1,
PMC3284863,1,
PMC5755749,1,
PMC4439182,1,
PMC4947439,1,
PMC3583203,1,
PMC4400225,1,
PMC4462668,1,
PMC6374172,1,
PMC4581900,1,
PMC3024591,1,
PMC6628594,1,
MULTI,1,
AEROBIC,1,
EXERCISE,1,
P613,1,
MULTIDOMAIN,1,
APPROACH,1,
ALZHEIMER,1,
BASELINE,1,
PMC4652787,1,
NCT03688126,1,
PMC6408972,1,
PMC6974975,1,
1Z3,1,
PMC2676726,1,
PMC3317180,1,
PMC5010410,1,
PMC3080932,1,
EHP1279,1,
PMC5783665,1,
2004OC,1,
PMC3071639,1,
PMC4491800,1,
PMC4151551,1,
BF03403934,1,
PMC6990342,1,
PMC2367679,1,
CATALOGUE,1,
PMC5759244,1,
PMC5703979,1,
PMC3237350,1,
NASA,1,
PMC3472772,1,
PMC4710596,1,
PMC4786985,1,
PMC6144407,1,
PMC7266374,1,
PMC4666664,1,
JLK,1,
SEO,1,
ALSO,1,
T32AG020494,1,acknowledge a National Institute of Aging Training grant
5P01DK058335,1,
5U24AA020024,1,
MAPK13,1,
NME8,1,
HKA,1,
CLEF1,1,
FERMT2,1,
R353Q,1,
AG020494,1,
5P01,1,
DK058335,1,
5U24,1,
AA020024,1,
PMC3405172,1,
PMC534929,1,
PMC3720913,1,
PMC3169374,1,
PMC2756534,1,
PMC3305361,1,
PMC3463687,1,
PMC3113300,1,
PMC3037334,1,
PMC2685759,1,
PMC3226948,1,
PMC3030667,1,
PMC2747114,1,
PMC2755091,1,
PMC51850,1,
JCI5624,1,
PMC408147,1,
PMC3576700,1,
JCI26498,1,
PMC1459069,1,
PMC11520603,1,
PMC3645723,1,
PMC3207472,1,
PMC3897030,1,
PMC3510267,1,
PMC1736409,1,
PMC11357982,1,
ISPRO,1,Prevention and Clinical Network
NPPB,1,
WFDC2,1,
PTN,1,
D50,1,
D64,1,
I49,1,
J43,1,
A40,1,
A41,1,
SCAPIS35,1,
J08,1,
CVD2,1,
IUT,1,
IUT20,1,
G0800270,1,
DKFZ,1,German Cancer Research Center
VWS,1,Welfare and Sports
NKR,1,Netherlands Cancer Registry
ZON,1,
WCRF,1,World Cancer Research Fund
FIS,1,Health Research Fund
C8221,1,
A29017,1,
M012190,1,
VINNOVA,1,
SNIC,1,provided by the Swedish National Infrastructure for Computing
UPPMAX,1,
PMC8248998,1,
PMC8347098,1,
LIA,1,
INNOVANCE,1,
MANOVA,1,
MANCOVA,1,
GSO,1,
CZS,1,
S61019,1,
PMC4086853,1,
LIPITENSION,1,
PMC3313742,1,
PMC5813853,1,
PMC8020530,1,
PMC1197276,1,
PMC3567058,1,
S0191,1,
PMC2899523,1,
PMC7484613,1,
PMC5983168,1,
JP275548,1,
TJP12880,1,
AB6939,1,
SZX12,1,
ULTRAMARK,1,
HPISA,1,
B5002,1,
A10521,1,
IOD,1,image analysis shows that the Integrated Optical Density
IRV,1,interstitial retrograde coronary venous infusion
CX17024,1,
ID916837,1,
PMC3666231,1,
PMC1955818,1,
PMC4376786,1,
PMC4750976,1,
PMC4617784,1,
PMC4317351,1,
PMC3411188,1,
PMC8572033,1,
PMC4087196,1,
PMC2781093,1,
PMC3114881,1,
PMC3405979,1,
PMC3490044,1,
PMC2810366,1,
PMC2967710,1,
PMC2844639,1,
PMC3928273,1,
PMC3399836,1,
760X,1,
PMC2760875,1,
GTF3C1,1,
DAAM2,1,
EPM2AIP1,1,
GORASP2,1,
TSC22D4,1,
UBE2D2,1,
ABI4,1,
ARR10,1,
HAND1,1,
E74A,1,
ELK1,1,
SPIB,1,
ZNF42,1,
GAMYB,1,
CAAT,1,
ELK,1,
TAL1,1,
MPCC,1,
SPCC,1,
PMC2841398,1,
PMC1779545,1,
PMC2902235,1,
PMC33173,1,
PMC1201418,1,
PMC1891893,1,
PMC2393743,1,
PMC2186358,1,
PMC2375021,1,
PMC2170206,1,
PMC2806479,1,
M205202200,1,
PMC1522022,1,
E41,1,
PMC31325,1,
D91,1,
PMC308747,1,
AXH,1,
PMC2141847,1,
PMC343820,1,
X11,1,
ER81,1,
PMC6729714,1,
BJ20021142,1,
PMC1223214,1,
PMC1458962,1,
PMC307597,1,
BSE0430153,1,
PMC1693730,1,
HAND,1,
D97,1,
PMC2238895,1,
PMC307478,1,
PMC3826736,1,
NIRP,1,
21CFR,1,
LINUX,1,
131CN,1,
ELS,1,
PMC2390889,1,
PMC3806057,1,
PMC3035743,1,
PMC3193072,1,
PATHWISE,1,
COORDINATE,1,
OPTIMIZATION,1,
PMC2579744,1,
PMC3468621,1,
PMC2856747,1,
PMC3057360,1,
PMC2839056,1,
A1103,1,
PMC8119142,1,
PMC2910213,1,
PMC2873054,1,
PMC5059654,1,
ESCKD,1,postulated for hypertension and end-stage chronic kidney disease
ISE,1,Ion Selective Electrode
AVL,1,
KCCR,1,Kumasi Centre for Collaborative Research in Tropical Medicine
PMC4063247,1,
PMC7810356,1,
PMC3283026,1,
PMC3645150,1,
PMC2937133,1,
PMC3740240,1,
PMC1790818,1,
PMC3249533,1,
PMC4308906,1,
PMC4419357,1,
PMC4502881,1,
PMC2729720,1,
PMC3645188,1,
PMC3306731,1,
PMC6761695,1,
PMC3899088,1,
P133,1,
AP133,1,
PMC3910023,1,
PMC3359554,1,
PMC3096270,1,
PMC2878489,1,
PMC3542766,1,
PMC3214830,1,
PMC7072986,1,
NCT00594568,1,
NCT00890890,1,
MPC,1,
NCT00105547,1,
NCT00432081,1,
NCT01661673,1,
CRY,1,
TCMF,1,
GSIS1,1,
PMC5870023,1,
PMC2889200,1,
PMC2663028,1,
STIM1,1,
PMC6133163,1,
PMC6552435,1,
PMC5470327,1,
PMC4666063,1,
PMC6028833,1,
PMC4148335,1,
PMC4055096,1,
PMC4363833,1,
JP274252,1,
PMC5538194,1,
PMC12872380,1,
PMC5930170,1,
LL008,1,
PMC3338985,1,
PMC5570437,1,
PMC4348654,1,
PMC5785689,1,
PMC5032560,1,
PMC4620511,1,
PMC3491455,1,
PMC8950082,1,
PMC4481819,1,
PMC3281584,1,
PMC3159580,1,
PMC6621706,1,
PMC4007960,1,
PMC3916530,1,
PMC3857966,1,
PMC2447871,1,
PMC4939702,1,
PMC48050,1,
PMC2194921,1,
PMC3320929,1,
PMC5454592,1,
PMC3573960,1,
PMC4018072,1,
PMC5355436,1,
PMC5340752,1,
PMC5696209,1,
PMC11497914,1,
PMC4568966,1,
PMC11482485,1,
PMC5680523,1,
PMC3603679,1,
PMC4076296,1,
PMC6772401,1,
PMC3885701,1,
PMC2111123,1,
PMC2947292,1,
PMC4366007,1,
PMC5343808,1,
S93559,1,
PMC4841421,1,
PMC6211704,1,
MAGS,1,
MSB,1,
ID01527,1,and JJ Peters VA
HMBS,1,
NONO,1,
RPLP0,1,
16M,1,
15F,1,
23F,1,
80C,1,
D54,1,
KIAA1303,1,
PMC3586408,1,
PMC2840245,1,
PMC6080853,1,
PMC2963552,1,
PMC5671587,1,
PMC5358328,1,
PMC3309185,1,
PMC2676951,1,
PMC3163091,1,
PMC4297592,1,
PMC3536547,1,
PMC4083060,1,
PMC4237995,1,
PMC4897751,1,
PMC4023063,1,
RC221,1,
PMC6757630,1,
PMC2634809,1,
PMC3362009,1,
PMC2853006,1,
PMC4846472,1,
PMC3836247,1,
PMC5718697,1,
PMC4731036,1,
CC75C,1,s Cohort
PMC2674266,1,
PMC3130325,1,
PMC4351434,1,
PMC4429012,1,
PMC4380230,1,
BF02935589,1,
PMC2764344,1,
PMC5088659,1,
PMC4734893,1,
PMC4766719,1,
PMC5032692,1,
PMC2656178,1,
PMC13249244,1,
BT1A1,1,
ICA1L,1,
TOM1L2,1,
SNX32,1,
CTSH,1,
RTFDC1,1,
SERPINB1,1,
H26,1,
GHECOM,1,
CHARMM,1,
GAFF2,1,
RESP,1,
H15,1,
H24,1,
VSRRR,1,
EPHB2,1,
NECTIN,1,
2308085QH290,1,
2023AH040104,1,
2024AH050984,1,
PMC7138729,1,
PMC7815616,1,
KNH,1,
PMC10783439,1,
PMC11284560,1,
PMC11800584,1,
PMC10310781,1,
PMC7386203,1,
PMC9236177,1,
PMC9746220,1,
PMC9329407,1,
PMC4754941,1,
PMC10579488,1,
PMC10512580,1,
PMC8639093,1,
PMC8873015,1,
PMC10393411,1,
PMC11420443,1,
PMC10751655,1,
PMC10828350,1,
IPDGC,1,s Disease Genomics Consortium
PMC8688480,1,
KDP,1,
PMC8728893,1,
AEBP1,1,
PMC11258487,1,
GSTM4,1,
PMC11265128,1,
PMC5834629,1,
PMC8880207,1,
PMC11168924,1,
PMC2881210,1,
PMC7240856,1,
PMC10024184,1,
PMC7055192,1,
PMC11485319,1,
PMC6761225,1,
PMC10916649,1,
PMC9959185,1,
PMC2933364,1,
PMC4122595,1,
PMC11063765,1,
PMC5920782,1,
PMC11334082,1,
PMC10864003,1,
PMC9372364,1,
PMC10212980,1,
PMC8779676,1,
CD112,1,
PMC8532209,1,
PMC8152811,1,
PMC10142449,1,
PMC6628674,1,
PMC5078799,1,
PCTP16,1,
PLEKHA719,1,
RHOA32,1,
MCL135,1,
APOL346,1,
GSE75672,1,
MLC1,1,
PMC3775594,1,
PMC3029215,1,
H548,1,
H552,1,
PMC4346764,1,
PMC2990499,1,
PMC3756475,1,
PMC4440888,1,
PMC4398028,1,
PAR4,1,
PCTP,1,
PMC3855898,1,
PMC4567475,1,
BMPR2,1,
PMC4579085,1,
W173,1,
PMC3692048,1,
PMC4144401,1,
PMC4662465,1,
PMC3233269,1,
PMC3700130,1,
MCL,1,
PMC3532576,1,
PMC4631799,1,
PMC3014578,1,
M701050200,1,
PMC2413065,1,
APOL4,1,
PMC4589514,1,
PMC3040595,1,
PMC2873959,1,
PMC4532895,1,
D153,1,
D159,1,
PMC4383989,1,
PMC7268748,1,
ODK,1,We used the open-source Open Data Kit
HOUSEHOLD,1,
FACILITIES,1,
VISA,1,
AWARENESS,1,
IDRC,1,from the International Development Research Centre
PMC5973984,1,
PMC5388465,1,
PMC5222805,1,
PMC5656122,1,
PMC5049660,1,
COH,1,
PMC3734526,1,
PMC3747332,1,
BF03324558,1,
PMC4309592,1,
PMC8031573,1,
PMC3234182,1,
PMC4671411,1,
PMC6074527,1,
PMC4142152,1,
PMC4476237,1,
PMC4246605,1,
PMC4466760,1,
PMC5650259,1,
PMC3483896,1,
PMC3191222,1,
MCWD,1,
PMC7320483,1,
PMC4718602,1,
PMC4839122,1,
PMC2984293,1,
PMC6299986,1,
PMC3649717,1,
PMC4283145,1,
WDH,1,
1306M35661,1,
RS400,1,
M12,1,
UL1TR000114,1,
EB1058941,1,
UGB,1,
NWN,1,
JFW,1,
TRTM,1,
CD005593,1,
PMC9006343,1,
PMC6725122,1,
PMC2853472,1,
CD005381,1,
PMC2897704,1,
PMC3056436,1,
842X,1,
PMC5696626,1,
PMC5696627,1,
PMC5172460,1,
PMC10833704,1,
PMC2935497,1,
PMC1950269,1,
PMC2134914,1,
PMC2475651,1,
PMC2768817,1,
ADCS,1,s Disease Cooperative Study
PMC2768818,1,
PMC1820871,1,
PMC3072565,1,
PMC3031880,1,
PMC27146,1,
PMC3396131,1,
PMC2740859,1,
PMC2753547,1,
PMC2170069,1,
PMC1021093,1,
M94,1,
10S,1,
NNR,1,
PMC2667280,1,
PMC12280729,1,
2018SHZDZX01,1,
ZHANGJIANG,1,
PMC6291454,1,
PMC6609120,1,
PMC8088901,1,
PMC6511097,1,
PMC7021446,1,
PMC5078857,1,
PMC4898959,1,
PMC6677303,1,
PMC6929705,1,
PMC2714683,1,
HIL,1,
PMC7099624,1,
PMC3640214,1,
PMC4269372,1,
PMC5710246,1,
PMC7063561,1,
CAIDE,1,
PMC5861913,1,
PMC5495631,1,
PMC5548511,1,
PMC5369688,1,
PMC6289681,1,
PMC7296164,1,
PMC6338778,1,
PMC6537780,1,
PMC7053604,1,
PMC4398627,1,
PMC3303148,1,
PMC5966721,1,
PMC4969105,1,
PMC5790223,1,
PMC8747032,1,
PMC6340384,1,
PMC7231445,1,
PMC4362695,1,
PMC7497502,1,
PMC7664986,1,
PMC6613307,1,
PMC5547465,1,
PMC5660720,1,
PMC6974789,1,
PMC7029368,1,
PMC7357295,1,
PMC8062932,1,
PMC5480222,1,
PMC5776061,1,
PMC5373785,1,
PMC4679723,1,
PMC4357455,1,
PMC4098701,1,
PMC6186929,1,
PMC4584101,1,
CIRP,1,
PMC7544648,1,
PMC7369117,1,
PMC7019227,1,
PMC7057166,1,
PMC6044798,1,
PMC5986534,1,
PMC11399075,1,
PMC7475073,1,
PMC5460535,1,
PMC4153851,1,
PMC5611785,1,
PMC7282875,1,
PMC5882872,1,
PMC7455352,1,
PMC6810633,1,
PMC4358759,1,
PMC8055348,1,
PMC5299391,1,
PMC7105952,1,
BALTIMORE,1,
LONGITUDINAL,1,
AGING,1,
MTBE,1,and methyl tertiary butyl ether
BSTFA,1,
TMCS,1,
BP5MS,1,
SIMCA,1,
DEMENT,1,
PMC3339565,1,
PMC4390242,1,
PMC3061205,1,
CRND8,1,
PMC3292759,1,
PMC4759425,1,
PMC3409580,1,
PMC1858305,1,
PMC8094298,1,
PMC2838628,1,
PMC3262608,1,
MOW,1,
PMC3077603,1,
BF01990956,1,
LTB5,1,
PMC2583907,1,
PMC2626672,1,
PMC2194036,1,
PMC4040018,1,
PMC5854359,1,
HYPPARC,1,
URC,1,
ECO,1,
CEO,1,
NS5A,1,
NS3,1,
NCT02092350,1,
AASLD,1,
NCT01953458,1,
METAVIR,1,
CUAC,1,
NCT03069365,1,
CEPS,1,that is used by the French Pricing Committee
PMC4406799,1,
PMC3820000,1,
PMC3643851,1,
PMC4520276,1,
PMC4406130,1,
PMC4524433,1,
PMC3688058,1,
PMC3132702,1,
S606,1,
PMC1773554,1,
PMC12802613,1,
UMU581,1,Saudi Arabia with a grant number
ABUHB,1,
PMC10827012,1,
PMC3763915,1,
PMC4545354,1,
LAY,1,development and implementation of the look after yourself
PMC8198104,1,
PMC8443449,1,
PMC11055455,1,
PMC10983625,1,
PMC2924510,1,
PMC2653966,1,
PMC10931599,1,
688X,1,
NPR3,1,
PLCE1,1,
RGL3,1,
PREX1,1,
ENVT,1,
PMC8311229,1,
S954,1,
S962,1,
PMC3369813,1,
H541,1,
H550,1,
PMC10818021,1,
PMC8206322,1,
PMC4618113,1,
PMC4633792,1,
PMC6423310,1,
PMC10539209,1,
PMC5338703,1,
PMC5516395,1,
PMC6409397,1,
PMC6772153,1,
PMC4502446,1,
S895,1,
S906,1,
PMC10191158,1,
PMC7516342,1,
S786,1,
S803,1,
PMC8941666,1,
H681,1,
PMC7509272,1,
S1019,1,
S1034,1,
PMC8884164,1,
PMC3277892,1,
JCI17189,1,
PMC151901,1,
PMC3829045,1,
PMC7185296,1,
PMC10691776,1,
PMC10248811,1,
PMC10038936,1,
PMC6596414,1,
RUPP,1,
PMC11494691,1,
PMC4089195,1,
F1121,1,
F1135,1,
PMC4024736,1,
R267,1,
R275,1,
PMC3154715,1,
R91,1,
R101,1,
PMC10454898,1,
S844,1,
S866,1,
PMC8988238,1,
PMC10772416,1,
PMC10745250,1,
PMC8999031,1,
PMC10727058,1,
PMC3954049,1,
PMC8494679,1,
PMC7657054,1,
PMC8268135,1,
PMC7480554,1,
PMC9290930,1,
202300611R,1,
PMC10348062,1,
PMC10669317,1,
PMC10448764,1,
PMC4162750,1,
PMC10592703,1,
PMC10746639,1,
168A,1,
PARADE,1,and elimination
V133806,1,
BF00852539,1,
PMC2541105,1,
PMC1834890,1,
BENEDICT,1,AR Remuzzi G Bergamo Nephrologic Diabetes Complications Trial
PMC12086012,1,
PMC3124550,1,
BX40,1,
FP002,1,
FP003,1,
GSE26836,1,
MIAME,1,
DIANE,1,
PDS95,1,
2O,1,
2P,1,
2Q,1,
2U,1,
3N,1,
3O,1,
V0,1,
EVH,1,
PMC2844702,1,
M804545200,1,
PMC2629109,1,
PMC2997345,1,
PMC6674990,1,
PMC2739568,1,
PMC2607546,1,
PMC1866907,1,
BAG2,1,
PMC2768429,1,
PMC6665911,1,
PMC2891223,1,
PMC365703,1,
PMC6665714,1,
PMC2852401,1,
NDRG,1,
NDRG4,1,
PMC2821702,1,
HTH,1,
PMC2464677,1,
VASP,1,
PMC2946563,1,
PMC2802190,1,
PMC18953,1,
RAMP2,1,
JCI33022,1,
PMC2147670,1,
MIMP,1,
PMC4070879,1,
PMC3003681,1,
PMC9375274,1,
CREAD,1,
EMERGE,1,
PMC8835345,1,
PMC8650485,1,
PMC6189176,1,
MATURA,1,
PMC5850849,1,
PMC7475598,1,
PMC10852819,1,
PMC4828743,1,
PMC5366247,1,
PMC3975244,1,
PMC5565643,1,
PMC7005722,1,
PMC7500814,1,
P37,1,
PMC5520819,1,
PMC6260857,1,
PMC4585101,1,
PMC8609465,1,
PMC6396539,1,
PMC5726754,1,
PMC5370101,1,
PMC5522246,1,
PMC7198373,1,
PMC6756230,1,
PMC6146162,1,
PMC6627350,1,
PMC6342191,1,
PMC7246147,1,
PMC6911086,1,
PMC10292789,1,
PMC7388060,1,
PMC7786945,1,
PMC7434228,1,
PMC4793782,1,
PMC6580449,1,
PMC6556253,1,
PMC4308691,1,
PMC8196018,1,
ADUHELM,1,
PMC9360537,1,
JSCDC,1,
4CH8,1,
2021SJZDA148,1,
PMC8029548,1,
PMC6662850,1,
CONSTANCES,1,
PMC6150908,1,
PMC8029675,1,
PMC6015372,1,
PMC8030958,1,
PMC2737699,1,
PMC7444692,1,
PMC3881287,1,
FANG,1,
TANG,1,
PMC8512186,1,
PMC8029526,1,
ADDITION,1,
PMC3824356,1,
FAMPRJ,1,
PMC6324502,1,
PMC5515187,1,
HLQ,1,using two domains of the Health Literacy Questionnaire
PMC7708169,1,
PMC7969249,1,
PMC6045914,1,
PMC3150158,1,
NAAL,1,look at the National Assessment of Adult Literacy
PMC5022195,1,
JCMM,1,
JCMM16744,1,
CARDIAC,1,
DYNAMICS,1,
FISSION,1,
CDK1,1,
S585,1,
FIS1,1,
P110,1,
MG132,1,
MITOPHAGY,1,
NDP52,1,
FUN14,1,
E1B,1,
GPER,1,
PMC4023816,1,
PMC5636654,1,
PMC6228119,1,
PMC2711514,1,
PMC2995918,1,
PMC5297196,1,
PMC6815825,1,
PMC6838907,1,
PMC2002551,1,
M607279200,1,
PMC2572940,1,
PMC3868827,1,
C583,1,
C604,1,
PMC6580160,1,
PMC6316402,1,
PMC3002033,1,
PMC3160255,1,
PMC3128275,1,
PMC4540952,1,
PMC6191188,1,
PMC5429825,1,
PMC6925801,1,
PMC5418774,1,
PMC6777330,1,
PMC5524036,1,
CS20160030,1,
PMC3625351,1,
PMC3835263,1,
PMC6991701,1,
PMC6815840,1,
PMC6678157,1,
PMC7952160,1,
PMC4318753,1,
PMC6720595,1,
PMC5681418,1,
PMC2172648,1,
C200677200,1,
PMC7077547,1,
PMC4917668,1,
PMC8047138,1,
PMC5331265,1,
PMC3998800,1,
M606059200,1,
PMC3989652,1,
AJA,1,
PMC2234339,1,
PMC7937833,1,
PMC4019028,1,
PMC6338754,1,
CS20190014,1,
PMC5085033,1,
PMC7093202,1,
PMC6611522,1,
PMC5925211,1,
PMC6657957,1,
USP30,1,
PMC5235968,1,
PMC6906497,1,
PMC5486361,1,
PMC5988750,1,
PMC10717665,1,
H1924,1,
H1931,1,
PMC3213962,1,
EIF4A3,1,
PMC6951839,1,
POSTN,1,
PMC7930329,1,
PMC8019651,1,
PMC7052384,1,
PMC5715577,1,
PMC3051075,1,
PMC5881750,1,
PMC7042377,1,
PMC6369328,1,
PMC6302283,1,
PMC6533471,1,
PMC7193011,1,
PMC6912418,1,
PMC6083504,1,
PMC6479527,1,
PMC4245710,1,
PMC3590255,1,
PMC7565991,1,
HEMATIM,1,
UMRS,1,
LVTS,1,Laboratory for Vascular Translational Science
UFR,1,
SMBH,1,
ISAT,1,guidelines recommend an iron saturation ratio
SFNDT,1,
MESRI,1,for funding and the French Ministry of Research
CMAX,1,
PMC6341007,1,
PMC4089662,1,
PMC2474786,1,
PMC2572827,1,
PMC3202851,1,
PMC2441592,1,
PMC11254369,1,
PMC5827590,1,
PMC3143542,1,
PMC4663509,1,
JCI110197,1,
PMC370736,1,
HIF2A,1,
PMC2864390,1,
PMC2295209,1,
PMC5526677,1,
PMC4497972,1,
PMC3628111,1,
PMC1895369,1,
BSR20170195,1,
PMC5705776,1,
PMC4509743,1,
M008922200,1,
PMC6807340,1,
PMC3099455,1,
HS9,1,
PMC6745900,1,
PMC2691452,1,
PMC1976368,1,
PMC5716159,1,
PMC9816180,1,
COSBI,1,of Trento Centre for Computational and Systems Biology
CIBIO,1,Computational and Integrative Biology
AD22,1,
MAGMA24,1,
AP2A2,1,
INNATE,1,
MARK4,1,
PFKFB2,1,
GLIAL,1,
NCT04570085,1,and an ongoing clinical trial
ABL1,1,
ADORA1,1,
ADRB2,1,
DHFR,1,
FLT3,1,
GABRA1,1,
MAP2K2,1,
NR3C2,1,
OPRD1,1,
OPRK1,1,
PDE4A,1,
RAF1,1,
RARA,1,
RRM2B,1,
RXRG,1,
PDGFRG,1,
HENA77,1,
PMC7511365,1,
PMC8176461,1,
PMC9066743,1,
PMC7539671,1,
PMC5036870,1,
PMC7459285,1,
PMC6861239,1,
PMC6082860,1,
PMC7649713,1,
PMC6642112,1,
PMC4401657,1,
PMC8388029,1,
PMC7028213,1,
PMC4930834,1,
PMC5937676,1,
PMC6907751,1,
PMC7124888,1,
TCRD,1,
D1334,1,
D1346,1,
PMC7778974,1,
D1302,1,
D1310,1,
PMC7779013,1,
PMC5444024,1,
PMC4634373,1,
PMC4482781,1,
PMC7485699,1,
PMC6794948,1,
PMC7580706,1,
PMC7783991,1,
PMC6900980,1,
PMC8246358,1,
PMC5812012,1,
PMC4435741,1,
PMC3140052,1,
PMC6895219,1,
PMC7175487,1,
E3129,1,
E3138,1,
PMC5393216,1,
PMC6385176,1,
PMC8190398,1,
PMC7444051,1,
DREAM,1,s medicines
PMC7690721,1,
PMC7948395,1,
MEK5,1,
PMC7576125,1,
PMC6693625,1,
SGN,1,
D1207,1,
D1217,1,
PMC7778952,1,
D955,1,
PMC6323977,1,
PMC6694132,1,
HIPPIE,1,
D408,1,
D414,1,
PMC5210659,1,
PMC11445359,1,
PEICO,1,and study design
GLST,1,
PMC9386961,1,
CNRPAH,1,
ATRSS,1,the Thematic Agency of Research in Health Sciences
PMC3750349,1,
XIV,1,
MSPRH,1,
PMC3471867,1,
PMC4695948,1,
PMC4730473,1,
PMC4710872,1,
PMC6129830,1,
PMC4445843,1,
PMC5860750,1,
PMC4476208,1,
PMC4097154,1,
LSE,1,
PMC3748453,1,
PMC4818385,1,
PMC3742130,1,
ESHRE,1,
PMC4055277,1,
PMC1230336,1,
PMC7083875,1,
PMC5960209,1,
PMC8320299,1,
130X,1,
BS2,1,
8DZ,1,
S017,1,
1BJ,1,
BS10,1,
5NB,1,
PMC8320279,1,
21F,1,
27F,1,
K15049D,1,
K15050D,1,
MAG1,1,
EH3057,1,
DYC385,1,
QET00B,1,
IL12,1,
PMC2633437,1,
PMC3345288,1,
PMC1738504,1,
PMC2848584,1,
PMC5653470,1,
M117,1,
PMC5766916,1,
PMC3439352,1,
PMC5944824,1,
PMC1783646,1,
PMC8095740,1,
PMC6127939,1,
PMC6198802,1,
PMC4350773,1,
E4509,1,
PMC7041876,1,
PMC4982069,1,
PMC3999715,1,
PMC3705431,1,
PMC4834180,1,
PMC3422754,1,
PMC4760071,1,
PMC3831119,1,
E396,1,
E405,1,
PMC5255606,1,
PMC6133624,1,
PMC4624903,1,
PMC6207376,1,
PMC8028288,1,
PMC4758554,1,
PMC4631673,1,
PMC6745071,1,
H1016,1,
H1021,1,
PMC4363555,1,
PMC2553764,1,
PMC6528169,1,
C861,1,
C135,1,
C153,1,
PMC6397344,1,
BST20140319,1,
PMC6772751,1,
PMC3827681,1,
PMC4081725,1,
PMC3182916,1,
PMC4196962,1,
PMC6367649,1,
HNF1B,1,
RU486,1,
MADD,1,
21YF1435200,1,
PMC2206759,1,
PMC2360024,1,
BF00273858,1,
PMC2992785,1,
PMC5708911,1,
PMC4826220,1,
PMC2361795,1,
W483,1,
PMC2584869,1,
TCM6,1,
PMC3932322,1,
PMC3787599,1,
PMC1660548,1,
MOY,1,
PMC2769767,1,
F442A,1,
PMC1136430,1,
JCI114315,1,
PMC304004,1,
PMC6054443,1,
PMC2196083,1,
PDL1,1,
PMC3570154,1,
PMC7043136,1,
PMC3241825,1,
PMC1413838,1,
PMC2908512,1,
PMC4007234,1,
PMC4932260,1,
PMC4860798,1,
PMC2666642,1,
202X,1,
PMC3210779,1,
PMC2987015,1,
PMC2949481,1,
PMC2745504,1,
F63,1,
PMC5552833,1,
PMC4531810,1,
PMC3380880,1,
PMC4966342,1,
PMC5709147,1,
PMC5519802,1,
PMC4826204,1,
PMC2699878,1,
PMC3331736,1,
PMC5333444,1,
MJN,1,
PMC6485164,1,
PMC11221832,1,
2024RW0519,1,
937X,1,
KDDC,1,
E190010,1,
PMC6336224,1,
PMC5470418,1,
PMC4491257,1,
PMC2878164,1,
20GA,1,
PMC8257289,1,
PMC7066467,1,
PMC6166929,1,
PMC6732754,1,
PMC5436694,1,
IIUM,1,
PMC6364535,1,
PMC7646249,1,
PMC8815536,1,
PMC6719472,1,
PMC7049202,1,
PMC8060812,1,
PMC7816926,1,
PMC4873167,1,
PMC7062226,1,
PMC8815550,1,
PMC7983021,1,
PMC7282114,1,
311X00160416,1,
PMC5253589,1,
PMC5819180,1,
PMC7445709,1,
PMC5828878,1,
PMC5996218,1,
PMC5884264,1,
PMC7004129,1,
PMC6797657,1,
PMC7438031,1,
PMC6077589,1,
PMC6838989,1,
PMC5762977,1,
PMC7031683,1,
PMC5224976,1,
IHH,1,
QRT,1,
GNU,1,
M0025,1,
CHEM,1,
H2SO4,1,
TLX,1,
TRB,1,
BX61,1,
NDGA,1,nordihydroguaiaretic acid
TF3,1,and theaflavins
R278I,1,
M239V,1,
PMC4428475,1,
PMC4326304,1,
M508246200,1,
PMC3030596,1,
PMC4142450,1,
PMC4939203,1,
BF00988078,1,
PMC2001313,1,
PMC2446608,1,
PMC33655,1,
PMC20756,1,
PMC3699678,1,
PMC3107703,1,
PMC4109344,1,
PMC3651961,1,
PMC2789642,1,
PMC6725084,1,
EGCG,1,
PMC3738232,1,
PMC4163854,1,
PMC3954102,1,
PMC12827185,1,
KIAA1429,1,
ZC3H13,1,
G6PC,1,
DGAT2,1,
SRSF3,1,
CPSF6,1,
FAT4,1,
SRA01,1,
GBP1,1,
GNG11,1,
SLAMF6,1,
LINC00667,1,
PMC9639302,1,
PMC6509280,1,
PMC10277168,1,
PMC7897327,1,
PMC10233906,1,
PMC8753874,1,
PMC11042681,1,
PMC6924515,1,
PMC9077313,1,
PMC10360191,1,
PMC9184717,1,
PMC10360938,1,
PMC5993786,1,
PMC6892141,1,
PMC9707336,1,
PMC9243540,1,
E148,1,
PMC5399497,1,
PMC11177141,1,
PMC10392762,1,
PMC12392094,1,
PMC2823452,1,
PMC4456182,1,
HKDC1,1,
PMC9972781,1,
PMC8076713,1,
PMC10101838,1,
PMC8168466,1,
PMC7244028,1,
202201061RR,1,
PMC11476401,1,
YT521,1,
PMC8690932,1,
PMC8920977,1,
PMC10897304,1,
PMC11229198,1,
PMC10401451,1,
PMC7066033,1,
PMC11429169,1,
CLDN4,1,
PMC9942341,1,
PMC8971567,1,
PMC9066898,1,
PMC10906015,1,
PMC11135827,1,
PMC10866449,1,
NSD2,1,
PMC8969340,1,
PMC8476597,1,
PMC8427885,1,
PMC7791055,1,
PMC6158722,1,
PMC9235192,1,
202301773R,1,
PMC11423538,1,
PMC10929828,1,
PMC9217105,1,
PMC11468296,1,
202403014R,1,
PMC11744739,1,
PTBP1,1,
RAB3B,1,
PMC9932062,1,
202301419RR,1,
PMC10516575,1,
PMC9553099,1,
CIBERSORT,1,
PMC9091087,1,
PMC8696978,1,
PMC8334868,1,
PMC8748685,1,
PMC11164963,1,
PMC12634942,1,
N6A5C1,1,
357X,1,
DISCOVERY,1,
MERFISH,1,
WPCNA,1,and weighted protein co-expression network analysis
L1CAM,1,
NRXN,1,
GLAST,1,
P1P1,1,and oligodendrocyte
ONI,1,
BDEV,1,
FABP3,1,
VDL,1,
VBK,1,
FCB,1,
PMC6600494,1,
PMC6482113,1,
PMC9209452,1,
PMC11485262,1,
PMC11848158,1,
PMC10943571,1,
PMC10838398,1,
PMC9973301,1,
PMC11482437,1,
PMC11350014,1,
PMC6022660,1,
SNPTEST,1,
BIMBAM,1,
BARS,1,
AG081220,1,
PMC5776756,1,
PMC3173859,1,
PMC4320269,1,
PMC4797329,1,
PMC3661048,1,
PMC2867722,1,
PMC5118651,1,
PMC4169767,1,
PBWT,1,matching and storage using the positional Burrows-Wheeler transform
PMC3998136,1,
PMC5006219,1,
PMC4745342,1,
PMC4567842,1,
PMC4406652,1,
PMC5313473,1,
FCF,1,
PMC3342314,1,
PMC4867123,1,
PMC4671479,1,
BCHE,1,
PMC3661739,1,
PMC4541342,1,
PMC3615710,1,
PMC4236550,1,
PMC1934390,1,
PMC2892122,1,
D447,1,
PMC4383874,1,
JHK,1,
PMC4501290,1,
PMC4250049,1,
PMC13170013,1,
MUWRP,1,Makerere University Walter Reed Program
EDCPT2,1,
LOESS,1,
MHRP,1,
EDCTP,1,
MUSPH,1,
KEMRI,1,
SERU,1,
MMREC,1,
SZEC,1,
CRVS,1,
PMC2566347,1,
PMC10559393,1,
PMC10062544,1,
IRB2020,1,
DSCF,1,
PMC7189411,1,
PMC2936893,1,
F1488,1,
PMC7377288,1,
PMC7261650,1,
PMC7236824,1,
PMC9420458,1,
PMC7652593,1,
PMC7919846,1,
PMC7832152,1,
ESPGM,1,
PMC7816106,1,
PMC3296233,1,
HL101959,1,
PMC3105900,1,
PMC2719688,1,
PMC2254305,1,
PMC2743251,1,
PMC2526972,1,
PMC2674279,1,
I161,1,
I163,1,
PMC2713360,1,
PMC2980821,1,
PMC2939313,1,
PMC2752702,1,
PMC3433836,1,
PMC2791367,1,
PMC2865585,1,
PMC9686041,1,
PMC2742362,1,
SWG,1,
PMC4905580,1,
PMC44195,1,
JDA,1,
PMC13437241,1,
PHY2,1,
817X,1,
PMC12451019,1,
PHY270544,1,
PHYSREP,1,
ETIOLOGY,1,
MINERAL,1,
METABOLISM,1,
HORMONAL,1,
CHANGES,1,
HAEMODYNAMIC,1,
SNF472,1,
TMVR,1,
PROGNOSIS,1,
FUTURE,1,
DIRECTIONS,1,
PMC6583098,1,
PMC5210442,1,
PMC10971621,1,
PMC4782832,1,
PMC6520580,1,
CKD5D,1,chronic kidney disease on dialysis therapy
E72,1,
E227,1,
PMC4741044,1,
PANTHEON,1,
PMC2838681,1,
PMC5721834,1,
PMC6593155,1,
PMC6739771,1,
PMC6839891,1,
GFZ133,1,
PMC5785897,1,
PMC5746506,1,
PMC7773604,1,
PMC4739105,1,
PMC4804534,1,
RNN,1,
REGPOT,1,
7FP,1,
PMC2948649,1,
PMC4296068,1,
MERENA,1,
PMC3203029,1,
EJF,1,
PMC4349827,1,
CWK,1,
PMC2689898,1,
JCI17351,1,
PMC151659,1,
JCI109954,1,
PMC371521,1,
431X20144007,1,
JCI117501,1,
PMC295319,1,
PMC2823840,1,
PMC3871599,1,
PMC6270545,1,
PMC3604606,1,
PMC3712810,1,
PMC3958810,1,
PMC3881041,1,
PMC3024084,1,
PMC2900793,1,
PMC2683462,1,
FER,1,
PMC3106357,1,
PMC1492581,1,
PMC11634311,1,
SRAA,1,o aumentada do sistema renina-angiotensina-aldosterona
UFG,1,
FUG,1,
NRD,1,
PMC4845238,1,
PMC2665728,1,
PMC4587661,1,
PMC6342478,1,
NMS,1,
PMC9234354,1,
PMC9257085,1,
PMC8491735,1,
PMC9949730,1,
PMC3242889,1,
PMC6533647,1,
PMC6306329,1,
PMC3206002,1,
PMC4665817,1,
PMC4429217,1,
PMC3303797,1,
PMC5666716,1,
553X,1,
PMC10660456,1,
HAYA,1,
NCT0354576,1,
S7C,1,
RQN,1,
PMC8457435,1,
PMC8457434,1,
PMC10028561,1,
PMC5344460,1,
H1486,1,
F943,1,
F954,1,
PMC7670523,1,
PMC7074526,1,
PMC9520210,1,
PMC7392028,1,
PMC8243351,1,
PMC10297435,1,
PMC6208146,1,
PMC6454570,1,
PMC4871250,1,
PMC9053009,1,
PMC9446866,1,
PMC7616432,1,
PEAR,1,
PMC6467266,1,
PMC9827502,1,
PMC5413218,1,
PMC8806602,1,
PMC6775617,1,
PMC7542879,1,
NACC1,1,
PMC4709675,1,
PMC7615037,1,
PMC6327413,1,
PMC8846372,1,
PMC5558552,1,
PMC10259789,1,
PSJK,1,
16726R1,1,
PMC5852889,1,
PMC5016540,1,
PMC9410378,1,
PMC7406087,1,
PMC6829979,1,
UNICEF,1,
NUT1730,1,
PMC8102845,1,
PMC6356129,1,
PMC10058147,1,
PMC10339634,1,
268X,1,
205X,1,
EXPANDED,1,
DCAN,1,
DMED,1,
TRIM27,1,
TRIM32,1,
TRIM7,1,
TRIM72,1,
DPP4I,1,
RSC96,1,
XKTD2022005,1,treatment of fundus diseases with traditional Chinese Medicine
PMC6620611,1,
PMC7065599,1,
C115,1,
PMC4697147,1,
PMC4237254,1,
PMC5618779,1,
PMC4138036,1,
M038638,1,
PMC3735940,1,
PMC6535781,1,
PMC6155223,1,
PMC6398034,1,
PMC5684107,1,
PMC4670995,1,
PMC5326761,1,
PMC3879403,1,
PMC3941042,1,
GNIP1,1,
MG53,1,
PMC6940716,1,
PMC6111804,1,
PMC7070071,1,
PMC8959892,1,
PMC5753586,1,
PMC6925927,1,
PMC4818978,1,
PMC8243329,1,
PMC8533936,1,
PMC3753400,1,
PMC8193214,1,
PMC8149386,1,
PMC6014005,1,
PMC11896152,1,
PMC5903394,1,
PMC7161290,1,
PMC5398882,1,
C1213,1,
PMC3213916,1,
PMC3963519,1,
PMC5794018,1,
MJD,1,
PMC2453610,1,
PMC5091361,1,
PMC7206022,1,
PMC12289150,1,
PMC7201508,1,
PMC9001662,1,
PMC7873867,1,
PMC9279825,1,
PMC9077727,1,
PMC9161832,1,
SLC30A7,1,
PMC7564733,1,
NLPP3,1,
3MA0321,1,
745R,1,
PMC5660664,1,
PMC8116932,1,
PMC8741862,1,
C346,1,
C359,1,
PMC4518626,1,
JEV,1,
PMC8439198,1,
PMC12104544,1,
PROTOX,1,
OVCAR3,1,
TGFB2R,1,
FADD,1,involves the activation of Fas-associated death domain protein
MDA231,1,
QGY7703,1,
E7974,1,
PM060184,1,
PMC8509218,1,
PMC8946954,1,
PMC9502410,1,
PMC7281077,1,
PMC6723499,1,
PMC10057638,1,
D80,1,
PMC5182040,1,
PMC6356680,1,
PMC5909321,1,
PMC6562878,1,
PMC6316234,1,
PMC7504051,1,
HLT,1,
VQ,1,
PMC5666418,1,
PMC8144972,1,
PMC5241708,1,
PMC10223633,1,
NGM,1,
PMC11051506,1,
PMC10886696,1,
GSDME,1,
PMC10967781,1,
PMC6400805,1,
PMC5335600,1,
PMC6422311,1,
PMC9688643,1,
PMC10743672,1,
PMC6798356,1,
PMC6522855,1,
PMC8833974,1,
PMC4463422,1,
EINS,1,
SMM0,1,
RESULTADOS,1,
M777,1,
PMC3966409,1,
MIUR,1,
FIRB,1,
RBAP11HSZS,1,
PMC3098799,1,
PMC47265,1,
M105374200,1,
16R,1,
28R,1,
JNR14,1,
PMC3745957,1,
PMC6729998,1,
BJ20121743,1,
H171,1,
D15303,1,
PMC1153938,1,
VES,1,
PMC2649415,1,
PMC1220620,1,
BJ20030763,1,
PMC1223712,1,
M202681200,1,
TWC,1,
M410973200,1,
PMC2100062,1,
PMC427187,1,
BF01973710,1,
PMC212128,1,
PMC1153261,1,
WPL,1,
PMC3859650,1,
BST0361045,1,
PMC2639773,1,
F420,1,
F430,1,
E694,1,
PMC43869,1,
PMC3698547,1,
PMC44066,1,
PMC3243767,1,
PMC1865248,1,
PMC11498420,1,
PMC2872491,1,
PMC6729502,1,
BF00309621,1,
M609521200,1,
M212265200,1,
SAPK,1,
M800013200,1,
PMC2427353,1,
PMC1995701,1,
PMC4454597,1,
PPG2012B,1,
129P,1,
PAP2,1,or hippocampi were dissected and dissociated with papain
DIV10,1,
100M,1,
DIV14,1,
VEECO,1,
JPK,1,
TTX,1,
GBZ,1,
700B,1,
IPP4,1,
PMC4072212,1,
PMC2966811,1,
PMC3077120,1,
PMC3173153,1,
PMC3236509,1,
PMC3644355,1,
PMC24402,1,
PMC6772533,1,
PMC1413872,1,
PMC1850952,1,
M806508200,1,
PMC2667751,1,
PMC2807307,1,
PMC2844209,1,
PMC6674698,1,
EPSC,1,
PMC6671006,1,
PMC6725651,1,
PMC5017532,1,
PMC3836238,1,
PMC3156071,1,
PMC2702495,1,
PMC2950825,1,
PMC27787,1,
PMC2918915,1,
PMC6675207,1,
PMC2736424,1,
PMC2853175,1,
PMC2864106,1,
PMC11036786,1,
DPARSF,1,using the Data Processing Assistant for Resting-State fMRI
1Z,1,
ANDI,1,
PCG,1,
SMG,1,
NSTC,1,grants from the National Science and Technology Council
MY4,1,
PMC4098706,1,
PMC3197839,1,
PMC3130546,1,
PMC2211373,1,
PMC2878961,1,
PMC3623298,1,
PMC2964249,1,
MACACC,1,Evans AC Mapping anatomical correlations across cerebral cortex
PMC6725541,1,
PMC2790393,1,
PMC3607831,1,
PMC2691647,1,
PMC6484365,1,
PMC5562665,1,
PMC5763517,1,
PMC4633111,1,
PMC5981802,1,
PMC4782249,1,
PMC5753611,1,
PMC5403938,1,
PMC3594199,1,
PMC3701683,1,
PMC1409812,1,
PMC4916250,1,
BDC,1,
JJG,1,
PMC6413344,1,
PMC5883331,1,
PMC7555102,1,
PMC5780182,1,
PMC6869103,1,
PMC2789892,1,
PMC7770227,1,
PMC8288084,1,
R580,1,
R586,1,
PMC6032992,1,
PMC5988839,1,
PMC5905235,1,
PMC4513936,1,
PMC3898682,1,
PMC6933953,1,
NCJ,1,
PMC5869896,1,
PMC3389330,1,
PMC5436069,1,
PMC9291910,1,
PMC4107834,1,
PMC6671318,1,
PMC2651473,1,
PMC4611852,1,
PMC3900389,1,
DN82,1,
PAFR,1,death independently of the G-protein coupled PAF receptor
N2A,1,
AAY102,1,
INP54,1,
S3E,1,
S3F,1,
S4D,1,
S4F,1,
YKB2076,1,
SH100,1,were transformed into wild type
SH121,1,
YKB3035,1,
WCE,1,protein were also examined in whole cell extracts
PIK,1,
BML,1,
L100,1,
878119P,1,
DG4,1,
RL127,1,
CHAPS,1,
NH4OH,1,
YKB3412,1,
YKB343,1,
YKB3414,1,
YKB3415,1,
YKB,1,
YKB3113,1,
YKB2489,1,
YKB3416,1,
MIP2C,1,
YKB3112,1,
TWY2560,1,
PMC3471525,1,
PMC2791600,1,
M800263,1,
PMC3037409,1,
PMC2132601,1,
PMC1171657,1,
PMC2173982,1,
PMC1748258,1,
PMC2532986,1,
PMC3711720,1,
PMC3643694,1,
PMC65648,1,
E04,1,
PMC1073669,1,
PI4,1,
5P2,1,
PMC522789,1,
FYVE,1,
PMC1868553,1,
PMC14948,1,
INP53,1,
PMC1460112,1,
PMC1069591,1,
PMC2064142,1,
PMC3395088,1,
PMC3010107,1,
M414138200,1,
PMC1592763,1,
ISP,1,
PMC2649262,1,
PMC3882310,1,
PMC19424,1,
PMC1190227,1,
PMC3241408,1,
PMC1459785,1,
FKBP38,1,
PMC3190997,1,
PMC2648237,1,
PMC3277174,1,
PMC3277121,1,
PMC2150913,1,
YEA293,1,
PMC2597538,1,
PMC4544563,1,
3JH,1,
EXCEPTISHLT,1,
EXCEPTCNI,1,
PMC3201752,1,
R3110,1,
E207,1,
PMC2335288,1,
PMC5486859,1,
V115951,1,
PMC2948867,1,
263X,1,
PMC3197086,1,
PMC5545793,1,
61N,1,
67N,1,
PMC11157728,1,
PZN,1,
RCM,1,
PMC11262345,1,
S1530,1,
V94,1,
T9PX,1,
ABMP,1,
KMK,1,
PMC2779833,1,
PMC8108944,1,
PMC4788568,1,
PMC7444006,1,
PMC5193005,1,
PMC8174512,1,
PMC4324635,1,
PMC3847463,1,
PMC4095926,1,
JGZ,1,
PMC5408452,1,
PMC2909350,1,
PMC9075331,1,
PMC7070219,1,
PMC6065303,1,
JTM,1,
PMC5463253,1,
PMC6430041,1,
TRIUMPH,1,
PMC8511053,1,
PMC8340008,1,
TEPHRA,1,
PMC9112102,1,
PMC7648946,1,
EP087005,1,
PMC4581708,1,
PMC8274970,1,
PMC5121472,1,
PMC7955398,1,
PMC7512073,1,
PMC7222669,1,
PMC9161026,1,
PMC6970173,1,
PMC8891157,1,
PMC2936915,1,
M801860200,1,
PMC2441552,1,
H1438,1,
H1443,1,
PMC3330790,1,
PMC4285794,1,
CSG,1,
PMC3382335,1,
PMC5401950,1,
PMC7169989,1,
PMC8919036,1,
PMC11313584,1,
122E,1,
PAH16,1,
MESA12,1,
LY3127804,1,
TNF1AR,1,
VEGI,1,AKA Vascular endothelial growth inhibitor
TNFSF15,1,Vascular endothelial cell growth inhibitor
MBG453,1,
ECM31,1,
II23,1,
CAH4,1,
R01HL153499,1,
K23HL150236,1,
U01DK1061022,1,
DK116095,1,
DK1061022,1,
DK120886,1,
PMC10445198,1,
PMC6527121,1,
PMC2905873,1,
PMC4316742,1,
PMC8277723,1,
PMC8109261,1,
PMC8953622,1,
PMC6237561,1,
EFEMP1,1,
Q12805,1,
PMC4147179,1,
P21757,1,
PMC8403294,1,
Q9H4D0,1,
PMC4002237,1,
PMC6498408,1,
PMC4094057,1,
PMC6054974,1,
PMC12611560,1,
PMC5536028,1,
PMC5810755,1,
PMC7674211,1,
PMC8930701,1,
C217R,1,
PMC6064847,1,
PMC7016826,1,
PMC3073553,1,
PMC5846116,1,
PMC8653572,1,
PMC8447616,1,
PMC6504961,1,
PMC9583714,1,
PMC8875627,1,
PMC1251737,1,
F309,1,
PMC4971886,1,
PMC2846308,1,
PMC8455255,1,
PMC4478244,1,
PMC5355471,1,
PMC8195817,1,
PMC5618145,1,
PMC7350990,1,
PMC6779354,1,
PMC8119940,1,
CNP86S127,1,
PMC6243950,1,
PMC4284411,1,
PMC5798008,1,
PMC3756830,1,
PMC1768165,1,
PMC6759905,1,
PMC4199468,1,
PMC3025294,1,
PMC4873744,1,
V105997,1,
PMC6993197,1,
PMC6543971,1,
PMC6805825,1,
PMC4978053,1,
PMC3014010,1,
PMC4464887,1,
PMC3328591,1,
PMC5198286,1,
PMC5054557,1,
PMC5718431,1,
CANUSA,1,
V12102158,1,
PMC5338694,1,
PMC4714245,1,
PMC7056951,1,
PMC2803335,1,
PMC3091945,1,
PMC2827598,1,
PMC5888924,1,
PMC7833080,1,
PMC7808321,1,
PCHJ,1,
PCHJ704,1,
300X,1,
IIT,1,
BF03193091,1,
PMC2735432,1,
RA1,1,
RA8,1,
CVPR4HB,1,
ICIAHP,1,
PMC4368483,1,
PMC6778510,1,
3AR,1,
MAPS,1,
HBSI,1,
PMC3903112,1,
PMC3810644,1,
PMC3467365,1,
FCN,1,
PMC3928967,1,
PMC3387980,1,
PMC3786871,1,
PMC2873209,1,
PMC3590059,1,
PMC2828361,1,
PMC5604752,1,
PMC3490201,1,
PMC2752409,1,
PMC3777690,1,
PMC10791831,1,
2020CT003,1,
HLZDZK202301,1,
2022QH1119,1,
KQT,1,
ND2,1,
PGC1DNA,1,
NDUFB9,1,
NGR,1,
ERB3,1,
ERB4,1,
HK1,1,
OAT3,1,
S325993,1,
PMC8387639,1,
PMC9572242,1,
S43,1,
PMC6661877,1,
JP280593,1,
PMC2140820,1,
PMC9479190,1,
202201486R,1,
PMC9980902,1,
PMC4641168,1,
IF1,1,
PMC9398489,1,
PMC7146077,1,
PMC5986772,1,
BST20110773,1,
BST20160094,1,
PMC5095922,1,
PMC8684469,1,
PMC9016477,1,
PMC6885766,1,
JAMC,1,
PMC9102207,1,
PMC6297763,1,
PMC9779646,1,
FM9,1,
PMC7357819,1,
S400995,1,
PMC9922503,1,
PMC9181315,1,
PMC9455072,1,
PMC11073100,1,
CTRP3,1,
CTRP9,1,
PMC9698999,1,
PMC8389321,1,
PMC5094180,1,
HEJ,1,
PMC6108594,1,
PMC9813437,1,
PMC9181219,1,
DALI,1,
PMC9990275,1,
PMC7725034,1,
PMC7599681,1,
PMC8778860,1,
PGMO,1,Fetal and placental weight in pre-gestational maternal obesity
EGWG,1,Excessive gestational weight gain
PMC7693942,1,
PMC8984031,1,
PMC9864154,1,
PMC8502693,1,
PMC6402886,1,
PMC9854613,1,
PANK1,1,
PMC7131928,1,
BPD,1,
L544,1,
PMC5966782,1,
PMC10045078,1,
202000326RR,1,
PMC8906558,1,
CS20160076,1,
PMC4918818,1,
PMC5951875,1,
PMC4257907,1,
GW501516,1,
S251491,1,
PMC7335770,1,
PMC8215783,1,
PMC6218760,1,
PMC6929101,1,
PMC7084727,1,
PMC6098226,1,
PMC5387736,1,
PMC2844830,1,
PMC5704261,1,
FKBPL,1,
PMC8206806,1,
202002072RR,1,
PMC12315945,1,
PMC8955937,1,
PMC5397702,1,
PMC6391498,1,
PMC4921468,1,
PMC6437662,1,
PMC5792493,1,
EHY,1,
PMC8144714,1,
PMC9066207,1,
PMC9842943,1,
PMC9031541,1,
677X,1,
TLR1,1,
TLR6,1,
ICANS,1,
CXCL16,1,
C7018,1,
16G,1,
ITS,1,
MMTV,1,
TNF2,1,
PMC5354133,1,
PMC6315857,1,
PMC6233178,1,
PMC4239998,1,
PMC5904695,1,
PMC6792167,1,
PMC5878418,1,
PMC6001652,1,
PMC7247939,1,
F1283,1,
F1294,1,
PMC6293285,1,
F515,1,
F521,1,
PMC3602710,1,
PMC2847796,1,
PMC5712321,1,
JP274492,1,
PMC6092283,1,
PMC3174390,1,
PMC3013519,1,
PMC5763082,1,
SIS3,1,
PMC5872904,1,
PMC6857044,1,
PMC5722661,1,
PMC6008255,1,
PMC5533230,1,
PMC4869701,1,
PMC4341470,1,
F358,1,
F365,1,
PMC4329493,1,
PMC4536962,1,
PMC3752942,1,
PMC2840080,1,
PMC6213128,1,
PMC5660697,1,
PMC5454808,1,
F287,1,
PMC4867197,1,
PMC5118479,1,
PMC2628622,1,
PMC2799275,1,
PMC3769879,1,
PMC2265865,1,
PMC6212720,1,
F375,1,
F384,1,
PMC5374308,1,
F437,1,
F449,1,
PMC5008675,1,
PMC3055206,1,
PMC5461800,1,
PMC2118232,1,
065X,1,
M311662200,1,
PMC4667939,1,
PMC5048744,1,
PMC5675696,1,
F1043,1,
PMC4446873,1,
PMC2312353,1,
PMC4891006,1,
PMC4005341,1,
F721,1,
F728,1,
PMC5625110,1,
PMC4741049,1,
PMC4109287,1,
PMC7144690,1,
LEA29Y,1,
PMC6464777,1,
PMC3465857,1,
PMC6350586,1,
PMC6092807,1,
PMC6099152,1,
PMC12145160,1,
PMC6733403,1,
PMC7311244,1,
PMC2504833,1,
PMC4587697,1,
PMC3752954,1,
PMC6521889,1,
PMC6680279,1,
PMC4587690,1,
PMC4849820,1,
4A0714,1,
326R,1,
PMC5477896,1,
PMC5261004,1,
PMC8539280,1,
PLSDA,1,
TIC,1,The total ion chromatogram
DOPEG,1,
ULSAM,1,
TXAS,1,and thromboxane synthase
NORTH,1,
RO1HL115195,1,
R01HL142291,1,
R01HL137962,1,
BHS,1,
PMC6061189,1,
PMC4867614,1,
PMC6513088,1,
PMC5438387,1,
PMC4490909,1,
PMC4351161,1,
PMC5679533,1,
PMC7476355,1,
D603,1,
D610,1,
PMC6613555,1,
PMC7666763,1,
PMC7019377,1,
PMC7200712,1,
PMC8329103,1,
PMC6996141,1,
PMC5706758,1,
PMC4155427,1,
PMC3647269,1,
CS20030412,1,
JCI119636,1,
PMC508300,1,
PMC5160390,1,
PMC2544536,1,
PMC6348268,1,
PMC3334318,1,
PMC3923046,1,
PMC3816577,1,
PMC3075861,1,
E1378,1,
E1387,1,
PMC4059985,1,
PMC8805288,1,
PMC2705678,1,
PMC8305868,1,
CS20160407,1,
PMC5736921,1,
PMC6001363,1,
PMC13083371,1,
ASGE,1,guidelines from the American Society for Gastrointestinal Endoscopy
ESGE,1,European Society of Gastrointestinal Endoscopy
LSG,1,day mortality and SAEs after laparoscopic sleeve gastrectomy
MERIT,1,
PMC8539411,1,
PMC11173340,1,
PMC5349685,1,
OCO,1,
AG037639,1,
RO1AG037639,1,
SWEDAC,1,the Swedish Board of Accreditation and Conformity Assessment
MR750,1,
DEC,1,
R01AG037639,1,
PMC3722351,1,
PMC3859218,1,
PMC3895105,1,
PMC3368882,1,
PMC2889147,1,
PMC3549332,1,
PMC4039075,1,
PMC4101075,1,
PMC4107926,1,
PMC2428345,1,
PMC2815003,1,
PMC5624219,1,
REHABIT,1,
PMC4312191,1,
PMC2041910,1,
PMC3062693,1,
PMC4615277,1,
PMC4087077,1,
PMC3227739,1,
PMC4053649,1,
PMC3634199,1,
PMC2933285,1,
PMC3969262,1,
PMC4010672,1,
PMC4295016,1,
PMC6621654,1,
PMC3542350,1,
PMC4293419,1,
PMC3783832,1,
PMC3360545,1,
PMC3918889,1,
PMC4073286,1,
PMC34271,1,
PMC12561165,1,
1T,1,
1M1T,1,
1TCRPS,1,
16GB,1,
PMC11217891,1,
PMC9937753,1,
PMC5366946,1,
PMC12191298,1,
PMC6822714,1,
PMC9724911,1,
PMC9460171,1,
HTC,1,
TOCS,1,Optics and Computer Science
ICCTA,1,
DPM,1,
SWC,1,IEEE Smart World Congress
PMC7248071,1,
TASLP,1,
PMC7071130,1,
PMC7967244,1,
PMC8832050,1,
PMC3283716,1,
GAO,1,
G719,1,
BIBW2992,1,s such as afatinib
HER1,1,
STA9090,1,and possibly ganetespib
Y1003,1,
Y123,1,
L229F,1,
S323G,1,
S1058P,1,
AVEO,1,
XL765,1,
BKM120,1,
YM155,1,
TW37,1,
PMC3068163,1,
PMC3407542,1,
M004112200,1,
PMC3077059,1,
PMC3219530,1,
S0305,1,
PMC2705836,1,
PMC3060283,1,
PMC2538882,1,
PMC3087978,1,
PMC2891357,1,
PMC2846615,1,
PMC3102680,1,
PMC2887399,1,
PMC2908583,1,
PMC3014292,1,
PMC2744268,1,
PMC3382103,1,
PMC3150066,1,
PMC2664527,1,
PMC2813301,1,
SU11274,1,
PMC2761881,1,
PMC2852571,1,
PMC2952281,1,
PMC2364032,1,
PMC2063150,1,
PMC4086469,1,
G3139,1,
PMC1505864,1,
PMC2773225,1,
PMC3298843,1,
PMC4067944,1,
PMC5320944,1,
NCT00887159,1,
NCT01232452,1,
NCT01221077,1,
NCT01186861,1,
PMC10341518,1,
1306CC,1,
1306TT,1,
SY221012,1,
66B,1,
81C,1,
PMC220898,1,
PMC5430303,1,
PMC2760082,1,
PMC4860480,1,
PMC5393446,1,
PMC6393127,1,
PMC7138992,1,
PMC9532081,1,
PMC5718060,1,
PMC4510488,1,
PMC5765875,1,
CJP,1,
PMC6609263,1,
PMC6254930,1,
PMC3368064,1,
PMC4671405,1,
PMC6468416,1,
PMC3350430,1,
PMC5655220,1,
PMC5757048,1,
PMC11075875,1,
IHRPD,1,
GPS,1,
12386R1,1,
PMC80628,1,
PMC4508173,1,
PMC2988742,1,
A61,1,
S269386,1,
PMC7457551,1,
PMC5766973,1,
PMC7843872,1,
S126314,1,
PMC5489055,1,
JOJPH,1,
PMC2904891,1,
DIA536,1,
PMC5388466,1,
PMC3650511,1,
FHU,1,
IRCAN,1,
U1081,1,
ULB,1,Libre de Bruxelles
MYCN,1,
BHLH,1,
ARID1A,1,
EIF1AX,1,A X-linked
MUC6,1,
HNF1,1,
SMO,1,and smoothened frizzled class receptor
VHL1,1,and Von Hippel-Lindau tumor suppressor
E1A,1,
EPHA3,1,
MYCL,1,
SDHA,1,
PMC6702229,1,
PMC6400536,1,
PMC4006630,1,
PMC6236557,1,
PMC4132974,1,
PMC5065004,1,
PMC7397855,1,
PMC4861069,1,
PMC1770835,1,
PMC6733269,1,
PMC4832386,1,
PMC6782070,1,
PMC6582566,1,
PMC4915822,1,
PMC5653522,1,
PMC2880489,1,
PMC7386459,1,
PMC6075039,1,
PMC5937126,1,
PMC4526731,1,
KMT2D,1,
PMC5324596,1,
LMT13,1,
PMC6802707,1,
PMC4701994,1,
PMC2701984,1,
PMC6195211,1,
PMC6422775,1,
PMC5529984,1,
PMC5835590,1,
PMC6449265,1,
PMC8235611,1,
TWG,1,full support of the BDHS Technical Working Group
NKM,1,
EFGA,1,
RRA,1,
NJK,1,
JYJ,1,
JRA,1,
HAFM,1,
AEB,1,
WAA,1,
GLD,1,
GVS,1,
DGA,1,
RJD,1,
CEI,1,
JGR,1,
PMC6717084,1,
PMC5477154,1,
PMC6005056,1,
PMC6911698,1,
MZI,1,
PMC7262759,1,
PMC8030990,1,
PMC5885928,1,
ORC,1,
PMC3973867,1,
PMC6324286,1,
PMC4275678,1,
PMC5130253,1,
PMC4270203,1,
PMC11720251,1,
TRYVIO,1,
ETRA,1,receptor antagonist
PMC6131408,1,
PMC9673465,1,
PMC3391982,1,
PMC6481176,1,
PMC9619669,1,
PMC4820479,1,
PMC8678778,1,
LAM,1,
PMC3364500,1,
PMC7019719,1,
PMC9838393,1,
PMC10349209,1,
PMC9101313,1,
PMC4524696,1,
PMC9399977,1,
PMC2813829,1,
PMC10495147,1,
PMC6828883,1,
PMC8034801,1,
PMC7967108,1,
PMC4716813,1,
PMC9937770,1,
PMC10934701,1,
PMC5125542,1,
PMC4310990,1,
PMC3870919,1,
PMC9448845,1,
PMC8041481,1,
NBK551587,1,
PMC10119183,1,
PMC6828891,1,
PMC6782023,1,
PMC10348356,1,
PMC9135932,1,
PMC6132629,1,
PMC9592701,1,
PMC10817438,1,
PMC7503101,1,
PMC6481965,1,
PMC6691655,1,
PMC10181897,1,
CKM,1,
PMC6103808,1,
PMC10580793,1,
PMC8345503,1,
IHHP,1,
PMC6502090,1,
PMC8892801,1,
PMC9203893,1,
PMC7862997,1,
PMC6316192,1,
PMC9604511,1,
PMC9846820,1,
PMC6335102,1,
PMC10703897,1,
PMC9444254,1,
PMC10867699,1,
PMC9536345,1,
PMC5808538,1,
PMC9672061,1,
PMC9655663,1,
PMC7065661,1,
PMC7028821,1,
CB23,1,
3RE,1,
1105AZ,1,
S100A1,1,
MPMCTA,1,Multiphase CT angiography
PMC5711979,1,
PMC5506259,1,
PMC4751188,1,
I19,1,
I241728500,1,
PMC5462634,1,
PMC4166862,1,
PMC5614517,1,
PMC3498003,1,
PMC2016914,1,
PMC1729334,1,
PMC2032306,1,
PMC503664,1,
PMC3959699,1,
HJGM,1,
PMC5991216,1,
PMC6462306,1,
S302,1,
S306,1,
S1344,1,
PMC6027995,1,
PMC5625960,1,
994X,1,
PMC4719699,1,
VISN,1,
NCBI36,1,
BMIQ,1,
GSE76105,1,
CENTIPEDE,1,
GSE30272,1,
GSE15745,1,
GSE44772,1,
GSE46706,1,
B3GALT4,1,
TRIM40,1,
ZNRD1,1,
RIBC2,1,
SMC1B,1,
TRIM34,1,
FBRSL1,1,
RNF5,1,
RNF5P1,1,
VAX2,1,
KIF25,1,
CMYA5,1,
TNXB,1,
ZNF559,1,
FLOT1,1,
IER3,1,
MAZR,1,
DIP2C,1,
CTNNA2,1,
SGT,1,
R01AG050986,1,
BX002395,1,
PMC2690397,1,
PMC3554198,1,
PMC3606943,1,
PMC3115415,1,
162B,1,
PMC3947441,1,
PMC3821869,1,
PMC3091299,1,
PMC3202277,1,
PMC3919006,1,
PMC3764194,1,
PMC3276664,1,
PMC2847746,1,
PMC3780611,1,
PMC3043665,1,
PMC2847747,1,
PMC5528700,1,
PMC3934491,1,
PMC4262979,1,
PMC4795100,1,
PMC3598632,1,
PMC2719870,1,
PMC3955118,1,
PMC3142181,1,
PMC3742099,1,
PMC2724425,1,
PMC3012676,1,
PMC3546795,1,
PMC3669121,1,
PMC2832824,1,
PMC3771521,1,
PMC3563935,1,
PMC3381960,1,
PMC3044858,1,
PMC2644678,1,
D1006,1,
PMC3510670,1,
PMC4255904,1,
PMC2848550,1,
PMC3784328,1,
PMC2747671,1,
PMC3759714,1,
PMC3883785,1,
PMC3874157,1,
PMC4165320,1,
KTS,1,
AHW,1,
PMC4194100,1,
PMC2973002,1,
PMC3280968,1,
PMC2981526,1,
VVR,1,
PMC4170854,1,
PMC3454416,1,
PMC2896277,1,
PMC2707146,1,
PMC3762332,1,
PMC3296329,1,
PMC2782445,1,
PMC3713637,1,
PMC3475691,1,
PMC3165035,1,
PMC3706780,1,
PMC11852269,1,
MED00340,1,
IPLA,1,
BRTA,1,Basque Research and Technology Alliance
LEARNING,1,
POINTS,1,
MPD,1,
DICT,1,
DM2500,1,
DFC420,1,
TURRAX,1,
IKA,1,
AF1817,1,
4G2,1,
TONBOTM,1,
TONBO,1,
BCFA,1,
TNFSF10,1,
S7E,1,
S7F,1,
S10G,1,
GPR109,1,
BP21,1,
FINBA,1,n Biosanitaria of Asturias
PRTR,1,
PMC8862113,1,
PMC10103206,1,
PMC7855760,1,
PMC8825222,1,
PMC10180739,1,
SLC5A8,1,
PMC3747834,1,
93S,1,
PMC10449869,1,
PMC10329333,1,
PMC10530267,1,
PMC10464552,1,
PMC10579466,1,
PMC6210519,1,
PMC10195803,1,
PMC9877435,1,
PMC7478978,1,
PMC4520159,1,
PMC7269358,1,
PMC8060457,1,
PMC7038051,1,
PMC6722604,1,
PMC3431492,1,
PMC2796818,1,
PMC4455604,1,
W216,1,
PMC9252805,1,
F785,1,
PMC5504458,1,
PMC6958730,1,
PMC8507064,1,
PMC10901723,1,
PMC8625482,1,
CS20190171,1,
PMC8921067,1,
PMC7072325,1,
PMC7793089,1,
PMC8437544,1,
PMC3408935,1,
201901080R,1,
F1098,1,
PMC6230729,1,
PMC8585482,1,
PMC7937860,1,
201903254R,1,
PMC7445474,1,
PMC10081989,1,
PMC4804402,1,
PMC7840028,1,
BSC,1,
40ETB,1,
49ETB,1,
92ETB,1,
98ETB,1,
4ETB,1,
94ETB,1,
56ETB,1,
77ETB,1,
91USD,1,
610ETB,1,
PLOSEDIT,1,
PMC4591731,1,
PMC6530010,1,
PMC1127320,1,
PMC6625021,1,
PMC6400173,1,
PMC3263916,1,
SLM,1,new adjacency matrix by using Sparse Learning Method
DD1D,1,
Y1T,1,
Y2T,1,
RECK,1,
TCTL,1,biomarkers for monitoring of primary cutaneous T-cell lymphomas
HCLS1,1,
D68,1,
PMC3965103,1,
JCI70013,1,
PMC3809794,1,
PMC11824749,1,
PMC3596316,1,
DRMDA,1,
PMC5742725,1,
HAMDA,1,
NARRMDA,1,
PRMDA,1,
PMC5689632,1,
KCC,1,
PMC5041953,1,
TCYB,1,
PMC4172684,1,
PMC3605000,1,
PMC2797085,1,
PMC5357838,1,
PMC3961555,1,
PMC5666818,1,
PMC4803811,1,
PMC4617718,1,
PMC4348909,1,
ARID1,1,
PMC3220509,1,
PMC5019415,1,
PMC7582407,1,
ND1,1,
LC3I,1,
MHC6,1,
SIRPA,1,
ACTCT1,1,
HAND2,1,
PDLSC,1,of adult human periodontal ligament derived stem cells
AP05135207,1,Education and Science of the Republic of Kazakhstan
E139,1,
E596,1,
PMC5491406,1,
PMC6613716,1,
PMC5677990,1,
PMC4872516,1,
PMC7504169,1,
PMC6390367,1,
BAMI,1,
PMC5837487,1,
PMC6658105,1,
PMC3849579,1,
PMC4946886,1,
PMC4320647,1,
PMC4912026,1,
PMC5378463,1,
PMC5557671,1,
PMC4926512,1,
PMC6529150,1,
PMC5824372,1,
PMC5308221,1,
PMC7214402,1,
PMC6192710,1,
PMC6286742,1,
PMC5822776,1,
PMC6171625,1,
PMC6372680,1,
PMC8461160,1,
PMC5363661,1,
PMC4120806,1,
PMC3759910,1,
PMC6983240,1,
PMC7355051,1,
PMC4894788,1,
PMC5040900,1,
PMC6430161,1,
PMC6496765,1,
PMC5783475,1,
PMC7288492,1,
PMC6131612,1,
PMC4870708,1,
PMC4535299,1,
PMC5101925,1,
PMC2672865,1,
PMC6757387,1,
PMC7519765,1,
PMC6953226,1,
PMC6828594,1,
PMC6949107,1,
PMC4816190,1,
PMC6405735,1,
PMC4174502,1,
PMC5955787,1,
PMC6800441,1,
PMC5340593,1,
PMC4299697,1,
PMC4705488,1,
PMC5783162,1,
PMC7256449,1,
PMC6965207,1,
PMC5474394,1,
PMC4874329,1,
PMC6700605,1,
PMC5614219,1,
PMC6593054,1,
PMC6125755,1,
PMC6341224,1,
PMC5770128,1,
PMC6952821,1,
PMC5842784,1,
EXACT,1,
ICNS,1,
AG034570,1,
PMC2644156,1,
PMC4806718,1,
PMC2709284,1,
PMC1838565,1,
PMC3880636,1,
PMC4223085,1,
PMC4083380,1,
PMC2733312,1,
PMC2810461,1,
PMC3621675,1,
PMC3102239,1,
PMC3104038,1,
PMC4389678,1,
PMC5573225,1,
PMC4715545,1,
PMC2668183,1,
PMC3206968,1,
PMC3280056,1,
PMC6794030,1,
PMC4105262,1,
PMC4035706,1,
PMC3230690,1,
PMC3881550,1,
PMC3600112,1,
PMC4958895,1,
PMC516469,1,
PMC4829082,1,
PMC6608106,1,
PMC6248473,1,
PMC4439539,1,
PMC3720883,1,
PMC41005,1,
PMC4779187,1,
PMC3692037,1,
PMC3236795,1,
PMC3776065,1,
PMC3746878,1,
PMC4806716,1,
PMC2955133,1,
PMC3687777,1,
PMC3979087,1,
PMC4498596,1,
PMC5378483,1,
DENL20,1,
DY206,1,
DY210,1,
DY3019,1,
REACTIVE,1,
GLUCOSE,1,
STM,1,
634C,1,
PMC3428013,1,
PMC7202610,1,
PMC6643125,1,
PMC3466113,1,
PMC5581350,1,
PMC7811787,1,
2031OC,1,
PMC7078651,1,
PMC7138544,1,
PMC7565537,1,
S882,1,
S897,1,
PMC5945693,1,
S404,1,
PMC6105995,1,
PMC5386656,1,
PMC8195789,1,
PMC4783224,1,
PMC6873590,1,
PMC6033515,1,
PMC6160201,1,
PMC6308051,1,
PMC7773536,1,
G174C,1,
PMC4360272,1,
PMC5523290,1,
PMC6069225,1,
PMC7446848,1,
PMC12678194,1,
HPUPM,1,and Hospital Pengajar Universiti Putra Malaysia
NS3000,1,
CMOS,1,
DIS19430,1,
KAPA,1,
PANTHER,1,
PRKCB,1,
PMC6317782,1,
NQS,1,
PMC7788880,1,
PMC10399936,1,
PMC6091663,1,
PMC4609581,1,
PMC1370863,1,
PMC7511948,1,
NNSBWNS,1,
PMC6984169,1,
PMC5735935,1,
PMC5111516,1,
PMC7036165,1,
PMC8143919,1,
DDN,1,
H770,1,
PMC4688419,1,
PMC9684445,1,
PMC9065123,1,
F868,1,
F875,1,
PMC7789979,1,
PMC6896440,1,
PMC9077141,1,
PMC10390663,1,
AAI,1,
PMC7043913,1,
PMC7429960,1,
KIGGS,1,
PMC7660865,1,
MRST,1,
PMC12106568,1,
JP282663,1,
PMC6942666,1,
PMC8114031,1,
PMC6934752,1,
PMC5766192,1,
PMC4612385,1,
PML,1,
PMC10130374,1,
PMC10564581,1,
PMC9262987,1,
PMC6586838,1,
PMC3865290,1,
E756,1,
PMC7484440,1,
PMC8294624,1,
CS20150143,1,
PMC4613534,1,
PMC8699079,1,
FL2,1,
T4799,1,
K2HPO4,1,
AUR,1,production was measured fluorometrically via Amplex Ultra Red
JNAD,1,
A32955,1,
A0006,1,
RSLC,1,
JH2O2,1,
RMDN1,1,
OXPHPOS,1,
C57BL6J,1,
DCFHA,1,
HL149704,1,
DK128920,1,
PMC3407016,1,
PMC3919551,1,
PMC3628947,1,
PMC5063821,1,
PMC5441955,1,
PMC5896211,1,
F1116,1,
F367,1,
F378,1,
PMC5995391,1,
F579,1,
F587,1,
PMC4360036,1,
PMC5103201,1,
PMC5659061,1,
PMC2980962,1,
PMC7494935,1,
F106,1,
F119,1,
PMC8321803,1,
PMC6820860,1,
PMC5001179,1,
PMC6237617,1,
PMC6478502,1,
PMC1302536,1,
PMC2771113,1,
PMC3731184,1,
PMC5984473,1,
PMC5871926,1,
PMC4575872,1,
PMC8019825,1,
PMC2933331,1,
PMC4926982,1,
F442,1,
PMC8560409,1,
PMC8437958,1,
PMC5820314,1,
M703591200,1,
PMC2921908,1,
PMC5045789,1,
PMC9161399,1,
PMC13218652,1,
CNY,1,
PMC3366686,1,
PMC6535078,1,
PMC6473877,1,
PMC12043274,1,
PMC12181477,1,
PMC3819519,1,
PMC8557058,1,
PMC11681446,1,
PMC11157942,1,
PMC11655077,1,
PMC9526088,1,
PMC11863513,1,
PMC7127991,1,
PMC9551171,1,
PMC9847128,1,
PMC10727256,1,
PMC10922947,1,
H337,1,
H349,1,
PMC8836729,1,
PMC4338700,1,
PMC10782608,1,
EDW,1,data from Utah Enterprise Data Warehouse
UHWI,1,at the University Hospital of the West Indies
IBI,1,
AMN,1,
PMC7433888,1,
PMC8654151,1,
S0080,1,
S210,1,
NG3,1,management from preconception to the postnatal period
ADIPS,1,
E52,1,
PMC3836194,1,
JBIES,1,
PMC7877117,1,
PMC7559206,1,
PMC7059374,1,
PMC6351213,1,
PMC7714241,1,
PRISMA2020,1,
PMC8958186,1,
PMC7909000,1,
PMC11022835,1,
PMC3836127,1,
PMC4169713,1,
PMC7784811,1,
PMC4686849,1,
PMC10983026,1,
PMC5154780,1,
PMC3270235,1,
PMC5127226,1,
PMC2681041,1,
PMC7888096,1,
PMC7735880,1,
PMC4776942,1,
S129,1,
AJGP,1,
PMC5319785,1,
GHC,1,
660W,1,
EIGENSTRAT,1,
SLC39A8,1,
L95,1,confidence interval
U95,1,confidence interval
PMC4717470,1,
PMC3110743,1,
PMC3686275,1,
PMC4788379,1,
PMC2734743,1,
PMC4338734,1,
PMC3038887,1,
PMC3795928,1,
PMC3763939,1,
PMC3075971,1,
PMC3690272,1,
FOXE1,1,
PMC3188836,1,
PMC3715338,1,
PMC5070514,1,
PMC3592376,1,
PMC4263197,1,
PMC3696580,1,
PMC2903053,1,
PMC2687147,1,
SPSSG,1,
PMC3979302,1,
PMC3158568,1,
PMC4303798,1,
PMC3340926,1,
PMC3077408,1,
STAMPEED,1,
PMC2571995,1,
PMC3080658,1,
DGRAM,1,
AGEN,1,
PMC4498745,1,
PMC5101938,1,
PMIPW,1,
PMC4574246,1,
PMC4574249,1,
PMC3819803,1,
PMC1229944,1,
MCJM,1,
PMC5145728,1,
PMC13115799,1,
PREPARE,1,
UEFISCDI,1,Dezvoltarii si Inovarii
HSPA,1,
CDC42,1,
S100A12,1,
TRIM11,1,
PMC10122825,1,
PMC10342759,1,
PMC12539488,1,
PMC6695737,1,
PMC3466210,1,
PMC11795286,1,
JCI175057,1,
PMC11213468,1,
PMC8787366,1,
PMC8295300,1,
PMC11458407,1,
PMC6244861,1,
PMC12295213,1,
PMC12294387,1,
PMC12344357,1,
PMC11538229,1,
PMC10880945,1,
PMC11420013,1,
PMC5923212,1,
PMC3929416,1,
PMC5426115,1,
S108,1,
PMC1171300,1,
PMC9309601,1,
PMC11117514,1,
PMC2717005,1,
PMC6408938,1,
PMC5297835,1,
PMC11263719,1,
202201623RR,1,
PMC11977521,1,
PMC3525571,1,
PMC9438532,1,
PMC6653245,1,
PMC12302828,1,
PMC11052456,1,
PMC9081538,1,
PMC4558025,1,
PMC3998152,1,
PMC8756429,1,
PMC3372885,1,
PMC4916350,1,
PMC12813574,1,
PMC10031659,1,
PMC6818010,1,
PMC6948266,1,
PMC5637866,1,
PMC8247566,1,
PMC5363311,1,
PMC5431477,1,
PMC12891642,1,
PMC12231621,1,
PMC9007902,1,
PMC2785158,1,
PMC3141258,1,
PMC9406722,1,
PMC4139908,1,
H1335,1,
PMC4451306,1,
PMC3611957,1,
PMC6521554,1,
PMC5165140,1,
PMC2785585,1,
PMC5143405,1,
PMC6531307,1,
KBTBD7,1,
PMC6039462,1,
PMC4068743,1,
PMC8561321,1,
PMC3753872,1,
PMC7646990,1,
PMC2956502,1,
PMC9478495,1,
H1762,1,
H1769,1,
PMC3094086,1,
PMC10951332,1,
PMC8414254,1,
202400306R,1,
PMC11068116,1,
PMC9299661,1,
PMC3517576,1,
PMC4730090,1,
PMC11374624,1,
PMC5143735,1,
PMC12542130,1,
PEO,1,
BFK,1,
FYJ,1,
BLS,1,A third reviewer
RMWP,1,
PMC8030388,1,
AMERICAN,1,
PMC6972001,1,
PMC5642030,1,
MAGNITUDE,1,
ASSOCIATED,1,
NUTRITIONAL,1,
STYLE,1,
AMONG,1,
BANK,1,
WORKERS,1,
HAWASSA,1,
CITY,1,
SIDAMA,1,
REGION,1,
TEXILA,1,
AAMA,1,
GSC,1,
PMC8302382,1,
PMC3955931,1,
PMC4754493,1,
PMC11764735,1,
PMC2566400,1,
PMC10149997,1,
AVF,1,for blood vessel examination before creating arteriovenous fistula
49F,1,
PMC2527668,1,
PMC2791829,1,
PMC7406478,1,
PMC7760553,1,
PMC7717100,1,
PMC8401254,1,
PMC3080986,1,
JLZ,1,
PMC5560109,1,
PMC8192458,1,
613PP,1,
PMC2718451,1,
PCK,1,
PMC3760207,1,
PMC6767334,1,
PMC6385348,1,
PMC6123257,1,
PMC7609017,1,
PMC7858270,1,
S318124,1,
PMC8464329,1,
PMC4107317,1,
PMC9706805,1,
S291001,1,
PMC7959003,1,
PMC7203560,1,
PMC6865298,1,
PMC5247301,1,
PMC5079007,1,
PMC5485789,1,
SERRS,1,and surface-enhanced resonance Raman scattering
PMC2643331,1,
PMC4854636,1,
PMC5505659,1,
PMC6143390,1,
PMC6554242,1,
W366,1,
PMC5130335,1,
PMC4877283,1,
PMC5911924,1,
PMC11283258,1,
PMC4834218,1,
PMC4715620,1,
PMC4955575,1,
PMC4955579,1,
PMC3657563,1,
PMC6262890,1,
PMC3725601,1,
PMC4220348,1,
PMC6168816,1,
PMC4414672,1,
PMC3198856,1,
PMC2844300,1,
PMC2133223,1,
PMC7676272,1,
JHW,1,
PMC3153299,1,
PMC6349177,1,
PMC4413759,1,
PMC4887190,1,
PMC5469734,1,
PMC5337808,1,
PMC6044764,1,
PMC7168079,1,
PMC4951226,1,
PMC6768870,1,
PMC3974353,1,
PMC6434426,1,
PMC5279762,1,
PMC2637590,1,
PMC7031687,1,
PMC5798130,1,
PMC3359565,1,
PMC6484951,1,
PMC5967428,1,
MNZ,1,
PMC8427273,1,
PMC8111542,1,
PMC6359645,1,
C8CS00805A,1,
S92278,1,
PMC4788369,1,
PMC7794803,1,
S38378,1,
PMC3934594,1,
SZF,1,
S235430,1,
PMC7276327,1,
PMC5824973,1,
PMC11771898,1,
MDWT,1,
DRSN,1,Deep Residual Shrinkage Networks
P100,1,
DOI10,1,
PMC11564704,1,
PMC5808465,1,
TFUZZ,1,
PMC8946519,1,
PMC9939698,1,
PMC3741956,1,
WIDB,1,
K670,1,
N671,1,
GEMC1,1,
OSTN,1,
MS4A4A,1,
PMC6672801,1,
PMC3038555,1,
S590,1,
S265,1,
S279,1,
PMC6675337,1,
PMC3004746,1,
PMC2244657,1,
PMC2906761,1,
PMC3024906,1,
PMC6673945,1,
PMC6673432,1,
R800019200,1,
PMC2573065,1,
PMC3324321,1,
PMC1735922,1,
PMC45362,1,
PMC1850171,1,
HUMU1,1,
PMC2850581,1,
PMC123014,1,
N135S,1,
PMC2750842,1,
C200469200,1,
PMC3937872,1,
PMC2665196,1,
CYD,1,
PMC2493297,1,
PMC2919638,1,
PMC2908469,1,
PMC3044719,1,
PMC3048805,1,
PMC3010357,1,
CUGBP2,1,
PMC3040659,1,
PMC3616106,1,
M000602200,1,
PMC39517,1,
PMC1217400,1,
M006049,1,
PMC2918442,1,
M500092,1,
PMC3268783,1,
PMC2587162,1,
U937,1,
AF10,1,
PMC39360,1,
JCI58552,1,
PMC3195478,1,
PMC2668052,1,
PMC156146,1,
PMC3150628,1,
PMC3809344,1,
PMC2940763,1,
PMC3696367,1,
PMC3036586,1,
PMC2771593,1,
PMC384920,1,
PMC2689140,1,
PMC1976420,1,
PMC2117169,1,
PMC3078287,1,
SIRT2,1,
LME,1,
AACT,1,
H63D,1,
PMC2744667,1,
PMC2877151,1,
PMC2706251,1,
PMC419697,1,
PMC9714856,1,
R256,1,
38012R1,1,
PMC5033115,1,
PMC3008356,1,
PMC5626035,1,
PMC1794681,1,
PMC3121539,1,
PMC5633041,1,
RHJA,1,
RAJO,1,
PMC5873388,1,
PMC5129251,1,
PMC4841180,1,
PMC7212597,1,
PMC8043946,1,
PMC7038611,1,
PMC8534796,1,
PMC4248013,1,
PMC3693611,1,
PMC5338642,1,
PMC3957437,1,
PMC2680851,1,
PMC3828806,1,
PMC2706368,1,
PMC5428770,1,
PMC3702448,1,
PMC8018890,1,
7UA,1,
7TJ,1,
AB25,1,
2ZD,1,
SIGNIFICANCE,1,
NACHT,1,
RECMHIST,1,
RECCMEDS,1,
ADNIMERGE,1,
LME4,1,
BK001,1,
TAPE,1,
A9647,1,
P188503,1,
D0426,1,
50SET,1,
DPX,1,
DI5319,1,
IX83,1,
TAPVEI,1,to the low zinc nesting material Wood Wool
L929,1,
O26,1,
SIL,1,
EPR16883,1,
XX6,1,
ZOOM,1,
R012504,1,
000PR10348,1,
000PR10351,1,
PMC4418866,1,
PMC5696570,1,
1373S,1,
PMC5353300,1,
PMC4392179,1,
PMC3035902,1,
PMC4987536,1,
PMC4205817,1,
PMC6021411,1,
PMC2989646,1,
PMC7450173,1,
PMC5859292,1,
PMC3164126,1,
PMC7585697,1,
PMC4040701,1,
PMC5384574,1,
PMC4005958,1,
PMC8029266,1,
E0,1,
PMC558283,1,
PMC4118923,1,
PMC3561272,1,
PMC4017327,1,
PMC7438828,1,
2018B02,1,
2018B08,1,
2017F007,1,
VEA,1,
PMC6439528,1,
PMC3836008,1,
PMC6151717,1,
PMC3302026,1,
PMC4541101,1,
PMC5654540,1,
PMC4300240,1,
PMC6016543,1,
PMC5337701,1,
124X,1,
PMC3808013,1,
PMC5343680,1,
PMC6558320,1,
PMC5016291,1,
PMC5453839,1,
PMC3329564,1,
PMC4582559,1,
PMC10754210,1,
PMC4692363,1,
PMC6700792,1,
PMC4433701,1,
PMC5701758,1,
PMC4100543,1,
PMC4653677,1,
PMC4346353,1,
PMC3732704,1,
PMC5005734,1,
PMC3961886,1,
PMC5104767,1,
PMC3708644,1,
PMC5735291,1,
BC12,1,
PMC4866088,1,
237X,1,
PMC3793546,1,
PMC4679576,1,
PMC3746082,1,
PMC3083906,1,
PMC5784894,1,
PMC4064435,1,
PMC5413250,1,
PMC3322702,1,
PMC10270792,1,
PMC6566145,1,
PMC3711572,1,
PMC6626553,1,
PMC3472001,1,
PMC5802053,1,
PMC5902073,1,
PMC3919402,1,
PMC8241103,1,
PTPN2,1,
PMC10994526,1,
ARTFL,1,Advancing Research and Treatment in Frontotemporal Lobar Degeneration
LEFFTDS,1,Longitudinal Evaluation of Familial Frontotemporal Dementia Subjects
RD4,1,
RD3,1,
KEFS,1,
STMS42,1,
B47,1,
RAVLT53,1,
II52,1,
AG057437,1,
PMC7325839,1,
PMC2637356,1,
PMC8826459,1,
PMC10233237,1,
PMC9743014,1,
PMC9308626,1,
PMC7856857,1,
PMC6569486,1,
PMC10066575,1,
PMC10060717,1,
PMC9172625,1,
PMC5024785,1,
PMC3721104,1,
MVB,1,
PMC8056394,1,
PMC5970949,1,
PMC3589292,1,
PMC4623840,1,
PMC8649917,1,
PMC8960876,1,
PMC3285143,1,
PMC7199807,1,
PMC5344738,1,
PMC7067654,1,
PMC8600283,1,
BF02289447,1,
PMC5683652,1,
PMC3469446,1,
PMC5098630,1,
PMC9585924,1,
PMC7660034,1,
PMC9516260,1,
PMC9679166,1,
PMC9396449,1,
PMC11006741,1,
NHE3,1,
NKCC2,1,
NHE4,1,
NCC,1,and acidosis by activating the sodium chloride cotransporter
NBC1,1,
NCT05005793,1,
PMC1165979,1,
PMC10103210,1,
PMC7144058,1,
PMC8494695,1,
JCI110921,1,
PMC370371,1,
PMC8054907,1,
MEB,1,
PMC4552114,1,
PMC6629436,1,
PK1,1,
PMC4080158,1,
PMC4152816,1,
V371398,1,
PMC4698004,1,
PMC6821658,1,
V1261137,1,
PMC7015079,1,
PMC3192268,1,
PMC7938083,1,
PMC9338915,1,
CONNECT,1,
PMC8713149,1,
F595,1,
PMC5804342,1,
F1238,1,
PMC3433868,1,
JCI107038,1,
PMC292393,1,
F1090,1,
F1104,1,
PMC7792697,1,
E428,1,
F499,1,
F509,1,
JCI112020,1,
PMC423874,1,
PMC6625635,1,
PMC6934990,1,
JCI106016,1,
PMC535723,1,
PMC5461791,1,
CS20220095,1,
F41,1,
PMC5791070,1,
PMC6934992,1,
JCI101924,1,
PMC6086694,1,
PMC3683795,1,
PMC3488949,1,
F40,1,
F47,1,
JCI106987,1,
PMC292333,1,
JCI854,1,
PMC508600,1,
F830,1,
SMH,1,
JSF,1,
PMC8729579,1,
PMC10539198,1,
PMC8422756,1,
POEA,1,palmitoleoyl ethanolamide
PGD2,1,
DGLEA,1,derived from dihomo-gamma-linolenic acid
DHEAS,1,dehydroepiandrosterone sulfate
17OH,1,
PROG,1,
SCORES,1,
LOADINGS,1,
KODE,1,
TLP,1,
EBD,1,
M2OVE,1,
FNIH,1,
ARVR,1,
PMC6416472,1,
PMC6293025,1,
PMC6494697,1,
PMC4561827,1,
PMC6289399,1,
PMC7229015,1,
PMC4159616,1,
PMC4263681,1,
PMC5877694,1,
PMC4422175,1,
PMC5183627,1,
NPD1,1,
PMC7460933,1,
PMC7691449,1,
PMC5118426,1,
PMC8460824,1,
M071738,1,
PMC5234720,1,
PMC7281358,1,
PMC2881041,1,
G300,1,
GG12,1,
PMC2040335,1,
PMC7503576,1,
PMC6431267,1,
PMC7851240,1,
PMC2813356,1,
PMC3773051,1,
PMC3021468,1,
PMC5677555,1,
PMC4281592,1,
PMC3724621,1,
PMC6949423,1,
PMC7606796,1,
PMC7095900,1,
PMC4955965,1,
PMC6281315,1,
PMC7059138,1,
PMC4118021,1,
PMC6546531,1,
PMC6672984,1,
PMC4254026,1,
PMC8130821,1,
3RU0115,1,
021R,1,
PMC5429331,1,
PMC3386505,1,
PMC1576036,1,
PMC3587287,1,
PMC6911090,1,
PMC2757605,1,
PMC7178041,1,
PMC5776063,1,
PMC3942876,1,
EC5026,1,
PMC7917437,1,
FAAH,1,BF Lichtman AH The fatty acid amide hydrolase
PMC3423256,1,
PMC13190168,1,
FEU,1,
K2026010801,1,
PMC8266290,1,
PMC8721651,1,
PMC7833539,1,
PMC10095205,1,
PMC11467133,1,
IDR,1,
S451114,1,
PMC11069378,1,
S527151,1,
PMC12231102,1,
PMC7804074,1,
PMC9275529,1,
PMC7568488,1,
PMC11614729,1,
PMC12246416,1,
PMC11178156,1,
PMC12432303,1,
PMC8198473,1,
PMC8622307,1,
PMC7081895,1,
PMC4939482,1,
PMC7256350,1,
PMC8500265,1,
PMC7323233,1,
PMC10358847,1,
PMC9967553,1,
PMC12286045,1,
PMC11098216,1,
PMC7573899,1,
PMC10311579,1,
PMC10548311,1,
PMC9164570,1,
PMC9604693,1,
PMC8347536,1,
PMC8972750,1,
PMC8956393,1,
PMC8358250,1,
PMC7676531,1,
PMC9722622,1,
PMC10783053,1,
PMC9002438,1,
PMC8019653,1,
PMC11792422,1,
PMC12221810,1,
ALZ70309,1,
FCSD,1,ndrome de Down
CONFERENCE,1,
OVERVIEW,1,
FXYD5,1,
SCARNA2,1,
TMEM184B,1,
PICTURE,1,
CROSS,1,
A431E,1,
NEUROIMAGING,1,
NATURAL,1,
HISTORY,1,
GENETICALLY,1,
DETERMINED,1,
TRIALS,1,
ACTC,1,
LEV,1,a preventive trial on levetiracetam
EXR,1,
E2814,1,
NETWORKING,1,
IMPLICATIONS,1,
TREATMENTS,1,
KINHIB,1,
DIAB,1,
EUROSTARS,1,
AUTONOMY,1,
IGPCC,1,Grant Program for Conferences and Convenings
PMC3109410,1,
PMC5116769,1,
PMC4776145,1,
PMC4678594,1,
PMC6296162,1,
PMC8865308,1,
PMC10870546,1,
PMC5709935,1,
PMC5660938,1,
PMC9231835,1,
PMC11137035,1,
PMC11258176,1,
PMC6214864,1,
PMC11040290,1,
PMC10984429,1,
PMC1458950,1,
PMC8043977,1,
PMC8061428,1,
PMC11472828,1,
PMC11631771,1,
PMC7940175,1,
PMC10427417,1,
PMC8502474,1,
OQ,1,
PMC8026765,1,
PMC6572755,1,
PMC9979840,1,
PMC6439328,1,
PMC11209765,1,
PMC5994924,1,
PMC10859879,1,
PMC10896866,1,
PMC11420697,1,
PMC9484134,1,
L235R,1,gene mutation
PMC11095427,1,
PMC8088591,1,
PMC9408930,1,
CLK,1,
PMC12640232,1,
PMC11497714,1,
PMC12176518,1,
PMC12233512,1,
PMC10857198,1,
ANDROMEDA,1,
PMC2029234,1,
CODEX,1,
PMC6886678,1,
S422995,1,
PMC10440115,1,
NDA,1,Nutrition and Allergies
EFSA,1,
PMC4539341,1,
S0016,1,
PMC9003206,1,
PMC8618003,1,
PMC1539344,1,
NRR19890011,1,
2524S,1,
S1521,1,
PMC6380346,1,
PMC6770015,1,
PMC8316221,1,
PMC4472947,1,
PMC8542533,1,
PMC5960615,1,
PMC10201678,1,
PMC4528039,1,
PMC1411786,1,
PMC1834981,1,
PMC6884355,1,
PMC3463488,1,
PMC3109238,1,
ISAPP,1,The International Scientific Association for Probiotics and Prebiotics
PMC7581511,1,
PMC1169066,1,
PMC3807819,1,
PMC6116138,1,
PMC8038019,1,
PMC5390821,1,
PMC8282825,1,
PMC7145025,1,
PMC6448809,1,
JCI110335,1,
PMC370900,1,
E981,1,
PMC10361873,1,
PMC3493657,1,
PMC6597260,1,
R151,1,
R163,1,
PMC8284951,1,
PMC4718260,1,
PMC6702602,1,
PMC4147124,1,
PMC3831208,1,
PMC8066410,1,
DIA570,1,
PMC5888938,1,
LMU,1,
2AZ,1,
UB1,1,
3EU,1,
CA94143,1,
NCT00869817,1,
NINDCS,1,
EYO2,1,
EYO3,1,and cubic
PCIG12,1,
U19AG032438,1,
PMC6674299,1,
PMC5505685,1,
PMC2688028,1,
PMC2750039,1,
PMC3856839,1,
PMC3776464,1,
PMC4601676,1,
PMC4162869,1,
PMC3758404,1,
PMC3392686,1,
PMC4107735,1,
PMC3218226,1,
PMC4766381,1,
PMC3691784,1,
ANW,1,
PMC5384837,1,
PMC5545597,1,
PMC3595157,1,
PMC4774260,1,
PMC4805086,1,
PMC5815565,1,
PMC5359115,1,
PMC3132539,1,
PMC3978584,1,
PMC4894536,1,
PMC4239838,1,
PMC2905931,1,
PMC3967548,1,
PMC3254728,1,
PMC3849338,1,
TMEM106B,1,
GENFI,1,
PMC5445253,1,
PMC3139935,1,
PMC3074985,1,
PMC3823238,1,
PMC5385711,1,
PMC4035710,1,
PMC5431219,1,
PMC4629074,1,
PMC3097887,1,
PMC2893007,1,
PMC4778075,1,
PMC3777696,1,
PMC5316179,1,
KAMG,1,resources for adults with chronic disease and disability
CSEP,1,organizations--such as the Canadian Society for Exercise Physiologists
OBI,1,
ALH,1,
PMC4099157,1,
PMC2882898,1,
PMC9426996,1,
CD005994,1,
PMC6669244,1,
PMC5360200,1,
S71691,1,
PMC4330004,1,
PMC3654879,1,
PMC2900328,1,
PMC3224908,1,
PMC3039637,1,
PMC2885311,1,
PGHM,1,
BNM,1,
PMC3446656,1,
CLSA,1,Hogan D The Canadian longitudinal study on aging
PMC11561119,1,
AD6,1,
CAD15,1,
TNS1,1,
FGD5,1,
700N1,1,
HNRNPUL1,1,
2337A12,1,
HNRNPA1P1,1,
CCDC34,1,
NUAK1,1,
PLEKHJ1,1,
ARVCF,1,
PSMR,1,
PHEIDI,1,
RN7SKP155,1,
SHARPIN,1,
WGCN,1,by constructing high dimensional weighted gene co-expression networks
AF26,1,
AD33,1,
AF39,1,
CELA3B,1,
CAD45,1,
AD49,1,
AF50,1,
CAD51,1,
SBP53,1,
DBP53,1,
MTAG17,1,
GWAS17,1,
SMR18,1,
MAST71,1,
GCST007320,1,
GCST006414,1,
GCST003116,1,
GCST006906,1,
GCST006624,1,
GCST006630,1,
GSE121893,1,
GSE160936,1,
GCST90449053,1,
GCST90449054,1,
GCST90449055,1,
GCST90449056,1,
GCST90449057,1,
GCST90449058,1,
GCST90449059,1,
GCST90449060,1,
GCST90449061,1,
GCST90449062,1,
GCST90449063,1,
S0962,1,
PMC8464768,1,
PMC7408014,1,
SMN,1,
PMC5817724,1,
IDISNA,1,Navarra Health Research Institute
CIBERONC,1,
RTICC,1,
TIAM1,1,
G13D,1,
LACE,1,meta-analysis conducted by the Lung Adjuvant Cisplatin Evaluation
ANITA,1,
IALT,1,
TOPICAL,1,
TRIBUTE,1,Tarceva Responses in Conjunction with Paclitaxel and Carboplatin
JBR10,1,
NCT00005989,1,
NCT00033384,1,
NCT00174369,1,
NCT00372788,1,
NCT00531401,1,
NCT00996892,1,
NCT00818675,1,
NCT01244191,1,
NCT01428427,1,
NCT01390818,1,
NCT00064350,1,
NCT00890825,1,
NCT00854308,1,
NCT01031225,1,
NCT01392521,1,
NCT01449058,1,
NCT01362296,1,
NCT01951690,1,
NCT01348126,1,
NCT00863746,1,
NCT01229150,1,
NCT01933932,1,
NCT02964689,1,
NCT01859026,1,
NCT02022982,1,
TKB1,1,
NCT02283320,1,docetaxel nanoparticles
TNKR,1,
FIMA,1,
PARAMOUNT,1,plus cisplatin for advanced non-squamous non-small-cell lung cancer
PMC4876086,1,
PMC4049336,1,
PMC3874127,1,
PMC4037826,1,
PMC4718136,1,
PMC356651,1,
PMC346478,1,
PMC393767,1,
PMC3755331,1,
PMC4400837,1,
PMC5072415,1,
PMC4274051,1,
PMC3804031,1,
R563,1,
R574,1,
437X,1,
PMC3354961,1,
PMC3370097,1,
PMC4973154,1,
PMC5506544,1,
PMC3274509,1,
PMC5686437,1,
PMC4527963,1,
PMC4837098,1,
PMC5305212,1,
PMC5988435,1,
PMC5677540,1,
PMC4107456,1,
PMC2743093,1,
PMC4881333,1,
PMC4884999,1,
PMC5464923,1,
E4592,1,
PMC4874190,1,
PMC6075828,1,
PMC5579171,1,
PMC4066474,1,
PMC4955282,1,
PMC2872605,1,
PMC3178447,1,
PMC4854330,1,
PMC4211116,1,
PMC3306236,1,
PMC4939262,1,
PMC4506393,1,
PMC5815037,1,
PMC4803455,1,
PMC4855243,1,
PMC2783335,1,
PMC4878106,1,
PMC4504679,1,
PMC2613546,1,
H1047R,1,
PMC2683415,1,
LSL,1,
MSC1936369B,1,
SAR245409,1,
BYL719,1,
PMC3625467,1,
PMC3874465,1,
PMC5068485,1,
JUNIPER,1,
PMC4775354,1,
PMC2768667,1,
PMC3667614,1,
PMC5389295,1,
PMC5161658,1,
PMC5321758,1,
PMC3650991,1,
PMC4873974,1,
LAMB3,1,
PMC5155639,1,
PMC10368642,1,
833X,1,
CORO1A,1,
ACTN2,1,
HOMER1,1,
PBXIP1,1,
SUCLA2,1,
GSK3A,1,
MARK1,1,
ROCK2,1,
TDP43,1,
MCI26,1,
GRIA1,1,
GRIA2,1,
GRIA3,1,
PDHB,1,
DBT,1,
IDH3G,1,
MMUT,1,
MDK,1,
SMOC1,1,
HSPB8,1,
PKM,1,
PAICS,1,
LTA4H,1,
GYG1,1,
BBOX1,1,
MCI47,1,
DNM1L50,1,
SYNPO52,1,
YWHAZ53,1,
HSPB155,1,
BAG356,1,
GPNMB57,1,
AQP458,1,
HSPB859,1,
PKM61,1,
DKK362,1,
GLRX63,1,
GAS764,1,
MAOB65,1,
CD4466,1,
AD73,1,
GOCC,1,Primarily the GO cellular compartment
GOBP,1,and GO biological process
P01AG060882,1,
PMC7577712,1,
PMC8359598,1,
PMC7689445,1,
PMC3445701,1,
PMC3789264,1,
PMC4462342,1,
PMC4937502,1,
PMC6172707,1,
PMC6305300,1,
PMC7450601,1,
PMC6480317,1,
PMC7269838,1,
PMC7382148,1,
PMC7522715,1,
PMC7990397,1,
PMC6944231,1,
PMC7318843,1,
PMC6361956,1,
PMC5831854,1,
PMC3338199,1,
PMC5462625,1,
PMC7293582,1,
PMC8338777,1,
PMC8166206,1,
PMC8268468,1,
PMC9008934,1,
PMC5503748,1,
M403672200,1,
PMC7882576,1,
PMC8785498,1,
PMC9575286,1,
PMC5058345,1,
PMC4857887,1,
PMC6596467,1,
PMC9169458,1,
PMC6520517,1,
PMC3868614,1,
PMC3073547,1,
PMC6330709,1,
PMC6506955,1,
PMC7432035,1,
PMC4183812,1,
PMC5938049,1,
PMC9174056,1,
PMC6426815,1,
PMC6600635,1,
PMC5811767,1,
PMC4614382,1,
PMC6360529,1,
PMC8664129,1,
PMC8176402,1,
PMC10564759,1,
047X,1,
FRAS1,1,
ESRD12,1,
CKD66,1,
ECM18,1,
KD019,1,
BVD,1,
ESRD73,1,
TGFB,1,
KFRE10,1,
GND,1,
GDF8,1,
FWA00005752,1,
IRB00311861,1,
CRIC45,1,
QUAD,1,
COJO,1,
R01GM129781,1,
R01DK124399,1,
PMC7792282,1,
PMC4752167,1,
PMC9022453,1,
PMC427270,1,
PMC8377005,1,
PMC8729856,1,
PMC3677132,1,
PMC4685178,1,
PMC4818972,1,
CS20210644,1,
PMC8433383,1,
PMC4933505,1,
PMC5020504,1,
PMC5700204,1,
DLK1,1,
DLK2,1,
PMC3164509,1,
PMC8285412,1,
PMC3000457,1,
PMC4217074,1,
PMC6697541,1,
PMC5660188,1,
PMC11658805,1,
PMC8316276,1,
PMC7780415,1,
PMC10281556,1,
PMC3933449,1,
KACJ,1,
PMC10154040,1,
PMC5328149,1,
PMC3014363,1,
PMC6698888,1,
PMC8010357,1,
PMC2678041,1,
PMC7345574,1,
PMC6218870,1,
PMC6392936,1,
PMC4457508,1,
PMC5301013,1,
PMC6804931,1,
PMC9531292,1,
PMC4178434,1,
PMC10426223,1,
BA21,1,Samples of human post-mortem temporal cortex
GM05399,1,
GM05658,1,
GM05758,1,
GM05565,1,
AG04823,1,
AG06922,1,
MGI5703798,1,
074ME,1,
RIMLS,1,
DND,1,
A5441,1,
A32731,1,
A11004,1,
PC41,1,
A31573,1,
BT23014,1,
FIJI,1,
G9545,1,
BMV,1,
BDR,1,with support from the Brains for Dementia Research
PMC9085977,1,
PMC8190957,1,
PMC7952899,1,
JCI152170,1,
PMC8884900,1,
PMC7805813,1,
PMC7560512,1,
PMC8617492,1,
PMC4602365,1,
PMC7775784,1,
PMC10185432,1,
PMC2755563,1,
PMC7261628,1,
PMC8029274,1,
PMC6607756,1,
PMC7929084,1,
G548,1,
G560,1,
PMC5075999,1,
C723,1,
C742,1,
PMC3074624,1,
PMC7736620,1,
PMC3826460,1,
PMC3009842,1,
PMC8297773,1,
PMC7162607,1,
PMC5405105,1,
PMC7836726,1,
PMC54003,1,
PMC53060,1,
PMC5578193,1,
PMC6707391,1,
PMC4672043,1,
PMC7384049,1,
PMC3940071,1,
PMC8028263,1,
PMC5173282,1,
PMC7339583,1,
PMC11241132,1,
COF1410,1,
1RM,1,
UBB,1,
PMC9697769,1,
PMC8293489,1,
PMC7592677,1,
PMC2695165,1,
PMC10209177,1,
PMC10137112,1,
PMC10100799,1,
PMC5568026,1,
PMC2683336,1,
PMC6942350,1,
PMC10017453,1,
PMC7011393,1,
PMC5705447,1,
PMC11091363,1,
PMC11273322,1,
PMC11058985,1,
PMC11612109,1,
PMC7983919,1,
PMC9503559,1,
EDL,1,
PMC5662641,1,
S400527,1,
PMC10167960,1,
PMC9763475,1,
PMC6394409,1,
PMC9120695,1,
PMC5869994,1,
PMC10179273,1,
PMC7674659,1,
PMC6559295,1,
PMC10189488,1,
PMC10778235,1,
PMC10148118,1,
PMC10995109,1,
PMC10687420,1,
S0531,1,
PMC9964721,1,
PMC5025335,1,
PMC4086449,1,
C127,1,
PMC7369702,1,
PMC11113627,1,
PMC8718090,1,
BF03401785,1,
PMC1949958,1,
PMC2635944,1,
PMC2855150,1,
PMC4428479,1,
PMC10901561,1,
PMC5120447,1,
PMC10839450,1,
PMC10855648,1,
PMC11033983,1,
PMC8796548,1,
PMC10846148,1,
PMC10236471,1,
PMC6990525,1,
PMC8996658,1,
PMC9199135,1,
PMC9581760,1,
PMC11005144,1,
JSC,1,
PMC7492897,1,
PMC8345221,1,
PMC9650315,1,
PMC10830392,1,
PMC10255782,1,
PMC11122640,1,
PMC7813182,1,
PMC10884056,1,
PMC2107938,1,
PMC9925431,1,
PMC10818109,1,
PMC10579494,1,
PMC11065112,1,
PMC9716292,1,
PMC10674901,1,
MYOD,1,
PMC9209351,1,
PMC4848981,1,
PMC8215706,1,
REMEDI,1,Regenerative Medical Institute
S100A4,1,
ICAT,1,was supported by the Irish Clinical Academic Training
NEPHSTROM,1,
VISICORT,1,
PMC1364361,1,
PMC2213407,1,
TLR8,1,
PMC3063338,1,
PMC5821174,1,
JCI16790,1,
PMC152935,1,
JCI71307,1,
PMC3859390,1,
PMC2819832,1,
PMC4539507,1,
PMC5577184,1,
V134957,1,
PMC27992,1,
PMC5355526,1,
PMC5740560,1,
PMC4301004,1,
PMC2525551,1,
PMC1906421,1,
PMC4737593,1,
PMC2652647,1,
JJCM,1,
JAMT,1,
PMC5886554,1,
PMC5881704,1,
PMC4769199,1,
PMC4801374,1,
PMC4964688,1,
JCI28549,1,
PMC1716202,1,
JCI15555,1,
PMC151849,1,
PMC4516570,1,
PMC4884117,1,
PMC5465082,1,
PMC4055103,1,
PMC3771979,1,
PMC5442851,1,
PMC6973309,1,
BJ20150520,1,
PMC4764977,1,
PMC3986185,1,
PMC7138267,1,
PMC5070649,1,
PMC4422728,1,
JBP,1,
NS33249,1,the National Institute for Neurological Diseases and Stroke
DLU,1,
S2D,1,
9I,1,
K670M671,1,
N670L671,1,
F717,1,
E693,1,
G693,1,
I717,1,
1202A09927,1,
P4417,1,
C7594,1,
G7041,1,
A3803,1,
MAB348,1,
T5168,1,
A2664,1,
OMAT,1,
SRX,1,
101A,1,
AB2286,1,
N45148A,1,
RM2255,1,
BS966,1,
RBM961,1,
Z0311,1,
Z0334,1,
MN1020B,1,
C6277,1,
312R,1,
A31570,1,
PMC137824,1,
PMC6573263,1,
PMC2781705,1,
PMC3121356,1,
PMC2100048,1,
PMC2825401,1,
PMC6725849,1,
PMC2527075,1,
PMC3431916,1,
PMC3814033,1,
PMC3959867,1,
PMC3529048,1,
APP717,1,
PMC34239,1,
PMC2782414,1,
PMC13205020,1,
NIMTS,1,
PFAS,1,and polyfluoroalkyl substances
FMO3,1,
PMC10260459,1,
PMC10779569,1,
PMC8470895,1,
PMC12073181,1,
PMC10524102,1,
PMC6477746,1,
PMC9613500,1,
PMC11007045,1,
PMC10863522,1,
PMC9460585,1,
PMC5476496,1,
PMC10824958,1,
PMC7369905,1,
PMC10221012,1,
PMC9813680,1,
PMC5991498,1,
PMC10824251,1,
PMC10044767,1,
PMC12322153,1,
PMC9755275,1,
PMC11680340,1,
PMC12538774,1,
PMC1702551,1,
PMC8449217,1,
PMC6223078,1,
PMC6146775,1,
PMC11982146,1,
PMC12401134,1,
PMC11631094,1,
PMC12609220,1,
EHP4492,1,
PMC6792351,1,
PMC12610194,1,
PMC11976848,1,
PMC8067083,1,
PMC9941174,1,
PMC11351301,1,
PMC10676789,1,
PMC3063589,1,
PMC12899124,1,
PMC12629823,1,
PMC7856216,1,
PMC5869077,1,
PMC9666733,1,
PMC6997266,1,
PMC5686387,1,
PMC3884106,1,
PMC11084844,1,
F1418,1,
F1428,1,
PMC7394984,1,
PMC10058108,1,
PMC10891714,1,
PMC5530483,1,
PMC11852733,1,
PMC10200736,1,
PMC9673115,1,
PMC10391899,1,
PMC10459924,1,
PMC12821956,1,
PMC10940775,1,
PMC10763225,1,
PMC8668094,1,
ARNECH,1,
705P,1,
WEIGHT,1,
HEIGHT,1,
IRADUKUNDA,1,
PMC9411486,1,
PMC8335784,1,
PMC6970225,1,
PMC8134053,1,
PMC9390965,1,
PMC7678843,1,
PMC7178564,1,
PMC7480425,1,
B131,1,
B133,1,
PMC8559328,1,
ANALYSIS,1,
NIGERIA,1,
HAMET,1,
AMBOURHOUET,1,
MBENZA,1,
CHAPITRE,1,
MONDIALE,1,
PMC7534699,1,
PMC5504833,1,
PMC6964205,1,
PMC7921515,1,
PMC7343951,1,
PMC9278376,1,
S293251,1,
PMC8153066,1,
PMC7789784,1,
PMC7147902,1,
TAHES,1,
PMC6933658,1,
PMC7059678,1,
PMC5835666,1,
PMC8664325,1,
PMC8408920,1,
NEURO,1,
PMC12140463,1,
4KSB,1,
3435T,1,
PMC2636844,1,
S12519,1,
PMC3762612,1,
PMC4694577,1,
5A6870,1,
PMC3957801,1,
PMC3186768,1,
PMC140968,1,
PMC6279327,1,
PMC8029238,1,
PMC8731231,1,
PMC7795149,1,
PMC5589967,1,
PMC1277830,1,
JCI25247,1,
PMC1257538,1,
PMC6398562,1,
PMC4292164,1,
JCI36663,1,
PMC2582453,1,
S86463,1,
PMC5055113,1,
PMC4691246,1,
PMC7937299,1,
PMC3526416,1,
PMC6201374,1,
JCI161987,1,
PMC10503811,1,
PMC3433742,1,
PMC3679278,1,
MC225,1,
PMC8566421,1,
PMC2894614,1,
PMC2872973,1,
PMC6689199,1,
PMC16264,1,
MRP1,1,
MRP2,1,
BCRP,1,
JCI1269,1,
PMC508566,1,
PMC8095502,1,
PMC2957213,1,
PMC8934576,1,
S0890,1,
S0198,1,
PMC3833596,1,
M308559200,1,
M211307200,1,
PMC3073454,1,
PMC8075256,1,
PMC4363166,1,
PMC2634288,1,
PMC4788561,1,
S633,1,
S646,1,
PMC6387885,1,
PMC2376120,1,
PMC7863706,1,
PMC7697739,1,
PMC2673049,1,
PMC3965363,1,
PMC4355962,1,
BSE0500161,1,
JCI10498,1,
PMC387254,1,
JCI7963,1,
PMC409845,1,
JCI81108,1,
PMC4701557,1,
PMC7748946,1,
PMC8214794,1,
PMC8468973,1,
PMC9145636,1,
GPNT,1,
PMC8897057,1,
PMC304789,1,
MDR3,1,
PMC2763541,1,
PMC10559617,1,
PMC6281405,1,
PMC5102249,1,
PMC2141898,1,
PMC3746859,1,
PMC4575389,1,
M801487200,1,
PMC2596389,1,
PMC5600438,1,
PMC4655822,1,
PMC2972355,1,
PMC4055488,1,
U744,1,
U1079,1,
U1061,1,
U897,1,
NEUROFARBA,1,
DENOTHE,1,
OHAP,1,Oxford Healthy Aging Project
UAM,1,
AUSL,1,
IFIMAV,1,
CRICM,1,
VHIR,1,
UAB,1,
U708,1,
KIADRC,1,
BGB,1,
TATW,1,
CFL,1,
MIK,1,
MCDN,1,
SGY,1,
MJO,1,
KMF,1,
PVJ,1,
MCOD,1,
LBC,1,
TMF,1,
WAK,1,
KLL,1,
JSKL,1,
JFD,1,
GENMED,1,
CNG,1,Anne Boland
MGEN,1,
COGINUT,1,
COVADIS,1,
FRA,1,
EVO,1,
RF07,1,
RC08,1,
CBMSO,1,
AFAL,1,n de Familiares de Alzheimer de Madrid
HL080295,1,
HL087652,1,
AG023629,1,
AG15928,1,
AG20098,1,
AG027058,1,
UL1TR000124,1,
DK063491,1,
AG08122,1,
AG16495,1,
AG031287,1,
NS17950,1,
K24HL038444,1,
IDEA,1,
MRACE,1,
HL087641,1,
HG004402,1,
UL1RR025005,1,
BRU,1,
LASER,1,
NGFN,1,German National Genome Research Network
01GS0465,1,
CA129769,1,
MH080295,1,
AG017173,1,
R01AG33193,1,
AG06781,1,
HG004610,1,
AG10133,1,
AG020688,1,
AG002219,1,
AG08051,1,
MO1RR00096,1,
RR029893,1,
AG026916,1,
NS059873,1,
AG016582,1,
UL1RR02777,1,
AG031581,1,
AG016575,1,
AG016576,1,
AG016577,1,
AG016570,1,
AG019724,1,
AG010491,1,
NS39764,1,
MH60451,1,
TGEN2,1,
AG034504,1,
LOCI,1,
CHR19,1,
C1QTNF4,1,
SLC39A13,1,
LOC100287086,1,
PTPMT1,1,
LOC100128334,1,
MCM7,1,
PILRB,1,
LOC100289298,1,
VDJ,1,
MACH,1,
U1068,1,
BST0390910,1,
PMC1182015,1,
PMC3296573,1,
PMC1684987,1,
PMC1180588,1,
PMC1180589,1,
PMC2720775,1,
PMC3664422,1,
ATG8,1,
LIR,1,interacting region
PMC3422476,1,
PMC3647385,1,
PMC2809029,1,
PMC3790292,1,
PMC3123115,1,
SLC25,1,
PMC3340256,1,
PMC1757256,1,
PMC1377630,1,
PMC2689936,1,
PMC3268180,1,
PMC9821184,1,
SOCS7,1,
STATS,1,
PBP1B,1,
TC45,1,
S3I,1,
MYR,1,
PMC3405821,1,
PMC3820554,1,
PMC6208728,1,
PMC7931451,1,
PMC8530144,1,
PMC6966445,1,
PMC8617206,1,
PMC7984880,1,
PMC7821583,1,
BST0341267,1,
PMC9232306,1,
PMC6562942,1,
PMC7920406,1,
PMC85631,1,
PMC4917817,1,
PMC1414631,1,
PMC6670728,1,
PMC5002348,1,
PMC4390393,1,
PMC3722456,1,
PMC3071251,1,
BF00296544,1,
PMC6598402,1,
PMC4084581,1,
PMC6596273,1,
PMC5994517,1,
PMC4033691,1,
PMC6633992,1,
PMC4229581,1,
BST0361467,1,
PMC3703870,1,
PMC2774075,1,
PMC4171548,1,
PMC4314046,1,
PMC4602369,1,
BST20140155,1,
ISGF3,1,
PMC54995,1,
PMC3670265,1,
PMC5634336,1,
PMC11146996,1,
PMC1171132,1,
S1359,1,
PMC27945,1,
PMC124481,1,
M210572200,1,
M005615200,1,
PMC133976,1,
PMC123017,1,
PMC8221334,1,
PMC6160590,1,
PMC4670075,1,
PMC6492741,1,
PMC3867821,1,
PMC2924030,1,
PMC3330269,1,
PMC4672943,1,
PMC3606782,1,
PMC6390878,1,
PMC4038293,1,
PMC1526583,1,
PMC3445706,1,
PMC6784227,1,
PMC4772053,1,
PMC7395214,1,
S76,1,
PMC5336609,1,
PMC5427777,1,
PMC4987477,1,
CERTH,1,
WV1,1,
1LY,1,
PL6,1,
8BH,1,
HMP,1,resulted in augmentation of the hexose monophosphate cycle
STRA13,1,
NSRF,1,of the National Strategic Reference Framework
MIS,1,
SHD,1,
PMC3022166,1,
PMC4066722,1,
PMC3078529,1,
PMC2072864,1,
PMC4686230,1,
PMC3491441,1,
PMC3705357,1,
PMC3815163,1,
PMC508393,1,
PMC11146127,1,
PMC55169,1,
FRSE,1,effect on free radical scavenging enzyme
PMC2843731,1,
PMC3935590,1,
PMC1885190,1,
PMC4134003,1,
PMC4648806,1,
CS20030162,1,
F1889,1,
F1897,1,
PMC4370041,1,
PMC8646025,1,
CIIS,1,Centre for Interdisciplinary Research in Health
IUEM,1,rio Egas Moniz
PMC7545248,1,
PMC7450987,1,
KEO,1,
PMC3228016,1,
PMC6836020,1,
PMC4220986,1,
PMC8160023,1,
PMC5533818,1,
S188903,1,
PMC6526926,1,
PMC5779655,1,
SIADH,1,
PMC2077685,1,
PMC1758849,1,
PMC3030003,1,
PMC5785616,1,
PMC8053661,1,
PMC7146259,1,
PMC4659025,1,
PMC4593589,1,
MFJ,1,
1OI1BX000867,1,
R43,1,
AG044213,1,
129SVJ,1,
NMP,1,
K2EDTA,1,
FNN0071,1,
DY410,1,D Systems
KHB3481,1,
KHB3544,1,ultra sensitive kit
KHB0042,1,total tau kit
KHB7031,1,
CAMP12783,1,
NTDK,1,
ACK,1,
KHCO3,1,
RMPI,1,
B10825,1,
RB6,1,
8C5,1,
MP6,1,
XT22,1,
B0806,1,
RPN2232,1,
C8H6NS2,1,
PMC1235569,1,
PMC3930368,1,
PMC4048658,1,
PMC3403851,1,
PMC4128532,1,
PMC4123412,1,
PMC3218716,1,
PMC6457258,1,
PMC3197440,1,
PMC5019353,1,
PMC3142809,1,
ALTEX,1,
PMC2925282,1,
PMC4148612,1,
PMC3873486,1,
PMC3566218,1,
PMC2064547,1,
PMC1738668,1,
PMC4182618,1,
PMC3181376,1,
PMC2577641,1,
PMC3405480,1,
PMC6725530,1,
PMC3798002,1,
AN20110018,1,
PMC3227004,1,
BEBM,1,
PMC314185,1,
PMC13204155,1,
SOX4,1,
SGRAP1,1,
SGRAP2,1,
PDGFB,1,
TGFB2,1,
NF2,1,
MKK4,1,
SPRED1,1,
PDIA6,1,
VSCM,1,
PMC10150446,1,
PMC6784751,1,
PMC3298336,1,
PMC4318949,1,
PMC12402006,1,
PMC11026201,1,
C282,1,
C293,1,
PMC11192485,1,
PMC9687845,1,
PMC13026518,1,
PMC8124994,1,
H968,1,
H979,1,
PMC6146304,1,
PMC6275070,1,
PMC10380571,1,
PMC11989401,1,
PMC12156006,1,
PMC12358798,1,
PMC11744942,1,
KCNK3,1,
PMC8777530,1,
PMC3521964,1,
PMC11519324,1,
PMC11229175,1,
PMC5979462,1,
PMC9101961,1,
PMC5979335,1,
PMC11122212,1,
PMC1370393,1,
PMC4196292,1,
JCI67383,1,
PMC3726159,1,
PMC6981965,1,
PMC5813862,1,
PMC11893092,1,
PMC7101318,1,
PMC13026157,1,
PMC9497241,1,
PMC3470747,1,
PMC6949061,1,
PMC11595006,1,
PMC4183134,1,
PMC3289120,1,
PMC2234176,1,
PMC9852070,1,
PMC6365944,1,
PMC5665587,1,
PMC12271248,1,
PMC5542606,1,
PMC12609130,1,
PMC6815950,1,
PMC8078961,1,
PMC13017359,1,
PMC11067968,1,
PMC6751266,1,
PMC5737148,1,
PMC3630177,1,
PMC5330206,1,
PMC2600761,1,
PMC6405702,1,
PMC7358430,1,
PMC11800069,1,
PMC7469794,1,
R115,1,
R128,1,
PMC7709916,1,
PMC2728297,1,
PMC4881570,1,
PMC5806230,1,
PMC10671374,1,
PMC9661319,1,
PMC8619171,1,
PMC7072450,1,
PMC2672860,1,
PMC12047499,1,
PMC6888331,1,
001X,1,
ATSDR,1,the Agency for Toxic Substances and Disease Registry
PEL,1,
TOXLINE,1,
NHEJ,1,a non-homologous end joining
CH3COO,1,antimony acetate	Sb
HSDB,1,
PMC5289473,1,
PMC3037053,1,
PMC7682321,1,
BF00379443,1,
BF02783802,1,
BF01079697,1,
PMC1128103,1,
XPA,1,
XPE,1,
PMC1241248,1,
SEK1,1,
PMC5515989,1,
PMC9587068,1,
TGS,1,
T7951,1,
FLA,1,
ISOLATE,1,
MASCOT,1,
DAKO0024,1,
0N,1,
190N,1,
KXGS,1,
PGGG,1,
PMC8018065,1,
PMC3069830,1,
PMC6936707,1,
PMC4674944,1,
PMC6555816,1,
PMC6394076,1,
PMC549057,1,
PMC5569151,1,
CLN1,1,
PMC6616324,1,
PMC6343147,1,
PMC2925685,1,
PMC7775633,1,
T231,1,
PMC5917035,1,
PMC44816,1,
PMC1137067,1,
PMC1868613,1,
PMC3183823,1,
M703269200,1,
PMC4231689,1,
PMC6999090,1,
PMC3381739,1,
PMC4526125,1,
PMC362555,1,
PMC3073119,1,
PMC5140006,1,
PMC2860888,1,
PMC4474601,1,
PMC4157056,1,
PMC3465504,1,
PMC7019250,1,
PMC5106509,1,
PMC4870772,1,
G116,1,
PMC3367389,1,
PMC4179983,1,
PMC6317365,1,
PMC6317356,1,
PMC6598029,1,
PMC5652035,1,
PMC5177639,1,
PMC2573460,1,
PMC2825666,1,
PMC5579350,1,
CLN6,1,
PMC4498759,1,
PMC6663862,1,
PMC5320451,1,
PMC196927,1,
PMC4815063,1,
PMC7792306,1,
PMC4026737,1,
PMC12630314,1,
948X,1,
ARNAS,1,
LIMA,1,
ABIONYX,1,
SANOFI,1,
WERFEN,1,
KABI,1,
FRESENIUS,1,
NOVARTIS,1,
CHINOOK,1,
ROCHE,1,
VIFOR,1,
RECOR,1,
E7631616014,1,
PMC11357349,1,
PMC5411330,1,
PMC2884327,1,
PMC6399621,1,
PMC10253889,1,
PMC4079942,1,
PMC9490586,1,
JP281101,1,
PMC3017674,1,
PMC8839325,1,
PMC8598045,1,
PMC7589692,1,
PMC6220876,1,
PMC7228909,1,
PMC5042570,1,
PMC5133877,1,
PMC8970877,1,
PMC7828812,1,
PMC7732631,1,
PMC7138754,1,
PMC10107279,1,
PMC8499480,1,
PMC10255447,1,
PMC7221535,1,
PMC5783752,1,
PMC3870323,1,
PMC9534344,1,
PMC5512726,1,
PMC4787057,1,
PMC4506471,1,
S7422,1,
PMC3012430,1,
PMC2890358,1,
KAUH,1,
PMC10046996,1,
PMC6354754,1,
PMC8348147,1,
PMC5401818,1,
PMC3747902,1,
DEFENCE,1,
PMC5500953,1,
PMC6224877,1,
PMC6446693,1,
PMC6468119,1,
PMC4742508,1,
S237454,1,
PMC7308123,1,
PMC8172050,1,
PMC3308273,1,
PMC3135022,1,
PMC2989959,1,
PMC3593165,1,
PMC1325029,1,
PMC5135731,1,
PMC2723667,1,
PMC5819806,1,
PMC5680777,1,
PMC6921505,1,
R461,1,
R469,1,
PMC9748572,1,
PMC7183822,1,
PMC8218776,1,
PMC3168743,1,
PMC5155237,1,
PMC9182754,1,
PMC6712481,1,
PMC7522780,1,
PMC7071240,1,
PMC11072437,1,
PMC11363092,1,
PMC6953486,1,
PMC3555407,1,
PMC3714497,1,
PMC8282372,1,
PMC4950274,1,
PMC10442190,1,
PMC6152525,1,
PMC6341282,1,
EPIRCE,1,
PMC4016563,1,
PMC4914832,1,
PMC9510590,1,
PMC5990470,1,
PMC8766278,1,
PMC8102292,1,
PMC11116924,1,
PMC6004924,1,
PMC7206473,1,
PMC9696013,1,
PMC9477920,1,
PMC6658129,1,
PMC3756673,1,
PMC7878354,1,
PMC11583597,1,
RHEA,1,
TISSUE,1,
BARRIERS,1,
RO1AG057658,1,to KT
TP1796,1,
GC31520,1,
GLPBIO,1,
B0084,1,
BOC,1,
KRRQRRKKRGY,1,amin acid N-terminal extension
3110TR,1,
RRQRRKKRGY,1,
JC1,1,
MAR709,1,
PMC10186239,1,
PMC10228637,1,
PMC8348485,1,
PMC8152728,1,
PMC7905684,1,
PMC5393926,1,
S427,1,
S453,1,
P0848,1,
PMC3392648,1,
PMC4191295,1,
PMC6460655,1,
PMC5819888,1,
PMC3894554,1,
PMC9661919,1,
PMC6685093,1,
PMC9363704,1,
PMC9866634,1,
PMC10477949,1,
S348055,1,
PMC8943601,1,
PMC7476877,1,
PMC11005324,1,
PMC8864443,1,
PMC7606641,1,
PMC8881610,1,
GAW,1,
PMC7526454,1,
LY3298176,1,
PMC6308032,1,
PMC9569163,1,
JP276149,1,
PMC6166047,1,
PMC7213778,1,
PMC3402449,1,
PMC6308033,1,
PMC9897197,1,
PMC5635907,1,
PMC10623903,1,
S0196,1,
PMC8085572,1,
PMC7921015,1,
PMC11739250,1,
IRCSS,1,
NHN,1,
S3796,1,
PMC9973389,1,
MUC16,1,
MUC20,1,
TSS200,1,
TSS1500,1,
HTB,1,
1012K,1,
IMSR,1,
VSVG,1,
HRM,1,
R7757,1,
R37109,1,
16V,1,
8R,1,
GSE208080,1,
S1I,1,
S1J,1,
S1K,1,
S1L,1,
1K,1,
S9C,1,
CCSG,1,
ORIEN,1,
PMC8639744,1,
PMC8188581,1,
PMC8190869,1,
PMC7825161,1,
PMC7021511,1,
PMC3396362,1,
PMC8870477,1,
JCI61271,1,
PMC3582115,1,
PMC5596892,1,
PMC8479631,1,
PMC3157597,1,
PMC3991758,1,
PMC3855469,1,
PMC2614293,1,
PMC8563430,1,
PMC5340232,1,
PMC5342157,1,
PFND1,1,
S236929,1,
PMC7170631,1,
PMC7225921,1,
MUC5,1,
IJC7,1,
PMC4346793,1,
PMC2757265,1,
PMC4116509,1,
R100,1,
PMC1794559,1,
MASTL,1,
PMC6095835,1,
PMC6838936,1,
PMC2848712,1,
PMC5740157,1,
PMC5376761,1,
PMC6780288,1,
PMC7516130,1,
PMC5296654,1,
PMC4852857,1,
IPEX,1,
L334,1,
NLRP6,1,
PMC5994402,1,
PMC6116004,1,
HHIP,1,
PMC6876884,1,
PMC6975268,1,
PMC4155060,1,
PMC5890100,1,
PMC6354612,1,
PMC3888091,1,
PMC7299702,1,
SSEA,1,
PMC7290611,1,
PMC6252342,1,
PMC3761563,1,
PMC6034925,1,
PMC1867011,1,
PMC2171754,1,
PMC1821080,1,
PMC528889,1,
PMC4740200,1,
M206402200,1,
PMC5903678,1,
PMC3581042,1,
PMC8138604,1,
PMC6141049,1,
PMC8801880,1,
PMC5318667,1,
PMC7024841,1,
PMC6702745,1,
PMC6614013,1,
PMC5516414,1,
PMC6299094,1,
PMC5989854,1,
JCI64048,1,
PMC3533546,1,
PMC13481201,1,
MGR,1,
PPBS,1,
J40,1,
RLN,1,
NPLH,1,
PMC10811845,1,
NBK559281,1,
PMC7616842,1,
PMC10650064,1,
PMC9415273,1,
PMC9138026,1,
PMC11823367,1,
PMC10683519,1,
PMC11942939,1,
PMC7216332,1,
PMC10883379,1,
PMC11291206,1,
PMC5425194,1,
PMC10650144,1,
PMC2797986,1,
PMC1560381,1,
PMC7827207,1,
PMC6451256,1,
PMC3410238,1,
PMC5556826,1,
PMC5511936,1,
PMC11548965,1,
PMC7582118,1,
PMC5558949,1,
PMC7788870,1,
PMC4936452,1,
ACURE,1,
PMC7789818,1,
PMC2993844,1,
PMC4493698,1,
PMC4316436,1,
PMC6045902,1,
PMC2650609,1,
PMC12851792,1,
PMC12899587,1,
S10611,1,
PMC3107696,1,
PMC6760893,1,
PMC5763036,1,
PMC9140845,1,
PMC3781532,1,
PMC13361392,1,
LGF,1,
GLFF,1,
LVPFGW,1,
VSFPVL,1,
VLPF,1,
LRF,1,
GAWY,1,
SNHANQLDFHP,1,
PVQVLASAYR,1,
SSYYPFK,1,
LLPSF,1,
LPQFF,1,
NLPLPF,1,
MAPK8,1,
MAPK14,1,
MAS1,1,
MBPDB,1,
GBDT,1,research team utilized a gradient boosting decision tree
FPRPFL,1,
ERT,1,extremely randomized tree
PMC7385676,1,
PMC5863783,1,
PMC9455805,1,
PMC8145060,1,
PMC11816975,1,
PMC11722916,1,
PMC7999667,1,
PMC12939569,1,
PMC6550218,1,
PMC7146574,1,
LVLPGE,1,
FSAP,1,
LWT,1,
PMC11499197,1,
PMC8991738,1,
AK094457,1,
PMC12385867,1,
PMC12177741,1,
D5CS00415B,1,
PMC6657004,1,
PMC6928608,1,
D1119,1,
D1126,1,
PMC4702810,1,
PMC5486413,1,
PMC4383949,1,
PMC4515604,1,
PMC9096110,1,
PMC10806797,1,
E25,1,
W357,1,
W364,1,
PMC6602486,1,
W726,1,
W731,1,
PMC9252837,1,
W609,1,
W614,1,
PMC2896160,1,
D1138,1,
PMC7779006,1,
PMC2938269,1,
D789,1,
D798,1,
PMC4383985,1,
PMC6002921,1,
D1465,1,
D1477,1,
PMC10767903,1,
PMC7732055,1,
691X,1,
ECRI,1,
DK118213,1,
K23DK,1,
K08DK118213,1,
UCPR,1,
01995R1,1,
CRIS,1,
01995R2,1,
RESUBMIT,1,
BEFORE,1,
RECEIVED,1,
REQUIREMENTS,1,
01995R3,1,
PROCESS,1,
USRD,1,
PMC3392651,1,
PMC4891750,1,
PMC2588106,1,
PMC3013524,1,
PMC6058621,1,
PMC5745961,1,
PMC3752941,1,
PMC3285421,1,
PMC4700009,1,
PMC5108197,1,
PMC4633789,1,
V1281713,1,
PMC5117429,1,
PMC9704679,1,
PMC6891889,1,
XIONG,1,
28CHARLS,1,
IJEPB,1,
PMC6815066,1,
PMC5408909,1,
PMC6425463,1,
PMC8788191,1,
PMC3991926,1,
PMC5597122,1,
PMC5810382,1,
PMC4545349,1,
PMC7431052,1,
PMC9704759,1,
SERGAS,1,
UVIGO,1,
MRF,1,
A12,1,
A24,1,
1NS,1,
PMC5910276,1,
PMC2889282,1,
PMC4833164,1,
RJW,1,
PMC7004559,1,
PMC5933548,1,
PMC6491046,1,
PMC7299313,1,
AMJHYPER,1,
MORNING,1,
EVENING,1,
RAMIPRIL,1,
TAKING,1,
AMBULATORY,1,
ARTERIAL,1,
PMC8673208,1,
PETR,1,
PMC1936293,1,
PMC1401071,1,
PMC6447046,1,
PMC2852926,1,
PMC4025564,1,
2000WR900350,1,
PTR,1,
PMC13132715,1,
PERK,1,through the protein kinase R-like endoplasmic reticulum kinase
IRE1,1,
ATF6,1,
BIO89,1,
LY2405319,1,
BFKB8488A,1,
NGM313,1,
PMC10874377,1,
PMK,1,
PMC11196551,1,
PMC12386213,1,
PMC7585574,1,
PMC11151220,1,
PMC12435370,1,
PMC12121056,1,
PMC9582318,1,
PMC12125341,1,
PMC9204180,1,
PMC10496074,1,
PMC7176677,1,
ACB,1,
PMC12774890,1,
PMC8685940,1,
PMC11001512,1,
PMC11605152,1,
PMC3294310,1,
PMC5012490,1,
PMC4886489,1,
MAFLD,1,
PMC9889784,1,
PMC12467552,1,
PMC12533907,1,
PEACP,1,
PMC10120114,1,
PMC7101406,1,
PMC11294033,1,
PMC9816377,1,
PMC4473254,1,
PMC4368742,1,
PMC6483847,1,
PMC4862867,1,
PMC9069677,1,
PMC1088017,1,
PMC7876379,1,
PMC4363087,1,
PMC3902842,1,
PMC9990864,1,
PMC7764934,1,
PMC11673429,1,
PMC3936257,1,
PMC7184681,1,
PMC8716832,1,
PMC8791311,1,
PMC549593,1,
PMC3934740,1,
PMC11176756,1,
PMC2846040,1,
PMC5568813,1,
PMC9261267,1,
PMC12080990,1,
PMC12374811,1,
PMC10875896,1,
F227,1,
PMC11993225,1,
PMC2082142,1,
PMC3809777,1,
PMC2626374,1,
PMC3585177,1,
PMC3767931,1,
PMC9818928,1,
PMC11360640,1,
F1119,1,
PMC4534759,1,
PMC6978691,1,
PMC11843125,1,
PMC5053113,1,
PMC6765272,1,
F1372,1,
PMC4042102,1,
PMC9424710,1,
PMC3083312,1,
PMC3491167,1,
R15,1,
PMC4238413,1,
PMC8502176,1,
PMC2768230,1,
PMC10860320,1,
PMC10949337,1,
PMC9780337,1,
PMC10185566,1,
PMC1881212,1,
PMC6506575,1,
PMC10077489,1,
PMC8591237,1,
PMC7792332,1,
PMC11997804,1,
PMC11727289,1,
PMC10835837,1,
PMC6446149,1,
PMC4443484,1,
PMC9353562,1,
PMC11393841,1,
RESCUE,1,
PMC8861265,1,
PMC11333272,1,
PMC11892870,1,
THAILAND,1,
A1A0,1,
ATCI,1,
BTCI,1,
2CEK,1,
1P0I,1,
2BEG,1,
KP250,1,
TFTN,1,
10I,1,
10H,1,
10J,1,
12D,1,
12H,1,
12J,1,
14A,1,
16B,1,
16C,1,
16D,1,
PMC10138573,1,
PMC10128090,1,
PMC2873716,1,
PMC9805975,1,
PMC9781592,1,
PMC8068256,1,
PMC6694352,1,
PMC8599153,1,
PMC7522354,1,
PMC8587556,1,
PMC10004790,1,
PMC10217178,1,
PMC4740492,1,
PMC8037236,1,
PMC4787279,1,
PMC7922581,1,
PMC3493940,1,
PMC3351313,1,
PMC2922021,1,
PMC1297669,1,
PMC3634507,1,
PMC10485067,1,
PMC3332351,1,
PMC2895266,1,
PMC6311295,1,
PMC9321094,1,
PMC6711031,1,
PMC5878042,1,
PMC3426815,1,
PMC6836233,1,
PMC6606780,1,
PMC9736131,1,
BPL,1,
PMC7990465,1,
PMC8162271,1,
B1800340,1,
PMC6421120,1,
PMC7854095,1,
PMC2875740,1,
PMC2823569,1,
PMC7047126,1,
PMC10070452,1,
S169925,1,
PMC6120512,1,
PMC5871153,1,
PMC7690784,1,
PMC8708668,1,
KPFORCE,1,safety of daily consumption of Kaempferia parviflora extract
03753R1,1,
Q9D6P8,1,
Q5NC92,1,
Q8R1M2,1,
P22752,1,
P63054,1,
Q9D9Y2,1,
Q60932,1,
Q9D3D9,1,
P19157,1,
Q91XV3,1,
BASP1,1,
P00015,1,
P63101,1,
KCIP,1,
SEZ,1,
P56382,1,
Q9QY23,1,
Q8CEV2,1,
P16858,1,
P68369,1,
O88935,1,
Q64436,1,
O08599,1,
P68368,1,
Q9D0M5,1,
P17742,1,
Q9CXK3,1,
P62897,1,
P28663,1,
P05213,1,
Q6IRU5,1,
P06467,1,
Q4VBD1,1,
AK190093,1,
Q6ZQ49,1,
MKIAA0778,1,
P55821,1,
Q04447,1,
P45591,1,
P21107,1,
P17710,1,
Q9WV27,1,
Q8BWN0,1,
Q6PIE5,1,
P05064,1,
Q6P3A9,1,
P54227,1,
P62331,1,
ARF6,1,
P58774,1,
Q8BYR2,1,
P09411,1,
Q9ERD7,1,
P27600,1,
BAT4,1,
Q9CPQ1,1,
P02088,1,
P26883,1,
P84084,1,
P01942,1,
P30275,1,
Q922F4,1,
O08585,1,
Q60864,1,
STI1,1,
Q9Z1W8,1,
P10637,1,
Q03265,1,
O35381,1,
P63260,1,
P07724,1,
2510040B16,1,
P68372,1,
Q9CWW7,1,
Q9CZU6,1,
P99028,1,
P97450,1,
Q9CQ69,1,
Q8BG05,1,
Q64343,1,
P28184,1,
2010010O17,1,
Q9DBJ1,1,
P17183,1,
P10639,1,
I420044H02,1,
E130116L18,1,
Q8K3X6,1,
P60840,1,
P63044,1,
Q64511,1,
P48771,1,
O08997,1,
ATOX1,1,
P35803,1,
Q9DA32,1,
E430030L01,1,
P63024,1,
Q6TEK5,1,
P35550,1,
P63028,1,
P02104,1,
P32,1,
RACK,1,
2700082N11,1,
Q64433,1,
P50114,1,
Q9CXZ1,1,
2310046N07,1,
Q62048,1,
Q9DCX2,1,
P70296,1,
PEBP,1,Phosphatidylethanolamine-binding protein
P84075,1,
P70349,1,
Q9DCJ5,1,
P99029,1,
5730544G20,1,
P62761,1,
VILIP,1,
NVL,1,
3526403B12,1,
P05202,1,
Q62420,1,
P15532,1,
NDK,1,
NDP,1,
L5178Y,1,
I730025H19,1,
Q9CPP6,1,
Q9R0P9,1,
Q61036,1,
P40124,1,
Q8BFR5,1,
Q91VR2,1,
NNE,1,
P14094,1,
P63038,1,
CPN60,1,
I830086I04,1,
Q9WUM5,1,
P99024,1,
Q8K1M6,1,
O88643,1,
P65,1,
P35564,1,
O54983,1,
P50516,1,
P20029,1,
Q9R0P5,1,
P11499,1,
Q68FD5,1,
Q9JJZ2,1,
Q3UVK0,1,
P09041,1,
P63085,1,
P16546,1,
P07901,1,
Q9D8N0,1,
Q99KI0,1,
Q8BVI4,1,
HDHPR,1,
O08553,1,
DRP,1,
ULIP,1,
FMR1,1,
Q61598,1,
UPS,1,
YMC,1,
ALILTLVS,1,
PMC6569954,1,
PMC3544944,1,
PMC552978,1,
PMC6762743,1,
PMC1993833,1,
EWS,1,
BJ20040618,1,
PMC1133870,1,
PMC2106363,1,
JOBB,1,
M600398,1,
PMC3782866,1,
PMC2394761,1,
464X,1,
PMC12820609,1,
FEBS70212,1,
COL15A1,1,
XVIII,1,
OULAC,1,Laboratory Animal Centre of the University of Oulu
HPA017913,1,
F3B,1,
RGB,1,
83AA,1,
C6198,1,
A7811,1,
D8281,1,
C6219,1,
FV1000,1,
SP8,1,
UCT,1,
FC6,1,
GMBH,1,
PSLA,1,and parasternal long axis
LVID3,1,
PMC8152700,1,
JCI87491,1,
PMC5409799,1,
PMC5010608,1,
PMC7852327,1,
4A6376,1,
PMC1858337,1,
PMC2377253,1,
TES,1,
PMC14731,1,
PMC1887414,1,
PMC6300608,1,
PMC6588179,1,
PMC7415659,1,
PMC11179922,1,
JCI71059,1,
PMC3934180,1,
29B,1,
PMC5770094,1,
PMC8910720,1,
PMC9557071,1,
PMC9628527,1,
PMC7428548,1,
PMC4492320,1,
H1525,1,
H1539,1,
PMC4042196,1,
PMC7952448,1,
PMC2527933,1,
PMC2820754,1,
PMC3392911,1,
S1L0C0,1,
RANTE,1,
P21,1,
DSP4,1,
PMC3483167,1,
PMC2100431,1,
PMC2127678,1,
PMC2784760,1,
PMC500895,1,
PMC166260,1,
PMC2765462,1,
PMC3562078,1,
PMC3100125,1,
PMC2737117,1,
PMC3842398,1,
PMC4040822,1,
PMC1276812,1,
PMC2783232,1,
PMC3699311,1,
PMC4005142,1,
PMC6725603,1,
PMC2191344,1,
PMC3819935,1,
PMC3946275,1,
PMC2556656,1,
PMC4358899,1,
PMC3445467,1,
PMC2762082,1,
PMC2953007,1,
PMC6674174,1,
PMC3267003,1,
PMC3055332,1,
BF01258634,1,
BF02251132,1,
PMC3199576,1,
PMC2927988,1,
PMC4150474,1,
PMC15894,1,
YLZ,1,
PMC3458017,1,
PMC3948211,1,
PMC2775636,1,
PMC2864332,1,
PMC3949405,1,
PMC2335091,1,
PMC2830964,1,
PMC298116,1,
JCI31450,1,
PMC1878531,1,
PMC3302720,1,
PMC3637949,1,
PMC2640215,1,
PMC4430467,1,
PMC6762514,1,
PMC6792587,1,
PMC50443,1,
PMC16029,1,
PMC6621136,1,
PMC2312368,1,
PMC6633528,1,
PMC2901482,1,
PMC553297,1,
PMC11520721,1,
PMC1850858,1,
PMC323854,1,
PMC3462674,1,
PMC2851853,1,
PMC6214001,1,
PCO2,1,
CH3COOH,1,
CH3CH2COOH,1,
14COOH,1,
CH2COOH,1,
2COOH,1,
SMCT1,1,
JP15K15034,1,
JP18H03182,1,
JST,1,
KPUM,1,
KPU,1,
HPO4,1,
H2PO4,1,
PMC4317304,1,
PMC4452057,1,
CB57BL,1,
R78,1,
PMC3196915,1,
14R01SR,1,
PMC5331971,1,
PMC1892979,1,
POU4F2,1,
E303,1,
E312,1,
PMC4773651,1,
PMC3479113,1,
PMC6001920,1,
E1220,1,
E1228,1,
CEACAM1,1,
PMC5266688,1,
PMC2965702,1,
E1373,1,
E1380,1,
PMC2586840,1,
PMC4877665,1,
PMC3309902,1,
BJ20040139,1,
PMC1133819,1,
E964,1,
E973,1,
PMC2575896,1,
PMC2387130,1,
PMC3561567,1,
PMC2860140,1,
PMC3113597,1,
PMC4570876,1,
PMC5707914,1,
PMC6154237,1,
PMC5618766,1,
PMC4151858,1,
MQAE,1,
PMC10717022,1,
PMC5955400,1,
EP086681,1,
PDE1A,1,
PMC5877519,1,
PMC5731883,1,
CALHM3,1,
PMC5934295,1,
PMC5578156,1,
NOX1,1,
PMC5969997,1,
PMC5585217,1,
PMC5469862,1,
PMC5995252,1,
PMC10716996,1,
TRPV2,1,
PMC5392297,1,
CALHM1,1,
JP274164,1,
PMC5599488,1,
PMC5140854,1,
PMC4964136,1,
PMC5356793,1,
PMC5104600,1,
PMC6155806,1,
PMC4688368,1,
NOS1,1,
PMC5877596,1,
PMC5666799,1,
PMC5751249,1,
PMC4180894,1,
UUR,1,synthetase corrects mitochondrial dysfunctions due to the tRNALeu
PMC2863588,1,
PMC4875370,1,
MELAS,1,
3243A,1,
PMC4252755,1,
PMC4449630,1,
S50516,1,
PMC4085289,1,
PMC4102118,1,
BF02256066,1,
EIPA,1,ethyl-isopropyl amiloride
DIDS,1,
PMC4508152,1,
19F,1,
C782,1,
MCT4,1,
PMC1664883,1,
PMC5703876,1,
PMC3258103,1,
E725,1,
PMC2893060,1,
PMC5343821,1,
PMC5751310,1,
PMC5412415,1,
PMC5666829,1,
PMC5666819,1,
PMC5796167,1,
SLC13,1,
PMC5133071,1,
PMC6019286,1,
PMC5769528,1,
PMC11012052,1,
FPNC326Y,1,
PMC4089599,1,
PMC3579209,1,
PMC4366189,1,
JCI57301,1,
PMC3195468,1,
PMC3785278,1,
PMC3668543,1,
PMC4524113,1,
PMC4731118,1,
JCI31370,1,
PMC1884690,1,
V78,1,
PMC3580239,1,
NCOA4,1,
PMC4180099,1,
PMC3775241,1,
PMC138640,1,
PMC3224662,1,
PMC4800685,1,
PMC3572738,1,
PMC3820057,1,
CDC2,1,
PMC6807751,1,
1559S,1,
1566S,1,
PMC5701707,1,
PMC5706455,1,
PMC60081,1,
PMC2652503,1,
PMC4178024,1,
PMC2269874,1,
PMC5439503,1,
PMC1602399,1,
C733,1,
C740,1,
PMC5494590,1,
PMC3822789,1,
BJ20121139,1,
PMC4048856,1,
PMC3372862,1,
PMC4769187,1,
PMC8456337,1,
PMC3731139,1,
JCI200420945,1,
PMC398432,1,
PMC9954506,1,
S354658,1,
PMC8967989,1,
F568,1,
F576,1,
PMC2805781,1,
PMC10380001,1,
F1005,1,
F1008,1,
PMC5668589,1,
F1836,1,
F1844,1,
PMC2604828,1,
F991,1,
F999,1,
PMC3625853,1,
PMC5134386,1,
PMC3226076,1,
F555,1,
PMC5142167,1,
PMC6592178,1,
PMC3842011,1,
PMC2581977,1,
JCI0215686,1,
PMC151151,1,
PMC8745395,1,
PMC1774035,1,
PMC2905036,1,
PMC2855274,1,
PMC6683712,1,
PMC3805480,1,
PMC3515606,1,
PMC4214520,1,
PMC2597200,1,
PMC3396629,1,
PMC4849272,1,
PMC6436791,1,
PMC4119757,1,
PMC11483014,1,
PMC12183107,1,
MD5,1,
ADVP20,1,
FILER21,1,
ENSEMBL22,1,
KEGG28,1,
OMIM32,1,and clinical significance
ENCODE36,1,
FANTOM538,1,
AAIC,1,s Association International Conference
ASHG,1,American Society for Human Genetics
TAGC,1,sequencing partners such as The American Genome Center
CCDG,1,
R01AG20688,1,
AG28786,1,
AG009029,1,
R01AG022018,1,
CL1,1,
KA2,1,
AG062428,1,
AG039700,1,
AG007232,1,
AG003991,1,
U01MH046281,1,
MH046290,1,
MH046373,1,
AG048927,1,
JMV,1,
PLW,1,
PO1AG07232,1,
R01AG037212,1,
RF1AG054023,1,
AG052427,1,
AG057516,1,
HL143790,1,
HG010067,1,
AG055477,1,
CWOW,1,
NS055077,1,
APL,1,
1P50NS091856,1,
MPF,1,
NS038377,1,
AG05146,1,
SFG,1,
CUREPSP,1,
01KU1403A,1,
01EK1605A,1,
NOMIS,1,
L016397,1,
L016451,1,
NS078086,1,
LASIDAD,1,Dementia for the Longitudinal Aging Study of India
PMC6368893,1,
PMC7573798,1,
PMC10805795,1,
NAR,1,
PMC8759563,1,
D933,1,
D941,1,
PMC9825606,1,
PMC29783,1,
PMC9439720,1,
D977,1,
D985,1,
PMC9825413,1,
D498,1,
D503,1,
PMC7145712,1,
D258,1,
PMC308770,1,
D523,1,
D531,1,
PMC9825514,1,
D1038,1,
D1043,1,
PMC6323937,1,
D816,1,
PMC10767879,1,
PMC9825295,1,
PMC7410828,1,
PMC5215096,1,
PMC4792175,1,
PMC10841343,1,
PMC6309165,1,
PMC9329413,1,
OATPP,1,of macrophages by the organic anion transporting polypeptide
CD83,1,
CD62L,1,
PMC3720736,1,
PMC5721893,1,
PMC5373444,1,
PMC6629661,1,
V10193,1,
KDPC,1,
PMC4497535,1,
PMC3509694,1,
JCI18237,1,
PMC152943,1,
PMC1961630,1,
PMC4470379,1,
E376,1,
PMC5198570,1,
PMC3558276,1,
E340,1,
PMC4747743,1,
V114684,1,
PMC6892583,1,
PMC4389298,1,
PMC5823761,1,
PMC5438909,1,
PMC2998130,1,
PMC6728754,1,
PMC5385902,1,
PMC6784029,1,
PMC3701605,1,
PMC4437213,1,
PMC2043503,1,
PMC3661714,1,
GARY,1,
MCHD,1,
PMC2440405,1,
PMC7301893,1,
OATP2B1,1,
PMC6311723,1,
PMC7270035,1,
PMC3342043,1,
PMC6493976,1,
PMC3880462,1,
PMC3878881,1,
PMC2570419,1,
JCI5549,1,
PMC408366,1,
PMC7285853,1,
PMC1915585,1,
PMC6744494,1,
PMC6077267,1,
E472,1,
PMC6769553,1,
PMC5688134,1,
PMC6054355,1,
C770,1,
UTWG,1,
PMC4446915,1,
PMC2780615,1,
PKT,1,
V1291927,1,
PMC3169360,1,
DADSI,1,
201701326R,1,
PMC4049264,1,
PMC5431124,1,
PMC5037471,1,
PMC3902719,1,
PMC5949994,1,
PMC12133462,1,
SKAN,1,
INAHTA,1,Network of Agencies for Health Technology Assessment Database
INHATA,1,
WPG,1,
WRT,1,
WSD,1,
TQMS,1,
IASPSG,1,
CODAM,1,
MSMS,1,
HMDB0000532,1,
HMDB0004620,1,
HMDB0000812,1,
HMDB0000866,1,
HMDB0001310,1,
HMDB0001209,1,
HMDB0000650,1,
HMDB0000112,1,
HMDB0001147,1,
HMDB0303361,1,
HMDB0000191,1,
HMDB0000043,1,
HMDB0011621,1,
HMDB0000904,1,
HMDB0000064,1,
HMDB0000562,1,
HMDB0000574,1,
HMDB0000078,1,
HMDB0000192,1,
HMDB0034912,1,
HMDB0003334,1,
HMDB0001539,1,
HMDB0000092,1,
HMDB0240650,1,
HMDB0000148,1,
HMDB0000641,1,
HMDB0036301,1,
HMDB0029147,1,
HMDB0029151,1,
HMDB0011170,1,
HMDB0004207,1,
HMDB0028832,1,
HMDB0000123,1,
HMDB0028843,1,
HMDB0000177,1,
HMDB0000679,1,
HMDB0000742,1,
HMDB0000687,1,
HMDB0000172,1,
HMDB0000182,1,
HMDB0001434,1,
HMDB0000696,1,
HMDB0062660,1,
HMDB0094696,1,
HMDB0005766,1,
HMDB0006344,1,
HMDB0000159,1,
HMDB0000162,1,
HMDB0004827,1,
HMDB0001325,1,
HMDB0000158,1,
HMDB0000883,1,
HMDB0002271,1,
HMDB0032852,1,
HMDB0000152,1,
HMDB0000714,1,
HMDB0029559,1,
HMDB0006116,1,
HMDB0000840,1,
HMDB0041328,1,
HMDB0038430,1,
HMDB0000781,1,
HMDB0000215,1,
HMDB0248228,1,
HMDB0002712,1,
HMDB0000646,1,
HMDB10325,1,
HMDB02994,1,
HMDB0000660,1,
HMDB0304954,1,
HMDB0000107,1,
HMDB0000143,1,
HMDB0000122,1,
HMDB0000127,1,
HMDB0000131,1,
HMDB0000163,1,
HMDB0000169,1,
HMDB04136,1,
HMDB0000943,1,
HMDB0000975,1,
HMDB0000042,1,
HMDB0001873,1,
HMDB0000193,1,
HMDB0000202,1,
HMDB0000237,1,
HMDB0000254,1,
HMDB0039057,1,
HMDB0240294,1,
HMDB0000033,1,
HMDB0002226,1,
HMDB0002212,1,
HMDB0001043,1,
HMDB0000039,1,
HMDB0000511,1,
HMDB0000535,1,
HMDB0000634,1,
HMDB0031923,1,
HMDB0004704,1,
HMDB0006528,1,
HMDB02823,1,
HMDB0000638,1,
HMDB0000529,1,
HMDB05060,1,
HMDB0001999,1,
HMDB0002925,1,
HMDB0031230,1,
HMDB0002231,1,
HMDB0002259,1,
HMDB60038,1,
HMDB0000666,1,
HMDB0302694,1,
HMDB0302991,1,
HMDB0000321,1,
HMDB0094656,1,
HMDB0000746,1,
HMDB0000407,1,
HMDB0000718,1,
HMDB0000806,1,
HMDB0002000,1,
HMDB0302287,1,
HMDB0000782,1,
HMDB62703,1,
HMDB0000207,1,
HMDB0000220,1,
HMDB03229,1,
HMDB0000847,1,
HMDB0000826,1,
HMDB0000827,1,
HMDB0000872,1,
HMDB0062248,1,
HMDB0000910,1,
HMDB0000892,1,
HMDB0000651,1,
HMDB0041220,1,
HMDB0013130,1,
HMDB0000756,1,
HMDB0013127,1,
HMDB0061859,1,
HMDB0000791,1,
HMDB0000222,1,
HMDB0013128,1,
HMDB0062477,1,
HMDB0032959,1,
HMDB0005099,1,
HMDB0034025,1,
HMDB0242173,1,
HMDB0254854,1,
HMDB0304951,1,
HMDB0011567,1,
HMDB0005356,1,
HMDB0000086,1,
HMDB0010386,1,
HMDB0010379,1,
HMDB0011472,1,
HMDB0000564,1,
HMDB0060501,1,
HMDB0009783,1,
HMDB0014291,1,
HMDB0000008,1,
HMDB0000011,1,
HMDB0002203,1,
HMDB0001311,1,
HMDB0000190,1,
HMDB0000156,1,
HMDB0012897,1,
HMDB0341228,1,
HMDB0000763,1,
HMDB0003320,1,
HMDB0000671,1,
HMDB0002302,1,
HMDB0000929,1,
HMDB0000695,1,
HMDB0000491,1,
HMDB0240723,1,
HMDB0000208,1,
HMDB00243,1,
HMDB0036643,1,
HMDB0029388,1,
HMDB0011108,1,
HMDB0000673,1,
HMDB0001388,1,
HMDB0003073,1,
HMDB0251873,1,
HMDB0000682,1,
HMDB0168668,1,
HMDB0000097,1,
HMDB0004610,1,
HMDB0000925,1,
HMDB0000474,1,
HMDB0304122,1,
HMDB0000684,1,
HMDB0001875,1,
HMDB0002227,1,
HMDB0060669,1,
HMDB0004284,1,
HMDB0000764,1,
HMDB0000755,1,
HMDB0039155,1,
HMDB0002204,1,
HMDB0036819,1,
HMDB0030163,1,
HMDB0036860,1,
HMDB0038249,1,
HMDB0254329,1,
HMDB0002364,1,
HMDB0036587,1,
HMDB0006709,1,
HMDB0000897,1,
HMDB0013141,1,
HMDB0003099,1,
HMDB0010738,1,
HMDB0000289,1,
HMDB0000292,1,
HMDB0000050,1,
HMDB0041623,1,
HMDB0004824,1,
HMDB0003331,1,
HMDB0003152,1,
HMDB0001406,1,
HMDB0001488,1,
HMDB0000089,1,
HMDB0000630,1,
HMDB0011601,1,
HMDB0000262,1,
HMDB0000300,1,
HMDB0000715,1,
HMDB0000881,1,
HMDB0004949,1,
HMDB12096,1,
HMDB0000277,1,
HMDB0000458,1,
HMDB0002829,1,
HMDB0002759,1,
HMDB0000518,1,
HMDB0003990,1,
HMDB0000067,1,
HMDB0000619,1,
HMDB0003896,1,
HMDB0001032,1,
HMDB0000626,1,
HMDB0002596,1,
HMDB0000430,1,
HMDB0004483,1,
HMDB0000637,1,
HMDB0000138,1,
HMDB0000631,1,
HMDB0000698,1,
HMDB0000708,1,
HMDB0000733,1,
HMDB0002536,1,
HMDB0000761,1,
HMDB0034200,1,
HMDB0000951,1,
HMDB0000896,1,
HMDB0000874,1,
HMDB0002580,1,
HMDB0000722,1,
HMDB0000946,1,
HMDB0030564,1,
HMDB0001008,1,
QUT,1,
PMC3837024,1,
PMC5541232,1,
PMC5503163,1,
PMC3337124,1,
PMC6737490,1,
PMC7359237,1,
PMC6104805,1,
PMC5996509,1,
PMC9295441,1,
PMC5776102,1,
PMC7641949,1,
PMC6388061,1,
PMC4283646,1,
PMC3641060,1,
PMC3709439,1,
D521,1,
PMC4689191,1,
PMC5718513,1,
PMC7714515,1,
PMC9072113,1,
PMC5836369,1,
PMC8993618,1,
PMC9048209,1,
PMC6666404,1,
PMC5502363,1,
PMC2899018,1,
PMC5390365,1,
PMC6885810,1,
PMC7112960,1,
PMC7676231,1,
PMC8554156,1,
PMC8649351,1,
PMC8147061,1,
PMC5659115,1,
PMC2978704,1,
PMC6713274,1,
NMJ,1,
PMC3310144,1,
BAH,1,
PMC7524143,1,
PMC7889550,1,
PMC7144049,1,
PMC8703345,1,
PMC3824310,1,
PMC3338411,1,
PMC9880203,1,
PMC9894915,1,
PMC2969169,1,
PMC9008040,1,
PMC7344701,1,
PMC7161087,1,
PMC6885205,1,
PMC8541552,1,
PMC9569371,1,
PMC7787774,1,
CYP2C1,1,
HAO,1,
KAT,1,
QPRT,1,
PMC4934843,1,
PMC6688526,1,
PMC4960346,1,
BCJ20160503C,1,
PMC5789324,1,
PMC4654378,1,
PMC4131900,1,
PMC7174952,1,
PMC5713253,1,
PMC4971321,1,
PMC7341789,1,
PMC3081205,1,
F1308,1,
F1317,1,
PMC5210206,1,
PMC5666838,1,
PMC4298395,1,
PMC6738519,1,
PMC7025327,1,
PMC6743867,1,
C1201,1,
C1212,1,
PMC5869412,1,
PMC7589702,1,
PMC7278944,1,
PMC5466960,1,
PMC6210605,1,
PMC6419294,1,
PMC4802219,1,
PMC6114072,1,
PMC6780815,1,
PMC9296214,1,
PMC8023193,1,
PMC3599003,1,
PMC5652810,1,
PMC5825083,1,
PMC4369955,1,
PMC6974788,1,
PMC5398323,1,
PMC6790159,1,
PMC7262740,1,
PMC6719621,1,
PMC4558247,1,
PMC7046265,1,
PMC8862190,1,
PMC4911177,1,
PMC5411294,1,
PMC5827608,1,
S38190,1,
PMC4982523,1,
PMC4212680,1,
PMC5758659,1,
PMC6178752,1,
PMC6722844,1,
PMC2565576,1,
PMC5398653,1,
PMC6950375,1,
PMC5103367,1,
PMC8173620,1,
PMC5267373,1,
PMC3022246,1,
PMC5363689,1,
PMC3664075,1,
CHAPPLE,1,
2TT,1,
6NN,1,
RRK3917,1,
ESRF,1,
RIIISC,1,
JABBS,1,
NEOERICA,1,
PMC1557642,1,
S201,1,
V111105,1,
PMC3359563,1,
PMC3186451,1,
PMC2794238,1,
PMC3070264,1,
CG73,1,
PMC1831581,1,
PMC2866096,1,
PMC6660140,1,
PMC9665826,1,
PMC2352956,1,
DETR,1,
PMC2518794,1,
PMC1173098,1,
PMC3034423,1,
PMC3852944,1,
JJH,1,
V991681,1,
PMC3192873,1,
PMC2737606,1,
V76906,1,
PMC3748585,1,
PMC3315455,1,
PMC2991136,1,
3NHS,1,
PMC3353875,1,
PMC9376240,1,
TGFBR3,1,
BASH3A,1,
DNAJ,1,
GHBA1,1,glycated hemoglobin
ARPE19,1,
2020ZX09201,1,
PMC5870096,1,
PMC7171860,1,
PMC7140626,1,
PMC7801755,1,
PMC7273392,1,
PMC6316812,1,
PMC4839200,1,
PMC3466565,1,
PMC7407480,1,
PMC4756822,1,
PMC5153657,1,
PMC6485060,1,
PMC5658440,1,
PMC6694216,1,
PMC5367248,1,
PMC4824104,1,
PMC5520850,1,
PMC5387669,1,
PMC5387670,1,
PMC7725901,1,
PMC5769804,1,
PMC4528056,1,
PMC8112919,1,
PMC7550460,1,
PMC7532688,1,
S315488,1,
PMC8436179,1,
PMC6450900,1,
PMC5482087,1,
PMC6878796,1,
PMC7576671,1,
PMC7680858,1,
PMC5652644,1,
PMC7595895,1,
PMC8100644,1,
PMC6108858,1,
PMC8373319,1,
PMC8056579,1,
S334728,1,
PMC8570430,1,
S316043,1,
PMC8643146,1,
PMC8722188,1,
PMC8171017,1,
PMC7238640,1,
PMC8806572,1,
PMC6368772,1,
PMC5329094,1,
PMC7642424,1,
PMC7479666,1,
PMC5562221,1,
PMC6462073,1,
DMNT3B,1,
PMC6945224,1,
JCI123353,1,
PMC7324174,1,
PMC7994074,1,
PMC8265106,1,
PMC8809929,1,
PMC5579470,1,
PMC8918410,1,
PMC7533486,1,
PMC7683700,1,
PMC8742240,1,
PMC8642853,1,
PMC7412430,1,
PMC8606083,1,
S265543,1,
PMC7494388,1,
PMC8373364,1,
PMC8810043,1,
PMC5228128,1,
PMC8974193,1,
PMC7047102,1,
PMC8244070,1,
S5859,1,
PMC3048002,1,
PMC8410073,1,
PMC8072455,1,
PMC4878912,1,
PMC7516333,1,
PMC3270578,1,
PMC6385693,1,
BSR20201946,1,
PMC7670577,1,
PMC4823868,1,
MGCS2,1,
PMC9275940,1,
PMC7949074,1,
PMC8741660,1,
PMC10855633,1,
EARLYARF,1,
TRIBE,1,
LRP5,1,
CRB,1,This polarity is primarily maintained by the Crumbs
PALS1,1,
MIP1,1,
C5R,1,
MFN1,1,
LAST1,1,
PMC3358766,1,
PMC6450331,1,
PMC9755056,1,
PMC5743773,1,
PMC7879424,1,
PMC7347064,1,
PMC3580601,1,
PMC9449362,1,
PMC9178933,1,
PMC8953384,1,
PMC5821475,1,
PMC5716162,1,
PMC4284423,1,
F480,1,
F490,1,
PMC2276658,1,
F1150,1,
F1158,1,
PMC3651633,1,
PMC4081632,1,
PMC3359561,1,
PMC7210248,1,
PMC9652605,1,
PMC3893362,1,
ELAIN,1,
PMC9624047,1,
PMC10702091,1,
PMC9081942,1,
PMC7443517,1,
PMC3968141,1,
PMC3884688,1,
PMC7034110,1,
PMC8166095,1,
PMC3870593,1,
PMC5012473,1,
PMC7953563,1,
PMC4677159,1,
PMC3880280,1,
PMC7845419,1,
PMC9821234,1,
PMC5461802,1,
PMC5198510,1,
PMC8600760,1,
PMC5654474,1,
PMC5807256,1,
PMC6742651,1,
PMC6477492,1,
PMC6821567,1,
PMC9435983,1,
KDM6B,1,
PMC6117512,1,
PMC7778599,1,
PMC7309595,1,
F1512,1,
PMC7788193,1,
PMC423286,1,
PMC10777592,1,
PMC6477040,1,
PMC6913586,1,
201701355RR,1,
PMC7983025,1,
PMC5454863,1,
PMC7727266,1,
JCI122256,1,
PMC6541430,1,
PMC6637202,1,
PMC10177890,1,
PMC4814189,1,
FG4592,1,
CS20210100,1,
PMC4975264,1,
PMC3116994,1,
PMC7882937,1,
PMC8415231,1,
PMC9066101,1,
PMC11158544,1,
PMC4006302,1,
PMC4701972,1,
PMC7589832,1,
PMC9723352,1,
CS20150385,1,
PMC4727597,1,
PMC1850509,1,
PMC5471447,1,
C4NR07245F,1,
PMC7576565,1,
PMC7662854,1,
PMC3029904,1,
PMC5748914,1,
F516,1,
F532,1,
PMC5374314,1,
F1304,1,
PMC6879941,1,
PMC3810092,1,
F679,1,
F698,1,
PMC6031912,1,
PMC7072358,1,
PMC6773839,1,
JCI58662,1,
PMC4909121,1,
PMC6700145,1,
MUS81,1,
PMC7007873,1,
PMC6527117,1,
PMC6054344,1,
F504,1,
PMC7595250,1,
OCT2,1,
PMC4413320,1,
PMC7290501,1,
PMC7434656,1,
PMC3944089,1,
PMC8329451,1,
PMC5992611,1,
DMM031724,1,
PMC1829280,1,
PMC4454359,1,
PMC3517562,1,
S167,1,
PMC3736339,1,
PMC3056939,1,
PMC3518077,1,
PMC3074423,1,
PMC2760288,1,
PMC4231465,1,
PMC2967725,1,
LFP,1,
PMC5573166,1,
PMC4221590,1,
PMC4346318,1,
PMC4199081,1,
PMC6608375,1,
PMC4789228,1,
PMC3546481,1,
PMC4744695,1,
PMC3656457,1,
PMC5656389,1,
PMC4717293,1,
PMC10852793,1,
PMC3952109,1,
S4328,1,
PMC3706888,1,
PMC3177305,1,
PMC5528162,1,
PMC6869191,1,
PMC3422560,1,
PMC4512884,1,
PMC3966572,1,
PMC4721962,1,
PMC10846154,1,
PMC6757895,1,
PMC6740698,1,
PMC4642111,1,
PMC5684208,1,
PMC402116,1,
PMC4525377,1,
PMC5729194,1,
PMC2253720,1,
PMC3053179,1,
PMC4014001,1,
PMC4731789,1,
PMC4159618,1,
PMC3700380,1,
PMC3866274,1,
PMC2829379,1,
PMC4099538,1,
PMC3580153,1,
PMC4368201,1,
PMC3220684,1,
PMC4508110,1,
PMC5322177,1,
PMC3045039,1,
PS2APP,1,
PMC4409430,1,
PMC4806294,1,
PMC5399593,1,
PMC3691267,1,
PMC3254787,1,
PMC7954292,1,
RCPA,1,
I43,1,
I255,1,
J81,1,
NOF,1,
PMC3771399,1,
E243,1,
PMC4435896,1,
PMC7378457,1,
PMC5964705,1,
PMC5319543,1,
PMC2519786,1,
04871R2,1,
GMS,1,
PMC11918425,1,
LYS5,1,
GLU123,1,
ARG5,1,
ASP7,1,
THR92,1,
ALA91,1,
HIS13,1,
GLU105,1,
GLY25,1,
LYS21,1,
VAL26,1,
GLU37,1,
GLU38,1,
GLY29,1,
ALA30,1,
GLY33,1,
6L,1,
K670M,1,
N671L,1,
APP751,1,
LB509,1,
LSCM,1,
MRC1024,1,
FLIPR,1,
DTX,1,
AG18440,1,
HL066012,1,
DOE,1,
INCITE,1,
E22G,1,Mixtures of wild-type and a pathogenic
PMC2132781,1,
PMC1857971,1,
PMC5706655,1,
PMC59799,1,
CDLB,1,
C100551200,1,
M108414200,1,
PMC1180768,1,
PMC6672196,1,
PMC10833326,1,
PMC1853391,1,
PMC1854966,1,
PMC6729723,1,
PMC6773130,1,
M504894200,1,
PMC2822545,1,
BC20060051,1,
PMC6724798,1,
M305326200,1,
PMC536046,1,
PMC40007,1,
PMC45704,1,
PMC1218353,1,
PMC40940,1,
M411805200,1,
NAMD2,1,
PMC1236493,1,
GJL,1,
AP180,1,
JAH34990,1,
PMC7660706,1,
ESRD50,1,
FGF32,1,
LVH117,1,
PMC2849693,1,
E1101,1,
PMC5940753,1,
REVIEWS3005,1,
PMC138918,1,
JCI32409,1,
PMC2066196,1,
F282,1,
PMC2724258,1,
PMC3861040,1,
PMC6007875,1,
PMC2757472,1,
PMC4151695,1,
PMC4696570,1,
C500457200,1,
PMC2637204,1,
PMC5373441,1,
PMC5018999,1,
PMC4670583,1,
PMC5065745,1,
PMC5434018,1,
MSMBR,1,
PMC4976758,1,
PMC2840849,1,
PMC4031265,1,
PMC4309096,1,
PMC3904568,1,
PMC4046724,1,
PMC6050929,1,
PMC4108550,1,
PMC4992989,1,
PMC6475521,1,
PMC3637557,1,
PMC5052338,1,
PMC6128514,1,
PMC6528378,1,
PMC4078965,1,
PMC5527179,1,
PMC4641198,1,
PMC6518871,1,
PMC4203353,1,
PMC5748915,1,
PMC6388939,1,
PMC5837317,1,
PMC3526952,1,
PMC4891254,1,
PMC5595838,1,
PMC3345531,1,
PMC3464725,1,
PMC5323105,1,
PMC5985311,1,
PMC5384878,1,
PMC6281310,1,
E863,1,
PMC3625783,1,
PMC4243359,1,
PMC4359358,1,
PMC5672973,1,
PMC4243350,1,
CS20190779,1,
PMC2827593,1,
PMC3402292,1,
PMC3636795,1,
PMC6080760,1,
F1088,1,
PMC3380648,1,
PMC4413764,1,
PMC6365767,1,
PMC6442342,1,
COMBINE,1,
PMC6551774,1,
PMC2799172,1,
F1466,1,
PMC2781338,1,
PMC3511664,1,
PMC4449811,1,
PMC2488261,1,
PMC3669111,1,
PMC3910340,1,
PMC5283889,1,
PMC6693648,1,
PMC6603396,1,
PMC3108350,1,
PMC2799181,1,
H348,1,
PMC6100126,1,
PMC3059779,1,
PMC6001877,1,
JCI61405,1,
PMC3386816,1,
PMC6625611,1,
PMC4425841,1,
PMC3048747,1,
PMC4978045,1,
BJ20101909,1,
PMC3677209,1,
PMC11484852,1,
1PT,1,
KHNANES,1,
BMI34,1,
ITRC,1,
PMC8147550,1,
JCI158451,1,
PMC9374375,1,
PMC7254100,1,
PMC12280795,1,
PMC5494694,1,
PMC6669933,1,
PMC7893024,1,
PMC4940708,1,
PMC5883059,1,
PMC6373477,1,
PMC6925647,1,
PMC7863984,1,
RR2272,1,
PMC5520815,1,
PMC6022855,1,
PMC7462122,1,
PMC5302450,1,
PMC5588216,1,
PMC4282773,1,
PMC6398085,1,
PMC2948658,1,
PMC3622716,1,
PMC3428504,1,
BEHAVE,1,
NBRS,1,
PMC3499650,1,
PMC4484882,1,
NORM,1,
PMC6925962,1,
PMC5392959,1,
PMC7154273,1,
PMC6767698,1,
PMC4684483,1,
PMC5821520,1,
PMC3821397,1,
PMC4033032,1,
PMC6417794,1,
PMC10013957,1,
PMC6119541,1,
PMC4386839,1,
PMC6477717,1,
PMC5356269,1,
PMC4700091,1,
PMC5454085,1,
T217,1,
PMC7079453,1,
PMC5218961,1,
PMC7125218,1,
PMC6635834,1,
PMC5653310,1,
PMC6513124,1,
PMC7050299,1,
PMC7805095,1,
PMC8961200,1,
PMC5706112,1,
PMC7713735,1,
PMC3487532,1,
PMC3203031,1,
PMC4501880,1,
PMC3485452,1,
PMC5619045,1,
PMC5652315,1,
PMC10341567,1,
MGD,1,
PTEN1,1,
C90,1,
NCT01294540,1,A Phase I clinical study
SREPB2,1,
CD2A,1,
RIN3,1,
TREM,1,
DOCK,1,
FITTED,1,
D3R,1,and energy prediction in drug design data resource
RHEB,1,
6S4N,1,
6S4K,1,
6S4T,1,
3MDM,1,
7LRL,1,
7N3M,1,
2Q9F,1,
7N3L,1,
7N6F,1,
7N4N,1,
6EJ2,1,
7D5B,1,
3VF3,1,
5HDZ,1,
6UWP,1,
6UWV,1,
4L7G,1,
6EQM,1,
7MYI,1,
5UD8,1,
6XDS,1,
1J1B,1,
1Q5K,1,
4AFJ,1,
2JDO,1,
1O6K,1,
1O6L,1,
1UKL,1,
CHIR,1,
AT7519,1,
TWS119,1,
SB415286,1,
AZD1080,1,
TDZD,1,
LY2090314,1,
BRD0705,1,
CP21R7,1,
GW3965,1,
AZD9056,1,
CL2,1,
PMC3225285,1,
PMC8264368,1,
PMC8169871,1,
PMC4156098,1,
R113,1,
PMC3696645,1,
PMC6337314,1,
M806538200,1,
PMC2610522,1,
PMC6694357,1,
PMC9156404,1,
PMC9453481,1,
PMC6103708,1,
BST0381021,1,
PMC8053280,1,
JCI64516,1,
PMC3533290,1,
M076703,1,
PMC5748492,1,
PMC8163863,1,
PMC4397996,1,
D561,1,
D568,1,
PMC3013807,1,
PMC110752,1,
PMC6082412,1,
PMC1947002,1,
S1874,1,
PMC6538920,1,
PMC7089874,1,
PMC1088065,1,
NCT05363293,1,
PMC6888874,1,
PMC8813766,1,
PMC6151801,1,
PMC8760050,1,
PMC5575945,1,
PMC7566058,1,
PMC7047718,1,
PMC2211305,1,
PMC7330928,1,
PMC5651349,1,
E2609,1,
PMC4304279,1,
PMC6024674,1,
PMC7472741,1,
PMC5322276,1,
PMC4484370,1,
PMC7802558,1,
PMC8297829,1,
PMC5504187,1,
PMC6985081,1,
PMC6694340,1,
PMC9198296,1,
PMC3781107,1,
PMC2839219,1,
PMC9072248,1,
PMC7519545,1,
PMC5658173,1,
PMC6715597,1,
M081851,1,
PMC5928439,1,
PMC9166437,1,
PMC5320608,1,
PMC6894260,1,
PMC9408758,1,
PMC6988790,1,
PMC8926925,1,
INVOKE,1,
NCT04592874,1,
PMC9354770,1,
NCT05450549,1,
JCAM,1,
DE290R,1,
PMC9031695,1,
PMC7144146,1,
3CL,1,
PMC8166273,1,
IFAC,1,
S105769,1,
PMC4876682,1,
PMC4362699,1,
PMC7278930,1,
PMC5526178,1,
1061186X,1,
PMC8101105,1,
PMC6358942,1,
PMC10542192,1,
TMP269,1,
MAP3K1,1,
EP2,1,
3D5223990429,1,
PMC8660730,1,
PMC2902124,1,
PMC5689772,1,
PMC7705855,1,
PMC6236220,1,
PMC8261817,1,
PMC3896453,1,
PMC5433043,1,
PMC6529790,1,
PMC5645864,1,
PMC5845209,1,
PMC8683199,1,
PMC8948940,1,
PMC7055095,1,
PMC8175379,1,
JBO,1,
HBPD,1,
INT,1,
PMC4458768,1,
PMC4186331,1,
PMC4040110,1,
PMC3404952,1,
PMC4819386,1,
PMC4803182,1,
PMC7000334,1,
PMC1891813,1,
PMC6755441,1,
PMC8796103,1,
PMC4728317,1,
PMC8194026,1,
PMC8935757,1,
PMC6037817,1,
PMC7157805,1,
PMC6985662,1,
PMC7391592,1,
PMC8024157,1,
PMC7493876,1,
PMC8278637,1,
PMC6948274,1,
PMC8806739,1,
PMC6889652,1,
PMC3459926,1,
PMC7397631,1,
PMC8356418,1,
PMC7085208,1,
PMC8481991,1,
PMC8569562,1,
PMC5412648,1,
PMC7118288,1,
PMC8640757,1,
ECASS,1,
PMC3108495,1,
HUCB,1,Kuzmin-Nichols N Sanberg PR Human umbilical cord blood
BF03033155,1,
PMC4713352,1,
PMC4180763,1,
PMC4550506,1,
PMC7563486,1,
PMC8887109,1,
KTB,1,
MJW,1,
LMC,1,
DAMO,1,
CLES,1,
PMC3879594,1,
PMC7333920,1,
PMC8957954,1,
PMC7545465,1,
PMC3629854,1,
PMC3712034,1,
PMC3781996,1,
PMC8120529,1,
PMC8841645,1,
PMC6986138,1,
PMC7950159,1,
PMC6367839,1,
PMC7201444,1,
S249129,1,
PMC7429232,1,
PMC5069185,1,
PMC5804405,1,
PMC7235221,1,
PMC8937253,1,
PMC7426088,1,
PMC5372579,1,
PMC8045575,1,
PMC8046040,1,
PMC8356045,1,
PMC7844804,1,
PMC4266885,1,
PMC6523025,1,
PMC7052295,1,
PMC5377284,1,
PMC4076633,1,
170X,1,
PMC10202804,1,
RCUK,1,
US45,1,
NCT00470587,1,
NCT02060760,1,on clinical indication at Hennepin County Medical Center
AWE,1,
GB2212464,1,
ASPECT,1,with chest pain symptoms in the Asia-Pacific region
PMC8185626,1,
PMC9404254,1,
PMC9555758,1,
PMC5793996,1,
PMC6571179,1,
PMC9189738,1,
PMC4413911,1,
PMC7675101,1,
PMC7525793,1,
PMC7414145,1,
PMC4456170,1,
PMC5794234,1,
PMC6980611,1,
MIRB,1,
1HP,1,
PBM,1,
DMR1,1,
ENST,1,
ZNF296,1,
PMC1684875,1,
PMC1918105,1,
PMC5010530,1,
ALZFORUM,1,
FIELD,1,
SYNOPSIS,1,
GENETIC,1,
STUDIES,1,
R800069,1,
PMC2674716,1,
M408127200,1,
M407963200,1,
PMC4253862,1,
PMC6378415,1,
PMC6573225,1,
PMC6665579,1,
PMC4391582,1,
PMC5207148,1,
PMC3459471,1,
PMC11008136,1,
PMC4836841,1,
PMC4098029,1,
PMC3836480,1,
PMC6469491,1,
D754,1,
D61,1,
PMC5753206,1,
PMC109239,1,
PMC2443785,1,
TBLR1,1,
E3243,1,
E50,1,
PMC5402415,1,
PMC3764148,1,
ALU,1,
PMC3543092,1,
PMC1369399,1,
PMC4165365,1,
PMC3692136,1,
C766T,1,
PMC5536337,1,
PMC5407192,1,
PMC3132088,1,
PMC2912696,1,
PMC3286134,1,
PMC2730146,1,
PMC2668940,1,
PMC1887266,1,
BF00687420,1,
PMC5327471,1,
PMC4562409,1,
PMC2910889,1,
PMC6059159,1,
PMC4915344,1,
PMC24195,1,
PMC2480573,1,
AWP,1,
SHW,1,
PMC5552202,1,
PMC51216,1,
PMC280459,1,
PMC44036,1,
PMC6575401,1,
PMC2659377,1,
BF00690836,1,
BF00686619,1,
PMC6372017,1,
PMC4160558,1,
PMC3157187,1,
PMC6665392,1,
PMC3973539,1,
BF00293464,1,
PMC3026458,1,
PMC3580331,1,
PMC4958912,1,
PMC4835512,1,
PMC3470831,1,
PMC2831184,1,
PMC5719928,1,
PMC4342006,1,
PMC3820001,1,
PMC5643027,1,
PMC3659339,1,
CARTS,1,with sclerosis
PMC6366658,1,
PMC5922266,1,
PMC3944799,1,
PMC4172544,1,
PMC8029292,1,
PMC8095958,1,
PMC4879001,1,
PMC4257842,1,
PMC2812870,1,
PMC12238016,1,
2022A322,1,
PLX3397,1,
BHP,1,
PMC6562236,1,
PMC3714437,1,
PMC11254447,1,
PMC10023808,1,
PMC9960195,1,
PMC7657956,1,
PMC5401784,1,
PMC11090473,1,
PMC6007292,1,
PMC6340386,1,
PMC10310681,1,
PMC4325633,1,
PMC6957561,1,
PMC7307913,1,
PMC5241336,1,
PMC4477603,1,
PMC6135875,1,
PMC5006574,1,
PMC5012493,1,
PMC5946026,1,
PMC10936027,1,
PMC11336042,1,
PMC3896949,1,
PMC10453327,1,
ABT263,1,
PMC10828142,1,
PMC7770490,1,
H1226,1,
PMC2929640,1,
PMC10110830,1,
PMC4818097,1,
PMC5435213,1,
PMC3745784,1,
PMC2826222,1,
PMC7895596,1,
PMC3468813,1,
PMC7900031,1,
PMC5260841,1,
PMC2735026,1,
PMC6628989,1,
PMC3249146,1,
PMC8384649,1,
PMC6038803,1,
PMC11651188,1,
F938,1,
PMC7232447,1,
PMC9035037,1,
PMC8559983,1,
PMC3814240,1,
PMC5441280,1,
PMC4775100,1,
PMC10280837,1,
PMC10139114,1,
PMC8878563,1,
PMC6473882,1,
PMC11719742,1,
PMC2834546,1,
PMC6442925,1,
PMC4669071,1,
PMC3658954,1,
PMC1459628,1,
PMC8580169,1,
PMC5900918,1,
PMC8538618,1,
PMC4073127,1,
PMC11186780,1,
PMC6395638,1,
PMC7283453,1,
PMC11881401,1,
PMC11077823,1,
CIRCLE,1,
PMC10474226,1,
PMC5976229,1,
PMC7915495,1,
PMC11392146,1,
PMC3629695,1,
PMC4317224,1,
PMC6801685,1,
H91W2TY,1,
JMJD3,1,
H3K27,1,
P1NP,1,and a large decrease in bone formation
ROSBM,1,
HSCDPP,1,
PMC3661786,1,
BR201302007,1,
PMC4472101,1,
R127,1,
R138,1,
PMC6736051,1,
PMC8143874,1,
PMC6751023,1,
PMC4124651,1,
PMC6105385,1,
PMC6501245,1,
PMC4352609,1,
PMC5771832,1,
PMC6039291,1,
PMC2968722,1,
PMC5126977,1,
PMC3720702,1,
PMC3961509,1,
PMC3682213,1,
S1658,1,
PMC2085234,1,
M700651200,1,
JCB130,1,
PMC37548,1,
PMC2733909,1,
M610536200,1,
PMC3877224,1,
MLO,1,
Y4,1,
PMC5713447,1,
PMC2671038,1,
PMC5097107,1,
PMC4375075,1,
PMC3616365,1,
PMC5771224,1,
F14,1,
F25,1,
PMC2904177,1,
PMC5105571,1,
JPEM,1,
PMC6471636,1,
PMC6499427,1,
PMC6105330,1,
PMC4216616,1,
PMC6315714,1,
PMC5745547,1,
PMC2926189,1,
PMC2696157,1,
PMC6141002,1,
PMC4876148,1,
PMC3287389,1,
PMC3109431,1,
PMC3154002,1,
PMC2700945,1,
S0736,1,
PMC4429348,1,
PMC3717245,1,
PMC6560025,1,
PMC4619361,1,
A12722,1,
PMC6696100,1,
PMC6214117,1,
PMC11113730,1,
PMC2234120,1,
PMC1242186,1,
PMC5664178,1,
TALLYHO,1,
PMC4164927,1,
PMC5787540,1,
PMC3245661,1,
PMC2642860,1,
PMC4880157,1,
PMC2040175,1,
PMC4114226,1,
PMC5700117,1,
PMC6539070,1,
PMC5832496,1,
PMC6572059,1,
PMC6567124,1,
PMC4036277,1,
PMC3365845,1,
PMC3659680,1,
PMC5070499,1,
PMC3754876,1,
E110,1,
PMC2904051,1,
PMC2890368,1,
PMC2173484,1,
JCI9017,1,
PMC377487,1,
JCI17810,1,
PMC310748,1,
PMC3647578,1,
PMC4158168,1,
PMC2875440,1,
PMC6225675,1,
PMC5696118,1,
ADOPT,1,an Analysis from A Diabetes Outcome Progression Trial
S204,1,
E634,1,
E643,1,
PMC4033689,1,
PMC5933330,1,
PMC3590487,1,
PMC6561315,1,
PMC6854289,1,
PMC6468519,1,
PMC6193547,1,
PMC10572926,1,
818X,1,
IPAC,1,
EMRE,1,
MICU2,1,
MICU3,1,
MCUR1,1,
MCUB,1,
DLP1,1,
PMC8389322,1,
PMC3962811,1,
PMC3836174,1,
PMC4134675,1,
PMC6780353,1,
E156,1,
E163,1,
PMC8321819,1,
PMC2963167,1,
PMC7408088,1,
PMC2808091,1,
PMC4757883,1,
PMC9933335,1,
PMC3818462,1,
PMC4920720,1,
PMC8800231,1,
PMC7555889,1,
PMC6510277,1,
PGC1,1,
PMC166252,1,
PMC7261959,1,
PMC2755862,1,
PMC3652852,1,
PMC1780180,1,
PMC3492133,1,
PMC7915819,1,
PMC8243371,1,
PMC9393901,1,
PMC7162839,1,
PMC2912024,1,
PMC9751475,1,
PMC7308651,1,
PMC6748695,1,
PMC4973318,1,
PMC8145782,1,
PMC8305404,1,
PMC3281195,1,
PMC9902777,1,
PMC9316216,1,
PMC6331340,1,
PMC6715724,1,
PMC4460171,1,
PMC8172942,1,
PMC2765716,1,
PMC6181189,1,
PMC8530139,1,
PMC2892288,1,
PMC5606025,1,
PMC6127253,1,
PMC2998107,1,
S227,1,
PMC3356944,1,
PMC6244282,1,
PMC3347587,1,
PMC5816624,1,
PMC1829289,1,
PMC6147582,1,
PMC8235188,1,
M303925200,1,
JBIC,1,
PMC4140193,1,
PMC1887290,1,
PMC2745551,1,
M510595200,1,
PMC6121636,1,
PMC5947865,1,
PMC9700083,1,
S86958,1,
PMC5098782,1,
PMC9029855,1,
PMC3698075,1,
S369,1,
S379,1,
PMC4226164,1,
PMC3114424,1,
PMC7132203,1,
PMC8144018,1,
R28,1,
PMC5314176,1,
PMC5738532,1,
PMC9310369,1,
PMC11924515,1,
PMC4084443,1,
PMC6421528,1,
BMCRM00015,1,
PMC4533839,1,
PMC7039592,1,
PMC4532414,1,
S409373,1,
PMC10312383,1,
PMC7754496,1,
PMC9237037,1,
PMC8296685,1,
PMC7856017,1,
PMC5884714,1,
PMC12669179,1,
XLYC2412003,1,
23R,1,
HDMAPP,1,
BTN3A2,1,
BTN,1,
ASCR,1,Institute of Molecular Genetics
PMC10547606,1,
PMC7849055,1,
PMC4882337,1,
GL3,1,
PMC47621,1,
PMC10150608,1,
PMC7250138,1,
PMC3001125,1,
PMC3756481,1,
ELY,1,
PMC7840694,1,
PMC6437992,1,
PMC297563,1,
PMC9215113,1,
PMC4003173,1,
PMC7614706,1,
PMC5997830,1,
PMC9338301,1,
PMC7139545,1,
E332,1,
PMC3141992,1,
PMC4236085,1,
PMC4500091,1,
PMC10354011,1,
PMC11951843,1,
PMC10408713,1,
PMC11922263,1,
PMC4167721,1,
CXCR6,1,
PMC11539045,1,
PMC9255545,1,
PMC6202249,1,
PMC5694487,1,
PMC2768546,1,
CJJ,1,
PMC9599391,1,
PMC3836168,1,
PMC2814462,1,
PMC12011074,1,
PMC2196363,1,
PMC2860027,1,
PMC4091716,1,
PMC5646977,1,
BF00401048,1,
PMC11772204,1,
PMC4365046,1,
PMC7082397,1,
PMC11272961,1,
PMC8299914,1,
PMC11618085,1,
PMC6213738,1,
PMC9399803,1,
CURES,1,
PMC6367207,1,
3A0414,1,
211RR,1,
PMC4377824,1,
M701132200,1,
TL1A,1,
PMC11439235,1,
PMC8386282,1,
TPB,1,
KPT,1,
PMC6387174,1,
PMC10072255,1,
AOY,1,
PMC11153295,1,
ZWM,1,
PMC8420365,1,
PMC4144869,1,
PMC8577793,1,
JCI40891,1,
PMC2860944,1,
PMC2667713,1,
PMC7201916,1,
PMC9245381,1,
PMC7610600,1,
PMC10614678,1,
PMC9326786,1,
PMC11003766,1,
PMC7729629,1,
PMC4931161,1,
PMC2547144,1,
PMC5519720,1,
PMC2943937,1,
PMC2394721,1,
PMC2896399,1,
PMC3440132,1,
PMC2715110,1,
PATH553,1,
PMC1857837,1,
PMC11844138,1,
PMC5470994,1,
PMC10951029,1,
JCI92035,1,
PMC5199709,1,
PMC6367023,1,
PMC8021695,1,
PMC5768452,1,
PMC6516891,1,
PMC5472490,1,
XZJ,1,
PMC6345262,1,
PMC5761189,1,
PMC10151197,1,
7JX,1,
0SZ,1,
0BB,1,
MR92,1,
GWAS106,1,
PMC3193875,1,
PMC7569385,1,
PMC4943081,1,
PMC6391801,1,
PMC8044144,1,
PMC2730171,1,
PMC6417987,1,
PMC6134772,1,
PMC8106299,1,
PMC3435513,1,
PMC5850930,1,
PMC3411785,1,
PMC4414816,1,
PMC6217998,1,
BJMH,1,
PMC117769,1,
PMC5089529,1,
PMC3313781,1,
PMC4381190,1,
PMC7235023,1,
PMC9012269,1,
PMC6427822,1,
PMC557238,1,
PMC2706420,1,
PMC2121108,1,
PMC5717765,1,
PMC6395060,1,
PMC9616368,1,
IWAS,1,
PMC7778364,1,
PMC7295264,1,
PMC6786974,1,
PMC7610742,1,
PMC8370718,1,
PMC4325677,1,
PMC8159796,1,
PMC4469795,1,
PMC5005949,1,
PMC6393768,1,
PMC3132227,1,
PMC3405254,1,
PMC6016077,1,
PMC7059597,1,
R195,1,
R208,1,
PMC6061876,1,
PMC7384151,1,
PMC4832315,1,
PMC5434863,1,
PMC7534018,1,
PMC6969055,1,
EAW,1,
PMC7317850,1,
MFD,1,
PMC6269239,1,
PMC5133381,1,
PMC5279886,1,
PMC5711033,1,
PMC10040206,1,
PMC6734942,1,
PMC5629317,1,
PMC2819363,1,
PMC7612169,1,
PMC6344370,1,
PMC2939922,1,
PMC6088505,1,
PMC8841563,1,
PMC3464410,1,
PMC3792744,1,
PMC6608217,1,
PMC4040218,1,
PMC5035135,1,
PMC7425377,1,
PMC8972845,1,
PMC6219464,1,
PMC3823072,1,
PMC3849195,1,
PMC6658518,1,
PMC5082560,1,
PMC4312427,1,
PMC6659463,1,
PMC7250878,1,
PMC1732856,1,
PMC7055269,1,
PMC11349176,1,
SENEGAL,1,
OOTA,1,
WOB,1,
KII,1,
UND,1,
SIDCAIN,1,Strategies for Improving Diabetes Care in Nigeria
CSIS,1,Center for Strategic and International Studies
PMC7543821,1,
PMC7372044,1,
PMC8535197,1,
PMC7184999,1,
PMC7265851,1,
PMC7548067,1,
PMC7443197,1,
PMC6203969,1,
805X,1,
BT9,1,
7BL,1,
BT12,1,
6BA,1,
NCT02010073,1,
ANZICS,1,
SRLF,1,
SFAR,1,
SIAARTI,1,Rianimazione e Terapia Intensiva
JSICM,1,The Japanese Society of Intensive Care Medicine
JSEPTIC,1,Education for Physicians and Trainees in Intensive Care
DENMARK,1,
HEGP,1,
CIMS,1,Care Institute Of Medical Sciences
NIMHANS,1,National Institute Of Mental Health And Neuro Sciences
IRAN,1,
NRITLD,1,
PORTUGAL,1,
GICU,1,
SICU,1,
CIBER,1,
TURKEY,1,
JPII,1,
CASMU,1,
JGL,1,
BTT,1,
PMC7138018,1,
PMC3765621,1,
PMC4154544,1,
PMC4458498,1,
R18,1,
PMC2688136,1,
PMC4007199,1,
PMC3986041,1,
GCKW,1,
PMC3379571,1,
PMC2875526,1,
0549OC,1,
PMC3056224,1,
PMC3937384,1,
MDV,1,
KAH,1,
PMC3130021,1,
PMC3607595,1,
PMC2494631,1,
PMC5472517,1,
PMC3103784,1,
1602OC,1,
PMC2453511,1,
L844,1,
L855,1,
PMC3882528,1,
PMC4371625,1,
PMC6980402,1,
NCBES,1,
PMC7577459,1,
GSE84422,1,
MS100R,1,
G1603A,1,
G1607A,1,
G2201AA,1,
HMT,1,
ENTREZG,1,
GSE8442,1,
SAMDC,1,
P5CDH,1,
P5CS,1,
DMGDH,1,
MTRR,1,
SARDH,1,
SHMT2,1,
SAT2,1,
PYCR1,1,
PYCR2,1,
PDC,1,
ALDH1A1,1,
DBH,1,
DDC,1,
FAH,1,
GSTZ1,1,
HGD,1,
KYAT1,1,
MAOA,1,
SLC25A12,1,
GCSH,1,
MOAB,1,
ODC,1,
PMC5866736,1,
PMC4372431,1,
PMC5445668,1,
PMC2785022,1,
PMC6439321,1,
PMC5774633,1,
PMC2693402,1,
PMC4012283,1,
PMC1283542,1,
PMC5751881,1,
PMC5343788,1,
PMC3521460,1,
PMC5807068,1,
PMC5008916,1,
PMC4654847,1,
PMC3283186,1,
PMC4821788,1,
PMC5253096,1,
PMC5195918,1,
PMC3821656,1,
PMC3499881,1,
PMC3481041,1,
PMC11530194,1,
R116,1,
PMC4946908,1,
PMC4394863,1,
PMC4834874,1,
PMC5096383,1,
PMC2867553,1,
PMC2945690,1,
PMC1919520,1,
PMC4393791,1,
PMC8385452,1,
PMC3342137,1,
PMC4259537,1,
PMC122812,1,
PMC4296634,1,
PMC11643159,1,
ABK,1,
THJ,1,
NRW,1,
SLT,1,
PMC12100500,1,
AGGREGATED,1,
BREAKPOINT,1,
BREAKPOINT1,1,
BREAKPOINT2,1,
COVERAGE,1,
UTRN,1,
POLD1,1,
ASDP,1,
VFLAG,1,
HHB,1,
VEP103,1,
JSON,1,
DUC,1,and Data Use Committee
EC2,1,
AG041689,1,
DUP,1,
INDELS,1,
PMC47295,1,
PMC5089703,1,
PMC1474030,1,
PMC4307746,1,
PMC6686921,1,
PMC11629659,1,
PMC6084586,1,
PMC3679285,1,
PMC6298049,1,
PMC5860110,1,
D1154,1,
PMC10767851,1,
D1300,1,
D1311,1,
PMC9825437,1,
PMC9126808,1,
PMC8519060,1,
PMC8599981,1,
PMC10565871,1,
PMC7081222,1,
PMC11006751,1,
GM17,1,
PMC9346002,1,
PMC10902710,1,
V236E,1,
R251G,1,
PMC9157381,1,
PMC8017764,1,
PMC9684164,1,
PMC10276158,1,
PMC9851291,1,
PMC10628838,1,
PMC8815198,1,
PMC9372872,1,
PMC10689571,1,
PMC10840621,1,
PMC11515778,1,
PMC11091720,1,
PMC10937371,1,
PMC9329122,1,
PMC7904076,1,
PMC3519456,1,
PMC3519454,1,
PMC3198575,1,
PMC3137218,1,
PMC3487130,1,
PMC6397097,1,
PMC6881350,1,
PMC12057956,1,
RICAPPS,1,
RICORS,1,Primary Care and Health Promotion-RICAPPS
IISGM,1,n Health Research Institute
PI1800370,1,
FIIBAP,1,
SNHS,1,data collected from the Spanish National Health Survey
EHIS,1,and from the European Health Interview Survey
NSI,1,Ministry of Health and the National Statistics Institute
30JUL2024,1,
NYNY,1,
KYKYKY,1,
PMC8031171,1,
PMC7424397,1,
PMC9075476,1,
TLN,1,
LHA,1,
PMC3076376,1,
S198446,1,
PMC6497893,1,
PMC5722974,1,
PLENUFAR,1,
PMC6210315,1,
PMC7968327,1,
PMC2955693,1,
PMC4339694,1,
PMC6980637,1,
PMC10803845,1,
PMC5486895,1,
ECK,1,
PMC9356923,1,
PMC10815764,1,
CTP1A,1,
NDUFB8,1,
UQCRC2,1,
ATP5A,1,
635G,1,
187G,1,
941T,1,
L314P,1,
AACA,1,
NPHP,1,
166C,1,
205C,1,
142A,1,
296C,1,
6145G,1,
890G,1,
590G,1,
683A,1,
437G,1,
1058A,1,
Y353C,1,
973A,1,
T325A,1,
763G,1,
G255R,1,
1058C,1,
A353D,1,
1430G,1,
449G,1,
R150Q,1,
737G,1,
S246N,1,
532C,1,
R178W,1,
538C,1,
R180C,1,
551A,1,
D184G,1,
748G,1,
D250H,1,
1468C,1,
R490C,1,
439T,1,
PMC10050361,1,
AKIKI,1,
PMC7092970,1,
PMC2778844,1,
F371,1,
PMC6627204,1,
PMC8616075,1,
PMC10295466,1,
PMC6506687,1,
PMC5958619,1,
PMC5377811,1,
PMC7613608,1,
PMC5938582,1,
PMC7767736,1,
PMC10376733,1,
PMC3454471,1,
PMC8890532,1,
PMC4380867,1,
PMC9928604,1,
PMC10228312,1,
MATE,1,
PMC7582648,1,
PMC9131259,1,
F1720,1,
F1731,1,
PMC8621539,1,
PMC8380782,1,
PFKM,1,
PMC9576726,1,
GPR87,1,
PMC9838062,1,
PMC8371716,1,
PMC9687674,1,
PMC5788494,1,
PMC3618398,1,
PMC3065305,1,
PMC4297939,1,
M604123200,1,
PMC9963700,1,
PMC10463317,1,
PMC6006524,1,
PMC10525550,1,
PMC8707347,1,
PMC5613374,1,
PMC7997461,1,
PMC8897298,1,
PMC7701126,1,
PMC5990461,1,
PMC5005451,1,
NDUFB6,1,
PMC4312125,1,
E6283,1,
E6290,1,
PMC6142220,1,
NDUFS1,1,
PMC4891242,1,
PMC4970679,1,
JCI40076,1,
PMC2827951,1,
NPHPL1,1,
PMC10432713,1,
PMC10326256,1,
PMC1181902,1,
CN106681,1,
PMC5006138,1,
PMC6984135,1,
PMC5095641,1,
PMC1924492,1,
PMC10165542,1,
PMC1380241,1,
PDSS1,1,
JCI29089,1,
PMC1804361,1,
COQ6,1,
JCI45693,1,
PMC3083770,1,
COQ10D6,1,
PMC3545522,1,
PMC7434746,1,
PMC6935384,1,
PMC8910660,1,
PMC3590819,1,
PMC9724937,1,
PMC4352065,1,
F1128,1,
F1140,1,
PMC5495886,1,
PMC9025854,1,
PMC3609556,1,
PMC9598813,1,
PMC2976496,1,
PMC5875952,1,
E5896,1,
E5905,1,
PMC6042128,1,
PMC4926990,1,
PMC9308331,1,
PMC4630830,1,
PMC10393227,1,
PDE4,1,
PMC5557856,1,
PMC4025630,1,
PMC8819981,1,
PMC6174865,1,
PMC7710105,1,
PMC5478234,1,
R1071,1,
R1077,1,
PMC3326404,1,
PMC8657889,1,
PMC154358,1,
M009093200,1,
F448,1,
F456,1,
DNMTS,1,
PMC10074964,1,
PMC8537003,1,
E277,1,
E283,1,
BF02854898,1,
PMC3231562,1,
M402999200,1,
PMC5407729,1,
F1545,1,
F1553,1,
PMC2584902,1,
SBT,1,
PMC7585075,1,
PMC10459991,1,
PMC6643445,1,
PMC8745343,1,
PMC10965088,1,
MEXICO,1,
ITK,1,
DRIAD,1,
PNG,1,
12992R1A,1,
PMC3511623,1,
PMC7642580,1,
PMC6890708,1,
SICE,1,
PMC5344925,1,
MRG,1,
MAL,1,
PMC7794289,1,
PMC5596480,1,
AHMS,1,
PMC8289609,1,
PMC7563988,1,
PMC8293921,1,
PMC8203808,1,
PMC9405039,1,
PMC7963160,1,
PMC7884393,1,
PMC7937894,1,
PMC7674838,1,
PMC3873395,1,
TIP,1,
PMC8321205,1,
PMC3538438,1,
KPCA,1,
DQRE,1,
PMC7545025,1,
AQM,1,
ICTAS,1,Conference on Information Communications Technology and Society
PMC12953007,1,
TJP70366,1,
400A,1,
XL10,1,
OR3,1,
P0781,1,
H4034,1,
AAS03495C,1,
G148,1,
F1280,1,
PMC5210199,1,
F1065,1,
F1077,1,
PMC2980396,1,
PMC5533248,1,
PMC5459893,1,
PMC7684545,1,
PMC6037416,1,
F972,1,
F981,1,
PMC3625849,1,
PMC8715222,1,
F389,1,
PMC3920025,1,
PMC5918458,1,
PMC1665183,1,
PMC8350821,1,
F297,1,
PMC4321823,1,
PMC11505431,1,
C695,1,
C705,1,
PMC2944323,1,
C1386,1,
C1397,1,
PMC3006321,1,
F181,1,
SLC42,1,
PMC3602798,1,
PMC9990994,1,
PMC3724230,1,
PMC5518613,1,
PMC8533633,1,
PMC9254549,1,
PMC10794816,1,
BJ20050657,1,
PMC1237136,1,
PMC11193202,1,
PMC10769453,1,
JAX,1,
129S1,1,
129S,1,
B6129SF1,1,
H31L21,1,
MN1000,1,
D3F8Q,1,
D2S9R,1,
AR9961,1,
DS9800,1,
OOR,1,
SPEX,1,
HISAT2,1,
H31L2,1,
CD55,1,
SERPING1,1,
MASP1,1,
C4B,1,
EFAD,1,
GMBSR,1,in the Genomics and Molecular Biology Shared Resource
5P30CA023108,1,
1S10OD030242,1,
P20GM130454,1,
CCMR,1,The Center for Comparative Medicine and Research
R01AG036836,1,
R01AG018023,1,
U01AG006576,1,
U01AG006786,1,
R01AG025711,1,
R01AG017216,1,
R01AG003949,1,
R01NS080820,1,
U24NS072026,1,
P30AG19610,1,
U01AG046170,1,
U24AG061340,1,
PMC7364557,1,
PMC10644244,1,
PMC7080282,1,
PMC6279593,1,
BF03324754,1,
PMC3629373,1,
PMC2756084,1,
PMC6005856,1,
PMC6351836,1,
PMC2993873,1,
PMC4376359,1,
PMC7818784,1,
PMC6320637,1,
PMC5994698,1,
IMMU2357,1,
PMC7252014,1,
PMC2615427,1,
PMC7518324,1,
PMC3928520,1,
HTML5,1,
PMC3637064,1,
W741,1,
W748,1,
PMC10778642,1,
PMC6577088,1,
CVB,1,
GGDS,1,
PMC6243053,1,
PMC7787497,1,
PMC10252497,1,
PMC8439475,1,
PMC4700622,1,
PMC6669786,1,
PMC6650779,1,
PMC9609624,1,
PMC8672775,1,
DGL,1,
PMC9442617,1,
PMC10320521,1,
PMC5932453,1,
PMC5005892,1,
IMMU1726,1,
BF02890185,1,
PMC1850044,1,
PMC9997156,1,
PMC5794825,1,
LMO,1,
PMC7319891,1,
PMC6255829,1,
PMC8192523,1,
PMC7431836,1,
PMC9750152,1,
PMC5521082,1,
PMC5512447,1,
PMC125059,1,
TLQP,1,
PMC6954537,1,
PMC6936623,1,
PMC5379986,1,
PMC4067320,1,
PMC3511294,1,
PMC6729885,1,
PMC5094372,1,
M248,1,
JVB,1,
PMC5652018,1,
PMC7660461,1,
PMC6357742,1,
PMC10720732,1,
PMC5540146,1,
PMC6528326,1,
PMC10512855,1,
T3D,1,
FINAL1,1,
SLC7A5,1,
FATP1,1,
FATP4,1,
SPTLC,1,
KDSR,1,
CERS,1,
ELOVL,1,
FADS,1,
GNPAT,1,
AGPS,1,
PLPP,1,
GPAT,1,
AGPAT,1,
PCYT1,1,
CEPT,1,
LPCAT,1,
PPP2,1,
PMC3842412,1,
PMC3918063,1,
PMC2863057,1,
PMC2376747,1,
PMC3933650,1,
PMC5866045,1,
PMC3568142,1,
PMC2386055,1,
PMC1112991,1,
PMC3867519,1,
PMC4458271,1,
PMC2504869,1,
PMC2717637,1,
FKHR,1,
PMC2783210,1,
PMC2910150,1,
PMC5198734,1,
FTY720,1,
MFSD2A,1,
PMC4114515,1,
PMC11546175,1,
MBD1,1,
OHSD2,1,
HDAC11,1,and class IV
H2AXZ,1,
E2F2,1,
VEGF1,1,
ACTA2,1,
TALGN,1,
MYH11,1,and smooth muscle myosin heavy chain
TAGLN,1,
KCD,1,
SAHH,1,and S-adenosyl homocysteine hydrolase
K9,1,
K12,1,
K4,1,
PMC7803011,1,
PMC3777799,1,
PMC7467619,1,
PMC10577090,1,
PMC3815533,1,
PMC7605266,1,
PMC9729108,1,
M409070200,1,
DNMT3A,1,
PMC6326784,1,
PMC139244,1,
M400181200,1,
PMC8477637,1,
JCI21647,1,
PMC522246,1,
PMC10954555,1,
PMC11176084,1,
PMC3173185,1,
PMC3105131,1,
JCI19137,1,
PMC193673,1,
PMC1171580,1,
PMC11139175,1,
PMC2704857,1,
C1101,1,
C1105,1,
PMC4060002,1,
PMC3134408,1,
S1357,1,
H1361,1,
M502115200,1,
PMC1434727,1,
S0150,1,
H1862,1,
H1871,1,
PMC3213961,1,
PMC4049097,1,
PMC3028655,1,
PMC2000327,1,
JCI33680,1,
PMC2289794,1,
A32,1,
PMC9827811,1,
PMC5303626,1,
PMC3517884,1,
PMC4259271,1,
H688,1,
PMC2822565,1,
H1894,1,
H1904,1,
PMC3058572,1,
PMC3540168,1,
PMC10356613,1,
R108,1,
PMC4053753,1,
PMC1976252,1,
PMC7575806,1,
PMC6959244,1,
PMC7042287,1,
PMC2683399,1,
F1006,1,
F1013,1,
PMC3798741,1,
JRAAS,1,
PMC2850398,1,
PMC10103311,1,
JCI124030,1,
PMC6391095,1,
PMC5114780,1,
PMC7445693,1,
PMC3946617,1,
PMC7455138,1,
PMC3709727,1,
PMC9735846,1,
PMC8722801,1,
PMC3157202,1,
PMC2818461,1,
PMC3106179,1,
PMC3431411,1,
PMC2921842,1,
PMC4101656,1,
PMC6379383,1,
PMC6651274,1,
M313268200,1,
TH04,1,
TH06,1,
PMC6174792,1,
R913,1,
R935,1,
H474,1,
H480,1,
PMC42409,1,
PMC3650692,1,
PMC3670187,1,
PMC3384190,1,
PMC4369267,1,
PMC3567076,1,
V96,1,
PMC11136399,1,
M412960200,1,
PMC1283144,1,
PMC2994368,1,
PMC2994395,1,
084X,1,
PMC11349294,1,
RP93758,1,
MDAR,1,
ORCHID,1,
PMC10663248,1,
DIA01,1,
ARCHIVED,1,
PMC8554684,1,
PMC8871594,1,
PMC9977271,1,
PMC10593099,1,
PMC8956284,1,
PMC9898823,1,
PMC8184000,1,
AIMS,1,
PMC8568590,1,
PMC9163859,1,
PMC8776013,1,
PMC9523553,1,
GWY,1,
MLK,1,
PMC8822543,1,
PMC10072489,1,
PMC8132017,1,
PMC8331176,1,
PMC9094465,1,
HGC,1,
PMC8846534,1,
PMC9946455,1,
UNCOVER,1,
PMC10569787,1,
PMC10414967,1,
PMC10567253,1,
PMC9812776,1,
PMC10154022,1,
PMC10079286,1,
PMC10030107,1,
D3CODE,1,Oncology Discovery Effort
PMC9981148,1,
PMC9013315,1,
PMC7648543,1,
PMC8943636,1,
PMC6187080,1,
JKH,1,
AJX,1,
NCRI,1,
LYW,1,
UKCCP,1,outcome rates in patients with cancer in England
PMC10368624,1,
PMC8250282,1,
PMC9928418,1,
PMC8014535,1,
AYS,1,
PMC7611074,1,
PMC8841099,1,
JVIM,1,
JVIM16377,1,
SMALL,1,
METABOLIC,1,
INJURY,1,
CATS,1,
LABEL,1,
USE,1,
PMC4414065,1,
PMC10816690,1,
ISFM,1,
PMC11148907,1,
PMC11185244,1,
PMC11112193,1,
PMC11132207,1,
PMC10822536,1,
LFE,1,
ERL,1,
PMC10816382,1,
PMC4722620,1,
PMC5108422,1,
PMC5084826,1,
PMC6430881,1,
PMC11383110,1,
PMC10816792,1,
PMC3087694,1,
PMC4895615,1,
PMC11129243,1,
PMC5787200,1,
PMC6430927,1,
PMC1131430,1,
PMC4857948,1,
PHEX,1,
M304544200,1,
DMP1,1,
MEPE,1,
PMC2783834,1,
M408903200,1,
PMC2902926,1,
PMC6872607,1,
DHN,1,
PMC6060321,1,
PMC4895675,1,
PMC4895502,1,
PMC6702729,1,
PMC3025699,1,
PMC11104127,1,
PMC4565816,1,
PMC8162613,1,
PMC6943323,1,
PMC7096645,1,
PMC5259624,1,
PMC6712848,1,
PMC10814266,1,
PMC10816647,1,
PMC5354001,1,
PMC4949776,1,
PMC6371591,1,
ACVIM,1,
PMC11108021,1,
PMC4305495,1,
DSJ,1,
PMC1383072,1,
R84,1,
PMC2206519,1,
PMC5028052,1,
PMC6430932,1,
PMC4858015,1,
PMC4663180,1,
HNL,1,
PMC2994084,1,
PMC3249067,1,
PMC4236819,1,
PMC3500171,1,
M011623200,1,
PMC1618632,1,
PMC2875447,1,
PMC3578035,1,
F655,1,
F663,1,
PMC3969397,1,
ASSESS,1,
PMC5082822,1,
PMC4444254,1,
PMC5015077,1,
F552,1,
F563,1,
F517,1,
F529,1,
PMC5031837,1,
PMC5362331,1,
PMC4895577,1,
PMC3621351,1,
PMC4504213,1,
PMC4076175,1,
PMC6447747,1,
V1271448,1,
PMC3070072,1,
VPF,1,
V75661,1,
PMC11112199,1,
PMC3098373,1,
PMC3108344,1,
PMC3527356,1,
M600143,1,
ECVIM,1,
ESVNU,1,
PMC10741344,1,
A812,1,
PMC4172611,1,
V7122495,1,
PMC553574,1,
PMC5802812,1,
V95782,1,
PMC6107233,1,
DGK,1,
PMC6831687,1,
PMC2827599,1,
PMC4587692,1,
CNS14497,1,
CNSNT,1,
HCE,1,depressive disorder tend to develop hyperglycemic crisis episodes
NT5C2,1,cytosolic II
DMAS,1,accelerated atherosclerosis
BDNFOE,1,
PVH,1,paraventricular hypothalamus
HAMD,1,whose Hamilton Depression
5HT3A,1,
5HT3R,1,
HT6,1,
A2A,1,
PHZ,1,
FMT,1,The administration of fecal microbiota transplantation
FLX,1,
DIL,1,and Dietary insulin load
CUS,1,
GLUT10,1,
LIMITATION,1,
PMC6419531,1,
PMC8449252,1,
PMC8776563,1,
PMC8500697,1,
PMC9811005,1,
PMC9775182,1,
PMC8122638,1,
PMC7527373,1,
PMC7801357,1,
PMC7771631,1,
PMC9561776,1,
PMC8391620,1,
PMC7868339,1,
S285000,1,
PMC7810592,1,
PMC7539383,1,
PMC7882189,1,
PMC6683678,1,
APF,1,
URB597,1,
PMC7880789,1,
PMC8071143,1,
PMC4013623,1,
202000246RR,1,
PMC6489906,1,
JCI99366,1,
PMC6025980,1,
PMC9223446,1,
PMC6014550,1,
PMC7731754,1,
PMC5924646,1,
PMC6420396,1,
PMC8803902,1,
PMC8537243,1,
PMC5864882,1,
PMC5853633,1,
PMC7530538,1,
PMC9787647,1,
PMC6550342,1,
PMC6282853,1,
PMC6601608,1,
PMC6489983,1,
PMC9406499,1,
PMC5911311,1,
PMC8335699,1,
PMC5850677,1,
PMC7880684,1,
PMC6538531,1,
PMC7729830,1,
STRIPAK,1,
PMC6581792,1,
PMC6178561,1,
PMC6544163,1,
PMC8020847,1,
PMC9146121,1,
PMC7815944,1,
PMC5969354,1,
PMC7884786,1,
PHNO,1,
PMC7198375,1,
PMC6334665,1,
PMC5945822,1,
1028415X,1,
PMC5919534,1,
PMC7789762,1,
PMC6916186,1,
R255,1,
R263,1,
PMC7509250,1,
PMC7315550,1,
PMC6084347,1,
PMC7709277,1,
PMC5963697,1,
PMC6181976,1,
PMC8796026,1,
PMC7647050,1,
PMC8506657,1,
PMC7598634,1,
PMC7910674,1,
POUNDS,1,
PMC6275143,1,
PMC6979041,1,
PMC6376469,1,
PMC6584030,1,
PROVIT,1,
PMC7695208,1,
PMC9163185,1,
PMC8066826,1,
PMC6165206,1,
PMC8880862,1,
RESISTIN,1,
PMC5938197,1,
PMC6834732,1,
PMC8208781,1,
PMC7057597,1,
PMC3114380,1,
PMC5413000,1,
PMC3591160,1,
PMC4911762,1,
PMC7292317,1,
PMC9493151,1,
PMC7795724,1,
PMC4137347,1,
PMC7331915,1,
PMC5859848,1,
PMC8173613,1,
PMC6005871,1,
PMC9953910,1,
PMC6583651,1,
PMC6278799,1,
PMC5599444,1,
PMC6175638,1,
PMC6612444,1,
PMC6686369,1,
PMC7396103,1,
PMC7692296,1,
PMC6650994,1,
PMC5051050,1,
PMC8268438,1,
PMC8709491,1,
HHL,1,
GNV,1,
LJC,1,
PMC7274451,1,
PMC7485173,1,
PMC7456860,1,
PMC12185656,1,
S1806,1,
X38814376,1,
TQAE040,1,
S137444641,1,
MGC803,1,
SGC7901,1,
MKN,1,
PMC6444111,1,
PMC8859863,1,
PMC3930970,1,
PMC4726677,1,
PMC6651927,1,
PMC4438965,1,
PMC6430436,1,
PMC7455226,1,
PMC6116659,1,
PMC4469976,1,
PMC3280403,1,
PMC7656548,1,
PMC5591168,1,
PMC6868021,1,
PMC7214364,1,
PMC3089699,1,
PMC4596901,1,
E497,1,
E502,1,
PMC3590471,1,
PMC3340473,1,
PMC6425219,1,
PMC3812492,1,
PMC3574893,1,
PMC5546528,1,
PMC6133170,1,
PMC5902961,1,
PMC6785885,1,
PMC5589688,1,
PMC5769385,1,
PMC5059020,1,
PMC4635800,1,
PMC7657840,1,
FSO397,1,
PMC6609893,1,
PMC7219104,1,
PMC7644734,1,
PMC3566474,1,
PMC3373984,1,
PMC5732831,1,
PMC7996890,1,
PMC3251805,1,
PMC6218198,1,
PMC7071117,1,
PMC7353808,1,
PMC4477116,1,
PMC4839799,1,
S164929,1,
PMC5978462,1,
PMC6417637,1,
PMC5944502,1,
PMC3419616,1,
PMC4196111,1,
PMC4700735,1,
PMC4716053,1,
PMC6811372,1,
CS20120343,1,
PMC7761347,1,
E1170,1,
PMC5132220,1,
PMC4193839,1,
PMC5312330,1,
PMC4811512,1,
PMC5386648,1,
PMC5522244,1,
PMC7653020,1,
PMC4843744,1,
PMC3541242,1,
PMC5952268,1,
PMC6415482,1,
PMC5723910,1,
PMC3357214,1,
PMC7201450,1,
PMC6064894,1,
PMC6898844,1,
PMC7937645,1,
PMC7921735,1,
PMC6345339,1,
PMC7220278,1,
PMC6920594,1,
PMC7073990,1,
PMC6108939,1,
PMC6889304,1,
PMC7465508,1,
PMC6473299,1,
PMC7666786,1,
PMC6756873,1,
PMC7540116,1,
S264032,1,
PMC7505710,1,
PMC4473320,1,
PMC5363973,1,
S242298,1,
PMC7245468,1,
PMC6411354,1,
PMC6896474,1,
PMC7275895,1,
PMC4622954,1,
CDX1,1,
PMC4717359,1,
PMC7353244,1,
PMC4868749,1,
CAB39L,1,
PMC6296350,1,
PMC4305376,1,
PMC4494971,1,
PMC6639229,1,
PMC4033362,1,
PMC7524314,1,
PMC8697197,1,
PMC7538596,1,
S286430,1,
PMC7751595,1,
PMC11526289,1,
OPAS,1,
JBIMES,1,
PMC6248737,1,
PMC5139140,1,
PMC10704307,1,
PMC10273040,1,
PMC8469557,1,
ENHIDE,1,
PMC7081804,1,
PMC6614996,1,
PMC4891756,1,
PMC5717958,1,
FULLTEXT01,1,
PEBMED,1,
PMC12810801,1,
IUB,1,
NEPAL,1,
USD853,1,
QO,1,
PMC11562084,1,
PMC6830635,1,
PMC11285924,1,
PMC9603322,1,
PMC8173726,1,
PMC9206302,1,
PMC11706451,1,
PMC11320675,1,
PMC9150765,1,
NUHA,1,
PMC8793199,1,
PMC11766829,1,
PMC8194055,1,
PMC8030079,1,
PMC9174780,1,
SHASTO,1,
PMC7818822,1,
PMC9375484,1,
PMC5060606,1,
PMC11254328,1,
S182172,1,
PMC6287422,1,
PMC7958221,1,
PMC7559811,1,
PMC9122079,1,
PMC8113789,1,
PMC10532649,1,
IPGT,1,improved intraperitoneal glucose tolerance
G6PD,1,
SH10,1,
SH20,1,
SH30,1,
SD10,1,
1L,1,
PMC7843831,1,
PMC8464198,1,
JPAP2013,1,
PMC7042557,1,
PMC8266931,1,
PMC6587903,1,
PMC9249335,1,
PMC7916042,1,
PMC7570968,1,
PMC5484124,1,
PMC7551667,1,
PMC11190750,1,
PMC8691379,1,
PMC9220189,1,
PMC9147351,1,
PMC6412529,1,
PMC7404257,1,
PMC9373759,1,
PMC9601608,1,
PMC9318751,1,
PMC6696024,1,
PMC8286187,1,
PMC6099715,1,
PMC7401277,1,
PMC8746720,1,
PMC8625947,1,
PMC5408259,1,
PMC4413225,1,
PMC4557017,1,
PMC10057957,1,
PMC9110587,1,
PMC8067268,1,
PMC9000630,1,
PMC6479744,1,
PMC6891583,1,
PMC8707863,1,
PMC8063939,1,
S3803,1,
PMC2663451,1,
PMC4329636,1,
PMC4882717,1,
PMC8279857,1,
PMC8199327,1,
PMC4745343,1,
JPET,1,
PMC7166264,1,
1351000214Y,1,
PMC6837535,1,
PMC3654796,1,
PMC3838843,1,
PMC2769028,1,
PMC6827013,1,
PMC9026812,1,
PMC8151766,1,
D3FO00383C,1,
PMC5484098,1,
PMC8402191,1,
PMC7148302,1,
PMC6746852,1,
PMC9822036,1,
PMC9576919,1,
PMC9966990,1,
PMC3255347,1,
PMC5496233,1,
PMC4981512,1,
PMC8666355,1,
PMC1087912,1,
PMC1971114,1,
PMC9237631,1,
PMC7360907,1,
S172104,1,
PMC6074810,1,
PMC5899849,1,
BF02789090,1,
PMC2574766,1,
PMC8088034,1,
PMC8151300,1,
PMC9964347,1,
PMC9505407,1,
PMC10075028,1,
PMC8912460,1,
PMC8067123,1,
PMC6780404,1,
PMC9783697,1,
PMC4705851,1,
PMC4361568,1,
PMC7817511,1,
PMC6315526,1,
PMC8765009,1,
PMC9705849,1,
PMC9832536,1,
PMC6915251,1,
PMC5991679,1,
BJSTR,1,
D0FO02448A,1,
PMC6392053,1,
S11745,1,
PMC8539471,1,
PMC9975181,1,
PMC6111097,1,
PMC6969100,1,
GLP2,1,
PMC3917265,1,
PMC10058336,1,
PMC8230871,1,
PMC8539623,1,
PMC5598295,1,
PMC6717104,1,
PMC13314499,1,
WJ2025M003,1,
IK1,1,
15R,1,
H151,1,
3MR,1,
PMC4550022,1,
PMC11242737,1,
HMH,1,
PEJ,1,
PMC10757869,1,
PMC11526495,1,
PMC7663258,1,
PMC11377552,1,
PMC10599719,1,
PMC11563781,1,
PMC3535072,1,
PMC6610002,1,
PMC5643461,1,
PMC3548046,1,
PMC8345975,1,
PMC7227781,1,
PMC4881511,1,
PMC2592359,1,
PMC7061456,1,
PMC10952275,1,
PMC4166495,1,
PMC9153125,1,
PMC6189069,1,
PMC12564436,1,
PMC11309366,1,
PMC9576687,1,
PMC316806,1,
PMC8198665,1,
PMC5981007,1,
S310990,1,
PMC8286248,1,
PMC11567272,1,
PMC12341829,1,
PMC6355645,1,
PMC11750285,1,
PMC8606669,1,
PMC11833096,1,
PMC8799861,1,
PMC4691706,1,
PMC4237367,1,
PMC4819486,1,
PMC5983750,1,
PMC10267185,1,
PMC12391674,1,
PMC6396144,1,
PMC11655241,1,
PMC4638135,1,
PMC6516151,1,
PMC10866973,1,
PMC7328159,1,
202101428RR,1,
PMC9760637,1,
PMC12140349,1,
PMC6222958,1,
PMC12587650,1,
PMC6769656,1,
PMC9198250,1,
PMC4484217,1,
PMC7586427,1,
SJM,1,
PMC11113264,1,
PMC6612360,1,
PMC4459900,1,
PMC3527188,1,
PMC3782993,1,
PMC10026597,1,
PMC9818427,1,
PMC12589070,1,
PMC11173599,1,
PMC7576252,1,
PMC8782554,1,
C797,1,
PMC7701269,1,
PMC10991119,1,
PMC11272886,1,
PMC10526096,1,
PMC11440518,1,
PMC7726992,1,
PMC8913803,1,
PMC12461871,1,
PMC9102016,1,
PMC9181498,1,
PMC10973994,1,
PMC8658264,1,
PMC7290626,1,
PMC7583949,1,
PMC8952309,1,
PMC7047112,1,
PMC10210012,1,
H435,1,
PMC8599840,1,
PMC7253644,1,
PMC12396111,1,
PMC8396463,1,
EGG,1,
PMC3770549,1,
PMC10504403,1,
PMC11058547,1,
PMC7524792,1,
PMC12025513,1,
PMC5418187,1,
PMC8534043,1,
RBMA,1,
PMC7706700,1,
PMC11398298,1,
PMC3982069,1,
PMC2778128,1,
PMC7496440,1,
PMC8387860,1,
PMC10177324,1,
PMC5704190,1,
PMC10273906,1,
S100B,1,
PMC12216652,1,
PMC9247260,1,
PMC4669103,1,
PMC9102812,1,
PMC11449765,1,
PMC5794473,1,
PMC11476913,1,
PMC12785853,1,
PMC5643772,1,
PMC8013977,1,
PMC9188247,1,
PMC12753882,1,
PMC3753235,1,
PMC2792593,1,
PMC10237624,1,
PMC4531078,1,
PMC6516154,1,
PMC8770386,1,
PMC5478500,1,
PMC8403684,1,
PMC12937819,1,
PMC6489500,1,
PMC9490146,1,
PMC12073891,1,
PMC11493982,1,
PMC12419843,1,
PMC5854571,1,
PMC12447013,1,
PMC12941266,1,
PMC9880295,1,
PMC12024785,1,
PMC10587464,1,
PMC11506570,1,
PMC12495453,1,
PMC10024743,1,
PMC11342848,1,
PMC11432415,1,
PMC9831930,1,
CHIP,1,
NCT01888315,1,
NCT04264403,1,
LVHH,1,
CJF,1,
JNT,1,
PMC3044648,1,
PMC1604550,1,
PMC5861536,1,
SAMPLE,1,
PMC5533000,1,
PMC5283800,1,
V12122759,1,
PEPPER,1,
PMC3329424,1,
PMC2782553,1,
PMC2025619,1,
PMC8174279,1,
PMC8311576,1,
V961018,1,
PMC5939623,1,
PMC6711343,1,
PMC3471090,1,
PMC4884106,1,
FO082,1,
PMC52490,1,
PMC4174889,1,
PMC6383061,1,
PMC8677726,1,
ACCT,1,
PMC8032013,1,
PMC5533242,1,
PMC4662296,1,
YNV,1,
PMC6405662,1,
PMC7031694,1,
PMC3435395,1,
PMC3739444,1,
PMC6770314,1,
CNP66433,1,
PMC3395217,1,
PMC2689887,1,
PMC4527015,1,
PMC5768251,1,
PMC5678620,1,
PMC4689929,1,
PMC6482292,1,
E40,1,
S19703,1,
PMC4441366,1,
PMC7150902,1,
PMC3568213,1,
PMC8120418,1,
PMC6437926,1,
PMC6723623,1,
PMC8031779,1,
JBS3,1,consensus recommendations for the prevention of cardiovascular disease
PMC5538944,1,
PMC8030834,1,
PMC6857286,1,
PMC3698775,1,
PMC3938300,1,
PMC8499017,1,
LCZ696,1,
PMC8596197,1,
FIDELITY,1,
PMC8830527,1,
DIABESITY,1,
PMC6275453,1,
PMC8202417,1,
PMC8683703,1,
PMC8683707,1,
TRIO,1,
REINFORCE,1,
PMC6837160,1,
V1341084,1,
PMC2666431,1,
PMC7989372,1,
JCI36479,1,
PMC2586800,1,
PMC2938469,1,
JCI118582,1,
PMC507220,1,
PMC2040477,1,
SHHF,1,
PMC2889219,1,
PMC3156906,1,
PMC7857735,1,
PMC3209523,1,
PMC3171931,1,
JCI5705,1,
PMC408412,1,
PMC8782577,1,
PMC8498995,1,
PMC4279730,1,
PMC7057312,1,
PMC3342395,1,
PMC2814175,1,
PMC9028049,1,
PMC4244158,1,
PMC2682577,1,
PMC11135165,1,
MC5723,1,Stanford University School of Medicine
PURPOSE,1,
AUD28,1,
Z50,1,
R54,1,
I66,1,
G62,1,
G72,1,
K70,1,
K85,1,
Q86,1,
F067,1,
T34,1,
AA005965,1,
AA010723,1,
AA017347,1,
PMC9396356,1,
PEP20,1,
PMC6472008,1,
PMC9540056,1,
PMC8772964,1,
PMC5439499,1,
PMC12549098,1,
PMC7801846,1,
PMC7365296,1,
FY2014,1,
PMC5561575,1,
NBK519697,1,
PMC7663179,1,
PMC8429317,1,
PMC5980293,1,
PMC10238581,1,
PMC10457280,1,
PMC8924949,1,
PMC10362635,1,
SCE,1,
PMC10107187,1,
PMC9026645,1,
PMC6899584,1,
PMC8254783,1,
PMC7699309,1,
PMC9640516,1,
DS0001,1,
PMC10393477,1,
PMC10013181,1,
PMC9570151,1,
PMC6180596,1,
PMC5996907,1,
PMC6556090,1,
PMC9048609,1,
LNC,1,
PMC6601305,1,
KAS,1,
PMC8581382,1,
PMC10594029,1,
PMC8536697,1,
PMC6874742,1,
PMC7035952,1,
PMC9170837,1,
PMC3331862,1,
PMC3878261,1,
PMC9941972,1,
PMC10524180,1,
PMC5104686,1,
INSPIRED,1,
KGOW,1,
PMC8121189,1,
PMC10352930,1,
PMC9986694,1,
PMC9546078,1,
PMC6066998,1,
PMC7489835,1,
PMC9677510,1,
PMC9090138,1,
PMC9841450,1,
PMC10852432,1,
PMC9898084,1,
S259499,1,
PMC8018377,1,
PMC5531758,1,
PMC6003831,1,
PMC2755629,1,
PMC9311324,1,
PMC8065068,1,
RPC,1,
PMC4074361,1,
PMC5992887,1,
PMC5772157,1,
PMC5886311,1,
PMC8455062,1,
PMC9285013,1,
CIBA,1,
PMC5156492,1,
PMC4097828,1,
PMC9687682,1,
PMC3034779,1,
PMC7268632,1,
PMC8533761,1,
PMC9905409,1,
PMC9399809,1,
PMC3970033,1,
PMC3566238,1,
WRW,1,
PMC10321306,1,
PMC10278955,1,
PMC9954136,1,
PMC9026415,1,
PMC10209646,1,
PMC9977689,1,
PMC10236713,1,
PMC4519197,1,
PMC3867579,1,
HIPO8,1,
PMC4903157,1,
PMC5864118,1,
PMC5839119,1,
PMC9615391,1,
RLF,1,
PMC9656120,1,
PMC8717609,1,
PMC3516371,1,
PMC6742337,1,
PMC10840832,1,
PMC9985570,1,
PMC10167909,1,
PMC6601348,1,
PMC4238904,1,
PMC6866824,1,
PMC5006227,1,
PMC9093601,1,
PMC3393798,1,
PMC2572710,1,
PMC8387922,1,
PMC5875381,1,
PMC7852871,1,
PMC4729562,1,
PMC2724861,1,
PMC3097308,1,
PMC6434095,1,
PMC7416961,1,
PMC8929531,1,
PMC6508083,1,
PMC4345147,1,
PMC5984169,1,
PMC6908760,1,
PMC4931948,1,
PMC3551444,1,
PMC3777684,1,
PMC3706494,1,
PMC4529880,1,
PMC4753487,1,
PMC5607539,1,
PMC3053328,1,
PMC4943029,1,
PMC5013267,1,
TMC,1,
T807,1,
PMC5035159,1,
PMC10334598,1,
PMC10102759,1,
PMC9993425,1,
PMC9446657,1,
A7302,1,
PMC9089248,1,
PMC8391787,1,
PMC10808262,1,
PMC6991214,1,
PMC8579376,1,
PMC8088438,1,
PMC7385407,1,
PMC7041799,1,
PMC2867078,1,
PMC3448998,1,
PMC4750405,1,
PMC10149796,1,
FDDNP,1,
PMC9980305,1,
PMC5802432,1,
PMC9925239,1,
PMC8078224,1,
PMC8874601,1,
PMC6896336,1,
PMC5817906,1,
PMC9955886,1,
PMC10720399,1,
PMC9921402,1,
PMC8866346,1,
PMC7425352,1,
PMC8088704,1,
PMC2651956,1,
PMC3904647,1,
PMC8143804,1,
BF02255967,1,
PMC4007394,1,
PMC3786922,1,
PMC3454493,1,
PMC2854208,1,
PMC3629396,1,
PMC4801670,1,
PMC6297262,1,
PMC8138868,1,
PMC7759542,1,
PMC9875180,1,
PMC10251491,1,
PMC24301,1,
M100710200,1,
PMC394596,1,
PMC1618627,1,
PMC1615337,1,
M608485200,1,
PMC7798310,1,
PMC9798399,1,
PMC8869427,1,
PMC3530195,1,
PMC3379981,1,
PMC10010148,1,
PMC6939615,1,
PMC10337838,1,
PMC9171112,1,
PMC10310297,1,
PMC12488126,1,
PMC9131098,1,
PMC9086457,1,
PMC3828889,1,
PMC10253673,1,
PMC9520570,1,
PMC10980014,1,
APDA,1,
PMC12092734,1,
VIA,1,
MSTO1,1,
TTC19,1,
NRIF,1,
APOE94,1,
7SK,1,
SCG2,1,
FABP7,1,
SIX3,1,
HMC02896,1,
HMC04088,1,
HMC00342,1,
JF01249,1,
JF01436,1,
JF01195,1,
GLV21004,1,
GL0092,1,
9F8A9,1,
7E8A10,1,
MO879,1,
TMT10,1,each sample was labeled with tandem mass tag
GP118,1,
DRSC,1,
FASTQC,1,
HBTRC,1,
BRAINCODE,1,
10M,1,
RLE,1,profiles were detected based on Relative Log Expression
SVA,1,
PLINK2,1,
EIGENSOFT140,1,
1000G,1,
EQTL,1,
METASOFT141,1,
HOCOMOCO,1,
HMDB129,1,
WTC11,1,
AAVS1,1,
KRAB,1,
CLYBL,1,
A1413301,1,
A11138,1,
D9891,1,
25G,1,
BDH9230,1,
LDN,1,
SB431542,1,
XAV,1,
R2050,1,
OD018537,1,
OD030002,1,
AG057331,1,
R01MH085542,1,
R01MH093725,1,
P50MH066392,1,
P50MH080405,1,
R01MH097276,1,
P50M096891,1,
R37MH057881,1,
AG02219,1,
MH06692,1,
R01MH110921,1,
R01MH109677,1,
R01MH109897,1,
U01MH103392,1,
U01MH116442,1,
ZIC,1,
MH002903,1,
CG1293,1,and MEPCE
DIOPT126,1,
COP9,1,
AP1G1,1,
AP2M1,1,
AP50,1,
ALPP,1,
PRKCI,1,
ACTR8,1,
ARPC3,1,
WIPI2,1,
GABARAP,1,
NCAPH,1,
BICD1,1,
PCDH15,1,
NCAPD2,1,
TESK2,1,
IPO13,1,
CG10200,1,
CG10738,1,
NPR1,1,
CG10864,1,
KCNK18,1,
CG11105,1,
NKD1,1,
CG11198,1,
ACACA,1,
CG11723,1,
CG12455,1,
CACNA2D3,1,
CG13253,1,
CG13779,1,
SHFM1,1,
CG1440,1,
CG14419,1,
CG15021,1,
CG15177,1,
EFCAB1,1,
CG15658,1,
CG1908,1,
CG2116,1,
CG30020,1,
CG30203,1,
SPON1,1,
CG31105,1,
CG33213,1,
CG33231,1,
SVIL,1,
CG33673,1,
CG33967,1,
KIBRA,1,
CG34402,1,
CG34422,1,
ARID4A,1,
CG42260,1,
CNGA2,1,
CG42534,1,
CG42573,1,
CG4596,1,
TMEM169,1,
CG6044,1,
CG6498,1,
MAST1,1,
CG7023,1,
USP12,1,
CG7526,1,
LTBP1,1,
CG7841,1,
CG8245,1,
CG9086,1,
CG9934,1,
UBE4B,1,
CSNK1A1,1,
CSNK2B,1,
CLTB,1,
CNTN6,1,
RCOR2,1,
CG5037,1,
CRB1,1,
CRAMP1L,1,
BHLHE41,1,
CSNK1E,1,
NCK1,1,
NCK,1,
MLLT1,1,
ENL,1,
MAPRE1,1,
NR1D1,1,
SH3GLB2,1,
COPE,1,
EXOC8,1,
EYA1,1,
FLII,1,
RFNG,1,
STK36,1,
FZD1,1,
GADD45G,1,
GBF1,1,
BFA,1,
RAPGEF2,1,
CSNK1G3,1,
GRIK4,1,
PAX3,1,
NCKAP1,1,
MAP2K7,1,
STK3,1,
HLH4C,1,
LYL1,1,
HES2,1,
CPX5,1,
HP1,1,
HSF1,1,
IP3K1,1,
ITPKA,1,
LRIG3,1,
LHX3,1,
CUL1,1,
PAFAH1B1,1,
TACR3,1,
RUNX3,1,
MAGOHB,1,
MLY2,1,
DUOXA1,1,
MAP4K4,1,
CKAP5,1,
TFB2M,1,
NPAT,1,
SCN8A,1,
ATOH8,1,
NEURL1B,1,
NEURL3,1,
OPN4,1,
RAB11FIP4,1,
CBFA2T3,1,
RAD54L,1,
RAD54,1,
CDIPT,1,
19C,1,
PPP4C,1,
ASIC3,1,
PTCH1,1,
RAB9B,1,
RALA,1,
PITPNM2,1,
ARHGEF12,1,
SPATA13,1,
GBX2,1,
ASIC2,1,
SCAF1,1,
LRRC1,1,
EXOC3,1,
MBTD1,1,
MBT,1,
CDH20,1,
U1,1,
SNRPC,1,
TRADD,1,
STAM,1,
SPRY3,1,
SYT14,1,
SYT4,1,
NUS1,1,
TAOK1,1,
TAO1,1,
TIMM8B,1,
TPM3,1,
SNAP29,1,
VPS36,1,
WASL,1,
WASP,1,
PPP2R5E,1,
ZMYM4,1,
MYM,1,
KAT8,1,
385F7,1,
PMC3534850,1,
PMC6354244,1,
PMC7606627,1,
PMC7580783,1,
PMC3177143,1,
PMC7777082,1,
PMC1462852,1,
PMC3221533,1,
PMC2904797,1,
PMC4273405,1,
PMC10624868,1,
PMC387376,1,
PMC1182176,1,
PMC1462168,1,
PMC6334654,1,
PMC10507039,1,
PMC9870060,1,
PMC3576906,1,
PMC4838263,1,
PMC6573436,1,
JCI28769,1,
PMC1697799,1,
PMC2250771,1,
PMC2723165,1,
PMC3435293,1,
PMC4212004,1,
NTE,1,
PNPLA6,1,Delayed Induction of Human NTE
PMC4684404,1,
PMC5226413,1,
PMC1456203,1,
PMC2480549,1,
PMC10763532,1,
PMC3013646,1,
PMC4986537,1,
PMC10155598,1,
PMC2733244,1,
PMC6372116,1,
PMC5831169,1,
PMC9519048,1,
PMC9171412,1,
M500356200,1,
PMC3428596,1,
PMC4275400,1,
PMC9357465,1,
PMC10697236,1,
PMC1374804,1,
PMC166431,1,
PMC6573623,1,
PMC7235043,1,
PMC8541906,1,
PMC5954157,1,
PMC7732845,1,
PMC8554488,1,
PMC7816759,1,
PMC7138248,1,
PMC7838823,1,
PMC5828531,1,
PMC4215866,1,
PMC4003482,1,
PMC3179972,1,
PMC6602461,1,
PMC5209295,1,
PMC6599633,1,
PMC5608624,1,
PMC5083142,1,
MRNA,1,
PMC3146723,1,
PMC3065696,1,
PMC7938770,1,
PMC4316181,1,
PMC6325894,1,
PMC3949099,1,
PMC6813890,1,
PMC6003669,1,
PMC8254803,1,
PMC7153935,1,
PMC13073800,1,
PEW,1,energy wasting
FK1012,1,
FOXO4,1,
O4,1,
NCT02848131,1,
NCT02874989,1,
NCT04063124,1,
NCT04313634,1,
NCT06431932,1,
UBX1325,1,
NCT04857996,1,
UBX0101,1,
NCT04129944,1,
PMC4520424,1,
PMC8406213,1,
PMC2771919,1,
S314,1,
PMC7280755,1,
PMC7011136,1,
PMC10616490,1,
PMC6794967,1,
PMC11995884,1,
PMC6493983,1,
PMC7264097,1,
PMC8344376,1,
PMC5511522,1,
PMC7616743,1,
PMC11257941,1,
PMC11200104,1,
PMC11733662,1,
PMC4657829,1,
PMC5619977,1,
PMC4693148,1,
F1265,1,
F1272,1,
PMC9820289,1,
PMC7483369,1,
PMC6290461,1,
PMC9926533,1,
PMC11949504,1,
PMC4214092,1,
PMC12256444,1,
PMC2743561,1,
PMC5788810,1,
PMC5008465,1,
PMC5943456,1,
ERVWE1,1,
PMC3828521,1,
PMC4403256,1,
PMC6082705,1,
PMC8045927,1,
PMC6639430,1,
PMC4824275,1,
PMC7963333,1,
PMC8208792,1,
PMC5688158,1,
PMC12266154,1,
PMC5556182,1,
PMC5875944,1,
PMC3364172,1,
PMC4153757,1,
PMC3431409,1,
PMC3552318,1,
PMC4868664,1,
PMC5850099,1,
PMC10313062,1,
PMC11475272,1,
PMC11988946,1,
PMC10838307,1,
PMC8761005,1,
PMC10154217,1,
PMC12181603,1,
PMC10558380,1,
PMC10019484,1,
PMC10505496,1,
PMC11578798,1,
PMC7759549,1,
PMC8267285,1,
PMC4823827,1,
PMC5538795,1,
PMC5583353,1,
PMC8319335,1,
PMC8168908,1,
PMC2536606,1,
PMC7814487,1,
PMC7987992,1,
PMC6050939,1,
F621,1,
F628,1,
PMC5625108,1,
PMC11394039,1,
PMC7718489,1,
PMC7908681,1,
PMC8752031,1,
PMC3204926,1,
JCI45785,1,
PMC3386805,1,
PMC8282273,1,
PMC10756105,1,
PMC8435409,1,
PMC7018741,1,
PMC7993679,1,
PMC5785239,1,
PMC6816502,1,
F1563,1,
F1573,1,
PMC5610023,1,
PMC5842195,1,
PMC3734312,1,
F880,1,
F183,1,
F191,1,
PMC3251337,1,
PMC3468323,1,
PMC4845101,1,
JCI22475,1,
PMC5860677,1,
PMC4769207,1,
PMC3480325,1,
PMC9438419,1,
PMC9130028,1,
PMC10525416,1,
PMC3965415,1,
TP53RK,1,
PMC10477881,1,
PMC6302941,1,
WAF1,1,
PMC17968,1,
PMC11657437,1,
PMC7857028,1,
PMC7405395,1,
PMC6940493,1,
PMC6197652,1,
PMC8455278,1,
PMC8514501,1,
PMC4854923,1,
PMC8491998,1,
PMC7583560,1,
PMC6779524,1,
PMC7069020,1,
PMC5636781,1,
PMC3168610,1,
PMC4078757,1,
PMC4414220,1,
PMC7738872,1,
PMC8531331,1,
PMC8901817,1,
PMC7986285,1,
PMC7851741,1,
PMC2846063,1,
PMC5810208,1,
PMC7721869,1,
PMC6198535,1,
PMC7198817,1,
PMC6783353,1,
PMC6448588,1,
PMC8998683,1,
PMC9034457,1,
PMC10545759,1,
PMC9714549,1,
PMC10243740,1,
PMC10722989,1,
S676,1,
S680,1,
PMC8021047,1,
A1331852,1,
PMC5391241,1,
PMC8688144,1,
PMC7884042,1,
PMC4165271,1,
PMC9286921,1,
PMC4668014,1,
PMC3249452,1,
PMC5418203,1,
PMC4818766,1,
PMC4946322,1,
PMC11344676,1,
PMC4679552,1,
PMC10148951,1,
202100868R,1,
PMC5635041,1,
PMC5166516,1,
BCJ20200958,1,
PMC8331090,1,
PMC6796530,1,
PMC7812436,1,
PMC7252306,1,
PMC10556478,1,
PMC10341681,1,
BCSFB,1,cerebrospinal fluid barrier
SHY5Y,1,
HTB2,1,Y and glioblastoma
GW9662,1,
P13K,1,
LAMP2,1,
S202,1,
HSP70,1,
PMC8477304,1,
PMC7038184,1,
PMC4700074,1,
PMC3942689,1,
PMC3376850,1,
PMC6382282,1,
PMC6277292,1,
PMC5480119,1,
PMC7698927,1,
PMC6646066,1,
PMC6862662,1,
PMC6680627,1,
PMC7023184,1,
PMC8949954,1,
PMC9970837,1,
PMC5361656,1,
PMC7730621,1,
PMC7767361,1,
PMC7468465,1,
C5SC02377G,1,
PMC6005341,1,
PMC9608803,1,
DMDI,1,
PMC5276711,1,
MMFC,1,
PMC6266130,1,
PMC7684148,1,
PMC7350179,1,
PMC9504392,1,
PMC6073905,1,
LILRB2,1,
PMC9206387,1,
FMRP,1,
PMC2908492,1,
PMC6153721,1,
PMC6788824,1,
PMC4795023,1,
PMC6908963,1,
PMC4710121,1,
PMC7078363,1,
PMC9009508,1,
PMC6584807,1,
PMC6617588,1,
PMC5248655,1,
PMC7783407,1,
PMC3304026,1,
PMC7288209,1,
PMC3774358,1,
PMC3144670,1,
PMC8379201,1,
C6FO01077F,1,
PMC5505016,1,
PMC6728944,1,
PMC7247711,1,
PMC4428790,1,
PMC4833143,1,
PMC6826018,1,
PMC4593785,1,
PMC8619727,1,
PMC2014665,1,
PMC6418242,1,
PMC6096387,1,
PMC7453505,1,
B70M,1,
PMC4161968,1,
PMC9656223,1,
PMC5395835,1,
PMC6794924,1,
PMC4746897,1,
PMC9113199,1,
PMC7921451,1,
PMC2683827,1,
PMC4593783,1,
PMC9000224,1,
PMC6753234,1,
PMC9551568,1,
PMC9016023,1,
PMC6436598,1,
PMC8074650,1,
PMC9505565,1,
PMC9657945,1,
PMC11486233,1,
PMC9006951,1,
PMC5535914,1,
PMC7343500,1,
PMC6943630,1,
PMC7216139,1,
PMC7364283,1,
PMC8608577,1,
PMC7460549,1,
PMC8948319,1,
PMC9104838,1,
PMC9646952,1,
PMC6149477,1,
PMC6767002,1,
PMC9937980,1,
ELSD,1,
PMC3676815,1,
PMC4103729,1,
PMC8750977,1,
PMC6238268,1,
PMC8037809,1,
PMC5767310,1,
S347,1,
S358,1,
PMC7225932,1,
PMC6317692,1,
PMC9685255,1,
PMC8534642,1,
PMC6218400,1,
PMC8356971,1,
ALAN,1,Sea corals under Artificial Light Pollution at Night
PMC6900201,1,
PMC5968622,1,
PMC8227190,1,
PMC6129593,1,
TOC1,1,
PMC4055868,1,
PMC9456505,1,
PMC6656858,1,
PMC10046567,1,
PMC8942668,1,
PMC9065559,1,
APK2,1,and Anticoagulant Activities of Polysaccharide from Calocybe indica
PMC9495384,1,
S192382,1,
PMC6421874,1,
PMC7231846,1,
HCN,1,
PMC8472605,1,
PMC4630413,1,
PMC4789534,1,
PMC8725750,1,
PMC6268347,1,
PMC6163254,1,
PMC4506376,1,
PMC3381883,1,
PMC4111966,1,
PMC9937757,1,
ASK,1,
PMC6696356,1,
PMC9782205,1,
PMC3481187,1,
PMC2577361,1,
PMC7279157,1,
BCL2L12,1,
PMC7709015,1,
PMC3759927,1,
PMC4811700,1,
PMC8467785,1,
PMC6712289,1,
PMC6332975,1,
PMC5331536,1,
PMC5450017,1,
PMC8451577,1,
PMC10053024,1,
PMC10291688,1,
PMC6448791,1,
PMC7179108,1,
PMC8567945,1,
PMC9571310,1,
PMC7663351,1,
PMC5709852,1,
ACKD,1,the management of anaemia of chronic kidney disease
G5PD,1,
IFNJ,1,is exerted via blockade of LPS and interferon-gamma
BCSH,1,the British Committee for Standards in Haematology
NG8,1,
LH96,1,
M880,1,
M885,1,
PMC4589436,1,
PMC4209879,1,
PMC4805129,1,
PMC4550440,1,
PROCRIT,1,
PR00,1,
PMC2902279,1,
PMC2902281,1,
RUBRA,1,
CRDAC,1,presentation at Cardiovascular and Renal Drugs Advisory Committee
UCM231978,1,
PMC5500636,1,
PMC2572292,1,
PMC3022252,1,
PMC4222472,1,
PMC2668730,1,
PMC3967833,1,
PMC4016233,1,
V133734,1,
PMC3815308,1,
EPIBACDIAL,1,
V95869,1,
CNP57457,1,
PMC1895064,1,
PMC2492976,1,
NWKTA,1,
RAPAMUNE,1,
34S,1,
V551216,1,
CAPRIT,1,
PMC3269184,1,
PMC11190273,1,
TOBB,1,
AG067501,1,
AG066107,1,
AG072474,1,
GVU1,1,
GVU7,1,
LEF132,1,
RBP133,1,
SMN134,1,
RECEPTOR,1,
SERINE,1,
THREONINE,1,
PDGFRB35,1,
GRM822,1,
SLC12A737,1,
SLC6A1238,1,
SLC19A139,1,
COL4A140,1,
CDH641,1,
SNTB142,1,
VWF43,1,
ABCG244,1,
ABCB145,1,
ENG46,1,
TGM247,1,
ERG48,1,
ABCA9,1,
CEMIP,1,
C722,1,
INO80D,1,
RASGEF1B,1,
SLC26A3,1,
DMD,1,
MYO1B,1,
BBB7,1,
TIMP352,1,
AHNAK53,1,
SLC38A254,1,
STARD1355,1,
TFPI,1,
PDGFA,1,
TSC22D359,1,
ECE162,1,
12C,1,
VEGFA71,1,
TRA,1,
21B,1,
23A,1,
23B,1,
27A,1,
27B,1,
SMAD357,1,
STAT357,1,
DMD90,1,
ANGPT261,1,
CNS94,1,
AD97,1,
VEGFR299,1,
DWD,1,The neuropathological diagnosis was made by a neuropathologist
VG1,1,
MAB2932,1,
IGEPAL,1,
I8896,1,
6E10A7,1,
Y47,1,
COX4,1,
P2RY2,1,
HNA,1,
LSM880,1,
BRETIGEA31,1,
SNAP25,1,
GRIN1,1,
GAD2,1,
MOBP,1,
MAST49,1,
GSE18854523,1,
VINE,1,
VILO,1,
P2RY12,1,
A3890401,1,
IDA,1,Data Archive
PLINK120,1,
ANNOVAR126,1,
R1013,1,
R1014,1,
CQN133,1,
CQN,1,
Y27632,1,
CHIR99021,1,
TRA1,1,
AAD,1,
A1310,1,
MA511869,1,
ACTN05,1,
S2897,1,
D16,1,
A3007,1,
AABN3554,1,
EP823Y,1,
1A12,1,
AG069701,1,
MPSR,1,Molecular Pathology
CCTI,1,
S10OD020056,1,
P30CA013696,1,
PMC5829048,1,
PMC8326917,1,
PMC7250000,1,
PMC8502923,1,
PMC7289686,1,
PMC6317600,1,
PMC8043951,1,
PMC6689177,1,
PMC7704703,1,
AKY,1,
PMC10464935,1,
PMC9635042,1,
MERTK,1,
E1289,1,
E1298,1,
PMC5819390,1,
PMC9680899,1,
PMC5755241,1,
PMC3233860,1,
PMC7969463,1,
PMC5995803,1,
PAFM,1,
GJJM,1,
BF03085963,1,
PMC1847757,1,
PMC7864888,1,
PMC7070447,1,
KCC3,1,
KCC4,1,
COL4A1,1,
PMC61176,1,
201700867RR,1,
PMC6592233,1,
PMC2275018,1,
PMC4707064,1,
PMC7308558,1,
MLN64,1,
PMC1182323,1,
PMC4885808,1,
PMC6562915,1,
S101,1,
PMC3677825,1,
PMC6365929,1,
M301866200,1,
PMC5072831,1,
PMC5745011,1,
PMC7064375,1,
PMC8544907,1,
PMC6980445,1,
PMC3607554,1,
PMC4123076,1,
PMC6309287,1,
PMC4659407,1,
PMC7316133,1,
PMC4510473,1,
PMC7704032,1,
PMC5886091,1,
PMC6217860,1,
FMNL2,1,
PMC9217776,1,
PMC7190328,1,
PMC5087643,1,
PMC7483596,1,
PMC4821735,1,
PMC4767260,1,
PMC8805295,1,
PMC5679168,1,
PMC3690383,1,
PMC4428948,1,
PMC9180693,1,
PMC9167747,1,
PMC2888978,1,
PMC1867032,1,
PMC6261686,1,
PMC6625319,1,
PMC6687398,1,
PMC8913782,1,
PMC8764781,1,
PMC6884693,1,
PMC8479118,1,
PMC5469297,1,
PMC2938972,1,
PMC5096458,1,
PMC4228501,1,
PMC3664803,1,
PMC3297825,1,
PMC7541709,1,
PMC4637003,1,
PMC3056984,1,
HBM5,1,
PMC6873343,1,
PMC7301644,1,
PMC4931740,1,
PMC5706616,1,
PMC7263268,1,
PMC6853612,1,
PMC6700744,1,
PMC4430369,1,
PMC6990771,1,
PMC8074411,1,
928X,1,
157X,1,
GPL20301,1,
IMEX,1,
SYBYL,1,
3L4W,1,
1U3Q,1,
MMFF94,1,
SNORD9,1,
SNORA11B,1,
CTAGE4,1,
CTAGE,1,
SNORA9,1,
LCN12,1,
MIR648,1,
SAPCD1,1,
RPL13AP5,1,
TMEM52,1,
PRICKLE4,1,
ADAD2,1,
TMEM145,1,
RORB,1,
BTNL8,1,
WNT9B,1,
DNM1P46,1,
SNORA65,1,
LINC01611,1,
CFL1P1,1,
FAM27C,1,
TPSD1,1,
FBXO10,1,
SORD2P,1,
LINC01999,1,
ULK4P1,1,
3080P12,1,
LOC101928857,1,
KIF19,1,
RASL10B,1,
NECAB1,1,
LINC02055,1,
SYCP2L,1,
IL17B,1,
DMKN,1,
TAS2R9,1,
ANKRD62,1,
CFAP74,1,
LYPD6,1,
LY6,1,
PLAUR,1,
VWA3A,1,
PTPRQ,1,
HS3ST3A1,1,
3A1,1,
LINC01933,1,
PVALEF,1,
NRL,1,
ASPRV1,1,
LINC02009,1,
NAT14,1,
TMEM225B,1,
225B,1,
OR2A1,1,
FAM166B,1,
CPAMD8,1,
PZP,1,
63C,1,
TMEM31,1,
CCDC116,1,
NIBAN3,1,
FIRRE,1,
IZUMO4,1,
IZUMO,1,
CLDN9,1,
LINC02210,1,
FBXO16,1,
SLIT1,1,
GLIS1,1,
GLIS,1,
ACPP,1,
LINC02242,1,
KCTD8,1,
CABP5,1,
TMEM97,1,
TCF15,1,
CAPN11,1,
ARHGEF26,1,
LINC01448,1,
MAMDC4,1,
Q8A,1,
MYRF,1,
TBILA,1,
KIF26A,1,
26A,1,
DNAJB13,1,
ZNF628,1,
LINC01252,1,
WASH,1,
FAM53A,1,
LRRC56,1,
ZBTB49,1,
SLED1,1,
LINC01303,1,
SNTG2,1,
RARRES1,1,
ISLR2,1,
CASKIN2,1,
CASK,1,
NACA4P,1,
NACA,1,
KRT72,1,
LINC02809,1,
LHFPL5,1,
LHFPL,1,
C2CD4C,1,
ZNF497,1,
FOXI2,1,
KCTD16,1,
PTGDR,1,
2K4P1,1,
GCHFR,1,
CCM2L,1,
CCM2,1,
NPC1,1,
SMIM10L2B,1,
PLEKHG6,1,
CROCCP2,1,
CROCC,1,
LINC01840,1,
SLFN13,1,
DOT1,1,
L3MBTL4,1,
L3MBTL,1,
GALNT18,1,
SCRN2,1,
FAHD2B,1,
LINC01550,1,
124K5,1,
GINS,1,
CASC16,1,
HOMEZ,1,
PDCD2L,1,
PRCD,1,
LLGL,1,
MARCHF3,1,
NBPF10,1,
FRMD1,1,
KANK3,1,
ZNF784,1,
NBR2,1,
LINC01179,1,
RABL2B,1,
CENPX,1,
ZNF727,1,
WDR90,1,
CCDC88C,1,
88C,1,
CASP16P,1,
ADIRF,1,
KIAA0895L,1,
KIAA0895,1,
ZNF366,1,
DHRS3,1,
OPLAH,1,
SET,1,
EXD3,1,
PEAR1,1,
LMLN,1,
LRRC29,1,
MPND,1,
MPN,1,
ZNF821,1,
MICAL,1,
CENPS,1,
LINC01460,1,
USH1,1,
EP400P1,1,
IMPA2,1,
PUSL1,1,
LINC01128,1,
FLJ31104,1,
LOC441072,1,
IRX6,1,
HOXA6,1,
GPR146,1,
THAP3,1,
SH3D21,1,
FAM131A,1,
PLEKHH3,1,
SMIM10L2A,1,
SNHG20,1,
ARSG,1,
SV2,1,
3K7,1,
USH2A,1,
POU6F1,1,
GUCD1,1,
FAHD2CP,1,
SYCE3,1,
LINC01315,1,
LINC02541,1,
VEPH1,1,
LINC01876,1,
ARL5C,1,
DYNLRB2,1,
AADACL3,1,
NPIPB8,1,
LINC01909,1,
LINC00861,1,
PLEK2,1,
CFAP61,1,
HPGDS,1,
EDRK,1,
LINC02621,1,
UBE2QL1,1,
OLAH,1,
MXRA5,1,
JPH2,1,
FYB2,1,
FYN,1,
CELF4,1,
CUGBP,1,
C4BPB,1,
ATRNL1,1,
LINC00323,1,
FAM151A,1,
STKLD1,1,
NMRAL2P,1,
MYBPHL,1,
SEZ6,1,
CHST4,1,
ACSM1,1,
BPI,1,
KBTBD12,1,
VSTM2L,1,
PDPN,1,
SPESP1,1,
EPHX4,1,
LINC01366,1,
RAMP1,1,
PROM1,1,
EMBP1,1,
ASAH2,1,
NUGGC,1,
CYTL1,1,
LINC01861,1,
DDX43,1,
HSD11B1,1,
TNMD,1,
LINC00449,1,
PAGE4,1,
LINC02688,1,
LINC02384,1,
PLA2G2C,1,
SLC47A1,1,
KRTAP5,1,
LINC01088,1,
CCDC122,1,
RERG,1,
SLC4A3,1,
HFM1,1,
IQCH,1,
HSD17B2,1,
HTR7,1,
ITIM,1,
RFX4,1,
LRRTM2,1,
LINC01376,1,
FCGR1B,1,
ADAMTS6,1,
NEK10,1,
SYT12,1,
PEMT,1,
DUXAP8,1,
DAO,1,
ZNF208,1,
ODF3L1,1,
KCNG2,1,
LINC02728,1,
HIGD1C,1,
HIG1,1,
MYO7B,1,
VIIB,1,
OR3A1,1,
SIGLEC16,1,
LINC02593,1,
SLC16A12,1,
RFX8,1,
SLC15A2,1,
COLCA1,1,
DIRAS3,1,
DIRAS,1,
LRRC2,1,
LIPM,1,
CGREF1,1,
NANOS1,1,
C2HC,1,
CD163L1,1,
KLRD1,1,
GLIPR2,1,
GLI,1,
ADARB2,1,
HTR1F,1,
FAM234B,1,
TKTL2,1,
IL1RAPL2,1,
LOXL1,1,
XKRX,1,
GPR62,1,
LINC00565,1,
CCDC167,1,
OTUD7A,1,
PCDHA6,1,
MAMDC2,1,
WDR93,1,
AADACL2,1,
SERPINB7,1,
FAM225A,1,
FBLL1,1,
NBPF6,1,
FTMT,1,
LINC01920,1,
BEND4,1,
LINC02338,1,
HHLA2,1,
HERV,1,
HEXIM,1,
DGKI,1,
EFCAB7,1,
ZFAT,1,
TNFRSF19,1,
FAM83A,1,
GABRB1,1,
THAP10,1,
TPTEP1,1,
TPTE,1,
LILRB5,1,
GALNT16,1,
MIR6809,1,
JAZF,1,
SLC30A1,1,
SLC24A3,1,
IL20RB,1,
TMEM200A,1,
200A,1,
HACD4,1,
ADGRG6,1,
INSM,1,
ASPN,1,
CTSW,1,
SNHG21,1,
GGTA1P,1,
MIMT1,1,
MER1,1,
OR9Q2,1,
TAFA2,1,
TAFA,1,
SLC6A7,1,
MPEG1,1,
KLHL29,1,
CERCAM,1,
GRHL1,1,
OTULINL,1,
RGL1,1,
RPL13P5,1,
ZNF488,1,
SLC25A14,1,
LINC01140,1,
RTL9,1,
GPR34,1,
GRAMD1B,1,
GRAM,1,
MAN1A1,1,
FICD,1,
FIC,1,
PLXDC1,1,
FRMD4B,1,
P2RY13,1,
P2Y13,1,
HRH1,1,
COL5A2,1,
BICC1,1,
CAMK2N1,1,
TMEM67,1,
TRAM2,1,
TTYH2,1,
FER1L6,1,
IMPAD1,1,
GPR137B,1,
137B,1,
ZDHHC20,1,
DHHC,1,
CPXM2,1,
RRN3P2,1,
RRN3,1,
SPDYE17,1,
RINGO,1,
E17,1,
LINC01963,1,
GIN1,1,
HECTD2,1,
HECT,1,
GAS1RR,1,
GAS1,1,
ZNF107,1,
PKD1L3,1,
TMPPE,1,
FRRS1L,1,
WDR78,1,
OLFML2B,1,
SH3RF3,1,
SLC38A6,1,
GBP4,1,
ZNF678,1,
CYTOR,1,
TDRD15,1,
ARHGAP18,1,
INSYN2A,1,
COLEC12,1,
MTSS1,1,
MTSS,1,
SLC9A9,1,
GABRG1,1,
2HG,1,
MAN2A1,1,
LINC02693,1,
C2CD6,1,
ENTHD1,1,
ENTH,1,
ZNF569,1,
SYNC,1,
CATEGORY,1,
BCL11A,1,
ZC3H12D,1,
POU2F2,1,
BTG1,1,
PLAGL2,1,
GRINA,1,
08E,1,
ADAM19,1,
CLEC17A,1,
VIPR1,1,
TRABD2A,1,
TSPAN5,1,
CELSR1,1,
GYPB,1,
TENT5C,1,
PIK3IP1,1,
CTC1,1,
SERINC5,1,
ALAS2,1,
DNHD1,1,
ACSL6,1,
DNAH1,1,
EPB42,1,
CABLES1,1,
KCNMB1,1,
HRG,1,
APOH,1,
TGFB3,1,
MND1,1,
MCM10,1,
GINS1,1,
CCNB1,1,
DMC1,1,
PPP1R14A,1,
TAX1BP3,1,
DEFA1,1,
PGLYRP1,1,
POLR3G,1,
DERA,1,
CYSTM1,1,
MCEMP1,1,
ACER2,1,
ACOT7,1,
PLAAT1,1,
G0S2,1,
THEM5,1,
APOA2,1,
SMPD1,1,
FN3K,1,
H2AC13,1,
MITF,1,
RAB32,1,
METTL22,1,
ADAMTS5,1,
IGFBP2,1,
AOPEP,1,
KLHL3,1,
RNF182,1,
MGAT4A,1,
NEU3,1,
YOD1,1,
KLK1,1,
GABPA,1,
TGIF2,1,
SAP30,1,
WRNIP1,1,
KLF9,1,
SUPT5H,1,
CREM,1,
TEAD3,1,
ZNF71,1,
ZNF610,1,
NR2F6,1,
TP73C,1,
RAY,1,
TZPS1,1,
TZPS3,1,
TZPS4,1,
TZPS6,1,
TZPS7,1,
TZPS11,1,
TZPS12,1,
TZP13,1,
TZP14,1,
TZP15,1,
TZP16,1,
TZP17,1,
TZP18,1,
TZP19,1,
TZP24,1,
PMC3609491,1,
PMC5344771,1,
PMC2698026,1,
PMC5354034,1,
PMC4944384,1,
PMC7042267,1,
W305,1,
W311,1,
PMC2703978,1,
PMC6438694,1,
D649,1,
D655,1,
PMC5753187,1,
PMC3703241,1,
PMC403769,1,
PMC3231966,1,
PMC3115853,1,
PMC3902029,1,
PMC3680028,1,
REW,1,
PMC3068975,1,
VGM,1,
PMC3607889,1,
PMC7416410,1,
PMC6154471,1,
BYK,1,
PMC6732642,1,
DPT,1,
PMC5879665,1,
PMC3647553,1,
97T,1,
PMC7477314,1,
PMC3989347,1,
PMC7202054,1,
PMC7602582,1,
PMC5621892,1,
PMC4580368,1,
PMC7019133,1,
PMC3859596,1,
PMC7337449,1,
PMC7404143,1,
ITGA2,1,
PMC5778995,1,
PMC2761685,1,
TH08,1,
PMC7326919,1,
PARC,1,
PMC3448678,1,
KVT,1,
PMC6063439,1,
PMC3607833,1,
PMC6060255,1,
S85808,1,
PMC4507455,1,
PMC5817915,1,
PMC7677605,1,
PMC5997335,1,
PVP,1,
LINGO,1,
AMIGO3,1,
PMC5607814,1,
PMC6368224,1,
G776,1,
G783,1,
PMC2575916,1,
CS20191066,1,
BCJ20170137,1,
LYVE,1,
SERPINE,1,
PMC2989686,1,
E44,1,
PMC5427909,1,
PMC4897159,1,
PMC6820454,1,
PMC3403618,1,
PMC6804633,1,
PMC4806664,1,
PMC6945783,1,
PMC5055736,1,
SFMBT1,1,
PMC3315540,1,
PMC6561956,1,
NEDD9,1,
PMC6223025,1,
T26I,1,
58C,1,
S94510,1,
PMC4694673,1,
DNER,1,related receptor
DLL,1,
PMC6302541,1,
PMC4682129,1,
ENPP1,1,
PAGE1,1,
PMC5219656,1,
PMC2939510,1,
PMC7682391,1,
PMC5485239,1,
BF01219464,1,
K27Q,1,
K29Q,1,
PMC7676274,1,
R1494,1,
R1502,1,
PMC2777785,1,
PMC4812683,1,
PMC6094464,1,
PMC5630475,1,
PMC4550358,1,
PMC3102697,1,
PMC4936918,1,
PMC3741275,1,
PMC7305109,1,
TPH1,1,
PMC6812001,1,
1860C,1,
PMC7526109,1,
PMC6323191,1,
PMC6602183,1,
PMC7658079,1,
PMC3277313,1,
PMC5547973,1,
FCRLB,1,
PMC3625155,1,
PMC6226567,1,
PMC5396522,1,
PMC4894774,1,
SREBF,1,
PMC2730923,1,
PMC2803146,1,
PMC7476281,1,
ATG5,1,
PMC5486369,1,
RPGRIP1L,1,
PMC3023512,1,
PMC6973189,1,
PMC12585095,1,
PAKISTAN,1,
DACB,1,
DLAB,1,
JUST,1,
R690,1,
OFT,1,Open field test
PDBQT,1,
HEXANEDIOIC,1,
HEPTYL,1,
PHENOL,1,
METHOXY,1,
BENZYL,1,
ALCOHOL,1,
HEXYLTHIANE,1,
DIOXIDE,1,
NONANOIC,1,
DIETHYL,1,
BENZAMIDE,1,
ETHYL,1,
SULFONYL,1,
AZIDOMETHYL,1,
TRIMETHYL,1,
CYCLOHEXENE,1,
NONANOATE,1,
ETHOXY,1,
HEXAMETHYL,1,
HEXADECANOIC,1,
OCTAMETHYL,1,
NONAMETHYL,1,
EICOSAMETHYL,1,
EICOSANE,1,
PENTAMETHYL,1,
TRIACONTANE,1,
BENZALDEHYDE,1,
HYDROXY,1,
DODEC,1,
YNYL,1,
DODECAMETHYL,1,
13A,1,
13B,1,
15530R1,1,
15530R2,1,
15530R3,1,
15530R4,1,
PMC8642611,1,
PMC10454764,1,
PMC5394122,1,
PMC6501729,1,
PMC8694026,1,
PMC8070782,1,
PMC7081640,1,
S191340,1,
PMC6396885,1,
PMC6834257,1,
PMC10926075,1,
TNVKV,1,
PMC8068190,1,
AZ1,1,
PMC5435029,1,
PMC7760762,1,
KTM,1,
PMC10711519,1,
PMC7922588,1,
PMC6054941,1,
PMC5907530,1,
BF00421184,1,
TJNPR,1,Trop J Nat Prod Res
PMC10663853,1,
PMC11330274,1,
PMC9693928,1,
PMC11629186,1,
PMC11437860,1,
PMC10279823,1,
PMC11133914,1,
PMC7644911,1,
PMC11647954,1,
PMC10875387,1,
SNPGA,1,
PMC8716891,1,
PMC9691944,1,
SMAK,1,
PMC11467627,1,
AJPHEART,1,
PMC5966768,1,
HMRI,1,
BD2K,1,
G351,1,
H812,1,
H838,1,
VITRO,1,
TRANSLATION,1,
TOWARD,1,
OVERALL,1,
GRANTS,1,
16W81XWH,1,
PR151051,1,
PR151134,1,
PR151029,1,
1IO1BX002659,1,
I01BX000505,1,
APP1043026,1,
BMBF01,1,
EO1004,1,
DISCLAIMERS,1,
DISCLOSURES,1,
H608,1,
H621,1,
PMC5402014,1,
H1090,1,
H1100,1,
PMC3064294,1,
H1360,1,
PMC4888539,1,
H219,1,
H228,1,
PMC4967197,1,
H932,1,
H942,1,
JCI72181,1,
PMC3938260,1,
H1400,1,
H690,1,
PMC5668606,1,
PMC3511575,1,
H713,1,
H724,1,
PMC5142185,1,
R1243,1,
R1254,1,
H114,1,
JCI118093,1,
PMC185296,1,
PMC4445302,1,
PMC3348616,1,
PMC5267633,1,
PMC5348116,1,
PMC5283920,1,
PMC3459588,1,
H422,1,
II107,1,
II116,1,
H802,1,
PMC3251640,1,
C4IB00052H,1,
PMC4124744,1,
PMC3466631,1,
PMC3835222,1,
H226,1,
H238,1,
H270,1,
H277,1,
PMC3334250,1,
PMC4339535,1,
PMC5403568,1,
PMC4250428,1,
PMC4758866,1,
PMC151404,1,
PMC1602262,1,
H2592,1,
H67,1,
PMC4387283,1,
PMC5001901,1,
H455,1,
PMC3328210,1,
PMC4764395,1,
PMC4401066,1,
H738,1,
H707,1,
PMC1887974,1,
CS20160234,1,
H1068,1,
H1075,1,
PMC3671889,1,
PMC4315356,1,
PMC5550488,1,
PMC5332452,1,
H478,1,
CRUSADE,1,
F454,1,
F455,1,
PMC4971888,1,
PMC3777390,1,
PMC5191859,1,
H255,1,
H267,1,
PMC5867656,1,
H89,1,
PMC5538863,1,
PMC5073120,1,
PMC5381598,1,
JCI62874,1,
PMC3533275,1,
PMC1861664,1,
PMC3965668,1,
H999,1,
JIE,1,
S0033,1,
JCI112303,1,
PMC423310,1,
H559,1,
H571,1,
PMC4796602,1,
H742,1,
H751,1,
PMC5407169,1,
H768,1,
H780,1,
PMC4609376,1,
H836,1,
PMC5319826,1,
H190,1,
H198,1,
PMC4967202,1,
PMC4406852,1,
II2,1,
II12,1,
PMC1903674,1,
PMC1493318,1,
PMC4976940,1,
PMC5505656,1,
PMC4329104,1,
H436,1,
H443,1,
PMC5575998,1,
PMC4344937,1,
PMC2893951,1,
PMC5555149,1,
BF01908051,1,
I8,1,
PMC4458138,1,
PMC3845521,1,
PMC4179618,1,
VEGFB,1,
H1163,1,
H1175,1,
H2519,1,
H156,1,
PMC3404701,1,
PMC4764435,1,
PMC4575409,1,
PMC5966769,1,
PMC4967196,1,
H1446,1,
H1458,1,
JCI119452,1,
PMC508109,1,
H269,1,
H280,1,
PMC4329482,1,
JCI65268,1,
PMC3673230,1,
PMC5437868,1,
PMC4798046,1,
H798,1,
PMC3977725,1,
PMC3936356,1,
H235,1,
PMC5867652,1,
H549,1,
H551,1,
H2154,1,
H959,1,
H967,1,
PMC5451580,1,
H1658,1,
H1055,1,
PMC3076085,1,
H278,1,
H284,1,
PMC5867653,1,
H1485,1,
PMC5206340,1,
PMC3840551,1,
PMC4328140,1,
PMC2852892,1,
H371,1,
H383,1,
PMC5005281,1,
H415,1,
H423,1,
PMC5899257,1,
H1697,1,
H1707,1,
PMC3680769,1,
PMC3099478,1,
PMC2908318,1,
PMC4386975,1,
PMC3052273,1,
PMC5466021,1,
81A,1,
PMC4808395,1,
PMC3749929,1,
PMC2766607,1,
H1288,1,
H1384,1,
PMC4332925,1,
PMC4967945,1,
H1953,1,
BF00374659,1,
PMC4721634,1,
H728,1,
PMC5407157,1,
PMC4330083,1,
H1322,1,
H1334,1,
H871,1,
H878,1,
JCI117667,1,
PMC295442,1,
PMC2803111,1,
H236,1,
H2504,1,
H2514,1,
PMC4401313,1,
II264,1,
II271,1,
H1291,1,
H1300,1,
PMC4530076,1,
H1883,1,
H1893,1,
H752,1,
H767,1,
PMC5407168,1,
PMC5624553,1,
PMC4705031,1,
BF00788278,1,
PMC3197402,1,
H692,1,
PMC5175450,1,
H1003,1,
H1014,1,
H1002,1,
H1012,1,
PMC5451584,1,
H1815,1,
H1822,1,
H2066,1,
H732,1,
H739,1,
PMC4865063,1,
PMC3970183,1,
H250,1,
H261,1,
H579,1,
H588,1,
MIP2,1,
PMC3174377,1,
H2321,1,
H2330,1,
PMC3774205,1,
RVS,1,
1RF,1,
HER3,1,
HER4,1,
SLC5A5,1,
SSR,1,
JCI21625,1,
PMC535065,1,
PMC8910482,1,
PMC6780236,1,
PMC4383430,1,
PMC8640143,1,
PMC4231938,1,
PMC8616213,1,
PMC10363143,1,
EP10357,1,
PMC6560822,1,
PMC10256839,1,
PMC3582053,1,
PMC6143049,1,
PMC7830544,1,
PMC7189935,1,
PMC6398720,1,
PMC6313396,1,
PMC9537385,1,
PMC2925515,1,
PMC7364450,1,
PMC10322133,1,
S211972,1,
PMC6750859,1,
PMC4843052,1,
PMC4816040,1,
PMC4519136,1,
PMC2377196,1,
PMC4176453,1,
PMC6335114,1,
PMC3932318,1,
PMC3238796,1,
PMC8691450,1,
SIF,1,Societa Italiana Farmacologia
PMC8144346,1,
PMC5515814,1,
PMC9704677,1,
PMC2846247,1,
PMC2753607,1,
PMC7141161,1,
PMC9112852,1,
PMC5980698,1,
PMC5402260,1,
PMC3800045,1,
PMC5397066,1,
PMC4332884,1,
PMC7665813,1,
PMC6916579,1,
PMC3355889,1,
PMC3253431,1,
PMC3511874,1,
PMC3589481,1,
PMC3577653,1,
PMC4647534,1,
PMC3574198,1,
PMC5704818,1,
PMC2908777,1,
PMC4057085,1,
S450321,1,
PMC10878320,1,
PMC3367891,1,
PMC6976353,1,
PMC2706231,1,
PMC10421865,1,
PMC7995619,1,
PMC3694889,1,
PMC4404750,1,
PMC2841791,1,
PMC4252660,1,
PMC4571799,1,
PMC4823359,1,
PMC3917991,1,
PMC5021649,1,
PMC6220128,1,
PMC10889819,1,
PMC7286536,1,
PMC5396360,1,
PMC2890380,1,
JCI129187,1,
PMC6763230,1,
PMC4880121,1,
R134,1,
PMC4864949,1,
PMC5237166,1,
PMC3518031,1,
PMC5774498,1,
PMC8410075,1,
ACR30,1,
S1043,1,
PMC5720178,1,
PMC5381164,1,
PMC6868165,1,
S93413,1,
PMC5045092,1,
PMC6844052,1,
PMC7387712,1,
PMC7905864,1,
PMC5806627,1,
PMC6325155,1,
PMC3123229,1,
PMC3004429,1,
PMC4856025,1,
PMC4291218,1,
PMC46946,1,
PMC3590362,1,
PMC4706528,1,
PMC4079055,1,
PMC5693744,1,
PMC6879732,1,
PMC3789473,1,
PMC8127040,1,
PMC1727128,1,
PROMID,1,
PMC6215938,1,
CS20110386,1,
PMC3398862,1,
PMC558205,1,
PMC8447515,1,
PMC5638687,1,
PMC4998616,1,
PMC4600691,1,
PMC6121131,1,
PMC6379374,1,
PMC5270304,1,
PMC9029304,1,
PMC6938582,1,
PMC7526568,1,
PMC8566138,1,
PMC3579598,1,
PMC3447078,1,
PMC4548036,1,
PMC3805154,1,
PMC6907191,1,
PMC6829338,1,
PMC6541593,1,
E4119,1,
PMC6448940,1,
PMC9410852,1,
PMC10704339,1,
ORIGINALE,1,fatty acids
PMC5421136,1,
PMC2832019,1,
PMC4662664,1,
R199,1,
PMC11765393,1,
APPL1,1,and leucine zipper containing
SUR1,1,
EIF2B1,1,
LADY,1,called Latent Autoimmune Diabetes in the Young
ALMST1,1,
5A16,1,
RMS,1,Rabson-Mendenhall syndrome
TAIRS,1,type A insulin resistance syndrome
TBIRS,1,type B insulin resistance syndrome
HAIR,1,
GGSK,1,
PP1,1,
0R,1,
MHTT,1,The aggregates of the mutant huntingtin
OGDH,1,and oxoglutarate dehydrogenase
PDK,1,
PMC3083885,1,
PMC10844978,1,
PMC7137637,1,
PMC10076101,1,
S179793,1,
PMC6625604,1,
EIFB1,1,
PMC7100014,1,
PMC7809717,1,
PMC9263087,1,
PMC3798853,1,
PMC8630466,1,
JCEM,1,
PMC10578372,1,
PMC3137007,1,
PMC1761047,1,
TACG,1,
S56612,1,
PMC4516341,1,
PMC3098370,1,
PMC10032446,1,
PMC6651977,1,
PMC9960967,1,
PMC4705145,1,
PMC8949990,1,
PMC10652474,1,
PMC1051091,1,
PMC10321297,1,
PMC6889680,1,
PMC2227919,1,
PMC5411739,1,
PMC8831809,1,
PMC2840859,1,
PMC4303961,1,
PMC1204764,1,
PMC7441661,1,
PMC4457927,1,
PMC5970140,1,
S216791,1,
PMC6817492,1,
PMC6138814,1,
PMC5950018,1,
PMC6647748,1,
PMC6100487,1,
PMC8305176,1,
PMC7904371,1,
PMC5393155,1,
PMC9259665,1,
MR2018,1,
222S,1,
PMC6556155,1,
JCI108460,1,
PMC333149,1,
PMC8232639,1,
PMC4661917,1,
PMC10783645,1,
PMC10197325,1,
E750,1,
E764,1,
PMC7457445,1,
PMC3044594,1,
PMC7011481,1,
PMC4172655,1,
PMC4265876,1,
PMC4020261,1,
PMC6679855,1,
PMC9739879,1,
PMC7218246,1,
S144,1,
PMC1736202,1,
PMC3268228,1,
PMC5710678,1,
PMC6008657,1,
S74042,1,
PMC4360697,1,
PMC3142096,1,
S111298,1,
PMC5047733,1,
PMC4981902,1,
PMC4860540,1,
PMC4956553,1,
PMC3979351,1,
PMC6073093,1,
PMC8157600,1,
S173970,1,
PMC6255119,1,
PMC3362846,1,
PMC2707198,1,
PMC6275025,1,
PMC4499907,1,
PMC3615658,1,
PMC2644648,1,
PMC3823486,1,
PMC3217194,1,
1351000213Y,1,
PMC6837364,1,
PMC2795717,1,
M306268200,1,
PMC365750,1,
PMC4699801,1,
PMC2663562,1,
PMC8192246,1,
RMN,1,
PMC6023993,1,
PMC9875350,1,
JCI79742,1,
PMC4497756,1,
PMC6065301,1,
PMC10058084,1,
PMC3900881,1,
PMC3955123,1,
PMC10969071,1,
PMC4158559,1,
PMC6046299,1,
PMC4848959,1,
PMC10965550,1,
PMC153065,1,
PMC6762523,1,
PMC3263460,1,
PMC4125611,1,
PMC4357132,1,
PMC4199931,1,
PMC3253532,1,
PMC4911223,1,
PMC4145906,1,
PMC2990914,1,
PMC6191063,1,
PMC6673606,1,
PMC8094842,1,
PMC8098321,1,
PMC5575843,1,
PMC10623924,1,
PMC4468292,1,
PMC3849615,1,
PMC10790511,1,
PMC3268846,1,
SCOPA,1,
PMC4180482,1,
PMC6856011,1,
PMC7437092,1,
PMC5736777,1,
PMC7064061,1,
PMC7602272,1,
PMC6981000,1,
PMC10144908,1,
NEDICES,1,
PMC9883517,1,
PMC7440896,1,
PMC3220864,1,
PMC4863785,1,
PMC9543753,1,
PMC11177766,1,
PMC9017318,1,
PMC10060805,1,
PMC3669378,1,
PMC2813509,1,
PMC11050090,1,
PMC6989544,1,
PMC7174302,1,
PMC10473562,1,
PMC3925782,1,
PMC6615698,1,
PMC4893653,1,
PMC3842464,1,
PMC5886237,1,
PMC4513106,1,
C110,1,
PMC3059002,1,
PMC6059687,1,
PMC3019226,1,
PMC4459921,1,
PMC6308185,1,
PMC5718208,1,
PMC4521159,1,
PMC3303591,1,
PMC4211112,1,
PMC2852260,1,
PMC7140619,1,
PMC7458510,1,
PMC7818508,1,
PMC9038780,1,
PMC7142185,1,
PMC7697105,1,
202200286R,1,
PMC12166288,1,
PMC4135313,1,
PMC2343396,1,
PMC4495335,1,
PMC6021018,1,
M805682200,1,
PMC3259879,1,
PMC12295565,1,
PMC8895080,1,
PMC3324936,1,
PMC10816052,1,
PMC10913216,1,
PMC4391714,1,
PMC5710535,1,
PMC6060268,1,
BF01851645,1,
PMC5676851,1,
PMC5757653,1,
JCI45691,1,
PMC3026743,1,
PMC4840472,1,
PMC2613540,1,
PMC5585017,1,
PMC4975611,1,
PMC4506907,1,
AMORIS,1,
PMC4536144,1,
JE20140176,1,
PMC4444499,1,
PMC4810157,1,
S37505,1,
PMC4334292,1,
PMC3722346,1,
PMC5117206,1,
693A,1,
PMC3220533,1,
PMC3859834,1,
PJNNS,1,
PMC5476214,1,
PMC9482886,1,
PMC5664297,1,
PMC8829062,1,
PMC7533042,1,
PMC4047877,1,
PMC3003072,1,
PMC4925968,1,
PMC7390234,1,
PMC5478119,1,
PMC3164704,1,
PMC3055461,1,
PMC9454785,1,
N171,1,
82Q,1,
PMC3642978,1,
OHDA,1,
PMC6650543,1,
PMC6725264,1,
PMC7794498,1,
PMC3214882,1,
PMC8609996,1,
PMC7958144,1,
PMC6812410,1,
PMC4826792,1,
PMC6813233,1,
PMC5947670,1,
PMC6616622,1,
PMC4878312,1,
PMC9812780,1,
SOD1G93A,1,
43Q331K,1,
PMC8382676,1,
PMC12316839,1,
LIX,1,
LIMK,1,
TSP2,1,
IST,1,
FNIII,1,The alternatively spliced fibronectin type III
PFKB3,1,
ZAS,1,significantly induce the adhesion of yeast activation serum
IFNIC,1,interferon-inducible cell
TANK,1,
MYDGF,1,and myeloid-derived growth factor
NK2,1,
SCN5,1,
KCNJ4,1,
MYH,1,
GJA5,1,
KCNA5,1,
CACNA1G,1,
GPR35,1,
CD49,1,
NOD2,1,
TIMP4,1,
AC6,1,
NCT02603224,1,clinical trial
CD144,1,
PDTC,1,
VASH1,1,
NRLP3,1,
BMMSC,1,
IRX4,1,iroquois homeobox protein
ADMSC,1,
FINCELL,1,
WJMSC,1,
CCTRN,1,initiated by the Cardiovascular Cell Therapy Research Network
TOB,1,and the anti-proliferative protein transducer of Erk-binding protein
MSCINJ,1,combination with autologous bone marrow mesenchymal stem cells
YYN,1,
C5310,1,
CHJB,1,
PMC3709074,1,
JCI1260910,1,
JCI12609,1,
PMC199582,1,
PMC2783369,1,
LKL,1,
ZJC,1,
BF0019843510,1,
BF00198435,1,
E02,1,
A10,1,
JCI9965910,1,
PMC8717947,1,
PMH,1,
PMC10685714,1,
JCI6242310,1,
PMC25850,1,
JCI11562610,1,
PMC3892665,1,
PMC5497648,1,
PMC5418234,1,
PMC11055637,1,
PMC7199445,1,
PMC2747661,1,
PMC4840925,1,
8B10,1,
JYK,1,
STF,1,
PMC6529130,1,
PMC7333205,1,
PMC4436513,1,
PMC6151206,1,
PMC5785927,1,
PMC6589209,1,
PMC4436515,1,
PMC7028160,1,
PMC4684183,1,
PMC6109555,1,
PMC4859354,1,
