fetched_at_utc,pmcid,version,pmid,title,license_code,is_manuscript,is_openaccess,journal,local_dir,objects
2026-09-09T10:59:43Z,PMC4616451,1,26287420,Adiponectin as a Protective Factor Against the Progression Toward Type 2 Diabetes Mellitus in Postmenopausal Women,CC BY-ND,False,True,Medicine (Baltimore). 2015 Aug 21;94(33):e1347. doi: 10.1097/MD.0000000000001347,D:\medical_rag\data\pmc_oa\PMC4616451.1,"txt(28197B,md5=ok);json(1144B)"
2026-09-09T10:59:48Z,PMC5708951,1,29381952,Association between the number of natural teeth and diabetic retinopathy among type 2 diabetes mellitus: The Korea national health and nutrition examination survey,CC BY-ND,False,True,Medicine (Baltimore). 2017 Nov 27;96(47):e8694. doi: 10.1097/MD.0000000000008694,D:\medical_rag\data\pmc_oa\PMC5708951.1,"txt(31212B,md5=ok);json(1295B)"
2026-09-09T10:59:55Z,PMC8688977,1,33225841,Chronic limb threatening ischemia and diabetes mellitus: the severity of tibial atherosclerosis and outcome after infrapopliteal revascularization,CC BY,False,True,Scand J Surg. 2020 Nov 23;110(4):472–82. doi: 10.1177/1457496920968679,D:\medical_rag\data\pmc_oa\PMC8688977.1,"txt(51213B,md5=ok);json(2123B)"
2026-09-09T10:59:58Z,PMC5944517,1,29702999,Immunological markers as predictors of developing steroid-induced diabetes mellitus in pemphigus vulgaris patients: An observational study,CC BY-ND,False,True,Medicine (Baltimore). 2018 Apr 27;97(17):e0463. doi: 10.1097/MD.0000000000010463,D:\medical_rag\data\pmc_oa\PMC5944517.1,"txt(21078B,md5=ok);json(1168B)"
2026-09-09T11:03:51Z,PMC4085089,1,25009679,Gestational diabetes and risk of cardiovascular disease: a scoping review,CC BY-SA,False,True,Open Med. 2014 Jan 7;8(1):e1–9.,D:\medical_rag\data\pmc_oa\PMC4085089.1,"txt(40656B,md5=ok);json(827B)"
2026-09-09T11:03:55Z,PMC13532949,1,42535304,Unveiling the role of the venous system in arterial hypertension: A computational study,CC BY,False,True,J Physiol. 2026 Jul 31;604(17):7145–60. doi: 10.1113/JP289895,D:\medical_rag\data\pmc_oa\PMC13532949.1,"txt(61478B,md5=ok);json(1711B)"
2026-09-09T11:03:59Z,PMC3296233,1,22518290,From Brain to Behavior: Hypertension's Modulation of Cognition and Affect,CC BY,False,True,Int J Hypertens. 2012 Feb 19;2012:701385. doi: 10.1155/2012/701385,D:\medical_rag\data\pmc_oa\PMC3296233.1,"txt(70964B,md5=ok);json(875B)"
2026-09-09T11:04:02Z,PMC12726608,1,,Hypertension's underestimated role in dementia,CC BY,False,True,Alzheimers Dement. 2025 Dec 23;21(Suppl 6):e105645. doi: 10.1002/alz70860_105645,D:\medical_rag\data\pmc_oa\PMC12726608.1,"txt(3086B,md5=ok);json(870B)"
2026-09-09T11:04:05Z,PMC8668094,1,34898616,Prevalence and predictive risk factors of hypertension in patients hospitalized in Kamenge Military hospital and Kamenge University teaching hospital in 2019: A fixed effect modelling study in Burundi,CC BY,False,True,PLoS One. 2021 Dec 13;16(12):e0260225. doi: 10.1371/journal.pone.0260225,D:\medical_rag\data\pmc_oa\PMC8668094.1,"txt(82999B,md5=ok);json(1926B)"
2026-09-09T11:04:09Z,PMC8467937,1,34572600,Common Metabolites in Two Different Hypertensive Mouse Models: A Serum and Urine Metabolome Study,CC BY,False,True,Biomolecules. 2021 Sep 21;11(9):1387. doi: 10.3390/biom11091387,D:\medical_rag\data\pmc_oa\PMC8467937.1,"txt(42284B,md5=ok);json(1344B)"
2026-09-09T11:04:13Z,PMC6079422,1,30116733,The Impact of Type 2 Diabetes Mellitus on Long-Term Prognosis in Patients of Different Ages with Myocardial Infarction,CC BY,False,True,J Diabetes Res. 2018 Jul 10;2018:1780683. doi: 10.1155/2018/1780683,D:\medical_rag\data\pmc_oa\PMC6079422.1,"txt(28650B,md5=ok);json(1128B)"
2026-09-09T11:04:17Z,PMC7954292,1,33711079,Troponin elevation pattern and subsequent cardiac and non-cardiac outcomes: Implementing the Fourth Universal Definition of Myocardial Infarction and high-sensitivity troponin at a population level,CC BY,False,True,PLoS One. 2021 Mar 12;16(3):e0248289. doi: 10.1371/journal.pone.0248289,D:\medical_rag\data\pmc_oa\PMC7954292.1,"txt(94185B,md5=ok);json(2230B)"
2026-09-09T11:04:21Z,PMC12820609,1,40832756,Collagen XV preserves heart function and protects from pathological remodelling after myocardial infarction,CC BY,False,True,FEBS J. 2025 Aug 20;293(2):418–42. doi: 10.1111/febs.70212,D:\medical_rag\data\pmc_oa\PMC12820609.1,"txt(93244B,md5=ok);json(2030B)"
2026-09-09T11:04:24Z,PMC3747268,1,23977143,"Myocardial Salvage is Reduced in Primary PCI-Treated STEMI Patients with Microvascular Obstruction, Demonstrated by Early and Late CMR",CC BY,False,True,PLoS One. 2013 Aug 19;8(8):e71780. doi: 10.1371/journal.pone.0071780,D:\medical_rag\data\pmc_oa\PMC3747268.1,"txt(33381B,md5=ok);json(1349B)"
2026-09-09T11:04:27Z,PMC9805431,1,36587037,Cardiac magnetic resonance feature tracking global and segmental strain in acute and chronic ST-elevation myocardial infarction,CC BY,False,True,Sci Rep. 2022 Dec 31;12:22644. doi: 10.1038/s41598-022-26968-4,D:\medical_rag\data\pmc_oa\PMC9805431.1,"txt(46074B,md5=ok);json(1159B)"
2026-09-09T11:04:32Z,PMC6392978,1,28885365,Therapeutic efficacy of neuromuscular electrical stimulation and electromyographic biofeedback on Alzheimer's disease patients with dysphagia,CC BY-ND,False,True,Medicine (Baltimore). 2017 Sep 8;96(36):e8008. doi: 10.1097/MD.0000000000008008,D:\medical_rag\data\pmc_oa\PMC6392978.1,"txt(24276B,md5=ok);json(1374B)"
2026-09-09T11:04:35Z,PMC4603066,1,25929937,An Increased Risk of Reversible Dementia May Occur After Zolpidem Derivative Use in the Elderly Population: A Population-Based Case-Control Study,CC BY-ND,False,True,Medicine (Baltimore). 2015 May 1;94(17):e809. doi: 10.1097/MD.0000000000000809,D:\medical_rag\data\pmc_oa\PMC4603066.1,"txt(36075B,md5=ok);json(1271B)"
2026-09-09T11:04:39Z,PMC3779177,1,24073268,Joint Modeling of Transitional Patterns of Alzheimer's Disease,CC0,False,True,PLoS One. 2013 Sep 20;8(9):e75487. doi: 10.1371/journal.pone.0075487,D:\medical_rag\data\pmc_oa\PMC3779177.1,"txt(55704B,md5=ok);json(51876B)"
2026-09-09T11:04:42Z,PMC4055488,1,24922517,Gene-Wide Analysis Detects Two New Susceptibility Genes for Alzheimer's Disease,CC0,False,True,PLoS One. 2014 Jun 12;9(6):e94661. doi: 10.1371/journal.pone.0094661,D:\medical_rag\data\pmc_oa\PMC4055488.1,"txt(83559B,md5=ok);json(3422B)"
2026-09-09T11:04:46Z,PMC5728822,1,29310421,Assessment of change in glucose metabolism in white matter of amyloid-positive patients with Alzheimer disease using F-18 FDG PET,CC BY-ND,False,True,Medicine (Baltimore). 2017 Dec 1;96(48):e9042. doi: 10.1097/MD.0000000000009042,D:\medical_rag\data\pmc_oa\PMC5728822.1,"txt(31691B,md5=ok);json(1566B)"
2026-09-09T11:04:50Z,PMC5999712,1,21496432,Survival after Radiofrequency Ablation for 100 Cases of Lung Neoplasms,CC BY,False,True,Zhongguo Fei Ai Za Zhi. 2011 Apr 20;14(4):335–9. [Article in Chinese] doi: 10.3779/j.issn.1009-3419.2011.04.06,D:\medical_rag\data\pmc_oa\PMC5999712.1,"txt(23670B,md5=ok);json(932B)"
2026-09-09T11:04:53Z,PMC5999662,1,21426671,Stereotactic Body Radiaton Therapy for 15 Patients with Small Lung Neoplasms,CC BY,False,True,Zhongguo Fei Ai Za Zhi. 2011 Mar 20;14(3):266–70. [Article in Chinese] doi: 10.3779/j.issn.1009-3419.2011.03.12,D:\medical_rag\data\pmc_oa\PMC5999662.1,"txt(21002B,md5=ok);json(814B)"
2026-09-09T11:04:57Z,PMC6000495,1,21081050,Clinical Application and Advances in Radiofrequency Ablation of Lung Neoplasms,CC BY,False,True,Zhongguo Fei Ai Za Zhi. 2010 Nov 20;13(11):1064–9. [Article in Chinese] doi: 10.3779/j.issn.1009-3419.2010.11.13,D:\medical_rag\data\pmc_oa\PMC6000495.1,"txt(32443B,md5=ok);json(817B)"
2026-09-09T11:05:00Z,PMC9954858,1,36832135,Machine Learning System for Lung Neoplasms Distinguished Based on Scleral Data,CC BY,False,True,Diagnostics (Basel). 2023 Feb 9;13(4):648. doi: 10.3390/diagnostics13040648,D:\medical_rag\data\pmc_oa\PMC9954858.1,"txt(40218B,md5=ok);json(1230B)"
2026-09-09T11:05:03Z,PMC5342499,1,27602958,Epigenome-wide association study of smoking and DNA methylation in non-small cell lung neoplasms,CC BY,False,True,Oncotarget. 2016 Sep 2;7(43):69579–91. doi: 10.18632/oncotarget.11831,D:\medical_rag\data\pmc_oa\PMC5342499.1,"txt(51235B,md5=ok);json(1565B)"
2026-09-09T11:05:09Z,PMC12244252,1,40641714,"Effect of Magnesium Supplements on Improving Glucose Control, Blood Pressure and Lipid Profile in Patients With Type 2 Diabetes Mellitus: A systematic review and meta-analysis",CC BY-ND,False,True,Sultan Qaboos Univ Med J. 2025 May 16;25(1):382–94. doi: 10.18295/2075-0528.2848,D:\medical_rag\data\pmc_oa\PMC12244252.1,"txt(54094B,md5=ok);json(1243B)"
2026-09-09T11:05:12Z,PMC8904105,1,35299814,Expression Levels and Genetic Polymorphism of Scavenger Receptor Class B Type 1 as a Biomarker of Type 2 Diabetes Mellitus,CC BY-ND,False,True,Sultan Qaboos Univ Med J. 2022 Feb 28;22(1):117–22. doi: 10.18295/squmj.4.2021.042,D:\medical_rag\data\pmc_oa\PMC8904105.1,"txt(26492B,md5=ok);json(951B)"
2026-09-09T11:05:15Z,PMC11368228,1,39079149,Diabetes mellitus in patients with heart failure and effect modification of risk factors for short-term mortality: An observational study from the Registro Colombiano de Falla Cardíaca (RECOLFACA),CC BY,False,True,Biomedica. 2024 May 31;44(Suppl 1):182–97. doi: 10.7705/biomedica.6951,D:\medical_rag\data\pmc_oa\PMC11368228.1,"txt(57857B,md5=ok);json(1138B)"
2026-09-09T11:05:19Z,PMC10259789,1,37307256,Self-management of type 2 diabetes mellitus in pregnancy and breastfeeding experiences among women in Thailand: Study protocol,CC0,False,True,PLoS One. 2023 Jun 12;18(6):e0286646. doi: 10.1371/journal.pone.0286646,D:\medical_rag\data\pmc_oa\PMC10259789.1,"txt(71424B,md5=ok);json(1870B)"
2026-09-09T11:05:22Z,PMC11575783,1,39561140,Genomic variants associated with type 2 diabetes mellitus among Filipinos,CC BY,False,True,PLoS One. 2024 Nov 19;19(11):e0312291. doi: 10.1371/journal.pone.0312291,D:\medical_rag\data\pmc_oa\PMC11575783.1,"txt(59771B,md5=ok);json(1919B)"
2026-09-15T08:10:35Z,PMC6287897,1,29950404,Incidence of Hospitalization for Heart Failure and Case-Fatality Among 3.25 Million People With and Without Diabetes Mellitus,CC BY,False,True,Circulation. 2018 Dec 10;138(24):2774–86. doi: 10.1161/CIRCULATIONAHA.118.034986,D:\medical_rag\data\pmc_oa\PMC6287897.1,txt(54621B);json(1864B)
2026-09-15T08:10:35Z,PMC6594608,1,31242249,Oral extracellular vesicles in early pregnancy can identify patients at risk of developing gestational diabetes mellitus,CC0,False,True,PLoS One. 2019 Jun 26;14(6):e0218616. doi: 10.1371/journal.pone.0218616,D:\medical_rag\data\pmc_oa\PMC6594608.1,txt(44350B);json(1336B)
2026-09-15T08:10:35Z,PMC12017104,1,40303241,"Incidence Trends of Type 2 Diabetes Mellitus, Medication-Induced Diabetes, and Monogenic Diabetes in Canadian Children, Then (2006–2008) and Now (2017–2019)",CC BY,False,True,Pediatr Diabetes. 2023 Nov 14;2023:5511049. doi: 10.1155/2023/5511049,D:\medical_rag\data\pmc_oa\PMC12017104.1,txt(53310B);json(966B)
2026-09-15T08:10:35Z,PMC5079314,1,27759630,Risk of hospitalization for hypoglycemia among older Korean people with diabetes mellitus: Interactions between treatment modalities and comorbidities,CC BY-ND,False,True,Medicine (Baltimore). 2016 Oct 21;95(42):e5016. doi: 10.1097/MD.0000000000005016,D:\medical_rag\data\pmc_oa\PMC5079314.1,txt(39674B);json(1690B)
2026-09-15T08:10:38Z,PMC7436637,1,32874422,Imminent risk of COVID-19 in diabetes mellitus and undiagnosed diabetes mellitus patients,CC BY,False,True,Pan Afr Med J. 2020 Jul 6;36:158. doi: 10.11604/pamj.2020.36.158.24011,D:\medical_rag\data\pmc_oa\PMC7436637.1,txt(17095B);json(780B)
2026-09-15T08:10:38Z,PMC11460644,1,39383393,Investigation of serum Metrnl levels in pregnant women with gestational diabetes mellitus: a prospective non-interventional cohort study,CC BY,False,True,Rev Assoc Med Bras (1992). 2024 Oct 7;70(10):e20240660. doi: 10.1590/1806-9282.20240660,D:\medical_rag\data\pmc_oa\PMC11460644.1,txt(30008B);json(990B)
2026-09-15T08:10:38Z,PMC5023915,1,27603392,Increased GABA concentrations in type 2 diabetes mellitus are related to lower cognitive functioning,CC BY-ND,False,True,Medicine (Baltimore). 2016 Sep 9;95(36):e4803. doi: 10.1097/MD.0000000000004803,D:\medical_rag\data\pmc_oa\PMC5023915.1,txt(34935B);json(1231B)
2026-09-15T08:10:38Z,PMC4670225,1,26636324,Quality and Cost of Diabetes Mellitus Care in Community Health Centers in the United States,CC0,False,True,PLoS One. 2015 Dec 4;10(12):e0144075. doi: 10.1371/journal.pone.0144075,D:\medical_rag\data\pmc_oa\PMC4670225.1,txt(34374B);json(1105B)
2026-09-15T08:10:41Z,PMC3975839,1,24597539,Acute large-dose exposure to organophosphates in patients with and without diabetes mellitus: analysis of mortality rate and new-onset diabetes mellitus,CC BY,False,True,Environ Health. 2014 Mar 6;13:11. doi: 10.1186/1476-069X-13-11,D:\medical_rag\data\pmc_oa\PMC3975839.1,txt(36229B);json(827B)
2026-09-15T08:10:41Z,PMC8430558,1,34501613,Self-Reported Diabetes Mellitus and Tooth Extraction Due to Periodontal Disease and Dental Caries in the Japanese Population,CC BY,False,True,Int J Environ Res Public Health. 2021 Aug 27;18(17):9024. doi: 10.3390/ijerph18179024,D:\medical_rag\data\pmc_oa\PMC8430558.1,txt(30032B);json(949B)
2026-09-15T08:10:41Z,PMC11594033,1,39595804,"Prevalence and Determinants of Household Self-Reported Diabetes Mellitus in Gauteng, South Africa",CC BY,False,True,Int J Environ Res Public Health. 2024 Nov 20;21(11):1537. doi: 10.3390/ijerph21111537,D:\medical_rag\data\pmc_oa\PMC11594033.1,txt(46362B);json(930B)
2026-09-15T08:10:41Z,PMC12482903,1,40865110,A meta-analysis about the relationship of serum nesfatin-1 levels in patients with type 2 diabetes mellitus,CC BY,False,True,Biomedica. 2025 Aug 11;45(3):436–45. [Article in Spanish] doi: 10.7705/biomedica.7708,D:\medical_rag\data\pmc_oa\PMC12482903.1,txt(33511B);json(1063B)
2026-09-15T08:10:44Z,PMC5207554,1,28033258,"Impact of disease-management programs on metabolic control in patients with type 1 diabetes mellitus: A cohort study in Shantou, China",CC BY-ND,False,True,Medicine (Baltimore). 2016 Dec 30;95(52):e5681. doi: 10.1097/MD.0000000000005681,D:\medical_rag\data\pmc_oa\PMC5207554.1,txt(35791B);json(1368B)
2026-09-15T08:10:44Z,PMC6875401,1,31781641,Diabetes Mellitus among Adult Tuberculosis Patients Attending Tuberculosis Clinics in Eastern Ethiopia,CC BY,False,True,Biomed Res Int. 2019 Nov 6;2019:7640836. doi: 10.1155/2019/7640836,D:\medical_rag\data\pmc_oa\PMC6875401.1,txt(31360B);json(906B)
2026-09-15T08:10:45Z,PMC10768552,1,38188887,Prevalence of gestational diabetes mellitus and associated factors among women receiving antenatal care at a tertiary hospital in South-Western Uganda,CC BY,False,True,Pan Afr Med J. 2023 Oct 4;46:50. doi: 10.11604/pamj.2023.46.50.38355,D:\medical_rag\data\pmc_oa\PMC10768552.1,txt(33545B);json(969B)
2026-09-15T08:10:45Z,PMC7913410,1,33639846,The clinical profiles and outcomes of HIV-negative cryptococcal meningitis patients in type II diabetes mellitus,CC BY,False,True,BMC Infect Dis. 2021 Feb 27;21:224. doi: 10.1186/s12879-021-05867-5,D:\medical_rag\data\pmc_oa\PMC7913410.1,txt(34708B);json(795B)
2026-09-15T08:10:47Z,PMC5571721,1,28816984,"Age threshold for moderate and severe periodontitis among Korean adults without diabetes mellitus, hypertension, metabolic syndrome, and/or obesity",CC BY-ND,False,True,Medicine (Baltimore). 2017 Aug 18;96(33):e7835. doi: 10.1097/MD.0000000000007835,D:\medical_rag\data\pmc_oa\PMC5571721.1,txt(27748B);json(1382B)
2026-09-15T08:10:47Z,PMC13224957,1,42233866,Diabetes mellitus with inadequate blood sugar control increases mortality in Brazilian older adults: evidence from ELSI-Brazil,CC BY,False,True,Cad Saude Publica. 2026 May 29;42:e00163525. [Article in Portuguese] doi: 10.1590/0102-311XPT163525,D:\medical_rag\data\pmc_oa\PMC13224957.1,txt(56780B);json(1099B)
2026-09-15T08:10:48Z,PMC9055740,1,35488240,The incidence of gestational diabetes mellitus among women with polycystic ovary syndrome: a meta-analysis of longitudinal studies,CC BY,False,True,BMC Pregnancy Childbirth. 2022 Apr 29;22:370. doi: 10.1186/s12884-022-04690-3,D:\medical_rag\data\pmc_oa\PMC9055740.1,txt(54544B);json(1284B)
2026-09-15T08:10:48Z,PMC6903756,1,31821362,Omentin-1 in diabetes mellitus: A systematic review and meta-analysis,CC BY,False,True,PLoS One. 2019 Dec 10;14(12):e0226292. doi: 10.1371/journal.pone.0226292,D:\medical_rag\data\pmc_oa\PMC6903756.1,txt(54405B);json(1794B)
2026-09-15T08:10:50Z,PMC3607605,1,23536904,"Increasing Trends of Diabetes Mellitus and Body Weight: A Ten Year Observation at Gondar University Teaching Referral Hospital, Northwest Ethiopia",CC BY,False,True,PLoS One. 2013 Mar 25;8(3):e60081. doi: 10.1371/journal.pone.0060081,D:\medical_rag\data\pmc_oa\PMC3607605.1,txt(19015B);json(1159B)
2026-09-15T08:10:51Z,PMC3599954,1,23497232,Overt diabetes mellitus among newly diagnosed Ugandan tuberculosis patients: a cross sectional study,CC BY,False,True,BMC Infect Dis. 2013 Mar 5;13:122. doi: 10.1186/1471-2334-13-122,D:\medical_rag\data\pmc_oa\PMC3599954.1,txt(32844B);json(778B)
2026-09-15T08:10:51Z,PMC10924502,1,38410015,Diabetes Mellitus among Patients with Acute Ischemic Stroke Admitted to the Department of Medicine in a Tertiary Care Centre,CC BY,False,True,JNMA J Nepal Med Assoc. 2024 Jan 31;62(269):17–20. doi: 10.31729/jnma.8394,D:\medical_rag\data\pmc_oa\PMC10924502.1,txt(14758B);json(815B)
2026-09-15T08:10:51Z,PMC11765393,1,39859258,Associations Between Diabetes Mellitus and Neurodegenerative Diseases,CC BY,False,True,Int J Mol Sci. 2025 Jan 10;26(2):542. doi: 10.3390/ijms26020542,D:\medical_rag\data\pmc_oa\PMC11765393.1,txt(228926B);json(979B)
2026-09-15T08:10:54Z,PMC11112893,1,38778408,A comparison of oral bacteriome isolated from periodontal pockets of participants with or without diabetes mellitus in Uganda: a case control study,CC BY,False,True,BMC Res Notes. 2024 May 22;17:146. doi: 10.1186/s13104-024-06804-w,D:\medical_rag\data\pmc_oa\PMC11112893.1,txt(33891B);json(1190B)
2026-09-15T08:10:56Z,PMC11059984,1,39128051,Resveratrol Has Histone 4 and Beta-Defensin 1-Mediated Favorable Biotherapeutic Effects on Liver and Other Target Organs in Diabetic Rats,CC BY,False,True,Turk J Gastroenterol. 2024 Mar 1;35(3):223–31. doi: 10.5152/tjg.2024.23068,D:\medical_rag\data\pmc_oa\PMC11059984.1,txt(39978B);json(1558B)
2026-09-15T08:10:56Z,PMC13481201,1,42614200,Chronic obstructive pulmonary disease and diabetes mellitus: a bidirectional meta-analysis of risk and comorbidity burden,CC BY,False,True,Front Endocrinol (Lausanne). 2026 Aug 4;17:1912659. doi: 10.3389/fendo.2026.1912659,D:\medical_rag\data\pmc_oa\PMC13481201.1,txt(88665B);json(3272B)
2026-09-15T08:10:56Z,PMC7065699,1,32190364,Association between Bioactive Molecules in Breast Milk and Type 1 Diabetes Mellitus,CC BY-ND,False,True,Sultan Qaboos Univ Med J. 2020 Mar 9;20(1):e5–e12. doi: 10.18295/squmj.2020.20.01.002,D:\medical_rag\data\pmc_oa\PMC7065699.1,txt(41392B);json(792B)
2026-09-15T08:10:59Z,PMC5609608,1,28767910,Heart rate variability based on risk stratification for type 2 diabetes mellitus,CC BY,False,True,Einstein (Sao Paulo). 2017 Apr-Jun;15(2):141–7. doi: 10.1590/S1679-45082017AO3888,D:\medical_rag\data\pmc_oa\PMC5609608.1,txt(33662B);json(781B)
2026-09-15T08:10:59Z,PMC7098606,1,32214398,"Knowledge and associated factors towards diabetes mellitus among adult non-diabetic community members of Gondar city, Ethiopia 2019",CC BY,False,True,PLoS One. 2020 Mar 26;15(3):e0230880. doi: 10.1371/journal.pone.0230880,D:\medical_rag\data\pmc_oa\PMC7098606.1,txt(35250B);json(1553B)
2026-09-15T08:10:59Z,PMC9420096,1,35672599,A stronger association of diabetes mellitus with impaired hyperaemia using a novel ECG-gated device compared with peripheral arterial tonometry,CC BY,False,True,Int Ophthalmol. 2022 Jun 7;42(9):2855–69. doi: 10.1007/s10792-022-02276-8,D:\medical_rag\data\pmc_oa\PMC9420096.1,txt(49013B);json(1623B)
2026-09-15T08:11:02Z,PMC4818501,1,27036979,Mitochondrial DNA damage and vascular function in patients with diabetes mellitus and atherosclerotic cardiovascular disease,CC BY,False,True,Cardiovasc Diabetol. 2016 Mar 31;15:53. doi: 10.1186/s12933-016-0372-y,D:\medical_rag\data\pmc_oa\PMC4818501.1,txt(36584B);json(941B)
2026-09-15T08:11:02Z,PMC6998275,1,32013909,Effects of gestational diabetes mellitus on risk of adverse maternal outcomes: a prospective cohort study in Northwest Ethiopia,CC BY,False,True,BMC Pregnancy Childbirth. 2020 Feb 3;20:73. doi: 10.1186/s12884-020-2759-8,D:\medical_rag\data\pmc_oa\PMC6998275.1,txt(64055B);json(1169B)
2026-09-15T08:11:02Z,PMC11908747,1,40105573,Cutaneous manifestations of diabetes mellitus: a narrative review,CC BY,False,True,Einstein (Sao Paulo). 2025 Mar 10;23:eRW1193. doi: 10.31744/einstein_journal/2025RW1193,D:\medical_rag\data\pmc_oa\PMC11908747.1,txt(51876B);json(1269B)
2026-09-15T08:11:03Z,PMC8484170,1,34156521,Ten-year clinical outcomes of polymer-free versus durable polymer new-generation drug-eluting stent in patients with coronary artery disease with and without diabetes mellitus: Results of the Intracor,CC BY,False,True,Clin Res Cardiol. 2021 Jun 22;110(10):1586–98. doi: 10.1007/s00392-021-01854-7,D:\medical_rag\data\pmc_oa\PMC8484170.1,txt(48714B);json(1804B)
2026-09-15T08:11:05Z,PMC3713042,1,23874667,Assessment of the Magnitude of Contextual and Individual Demographic Effects on Diabetes Mellitus and Glucose Intolerance in Rural Southwest China: A Multilevel Analysis,CC BY,False,True,PLoS One. 2013 Jul 16;8(7):e68553. doi: 10.1371/journal.pone.0068553,D:\medical_rag\data\pmc_oa\PMC3713042.1,txt(42420B);json(1283B)
2026-09-15T08:11:05Z,PMC7222568,1,32404127,Impact of type 2 diabetes mellitus on mid-term mortality for hypertrophic cardiomyopathy patients who underwent septal myectomy,CC BY,False,True,Cardiovasc Diabetol. 2020 May 13;19:64. doi: 10.1186/s12933-020-01036-1,D:\medical_rag\data\pmc_oa\PMC7222568.1,txt(39441B);json(1388B)
2026-09-15T08:11:06Z,PMC8375146,1,34407812,Association of sex-specific differences in lipoprotein(a) concentrations with cardiovascular mortality in individuals with type 2 diabetes mellitus,CC BY,False,True,Cardiovasc Diabetol. 2021 Aug 18;20:168. doi: 10.1186/s12933-021-01363-x,D:\medical_rag\data\pmc_oa\PMC8375146.1,txt(58643B);json(1187B)
2026-09-15T08:11:06Z,PMC10542184,1,37790852,U-shaped association between triglyceride and risk of incident diabetes in normoglycemic males with NAFLD: A population-base cohort study,CC BY,False,True,Int J Med Sci. 2023 Sep 4;20(11):1417–24. doi: 10.7150/ijms.83371,D:\medical_rag\data\pmc_oa\PMC10542184.1,txt(44612B);json(944B)
2026-09-15T08:11:08Z,PMC8688487,1,34931004,Undiagnosed diabetes mellitus and associated factors among adults in Ethiopia: a systematic review and meta-analysis,CC BY,False,True,Sci Rep. 2021 Dec 20;11:24231. doi: 10.1038/s41598-021-03669-y,D:\medical_rag\data\pmc_oa\PMC8688487.1,txt(37337B);json(1472B)
2026-09-15T08:11:08Z,PMC11075875,1,38713690,"Prevalence of undiagnosed diabetes mellitus and associated factors among adult residents of Mizan Aman town, Southwest Ethiopia: Community-based cross-sectional study",CC BY,False,True,PLoS One. 2024 May 7;19(5):e0302167. doi: 10.1371/journal.pone.0302167,D:\medical_rag\data\pmc_oa\PMC11075875.1,txt(74927B);json(2012B)
2026-09-15T08:11:08Z,PMC8046536,1,33880369,"Prevalence and Risk Factors of Gestational Diabetes Mellitus among Women Attending Antenatal Care in Hadiya Zone Public Hospitals, Southern Nation Nationality People Region",CC BY,False,True,Biomed Res Int. 2021 Apr 5;2021:5564668. doi: 10.1155/2021/5564668,D:\medical_rag\data\pmc_oa\PMC8046536.1,txt(48426B);json(1080B)
2026-09-15T08:11:09Z,PMC4569584,1,26368020,The Association of Handgrip Strength and Type 2 Diabetes Mellitus in Six Ethnic Groups: An Analysis of the HELIUS Study,CC BY,False,True,PLoS One. 2015 Sep 14;10(9):e0137739. doi: 10.1371/journal.pone.0137739,D:\medical_rag\data\pmc_oa\PMC4569584.1,txt(43271B);json(1237B)
2026-09-15T08:11:11Z,PMC8414895,1,34484113,Estimates of Type 2 Diabetes Mellitus Burden Attributable to Particulate Matter Pollution and Its 30-Year Change Patterns: A Systematic Analysis of Data From the Global Burden of Disease Study 2019,CC BY,False,True,Front Endocrinol (Lausanne). 2021 Aug 13;12:689079. doi: 10.3389/fendo.2021.689079,D:\medical_rag\data\pmc_oa\PMC8414895.1,txt(45887B);json(1990B)
2026-09-15T08:11:11Z,PMC5396487,1,28403339,Effective Universal Coverage of Diabetes Mellitus Type 2 in Chile,CC BY,False,True,Rev Lat Am Enfermagem. 2017 Apr 6;25:e2871. doi: 10.1590/1518-8345.1630.2871,D:\medical_rag\data\pmc_oa\PMC5396487.1,txt(34555B);json(758B)
2026-09-15T08:11:11Z,PMC4736777,1,26881245,"Diabetes Mellitus in Outpatients in Debre Berhan Referral Hospital, Ethiopia",CC BY,False,True,J Diabetes Res. 2016 Jan 6;2016:3571368. doi: 10.1155/2016/3571368,D:\medical_rag\data\pmc_oa\PMC4736777.1,txt(28442B);json(982B)
2026-09-15T08:11:12Z,PMC13316862,1,42384970,Relationship between lower urinary system symptoms and urinary incontinence in women with gestational diabetes,CC BY,False,True,Rev Assoc Med Bras (1992). 2026 Jun 26;72(3):e20251467. doi: 10.1590/1806-9282.20251467,D:\medical_rag\data\pmc_oa\PMC13316862.1,txt(31904B);json(820B)
2026-09-15T08:11:14Z,PMC10725226,1,38289738,Diabetes Mellitus among Patients with Non-alcoholic Fatty Liver Disease Visiting the Outpatient Department of Internal Medicine in a Tertiary Care Centre,CC BY,False,True,JNMA J Nepal Med Assoc. 2023 Nov 30;61(267):871–3. doi: 10.31729/jnma.8324,D:\medical_rag\data\pmc_oa\PMC10725226.1,txt(12527B);json(971B)
2026-09-15T08:11:15Z,PMC11711671,1,39652177,Atopic dermatitis and diabetes mellitus—is there a link?,CC BY,False,True,Dermatologie (Heidelb). 2024 Dec 9;76(1):21–6. [Article in German] doi: 10.1007/s00105-024-05440-6,D:\medical_rag\data\pmc_oa\PMC11711671.1,txt(29076B);json(915B)
2026-09-15T08:11:15Z,PMC6064622,1,30055622,Impact of serum cholesterol esterification rates on the development of diabetes mellitus in a general population,CC BY,False,True,Lipids Health Dis. 2018 Jul 28;17:180. doi: 10.1186/s12944-018-0822-5,D:\medical_rag\data\pmc_oa\PMC6064622.1,txt(39801B);json(928B)
2026-09-15T08:11:15Z,PMC10308690,1,37386421,Number of recurrences is significantly associated with the post-acute pancreatitis diabetes mellitus in a population with hypertriglyceridemic acute pancreatitis,CC BY,False,True,Lipids Health Dis. 2023 Jun 29;22:82. doi: 10.1186/s12944-023-01840-0,D:\medical_rag\data\pmc_oa\PMC10308690.1,txt(44548B);json(1651B)
2026-09-15T08:11:17Z,PMC6054391,1,30028879,Body mass index ≥23 is a risk factor for insulin resistance and diabetes in Japanese people: A brief report,CC BY,False,True,PLoS One. 2018 Jul 20;13(7):e0201052. doi: 10.1371/journal.pone.0201052,D:\medical_rag\data\pmc_oa\PMC6054391.1,txt(30464B);json(1529B)
2026-09-15T08:11:18Z,PMC8111520,1,33929913,"Diagnosis of gestational diabetes in Uganda: The reactions of women, family members and health workers",CC BY,False,True,Womens Health (Lond). 2021 Apr 30;17:17455065211013769. doi: 10.1177/17455065211013769,D:\medical_rag\data\pmc_oa\PMC8111520.1,txt(32699B);json(1179B)
2026-09-15T08:11:18Z,PMC12133462,1,40469436,Gut-associated metabolites and diabetes pathology: a systematic review,CC BY,False,True,Front Endocrinol (Lausanne). 2025 May 21;16:1559638. doi: 10.3389/fendo.2025.1559638,D:\medical_rag\data\pmc_oa\PMC12133462.1,txt(93378B);json(1423B)
2026-09-15T08:11:18Z,PMC5304385,1,28273235,Comparisons of serum miRNA expression profiles in patients with diabetic retinopathy and type 2 diabetes mellitus,CC BY,False,True,Clinics (Sao Paulo). 2017 Feb;72(2):111–5. doi: 10.6061/clinics/2017(02)08,D:\medical_rag\data\pmc_oa\PMC5304385.1,txt(23758B);json(1033B)
2026-09-15T08:11:20Z,PMC4183025,1,25119762,Heart rate variability in children with type 1 diabetes mellitus,CC BY,False,True,Rev Paul Pediatr. 2014 Jun;32(2):279–85. doi: 10.1590/0103-0582201432215513,D:\medical_rag\data\pmc_oa\PMC4183025.1,txt(49458B);json(1246B)
2026-09-15T08:11:21Z,PMC11134622,1,38807050,Current status of electronic health literacy among pregnant women with gestational diabetes mellitus and their perceptions of online health information: a mixed-methods study,CC BY,False,True,BMC Pregnancy Childbirth. 2024 May 28;24:392. doi: 10.1186/s12884-024-06594-w,D:\medical_rag\data\pmc_oa\PMC11134622.1,txt(58684B);json(1010B)
2026-09-15T08:11:21Z,PMC2632987,1,19159455,Inter-practice variation in diagnosing hypertension and diabetes mellitus: a cross-sectional study in general practice,CC BY,False,True,BMC Fam Pract. 2009 Jan 21;10:6. doi: 10.1186/1471-2296-10-6,D:\medical_rag\data\pmc_oa\PMC2632987.1,txt(26144B);json(915B)
2026-09-15T08:11:21Z,PMC3241693,1,22194960,Immunoglobulin E and Mast Cell Proteases Are Potential Risk Factors of Human Pre-Diabetes and Diabetes Mellitus,CC BY,False,True,PLoS One. 2011 Dec 16;6(12):e28962. doi: 10.1371/journal.pone.0028962,D:\medical_rag\data\pmc_oa\PMC3241693.1,txt(49469B);json(1933B)
2026-09-15T08:11:23Z,PMC7772165,1,33258048,Media coverage of prevention and treatment options using the examples of diabetes mellitus and depression,CC BY,False,True,Bundesgesundheitsblatt Gesundheitsforschung Gesundheitsschutz. 2020 Nov 30;64(1):28–36. [Article in German] doi: 10.1007/s00103-020-03250-4,D:\medical_rag\data\pmc_oa\PMC7772165.1,txt(44687B);json(993B)
2026-09-15T08:11:24Z,PMC9761000,1,35729043,The effect of increase in blood glucose level on hearing loss,CC BY,False,True,Braz J Otorhinolaryngol. 2022 Jun 15;88(Suppl 3):S95–S102. doi: 10.1016/j.bjorl.2022.06.003,D:\medical_rag\data\pmc_oa\PMC9761000.1,txt(32386B);json(1404B)
2026-09-15T08:11:24Z,PMC5302066,1,26850990,"The impact of gender, level of amputation and diabetes on prosthetic fit rates following major lower extremity amputation",CC BY,False,True,Prosthet Orthot Int. 2016 Feb 5;41(1):19–25. doi: 10.1177/0309364616628341,D:\medical_rag\data\pmc_oa\PMC5302066.1,txt(34641B);json(1410B)
2026-09-15T08:11:24Z,PMC10542192,1,37790847,Human umbilical cord mesenchymal stem cells in diabetes mellitus and its complications: applications and research advances,CC BY,False,True,Int J Med Sci. 2023 Sep 11;20(11):1492–507. doi: 10.7150/ijms.87472,D:\medical_rag\data\pmc_oa\PMC10542192.1,txt(98047B);json(1032B)
2026-09-15T08:11:26Z,PMC13143615,1,42100206,"Prognostic nutritional index, Naples prognostic score and Osaka prognostic score as predictors of acute respiratory distress syndrome in non-diabetes mellitus patients with sepsis: a loss of predictiv",CC BY,False,True,Front Endocrinol (Lausanne). 2026 Apr 22;17:1760773. doi: 10.3389/fendo.2026.1760773,D:\medical_rag\data\pmc_oa\PMC13143615.1,txt(56261B);json(1091B)
2026-09-15T08:11:27Z,PMC7700208,1,33233346,The Causes of Insulin Resistance in Type 1 Diabetes Mellitus: Is There a Place for Quaternary Prevention?,CC BY,False,True,Int J Environ Res Public Health. 2020 Nov 21;17(22):8651. doi: 10.3390/ijerph17228651,D:\medical_rag\data\pmc_oa\PMC7700208.1,txt(57136B);json(930B)
2026-09-15T08:11:27Z,PMC6863566,1,31743349,Factors associated with medication adherence among people with diabetes mellitus in poor urban areas of Cambodia: A cross-sectional study,CC BY,False,True,PLoS One. 2019 Nov 19;14(11):e0225000. doi: 10.1371/journal.pone.0225000,D:\medical_rag\data\pmc_oa\PMC6863566.1,txt(58875B);json(1662B)
2026-09-15T08:11:27Z,PMC4602448,1,25101985,High Body Mass Index Reduces Glomerular Filtration Rate Decline in Type II Diabetes Mellitus Patients With Stage 3 or 4 Chronic Kidney Disease,CC BY-SA,False,True,Medicine (Baltimore). 2014 Jul 25;93(7):e41. doi: 10.1097/MD.0000000000000041,D:\medical_rag\data\pmc_oa\PMC4602448.1,txt(35269B);json(1263B)
2026-09-15T08:11:29Z,PMC10782608,1,38212858,Family planning behaviours among women with diabetes mellitus: a scoping review,CC BY,False,True,Eur J Med Res. 2024 Jan 11;29:41. doi: 10.1186/s40001-023-01626-1,D:\medical_rag\data\pmc_oa\PMC10782608.1,txt(78269B);json(1013B)
2026-09-15T08:11:30Z,PMC4022589,1,24830459,Diabetes Mellitus and Poorer Prognosis in Hepatocellular Carcinoma: A Systematic Review and Meta-Analysis,CC BY,False,True,PLoS One. 2014 May 15;9(5):e95485. doi: 10.1371/journal.pone.0095485,D:\medical_rag\data\pmc_oa\PMC4022589.1,txt(41241B);json(1421B)
2026-09-15T08:11:30Z,PMC6299491,1,30563474,Perceived family support among older persons in diabetes mellitus self-management,CC BY,False,True,BMC Geriatr. 2018 Dec 19;18(Suppl 1):304. doi: 10.1186/s12877-018-0981-2,D:\medical_rag\data\pmc_oa\PMC6299491.1,txt(24342B);json(900B)
2026-09-15T08:11:30Z,PMC13313068,1,42385047,Decoding inflammation: first-trimester biomarkers as predictive tools for gestational diabetes,CC BY,False,True,Rev Assoc Med Bras (1992). 2026 Jun 29;72(4):e20251962. doi: 10.1590/1806-9282.20251962,D:\medical_rag\data\pmc_oa\PMC13313068.1,txt(29906B);json(947B)
2026-09-15T08:11:32Z,PMC10791831,1,38234430,Recent progress in metabolic reprogramming in gestational diabetes mellitus: a review,CC BY,False,True,Front Endocrinol (Lausanne). 2024 Jan 3;14:1284160. doi: 10.3389/fendo.2023.1284160,D:\medical_rag\data\pmc_oa\PMC10791831.1,txt(73646B);json(1133B)
2026-09-15T08:11:33Z,PMC9339419,1,35919809,Empagliflozin in the treatment of heart failure and type 2 diabetes mellitus: Evidence from several large clinical trials,CC BY,False,True,Int J Med Sci. 2022 Jun 21;19(7):1118–21. doi: 10.7150/ijms.72772,D:\medical_rag\data\pmc_oa\PMC9339419.1,txt(25712B);json(796B)
2026-09-15T08:11:33Z,PMC5530523,1,28747218,"Risk factors for type 2 diabetes mellitus among out-patients in Ho, the Volta regional capital of Ghana: a case–control study",CC BY,False,True,BMC Res Notes. 2017 Jul 26;10:324. doi: 10.1186/s13104-017-2648-z,D:\medical_rag\data\pmc_oa\PMC5530523.1,txt(46153B);json(807B)
2026-09-15T08:11:33Z,PMC6907272,1,31829160,"No increased risk of glucose metabolism disorders in adults with growth hormone deficiency undergoing long-term treatment with biosimilar somatropin (Omnitrope®): data from an observational, longitudi",CC BY,False,True,BMC Endocr Disord. 2019 Dec 11;19:138. doi: 10.1186/s12902-019-0464-2,D:\medical_rag\data\pmc_oa\PMC6907272.1,txt(43118B);json(1026B)
2026-09-15T08:11:35Z,PMC5266063,1,27930591,Weight loss before a diagnosis of type 2 diabetes mellitus is a risk factor for diabetes complications,CC BY-ND,False,True,Medicine (Baltimore). 2016 Dec 9;95(49):e5618. doi: 10.1097/MD.0000000000005618,D:\medical_rag\data\pmc_oa\PMC5266063.1,txt(22185B);json(1336B)
2026-09-15T08:11:35Z,PMC9678479,1,36420090,"New Onset of Diabetes Mellitus and Associated Factors among COVID-19 Patients in COVID-19 Care Centers, Addis Ababa, Ethiopia 2022",CC BY,False,True,J Diabetes Res. 2022 Nov 12;2022:9652940. doi: 10.1155/2022/9652940,D:\medical_rag\data\pmc_oa\PMC9678479.1,txt(42220B);json(807B)
2026-09-15T08:11:36Z,PMC8873103,1,35222270,The Relationship Between Diabetes Mellitus and Cancers and Its Underlying Mechanisms,CC BY,False,True,Front Endocrinol (Lausanne). 2022 Feb 11;13:800995. doi: 10.3389/fendo.2022.800995,D:\medical_rag\data\pmc_oa\PMC8873103.1,txt(70136B);json(909B)
2026-09-15T08:11:37Z,PMC11017426,1,37927197,Neurological and metabolic related pathophysiologies and treatment of comorbid diabetes with depression,CC BY,False,True,CNS Neurosci Ther. 2023 Nov 6;30(4):e14497. doi: 10.1111/cns.14497,D:\medical_rag\data\pmc_oa\PMC11017426.1,txt(119447B);json(1219B)
2026-09-15T08:11:38Z,PMC6417234,1,30866836,Prevalence of diabetes mellitus among tuberculosis patients in Sub-Saharan Africa: a systematic review and meta-analysis of observational studies,CC BY,False,True,BMC Infect Dis. 2019 Mar 13;19:254. doi: 10.1186/s12879-019-3892-8,D:\medical_rag\data\pmc_oa\PMC6417234.1,txt(49845B);json(1179B)
2026-09-15T08:11:39Z,PMC9446016,1,19784428,Hearing Loss in Patients with Diabetes Mellitus,CC BY,False,True,Braz J Otorhinolaryngol. 2015 Oct 19;75(4):573–8. doi: 10.1016/S1808-8694(15)30498-5,D:\medical_rag\data\pmc_oa\PMC9446016.1,txt(24710B);json(752B)
2026-09-15T08:11:39Z,PMC10339634,1,37443131,Bibliometric and visual analysis of diabetes mellitus and pyroptosis from 2011 to 2022,CC BY,False,True,Eur J Med Res. 2023 Jul 13;28:235. doi: 10.1186/s40001-023-01175-7,D:\medical_rag\data\pmc_oa\PMC10339634.1,txt(71321B);json(2122B)
2026-09-15T08:11:40Z,PMC11349176,1,39190716,"Perception and coping mechanisms of patients with diabetes mellitus during the COVID-19 pandemic in Ibadan, Nigeria",CC BY,False,True,PLoS One. 2024 Aug 27;19(8):e0309451. doi: 10.1371/journal.pone.0309451,D:\medical_rag\data\pmc_oa\PMC11349176.1,txt(101987B);json(1450B)
2026-09-15T08:11:41Z,PMC6944834,1,31172682,"Trends in the prevalence, awareness, treatment and control of diabetes in rural areas of northern China from 1992 to 2011",CC BY,False,True,J Diabetes Investig. 2019 Jun 27;11(1):241–9. doi: 10.1111/jdi.13095,D:\medical_rag\data\pmc_oa\PMC6944834.1,txt(45947B);json(798B)
2026-09-15T08:11:41Z,PMC12197912,1,40575262,Identification of stable reference genes and differential miRNA expression in Sri Lankan type 2 diabetes mellitus patients: a cross-sectional study,CC BY,False,True,Front Endocrinol (Lausanne). 2025 Jun 12;16:1554827. doi: 10.3389/fendo.2025.1554827,D:\medical_rag\data\pmc_oa\PMC12197912.1,txt(57639B);json(1588B)
2026-09-15T08:11:42Z,PMC11925477,1,39949251,Association between pre-existing cardiovascular risk factors and post-acute sequelae of COVID-19 in older adults,CC BY-SA,False,True,An Sist Sanit Navar. 2025 Feb 14;48(1):e1103. doi: 10.23938/ASSN.1103,D:\medical_rag\data\pmc_oa\PMC11925477.1,txt(42557B);json(799B)
2026-09-15T08:11:43Z,PMC5478118,1,28632742,The association between serum uric acid and the incidence of prediabetes and type 2 diabetes mellitus: The Rotterdam Study,CC BY,False,True,PLoS One. 2017 Jun 20;12(6):e0179482. doi: 10.1371/journal.pone.0179482,D:\medical_rag\data\pmc_oa\PMC5478118.1,txt(40221B);json(1441B)
2026-09-15T08:11:44Z,PMC11801616,1,39913415,Impact of type 2 diabetes mellitus on results in the animal naming test in patients with and without liver cirrhosis,CC BY,False,True,PLoS One. 2025 Feb 6;20(2):e0316490. doi: 10.1371/journal.pone.0316490,D:\medical_rag\data\pmc_oa\PMC11801616.1,txt(37202B);json(1651B)
2026-09-15T08:11:44Z,PMC11213983,1,38760264,The effect of diabetes mellitus on perioperative outcomes after colorectal resection: a national cohort study,CC BY,False,True,Br J Anaesth. 2024 May 16;133(1):67–76. doi: 10.1016/j.bja.2024.04.010,D:\medical_rag\data\pmc_oa\PMC11213983.1,txt(46822B);json(1093B)
2026-09-15T08:11:45Z,PMC10266637,1,37315092,PTPN22 intron polymorphism rs1310182 (c.2054-852T>C) is associated with type 1 diabetes mellitus in patients of Armenian descent,CC BY,False,True,PLoS One. 2023 Jun 14;18(6):e0286743. doi: 10.1371/journal.pone.0286743,D:\medical_rag\data\pmc_oa\PMC10266637.1,txt(43708B);json(1563B)
2026-09-15T08:11:46Z,PMC12669179,1,41341586,γδ T cells in diabetes mellitus: dual roles and therapeutic implications,CC BY,False,True,Front Immunol. 2025 Nov 18;16:1693466. doi: 10.3389/fimmu.2025.1693466,D:\medical_rag\data\pmc_oa\PMC12669179.1,txt(102598B);json(1215B)
2026-09-15T08:11:47Z,PMC4616625,1,26356702,Type 1 Diabetes and Increased Risk of Subsequent Asthma: A Nationwide Population-Based Cohort Study,CC BY-ND,False,True,Medicine (Baltimore). 2015 Sep 11;94(36):e1466. doi: 10.1097/MD.0000000000001466,D:\medical_rag\data\pmc_oa\PMC4616625.1,txt(28205B);json(1231B)
2026-09-15T08:11:47Z,PMC8742505,1,34174794,Assessment of erythrocyte morphology in patients with type 2 diabetes mellitus: a pilot study of electron microscopy-based analysis in relation to healthy controls,CC BY,False,True,Turk J Med Sci. 2021 Oct 21;51(5):2534–42. doi: 10.3906/sag-2103-336,D:\medical_rag\data\pmc_oa\PMC8742505.1,txt(33350B);json(1087B)
2026-09-15T08:11:48Z,PMC5305035,1,28185533,Mapping the methylation status of the miR-145 promoter in saphenous vein smooth muscle cells from individuals with type 2 diabetes,CC BY,False,True,Diab Vasc Dis Res. 2016 Dec 21;14(2):122–9. doi: 10.1177/1479164116677968,D:\medical_rag\data\pmc_oa\PMC5305035.1,txt(34642B);json(1637B)
2026-09-15T08:11:49Z,PMC12289147,1,33470340,Use of automated quantitative pupillometric evaluation for monitoring the severity of diabetic retinopathy,CC BY,False,True,Arq Bras Oftalmol. 2025 Feb 2;84(1):37–44. doi: 10.5935/0004-2749.20210007,D:\medical_rag\data\pmc_oa\PMC12289147.1,txt(37834B);json(1035B)
2026-09-15T08:11:50Z,PMC13346366,1,40839017,GLP-1 receptor agonists in atherosclerotic cardiovascular disease and diabetes mellitus or obesity: investigation of the potential role in a German inpatient dataset,CC BY,False,True,Clin Res Cardiol. 2025 Aug 21;115(8):1343–50. doi: 10.1007/s00392-025-02735-z,D:\medical_rag\data\pmc_oa\PMC13346366.1,txt(44280B);json(1107B)
2026-09-15T08:11:51Z,PMC5520342,1,28728579,Circulating sortilin level as a potential biomarker for coronary atherosclerosis and diabetes mellitus,CC BY,False,True,Cardiovasc Diabetol. 2017 Jul 20;16:92. doi: 10.1186/s12933-017-0568-9,D:\medical_rag\data\pmc_oa\PMC5520342.1,txt(35634B);json(1027B)
2026-09-15T08:11:51Z,PMC6918019,1,31871693,Guidelines for the nursing management of gestational diabetes mellitus: An integrative literature review,CC BY,False,True,Nurs Open. 2019 Sep 30;7(1):78–90. doi: 10.1002/nop2.324,D:\medical_rag\data\pmc_oa\PMC6918019.1,txt(60553B);json(890B)
2026-09-15T08:11:52Z,PMC9627198,1,36339414,Genetic risk score to improve prediction and treatment in gestational diabetes mellitus,CC BY,False,True,Front Endocrinol (Lausanne). 2022 Oct 19;13:955821. doi: 10.3389/fendo.2022.955821,D:\medical_rag\data\pmc_oa\PMC9627198.1,txt(48501B);json(784B)
2026-09-15T08:12:11Z,PMC5675402,1,29112962,Increasing prevalence of diabetes mellitus in a developing country and its related factors,CC BY,False,True,PLoS One. 2017 Nov 7;12(11):e0187670. doi: 10.1371/journal.pone.0187670,D:\medical_rag\data\pmc_oa\PMC5675402.1,txt(37465B);json(1309B)
2026-09-15T08:12:14Z,PMC6214001,1,30347717,The Proposal of Molecular Mechanisms of Weak Organic Acids Intake-Induced Improvement of Insulin Resistance in Diabetes Mellitus via Elevation of Interstitial Fluid pH,CC BY,False,True,Int J Mol Sci. 2018 Oct 19;19(10):3244. doi: 10.3390/ijms19103244,D:\medical_rag\data\pmc_oa\PMC6214001.1,txt(90873B);json(1682B)
2026-09-15T08:12:14Z,PMC9360707,2,35941620,Breastfeeding mobile application for mothers with gestational diabetes mellitus: designed by mothers and experts,CC BY,False,True,BMC Public Health. 2022 Aug 8;22:1510. doi: 10.1186/s12889-022-13952-w,D:\medical_rag\data\pmc_oa\PMC9360707.2,txt(34841B);json(1262B)
2026-09-15T08:12:15Z,PMC3083341,1,21489265,N-terminal-pro-brain natriuretic peptide is decreased in insulin dependent gestational diabetes mellitus: a prospective cohort trial,CC BY,False,True,Cardiovasc Diabetol. 2011 Apr 13;10:28. doi: 10.1186/1475-2840-10-28,D:\medical_rag\data\pmc_oa\PMC3083341.1,txt(18839B);json(813B)
2026-09-15T08:12:15Z,PMC7400945,1,32708949,The Effects of Legume Consumption on Markers of Glycaemic Control in Individuals with and without Diabetes Mellitus: A Systematic Literature Review of Randomised Controlled Trials,CC BY,False,True,Nutrients. 2020 Jul 17;12(7):2123. doi: 10.3390/nu12072123,D:\medical_rag\data\pmc_oa\PMC7400945.1,txt(59849B);json(1404B)
2026-09-15T08:12:17Z,PMC9453102,1,36090589,Evidence and Potential Mechanisms of Traditional Chinese Medicine for the Adjuvant Treatment of Coronary Heart Disease in Patients with Diabetes Mellitus: A Systematic Review and Meta-Analysis with Tr,CC BY,False,True,J Diabetes Res. 2022 Aug 31;2022:2545476. doi: 10.1155/2022/2545476,D:\medical_rag\data\pmc_oa\PMC9453102.1,txt(51904B);json(2255B)
2026-09-15T08:12:18Z,PMC4169830,1,25214204,Recurrent hypoglycaemia in type-1 diabetes mellitus may unravel the association with Addison’s disease: a case report,CC BY,False,True,BMC Res Notes. 2014 Sep 12;7:634. doi: 10.1186/1756-0500-7-634,D:\medical_rag\data\pmc_oa\PMC4169830.1,txt(16824B);json(794B)
2026-09-15T08:12:18Z,PMC11445359,1,38816664,Adherence to the dietary approaches to stop hypertension diet reduces the risk of diabetes mellitus: a systematic review and dose-response meta-analysis,CC BY,False,True,Endocrine. 2024 May 30;86(1):85–100. doi: 10.1007/s12020-024-03882-5,D:\medical_rag\data\pmc_oa\PMC11445359.1,txt(69591B);json(2305B)
2026-09-15T08:12:18Z,PMC6171234,1,30285859,An open-label pilot study on preventing glucocorticoid-induced diabetes mellitus with linagliptin,CC BY,False,True,J Med Case Rep. 2018 Oct 4;12:288. doi: 10.1186/s13256-018-1817-6,D:\medical_rag\data\pmc_oa\PMC6171234.1,txt(25502B);json(1019B)
2026-09-15T08:12:21Z,PMC11210264,1,38836754,The association between diabetes mellitus and prostate cancer: a meta-analysis and Mendelian randomization,CC BY,False,True,Aging (Albany NY). 2024 Jun 4;16(11):9584–98. doi: 10.18632/aging.205886,D:\medical_rag\data\pmc_oa\PMC11210264.1,txt(33313B);json(2405B)
2026-09-15T08:12:21Z,PMC5331721,1,28245810,"A mixed-methods needs assessment of adult diabetes mellitus (type II) and hypertension care in Toledo, Belize",CC BY,False,True,BMC Health Serv Res. 2017 Feb 28;17:171. doi: 10.1186/s12913-017-2075-9,D:\medical_rag\data\pmc_oa\PMC5331721.1,txt(53088B);json(1037B)
2026-09-15T08:12:21Z,PMC11242587,1,39000583,Associations between Diabetes Mellitus and Selected Cancers,CC BY,False,True,Int J Mol Sci. 2024 Jul 8;25(13):7476. doi: 10.3390/ijms25137476,D:\medical_rag\data\pmc_oa\PMC11242587.1,txt(212587B);json(867B)
2026-09-15T08:12:22Z,PMC10236766,1,37268889,Risk prediction of gestational diabetes mellitus in women with polycystic ovary syndrome based on a nomogram model,CC BY,False,True,BMC Pregnancy Childbirth. 2023 Jun 2;23:408. doi: 10.1186/s12884-023-05670-x,D:\medical_rag\data\pmc_oa\PMC10236766.1,txt(36439B);json(1167B)
2026-09-15T08:12:24Z,PMC9771776,2,36544081,"High prevalence of dyslipidaemia among persons with diabetes mellitus and hypertension at a tertiary hospital in Blantyre, Malawi",CC BY,False,True,BMC Cardiovasc Disord. 2022 Dec 22;22:557. doi: 10.1186/s12872-022-03011-y,D:\medical_rag\data\pmc_oa\PMC9771776.2,txt(48727B);json(1170B)
2026-09-15T08:12:24Z,PMC6203969,1,30367670,Identifying associations between diabetes and acute respiratory distress syndrome in patients with acute hypoxemic respiratory failure: an analysis of the LUNG SAFE database,CC BY,False,True,Crit Care. 2018 Oct 27;22:268. doi: 10.1186/s13054-018-2158-y,D:\medical_rag\data\pmc_oa\PMC6203969.1,txt(103999B);json(1093B)
2026-09-15T08:12:24Z,PMC9517047,1,36141752,Potential Protective Role of Galectin-3 in Patients with Gonarthrosis and Diabetes Mellitus: A Cross-Sectional Study,CC BY,False,True,Int J Environ Res Public Health. 2022 Sep 13;19(18):11480. doi: 10.3390/ijerph191811480,D:\medical_rag\data\pmc_oa\PMC9517047.1,txt(43205B);json(816B)
2026-09-15T08:12:25Z,PMC4113441,1,25068894,"Awareness, Treatment, Control of Diabetes Mellitus and the Risk Factors: Survey Results from Northeast China",CC BY,False,True,PLoS One. 2014 Jul 28;9(7):e103594. doi: 10.1371/journal.pone.0103594,D:\medical_rag\data\pmc_oa\PMC4113441.1,txt(34572B);json(1122B)
2026-09-15T08:12:28Z,PMC4960337,1,27478846,Smoking Cessation Carries a Short-Term Rising Risk for Newly Diagnosed Diabetes Mellitus Independently of Weight Gain: A 6-Year Retrospective Cohort Study,CC BY,False,True,J Diabetes Res. 2016 Jul 12;2016:3961756. doi: 10.1155/2016/3961756,D:\medical_rag\data\pmc_oa\PMC4960337.1,txt(33759B);json(958B)
2026-09-15T08:12:28Z,PMC2944093,1,20813654,No Association between Arsenic Exposure from Drinking Water and Diabetes Mellitus: A Cross-Sectional Study in Bangladesh,CC0,False,True,Environ Health Perspect. 2010 May 13;118(9):1299–305. doi: 10.1289/ehp.0901559,D:\medical_rag\data\pmc_oa\PMC2944093.1,txt(53074B);json(807B)
2026-09-15T08:12:28Z,PMC10857198,1,38337719,Dietary Fibre for the Prevention of Post-Pancreatitis Diabetes Mellitus: A Review of the Literature and Future Research Directions,CC BY,False,True,Nutrients. 2024 Feb 1;16(3):435. doi: 10.3390/nu16030435,D:\medical_rag\data\pmc_oa\PMC10857198.1,txt(80517B);json(801B)
2026-09-15T08:12:28Z,PMC8301937,1,34356646,The Relationship between Diabetes Mellitus and Gastric Cancer and the Potential Benefits of Metformin: An Extensive Review of the Literature,CC BY,False,True,Biomolecules. 2021 Jul 13;11(7):1022. doi: 10.3390/biom11071022,D:\medical_rag\data\pmc_oa\PMC8301937.1,txt(118777B);json(813B)
2026-09-15T08:12:31Z,PMC9376236,1,35979438,Impact of preexisting diabetes mellitus on cardiovascular and all-cause mortality in patients with atrial fibrillation: A meta-analysis,CC BY,False,True,Front Endocrinol (Lausanne). 2022 Aug 1;13:921159. doi: 10.3389/fendo.2022.921159,D:\medical_rag\data\pmc_oa\PMC9376236.1,txt(38372B);json(1645B)
2026-09-15T08:12:31Z,PMC7503359,1,32847106,Physical Activity Programs during Pregnancy Are Effective for the Control of Gestational Diabetes Mellitus,CC BY,False,True,Int J Environ Res Public Health. 2020 Aug 24;17(17):6151. doi: 10.3390/ijerph17176151,D:\medical_rag\data\pmc_oa\PMC7503359.1,txt(51663B);json(931B)
2026-09-15T08:12:31Z,PMC6683563,1,31382952,The longitudinal effect of subclinical hypothyroidism on urine microalbumin-to-urine creatinine ratio in patients with type 2 diabetes mellitus,CC BY,False,True,BMC Endocr Disord. 2019 Aug 5;19:84. doi: 10.1186/s12902-019-0405-0,D:\medical_rag\data\pmc_oa\PMC6683563.1,txt(27014B);json(825B)
2026-09-15T08:12:31Z,PMC7727236,1,33297956,Inverse association of diabetes and dialysis with the severity of femoropopliteal lesions and chronic total occlusion: a cross-sectional study of 2056 cases,CC BY,False,True,BMC Cardiovasc Disord. 2020 Dec 9;20:514. doi: 10.1186/s12872-020-01805-6,D:\medical_rag\data\pmc_oa\PMC7727236.1,txt(27519B);json(1088B)
2026-09-15T08:12:34Z,PMC7840028,1,33503048,Are Ethiopian diabetic patients protected from financial hardship?,CC0,False,True,PLoS One. 2021 Jan 27;16(1):e0245839. doi: 10.1371/journal.pone.0245839,D:\medical_rag\data\pmc_oa\PMC7840028.1,txt(76516B);json(3308B)
2026-09-15T08:12:34Z,PMC9842641,1,36646777,Exploring the mechanism of active components from ginseng to manage diabetes mellitus based on network pharmacology and molecular docking,CC BY,False,True,Sci Rep. 2023 Jan 16;13:793. doi: 10.1038/s41598-023-27540-4,D:\medical_rag\data\pmc_oa\PMC9842641.1,txt(65301B);json(3059B)
2026-09-15T08:12:34Z,PMC8136679,1,34014991,"Attitude towards diabetes mellitus among adult communities in Gondar city, Ethiopia",CC BY,False,True,PLoS One. 2021 May 20;16(5):e0251777. doi: 10.1371/journal.pone.0251777,D:\medical_rag\data\pmc_oa\PMC8136679.1,txt(33522B);json(1301B)
2026-09-15T08:12:35Z,PMC8565009,1,34732146,The association between diabetes mellitus and HRQoL of older people in Shanghai,CC BY,False,True,BMC Geriatr. 2021 Nov 3;21:626. doi: 10.1186/s12877-021-02590-3,D:\medical_rag\data\pmc_oa\PMC8565009.1,txt(33910B);json(891B)
2026-09-15T08:12:36Z,PMC9226727,1,35633259,Gestational Diabetes Mellitus among Pregnant Women Delivering in a Tertiary Care Hospital: A Descriptive Cross-sectional Study,CC BY,False,True,JNMA J Nepal Med Assoc. 2022 Mar 31;60(247):229–33. doi: 10.31729/jnma.7304,D:\medical_rag\data\pmc_oa\PMC9226727.1,txt(20888B);json(811B)
2026-09-15T08:12:37Z,PMC4667510,1,26631065,Transient Neonatal Diabetes Mellitus followed by recurrent asymptomatic hypoglycaemia: a case report,CC BY,False,True,BMC Pediatr. 2015 Dec 2;15:200. doi: 10.1186/s12887-015-0512-7,D:\medical_rag\data\pmc_oa\PMC4667510.1,txt(17391B);json(777B)
2026-09-15T08:12:37Z,PMC7500018,1,32943028,Trends in the incidence of diabetes mellitus: results from the Global Burden of Disease Study 2017 and implications for diabetes mellitus prevention,CC BY,False,True,BMC Public Health. 2020 Sep 17;20:1415. doi: 10.1186/s12889-020-09502-x,D:\medical_rag\data\pmc_oa\PMC7500018.1,txt(49685B);json(1624B)
2026-09-15T08:12:38Z,PMC11357349,1,39203828,Therapeutic Potential of Various Intermittent Fasting Regimens in Alleviating Type 2 Diabetes Mellitus and Prediabetes: A Narrative Review,CC BY,False,True,Nutrients. 2024 Aug 14;16(16):2692. doi: 10.3390/nu16162692,D:\medical_rag\data\pmc_oa\PMC11357349.1,txt(86136B);json(944B)
2026-09-15T08:12:40Z,PMC7727251,1,33298172,Non-pharmacological interventions for the prevention of type 2 diabetes mellitus in low and middle-income countries: protocol for a systematic review and meta-analysis of randomized controlled trials,CC BY,False,True,Syst Rev. 2020 Dec 9;9:288. doi: 10.1186/s13643-020-01550-z,D:\medical_rag\data\pmc_oa\PMC7727251.1,txt(35233B);json(1008B)
2026-09-15T08:12:40Z,PMC10579777,1,38289770,Dyslipidemia among Patients with Type 2 Diabetes Mellitus Visiting a Tertiary Care Centre,CC BY,False,True,JNMA J Nepal Med Assoc. 2023 Oct 31;61(266):758–61. doi: 10.31729/jnma.8306,D:\medical_rag\data\pmc_oa\PMC10579777.1,txt(16331B);json(781B)
2026-09-15T08:12:40Z,PMC5485046,1,28083972,"Renal safety of canagliflozin, a sodium glucose co‐transporter 2 inhibitor, in patients with type 2 diabetes mellitus",CC BY-ND,False,True,Diabetes Obes Metab. 2017 Mar 16;19(6):897–900. doi: 10.1111/dom.12876,D:\medical_rag\data\pmc_oa\PMC5485046.1,txt(22969B);json(1024B)
2026-09-15T08:12:41Z,PMC4656957,1,26664475,Diabetes mellitus and renal involvement in chronic viral liver disease,CC BY,False,True,J Med Life. 2015 Oct-Dec;8(4):483–7.,D:\medical_rag\data\pmc_oa\PMC4656957.1,txt(23264B);json(1036B)
2026-09-15T08:12:43Z,PMC10711082,1,38089629,"Excessive weight gain onset-age and risk of developing diabetes mellitus: a large, prospective Chinese cohort study",CC BY,False,True,Front Endocrinol (Lausanne). 2023 Nov 27;14:1281203. doi: 10.3389/fendo.2023.1281203,D:\medical_rag\data\pmc_oa\PMC10711082.1,txt(52442B);json(1049B)
2026-09-15T08:12:43Z,PMC8356939,1,34422158,"Management of diabetes mellitus at the household level using community health strategy in Embu County, Kenya",CC BY,False,True,Pan Afr Med J. 2021 May 12;39:35. doi: 10.11604/pamj.2021.39.35.27753,D:\medical_rag\data\pmc_oa\PMC8356939.1,txt(32799B);json(797B)
2026-09-15T08:12:43Z,PMC6312584,1,30662909,"Toxoplasma gondii Infection in Diabetes Mellitus Patients in China: Seroprevalence, Risk Factors, and Case-Control Studies",CC BY,False,True,Biomed Res Int. 2018 Dec 18;2018:4723739. doi: 10.1155/2018/4723739,D:\medical_rag\data\pmc_oa\PMC6312584.1,txt(41152B);json(799B)
2026-09-15T08:12:44Z,PMC12067569,1,40336418,Psychological insulin resistance among patients with diabetes mellitus in Botswana,CC BY,False,True,Afr J Prim Health Care Fam Med. 2025 Apr 22;17(1):4752. doi: 10.4102/phcfm.v17i1.4752,D:\medical_rag\data\pmc_oa\PMC12067569.1,txt(37958B);json(788B)
2026-09-15T08:12:46Z,PMC10835556,1,38313182,Serum and salivary adiponectin levels as predictive markers for diabetes mellitus in children with a family history of diabetes,CC BY,False,True,J Med Life. 2023 Oct;16(10):1561–5. doi: 10.25122/jml-2023-0023,D:\medical_rag\data\pmc_oa\PMC10835556.1,txt(22982B);json(811B)
2026-09-15T08:12:46Z,PMC10113056,1,37082458,Relationship between Changes in Blood Glucose and Blood Lipid Levels and the Risk of Thyroid Cancer in Patients with Type 2 Diabetes Mellitus,CC BY,False,True,Dis Markers. 2023 Apr 11;2023:4814328. doi: 10.1155/2023/4814328,D:\medical_rag\data\pmc_oa\PMC10113056.1,txt(35441B);json(714B)
2026-09-15T08:12:46Z,PMC10065091,1,36197348,Depressive symptoms among older adults with diabetes mellitus: a cross-sectional study,CC BY,False,True,Sao Paulo Med J. 2022 Oct 3;141(4):e2021771. doi: 10.1590/1516-3180.2021.0771.R5.09082022,D:\medical_rag\data\pmc_oa\PMC10065091.1,txt(34063B);json(955B)
2026-09-15T08:12:47Z,PMC12483167,1,41004665,Association of copeptin levels in the postpartum period with gestational diabetes,CC BY,False,True,Arch Endocrinol Metab. 2025 Sep 22;69(5):e250053. doi: 10.20945/2359-4292-2025-0053,D:\medical_rag\data\pmc_oa\PMC12483167.1,txt(30711B);json(929B)
2026-09-15T08:12:49Z,PMC6982778,1,31947819,"8-Oxo-7,8-Dihydro-2′-Deoxyguanosine (8-oxodG) and 8-Hydroxy-2′-Deoxyguanosine (8-OHdG) as a Potential Biomarker for Gestational Diabetes Mellitus (GDM) Development",CC BY,False,True,Molecules. 2020 Jan 3;25(1):202. doi: 10.3390/molecules25010202,D:\medical_rag\data\pmc_oa\PMC6982778.1,txt(49584B);json(1083B)
2026-09-15T08:12:49Z,PMC11484852,1,39414865,"National trends in type 2 diabetes mellitus stratified by central adiposity using waist-to-height ratio in South Korea, 2005–2022",CC BY,False,True,Sci Rep. 2024 Oct 16;14:24273. doi: 10.1038/s41598-024-75002-2,D:\medical_rag\data\pmc_oa\PMC11484852.1,txt(95288B);json(1064B)
2026-09-15T08:12:50Z,PMC8249442,1,34211029,Bidirectional association between periodontal disease and diabetes mellitus: a systematic review and meta-analysis of cohort studies,CC BY,False,True,Sci Rep. 2021 Jul 1;11:13686. doi: 10.1038/s41598-021-93062-6,D:\medical_rag\data\pmc_oa\PMC8249442.1,txt(43746B);json(1274B)
2026-09-15T08:12:51Z,PMC7137510,1,32252701,Relationship between body composition indicators and risk of type 2 diabetes mellitus in Chinese adults,CC BY,False,True,BMC Public Health. 2020 Apr 6;20:452. doi: 10.1186/s12889-020-08552-5,D:\medical_rag\data\pmc_oa\PMC7137510.1,txt(29547B);json(788B)
2026-09-15T08:12:52Z,PMC7311953,1,32466479,Diabetes in Pregnancy and Risk of Antepartum Depression: A Systematic Review and Meta-Analysis of Cohort Studies,CC BY,False,True,Int J Environ Res Public Health. 2020 May 26;17(11):3767. doi: 10.3390/ijerph17113767,D:\medical_rag\data\pmc_oa\PMC7311953.1,txt(50813B);json(1353B)
2026-09-15T08:12:52Z,PMC12827185,1,41585810,The latest progression of N6-methyladenosine (m6A) RNA modification in diabetes mellitus and diabetic complications,CC BY,False,True,Front Endocrinol (Lausanne). 2026 Jan 9;16:1705600. doi: 10.3389/fendo.2025.1705600,D:\medical_rag\data\pmc_oa\PMC12827185.1,txt(70043B);json(951B)
2026-09-15T08:12:53Z,PMC12711146,1,41417301,Preoperative glycemic response to a very low-calorie diet predicts long-term type 2 diabetes remission after bariatric surgery,CC BY,False,True,Arq Bras Cir Dig. 2025 Dec 19;38:e1919. doi: 10.1590/0102-67202025000050e1919,D:\medical_rag\data\pmc_oa\PMC12711146.1,txt(29664B);json(1421B)
2026-09-15T08:12:54Z,PMC4978855,1,27507149,Ethnic difference in the prevalence of pre-diabetes and diabetes mellitus in regions with Sami and non-Sami populations in Norway – the SAMINOR1 study,CC BY,False,True,Int J Circumpolar Health. 2016 Aug 8;75:10.3402/ijch.v75.31697. doi: 10.3402/ijch.v75.31697,D:\medical_rag\data\pmc_oa\PMC4978855.1,txt(37432B);json(981B)
2026-09-15T08:12:55Z,PMC4776390,1,26936372,Abnormal phosphorylation of Tie2/Akt/eNOS signaling pathway and decreased number or function of circulating endothelial progenitor cells in prehypertensive premenopausal women with diabetes mellitus,CC BY,False,True,BMC Endocr Disord. 2016 Mar 2;16:13. doi: 10.1186/s12902-016-0093-y,D:\medical_rag\data\pmc_oa\PMC4776390.1,txt(47209B);json(1439B)
2026-09-15T08:12:55Z,PMC9424486,1,36051390,A meta-analysis of genome-wide gene expression differences identifies promising targets for type 2 diabetes mellitus,CC BY,False,True,Front Endocrinol (Lausanne). 2022 Aug 16;13:985857. doi: 10.3389/fendo.2022.985857,D:\medical_rag\data\pmc_oa\PMC9424486.1,txt(41740B);json(1633B)
2026-09-15T08:12:56Z,PMC6723949,1,31382651,Polypharmacy in Type 2 Diabetes Mellitus: Insights from an Internal Medicine Department,CC BY,False,True,Medicina (Kaunas). 2019 Aug 3;55(8):436. doi: 10.3390/medicina55080436,D:\medical_rag\data\pmc_oa\PMC6723949.1,txt(38420B);json(901B)
2026-09-15T08:12:57Z,PMC7804125,1,33436978,Fast walking is a preventive factor against new-onset diabetes mellitus in a large cohort from a Japanese general population,CC BY,False,True,Sci Rep. 2021 Jan 12;11:716. doi: 10.1038/s41598-020-80572-y,D:\medical_rag\data\pmc_oa\PMC7804125.1,txt(49866B);json(1711B)
2026-09-15T08:12:58Z,PMC8791222,1,35027504,The effects of metformin and alendronate in attenuating bone loss and improving glucose metabolism in diabetes mellitus mice,CC BY,False,True,Aging (Albany NY). 2022 Jan 14;14(1):272–85. doi: 10.18632/aging.203729,D:\medical_rag\data\pmc_oa\PMC8791222.1,txt(38563B);json(1664B)
2026-09-15T08:12:59Z,PMC6210689,1,30257442,Lack of Association of Coffee Consumption with the Prevalence of Self-Reported Type 2 Diabetes Mellitus in a Mexican Population: A Cross-Sectional Study,CC BY,False,True,Int J Environ Res Public Health. 2018 Sep 25;15(10):2100. doi: 10.3390/ijerph15102100,D:\medical_rag\data\pmc_oa\PMC6210689.1,txt(32226B);json(849B)
2026-09-15T08:12:59Z,PMC11346952,1,39186706,An approach to integrated management of diabetes in tuberculosis patients: Availability and readiness of the health facilities of Bangladesh,CC BY,False,True,PLoS One. 2024 Aug 26;19(8):e0309372. doi: 10.1371/journal.pone.0309372,D:\medical_rag\data\pmc_oa\PMC11346952.1,txt(34956B);json(1574B)
2026-09-15T08:13:01Z,PMC7438828,1,32903738,Current Knowledge Regarding the Interaction Between Oral Bone Metabolic Disorders and Diabetes Mellitus,CC BY,False,True,Front Endocrinol (Lausanne). 2020 Aug 7;11:536. doi: 10.3389/fendo.2020.00536,D:\medical_rag\data\pmc_oa\PMC7438828.1,txt(79766B);json(922B)
2026-09-15T08:13:02Z,PMC8074411,1,33902539,Investigation of candidate genes and mechanisms underlying obesity associated type 2 diabetes mellitus using bioinformatics analysis and screening of small drug molecules,CC BY,False,True,BMC Endocr Disord. 2021 Apr 26;21:80. doi: 10.1186/s12902-021-00718-5,D:\medical_rag\data\pmc_oa\PMC8074411.1,txt(165918B);json(1960B)
2026-09-15T08:13:02Z,PMC6801685,1,31575077,Impact of Diabetes Mellitus on Bone Health,CC BY,False,True,Int J Mol Sci. 2019 Sep 30;20(19):4873. doi: 10.3390/ijms20194873,D:\medical_rag\data\pmc_oa\PMC6801685.1,txt(100376B);json(843B)
2026-09-15T08:13:03Z,PMC10694352,1,38053730,Free triiodothyronine (FT3)-to-free thyroxine (FT4) ratio identified as a risk factor for gestational diabetes in euthyroid pregnant women: insights from a Chinese population cohort study,CC BY,False,True,Front Endocrinol (Lausanne). 2023 Nov 20;14:1281285. doi: 10.3389/fendo.2023.1281285,D:\medical_rag\data\pmc_oa\PMC10694352.1,txt(40990B);json(1130B)
2026-09-15T08:13:04Z,PMC9229324,1,35746755,Biomarkers Predictive for In-Hospital Mortality in Patients with Diabetes Mellitus and Prediabetes Hospitalized for COVID-19 in Austria: An Analysis of COVID-19 in Diabetes Registry,CC BY,False,True,Viruses. 2022 Jun 13;14(6):1285. doi: 10.3390/v14061285,D:\medical_rag\data\pmc_oa\PMC9229324.1,txt(45341B);json(1287B)
2026-09-15T08:13:05Z,PMC9297346,1,36705205,Diabetes Mellitus among Adult Outpatients Visiting a Tertiary Care Centre: A Descriptive Cross-sectional Study,CC BY,False,True,JNMA J Nepal Med Assoc. 2022 Jul 31;60(251):592–5. doi: 10.31729/jnma.7027,D:\medical_rag\data\pmc_oa\PMC9297346.1,txt(16023B);json(794B)
2026-09-15T08:13:05Z,PMC9626446,1,36270037,Is dietary intake of antioxidant vitamins associated with reduced adverse effects of air pollution on diabetes? Findings from a large cohort study,CC BY,False,True,Ecotoxicol Environ Saf. 2022 Nov;246:114182. doi: 10.1016/j.ecoenv.2022.114182,D:\medical_rag\data\pmc_oa\PMC9626446.1,txt(47515B);json(1129B)
2026-09-15T08:13:06Z,PMC10509015,1,37732122,Immune checkpoint inhibitor– and phosphatidylinositol-3-kinase inhibitor–related diabetes induced by antineoplastic drugs: two case reports and a literature review,CC BY,False,True,Front Endocrinol (Lausanne). 2023 Sep 5;14:1236946. doi: 10.3389/fendo.2023.1236946,D:\medical_rag\data\pmc_oa\PMC10509015.1,txt(38220B);json(1321B)
2026-09-15T08:13:07Z,PMC3493278,1,22906083,"Cardiovascular disease prevalence in patients with inflammatory arthritis, diabetes mellitus and osteoarthritis: a cross-sectional study in primary care",CC BY,False,True,BMC Musculoskelet Disord. 2012 Aug 21;13:150. doi: 10.1186/1471-2474-13-150,D:\medical_rag\data\pmc_oa\PMC3493278.1,txt(25795B);json(841B)
2026-09-15T08:13:08Z,PMC12520724,1,41098672,Relationship between dietary inflammatory index and risk of gestational diabetes mellitus: a systematic review,CC BY,False,True,Rev Bras Ginecol Obstet. 2025 Sep 8;47:e-rbgo34. doi: 10.61622/rbgo/2025rbgo34,D:\medical_rag\data\pmc_oa\PMC12520724.1,txt(37305B);json(949B)
2026-09-15T08:13:08Z,PMC6544065,1,31198588,Non-Medical Strategies to Improve Pregnancy Outcomes of Women with Gestational Diabetes Mellitus: A literature review,CC BY-ND,False,True,Sultan Qaboos Univ Med J. 2019 May 30;19(1):e4–e10. doi: 10.18295/squmj.2019.19.01.002,D:\medical_rag\data\pmc_oa\PMC6544065.1,txt(34316B);json(827B)
2026-09-15T08:13:09Z,PMC7469006,1,32824773,Beneficial Effects of Vitamin K Status on Glycemic Regulation and Diabetes Mellitus: A Mini-Review,CC BY,False,True,Nutrients. 2020 Aug 18;12(8):2485. doi: 10.3390/nu12082485,D:\medical_rag\data\pmc_oa\PMC7469006.1,txt(56913B);json(1002B)
2026-09-15T08:13:11Z,PMC5344074,1,28355348,Validation of self-reported diabetes in a representative sample of São Paulo city,CC BY,False,True,Rev Saude Publica. 2017 Mar 7;51:20. doi: 10.1590/S1518-8787.2017051006378,D:\medical_rag\data\pmc_oa\PMC5344074.1,txt(41030B);json(778B)
2026-09-15T08:13:11Z,PMC5800125,1,29295509,Endocrine Disrupting Chemicals Mediated through Binding Androgen Receptor Are Associated with Diabetes Mellitus,CC BY,False,True,Int J Environ Res Public Health. 2017 Dec 23;15(1):25. doi: 10.3390/ijerph15010025,D:\medical_rag\data\pmc_oa\PMC5800125.1,txt(65049B);json(1245B)
2026-09-15T08:13:12Z,PMC5521921,1,28723781,Assessment of optic disc and ganglion cell layer in diabetes mellitus type 2,CC BY-ND,False,True,Medicine (Baltimore). 2017 Jul 21;96(29):e7556. doi: 10.1097/MD.0000000000007556,D:\medical_rag\data\pmc_oa\PMC5521921.1,txt(23987B);json(1310B)
2026-09-15T08:13:12Z,PMC9376240,1,35979435,Circular RNAs in diabetes mellitus and its complications,CC BY,False,True,Front Endocrinol (Lausanne). 2022 Aug 1;13:885650. doi: 10.3389/fendo.2022.885650,D:\medical_rag\data\pmc_oa\PMC9376240.1,txt(93735B);json(1088B)
2026-09-15T08:13:14Z,PMC8741798,1,34996987,Interrelationship between 2019-nCov receptor DPP4 and diabetes mellitus targets based on protein interaction network,CC BY,False,True,Sci Rep. 2022 Jan 7;12:188. doi: 10.1038/s41598-021-03912-6,D:\medical_rag\data\pmc_oa\PMC8741798.1,txt(28826B);json(1033B)
2026-09-15T08:13:14Z,PMC7094867,1,32210471,No clear associations of adult BMI and diabetes mellitus with non-muscle invasive bladder cancer recurrence and progression,CC BY,False,True,PLoS One. 2020 Mar 25;15(3):e0229384. doi: 10.1371/journal.pone.0229384,D:\medical_rag\data\pmc_oa\PMC7094867.1,txt(59669B);json(2154B)
2026-09-15T08:13:15Z,PMC10574155,1,37836562,"Type 1 and Type 2 Diabetes Mellitus: Commonalities, Differences and the Importance of Exercise and Nutrition",CC BY,False,True,Nutrients. 2023 Oct 7;15(19):4279. doi: 10.3390/nu15194279,D:\medical_rag\data\pmc_oa\PMC10574155.1,txt(20304B);json(781B)
2026-09-15T08:13:15Z,PMC10150103,1,37139334,Predictive model of diabetes mellitus in patients with idiopathic inflammatory myopathies,CC BY,False,True,Front Endocrinol (Lausanne). 2023 Apr 17;14:1118620. doi: 10.3389/fendo.2023.1118620,D:\medical_rag\data\pmc_oa\PMC10150103.1,txt(46062B);json(1244B)
2026-09-15T08:13:17Z,PMC5016561,1,27421726,LIGHT/TNFSF14 is increased in patients with type 2 diabetes mellitus and promotes islet cell dysfunction and endothelial cell inflammation in vitro,CC BY,False,True,Diabetologia. 2016 Jul 15;59(10):2134–44. doi: 10.1007/s00125-016-4036-y,D:\medical_rag\data\pmc_oa\PMC5016561.1,txt(44986B);json(1610B)
2026-09-15T08:13:17Z,PMC10163802,1,37149604,Diabetes mellitus-related hospital admissions and prescriptions of antidiabetic agents in England and Wales: an ecological study,CC BY,False,True,BMC Endocr Disord. 2023 May 6;23:102. doi: 10.1186/s12902-023-01352-z,D:\medical_rag\data\pmc_oa\PMC10163802.1,txt(62935B);json(2391B)
2026-09-15T08:13:18Z,PMC11444230,1,39356958,The role of first-trimester systemic immune-inflammation index for the prediction of gestational diabetes mellitus,CC BY,False,True,Rev Assoc Med Bras (1992). 2024 Sep 30;70(10):e20240532. doi: 10.1590/1806-9282.20240532,D:\medical_rag\data\pmc_oa\PMC11444230.1,txt(23209B);json(969B)
2026-09-15T08:13:19Z,PMC10532649,1,37755075,Therapeutic Potentials of Microalgae and Their Bioactive Compounds on Diabetes Mellitus,CC BY,False,True,Mar Drugs. 2023 Aug 23;21(9):462. doi: 10.3390/md21090462,D:\medical_rag\data\pmc_oa\PMC10532649.1,txt(135208B);json(893B)
2026-09-15T08:13:20Z,PMC6319708,1,30608944,Thoracic aortic calcification across the clinical dysglycemic continuum in a large Asian population free of cardiovascular symptoms,CC BY,False,True,PLoS One. 2019 Jan 4;14(1):e0207089. doi: 10.1371/journal.pone.0207089,D:\medical_rag\data\pmc_oa\PMC6319708.1,txt(49147B);json(2160B)
2026-09-15T08:13:20Z,PMC5585474,1,28858080,Comparative assessment of the efficacy and safety of acarbose and metformin combined with premixed insulin in patients with type 2 diabetes mellitus,CC BY-ND,False,True,Medicine (Baltimore). 2017 Sep 1;96(35):e7533. doi: 10.1097/MD.0000000000007533,D:\medical_rag\data\pmc_oa\PMC5585474.1,txt(24087B);json(1279B)
2026-09-15T08:13:21Z,PMC7794905,1,33383970,Association between Gene Polymorphisms of Vitamin D Receptor and Gestational Diabetes Mellitus: A Systematic Review and Meta-Analysis,CC BY,False,True,Int J Environ Res Public Health. 2020 Dec 29;18(1):205. doi: 10.3390/ijerph18010205,D:\medical_rag\data\pmc_oa\PMC7794905.1,txt(37767B);json(1164B)
2026-09-15T08:13:22Z,PMC9743545,1,36510178,"The costs of interventions for type 2 diabetes mellitus, hypertension and cardiovascular disease in South Africa – a systematic literature review",CC BY,False,True,BMC Public Health. 2022 Dec 12;22:2321. doi: 10.1186/s12889-022-14730-4,D:\medical_rag\data\pmc_oa\PMC9743545.1,txt(49936B);json(1526B)
2026-09-15T08:13:23Z,PMC7644637,1,33154479,Mapping the genetic basis of diabetes mellitus in the Australian Burmese cat (Felis catus),CC BY,False,True,Sci Rep. 2020 Nov 5;10:19194. doi: 10.1038/s41598-020-76166-3,D:\medical_rag\data\pmc_oa\PMC7644637.1,txt(62122B);json(1343B)
2026-09-15T08:13:24Z,PMC7171657,1,32352017,"Effects of Flash Glucose Monitoring on Dietary Variety, Physical Activity, and Self-Care Behaviors in Patients with Diabetes",CC BY,False,True,J Diabetes Res. 2020 Apr 9;2020:9463648. doi: 10.1155/2020/9463648,D:\medical_rag\data\pmc_oa\PMC7171657.1,txt(34113B);json(800B)
2026-09-15T08:13:24Z,PMC13083371,1,41870788,Short-Term Safety and Healthcare Utilization Following Intragastric Balloon Placement in Patients With and Without Diabetes Mellitus: A Propensity-Matched Analysis,CC BY,False,True,Obes Surg. 2026 Mar 23;36(4):1849–61. doi: 10.1007/s11695-026-08622-4,D:\medical_rag\data\pmc_oa\PMC13083371.1,txt(74193B);json(1103B)
2026-09-15T08:13:25Z,PMC9367874,1,35954993,How Is It to Live with Diabetes Mellitus? The Voices of the Diabetes Mellitus Clients,CC BY,False,True,Int J Environ Res Public Health. 2022 Aug 5;19(15):9638. doi: 10.3390/ijerph19159638,D:\medical_rag\data\pmc_oa\PMC9367874.1,txt(43206B);json(781B)
2026-09-15T08:13:26Z,PMC5105280,1,27835951,"Obesity and diabetes mellitus association in rural community of Katana, South Kivu, in Eastern Democratic Republic of Congo: Bukavu Observ Cohort Study Results",CC BY,False,True,BMC Endocr Disord. 2016 Nov 11;16:60. doi: 10.1186/s12902-016-0143-5,D:\medical_rag\data\pmc_oa\PMC5105280.1,txt(36659B);json(842B)
2026-09-15T08:13:27Z,PMC8973653,2,35365744,Metformin is associated with favorable outcomes in patients with COVID-19 and type 2 diabetes mellitus,CC BY,False,True,Sci Rep. 2022 Apr 1;12:5553. doi: 10.1038/s41598-022-09639-2,D:\medical_rag\data\pmc_oa\PMC8973653.2,txt(31014B);json(1238B)
2026-09-15T08:13:27Z,PMC5590153,1,28882103,Low serum vitamin D levels in type 2 diabetes patients are associated with decreased mycobacterial activity,CC BY,False,True,BMC Infect Dis. 2017 Sep 7;17:610. doi: 10.1186/s12879-017-2705-1,D:\medical_rag\data\pmc_oa\PMC5590153.1,txt(46448B);json(1358B)
2026-09-15T08:13:28Z,PMC10578575,1,37844033,ABO blood groups are not associated to gestational diabetes mellitus in Mexican women,CC BY,False,True,PLoS One. 2023 Oct 16;18(10):e0292493. doi: 10.1371/journal.pone.0292493,D:\medical_rag\data\pmc_oa\PMC10578575.1,txt(51998B);json(1318B)
2026-09-15T08:13:29Z,PMC11918843,1,40105548,Association between lipoprotein(a) and coronary heart disease risk in type 2 diabetes mellitus and evaluation of statin treatment effects,CC BY,False,True,Rev Assoc Med Bras (1992). 2025 Mar 17;71(1):e20240870. doi: 10.1590/1806-9282.20240870,D:\medical_rag\data\pmc_oa\PMC11918843.1,txt(25704B);json(847B)
2026-09-15T08:13:30Z,PMC6512017,1,31183383,The Burden of Undiagnosed Diabetes Mellitus in Adult African Population: A Systematic Review and Meta-Analysis,CC BY,False,True,J Diabetes Res. 2019 Apr 28;2019:4134937. doi: 10.1155/2019/4134937,D:\medical_rag\data\pmc_oa\PMC6512017.1,txt(32500B);json(1223B)
2026-09-15T08:13:30Z,PMC8028515,1,34506376,Prevalence of Type II Diabetes Mellitus Among Adult Population in Medical Department of A Tertiary Care Centre,CC BY,False,True,JNMA J Nepal Med Assoc. 2020 Dec 31;58(232):1028–30. doi: 10.31729/jnma.5647,D:\medical_rag\data\pmc_oa\PMC8028515.1,txt(11369B);json(1026B)
2026-09-15T08:13:31Z,PMC9855828,1,36671422,CISD1 Is a Breast Cancer Prognostic Biomarker Associated with Diabetes Mellitus,CC BY,False,True,Biomolecules. 2022 Dec 25;13(1):37. doi: 10.3390/biom13010037,D:\medical_rag\data\pmc_oa\PMC9855828.1,txt(40495B);json(1434B)
2026-09-15T08:13:32Z,PMC3371754,1,22701510,Intelligent ZHENG Classification of Hypertension Depending on ML-kNN and Information Fusion,CC BY,False,True,Evid Based Complement Alternat Med. 2012 Jun 3;2012:837245. doi: 10.1155/2012/837245,D:\medical_rag\data\pmc_oa\PMC3371754.1,txt(21981B);json(784B)
2026-09-15T08:13:32Z,PMC10133371,1,37101042,"Diabetes mellitus, coronary artery disease and heart disease (Update 2023)",CC BY,False,True,Wien Klin Wochenschr. 2023 Apr 20;135(Suppl 1):201–6. [Article in German] doi: 10.1007/s00508-023-02183-7,D:\medical_rag\data\pmc_oa\PMC10133371.1,txt(32160B);json(804B)
2026-09-15T08:13:34Z,PMC11546175,1,39519150,Epigenetic DNA Methylation and Protein Homocysteinylation: Key Players in Hypertensive Renovascular Damage,CC BY,False,True,Int J Mol Sci. 2024 Oct 29;25(21):11599. doi: 10.3390/ijms252111599,D:\medical_rag\data\pmc_oa\PMC11546175.1,txt(115169B);json(1433B)
2026-09-15T08:13:35Z,PMC11219383,1,38012470,"Genetically Proxied Therapeutic Effect of Metformin Use, Blood Pressure, and Hypertension’s Risk: a Drug Target-Based Mendelian Randomization Study",CC BY,False,True,J Cardiovasc Transl Res. 2023 Nov 27;17(3):716–22. doi: 10.1007/s12265-023-10460-z,D:\medical_rag\data\pmc_oa\PMC11219383.1,txt(26027B);json(2455B)
2026-09-15T08:13:36Z,PMC13170013,1,41928188,"Hypertension is a marker of the micro-epidemiologic transition in ageing HIV populations in Kenya, Uganda and Tanzania (AFRICOS, 2013–2023)",CC BY,False,True,BMC Public Health. 2026 Apr 2;26:1552. doi: 10.1186/s12889-026-27241-3,D:\medical_rag\data\pmc_oa\PMC13170013.1,txt(71542B);json(969B)
2026-09-15T08:13:36Z,PMC4582323,1,26399893,Patient classification of hypertension in Traditional Chinese Medicine using multi-label learning techniques,CC BY,False,True,BMC Med Genomics. 2015 Sep 23;8(Suppl 3):S4. doi: 10.1186/1755-8794-8-S3-S4,D:\medical_rag\data\pmc_oa\PMC4582323.1,txt(25573B);json(1028B)
2026-09-15T08:13:37Z,PMC7706226,1,33256609,Investigating the prevalence of hypertension and its associated risk factors in a population-based study: Fasa PERSIAN COHORT data,CC BY,False,True,BMC Cardiovasc Disord. 2020 Dec 1;20:503. doi: 10.1186/s12872-020-01797-3,D:\medical_rag\data\pmc_oa\PMC7706226.1,txt(35106B);json(952B)
2026-09-15T08:13:38Z,PMC10660456,1,37987360,A Machine Learning Model Based on microRNAs for the Diagnosis of Essential Hypertension,CC BY,False,True,Noncoding RNA. 2023 Oct 25;9(6):64. doi: 10.3390/ncrna9060064,D:\medical_rag\data\pmc_oa\PMC10660456.1,txt(71213B);json(1205B)
2026-09-15T08:13:39Z,PMC9360537,1,35958831,Follow-up management service and health outcomes of hypertensive patients in China: A cross-sectional analysis from the national health service survey in Jiangsu province,CC BY,False,True,Front Public Health. 2022 Jul 26;10:956711. doi: 10.3389/fpubh.2022.956711,D:\medical_rag\data\pmc_oa\PMC9360537.1,txt(68729B);json(859B)
2026-09-15T08:13:39Z,PMC11163696,1,38858632,Determinants of mortality in hypertensive patients admitted with COVID-19: a single-centre retrospective study at a tertiary hospital in South Africa,CC BY,False,True,BMC Cardiovasc Disord. 2024 Jun 10;24:298. doi: 10.1186/s12872-024-03964-2,D:\medical_rag\data\pmc_oa\PMC11163696.1,txt(52117B);json(980B)
2026-09-15T08:13:40Z,PMC9120723,1,35362209,The relationship between isolated hypertension with brain volumes in UK Biobank,CC BY,False,True,Brain Behav. 2022 Apr 1;12(5):e2525. doi: 10.1002/brb3.2525,D:\medical_rag\data\pmc_oa\PMC9120723.1,txt(62260B);json(1484B)
2026-09-15T08:13:41Z,PMC8539280,1,34677402,Metabolic Profiling and Metabolites Fingerprints in Human Hypertension: Discovery and Potential,CC BY,False,True,Metabolites. 2021 Oct 7;11(10):687. doi: 10.3390/metabo11100687,D:\medical_rag\data\pmc_oa\PMC8539280.1,txt(73811B);json(1121B)
2026-09-15T08:13:42Z,PMC11462739,1,39385278,"Private provider practices and incentives for hypertension management in rural and peri-urban Telangana, India– a qualitative study",CC BY,False,True,BMC Health Serv Res. 2024 Oct 9;24:1206. doi: 10.1186/s12913-024-11560-5,D:\medical_rag\data\pmc_oa\PMC11462739.1,txt(56366B);json(964B)
2026-09-15T08:13:42Z,PMC12802613,1,41541850,From fragmented to integrated healthcare managing hypertension post-stroke: a qualitative study,CC BY,False,True,Front Stroke. 2025 Jan 30;4:1453087. doi: 10.3389/fstro.2025.1453087,D:\medical_rag\data\pmc_oa\PMC12802613.1,txt(67963B);json(917B)
2026-09-15T08:13:43Z,PMC13190168,1,42180703,Association between hypertension and risk of respiratory failure and mortality in patients with COVID-19: a retrospective cohort study with predictive model development,CC BY,False,True,Front Med (Lausanne). 2026 May 7;13:1825373. doi: 10.3389/fmed.2026.1825373,D:\medical_rag\data\pmc_oa\PMC13190168.1,txt(81173B);json(2464B)
2026-09-15T08:13:44Z,PMC12116197,1,40433464,Incidence of Cardiovascular Events in Hypertensive Patients Based on the Quantity of Major Risk Factors According to the Isfahan Cohort Study,CC BY,False,True,Int J Hypertens. 2025 May 20;2025:3743691. doi: 10.1155/ijhy/3743691,D:\medical_rag\data\pmc_oa\PMC12116197.1,txt(48102B);json(1261B)
2026-09-15T08:13:45Z,PMC1559700,1,16904009,"Prevalence of self-reported hypertension and its relation to dietary habits, in adults; a nutrition & health survey in Greece",CC BY,False,True,BMC Public Health. 2006 Aug 13;6:206. doi: 10.1186/1471-2458-6-206,D:\medical_rag\data\pmc_oa\PMC1559700.1,txt(46486B);json(804B)
2026-09-15T08:13:45Z,PMC9368716,1,35954602,Nine-Year Trends in Atrial Fibrillation Prevalence among Romanian Adult Hypertensives: A Post-Hoc Analysis of SEPHAR II-IV Surveys,CC BY,False,True,Int J Environ Res Public Health. 2022 Jul 28;19(15):9250. doi: 10.3390/ijerph19159250,D:\medical_rag\data\pmc_oa\PMC9368716.1,txt(43337B);json(1371B)
2026-09-15T08:13:47Z,PMC13218652,1,42208063,Subsequent Hypertension’s Mediation of the Association Between Sleep Duration Trajectories and New-Onset Cardiovascular Disease: Population-Based Cohort Study,CC BY,False,True,JMIR Aging. 2026 May 28;9:e78914. doi: 10.2196/78914,D:\medical_rag\data\pmc_oa\PMC13218652.1,txt(77660B);json(1478B)
2026-09-15T08:13:47Z,PMC4998775,1,27057859,Improving the Blood Pressure Control With the ProActive Attitude of Hypertensive Patients Seeking Follow-up Services: Evidence From China,CC BY-ND,False,True,Medicine (Baltimore). 2016 Apr 8;95(14):e3233. doi: 10.1097/MD.0000000000003233,D:\medical_rag\data\pmc_oa\PMC4998775.1,txt(27581B);json(1166B)
2026-09-15T08:13:49Z,PMC4381682,1,25866674,The Impact of Incarceration on Obesity: Are Prisoners with Chronic Diseases Becoming Overweight and Obese during Their Confinement?,CC BY,False,True,J Obes. 2015 Mar 18;2015:532468. doi: 10.1155/2015/532468,D:\medical_rag\data\pmc_oa\PMC4381682.1,txt(32713B);json(1027B)
2026-09-15T08:13:49Z,PMC13361392,1,42450468,"Food-Derived Multi-Target Antihypertensive Peptides: Sources, Mechanisms and AI-Driven Strategies",CC BY,False,True,Foods. 2026 Jul 2;15(13):2349. doi: 10.3390/foods15132349,D:\medical_rag\data\pmc_oa\PMC13361392.1,txt(89203B);json(1212B)
2026-09-15T08:13:50Z,PMC11044850,1,38666008,Risk of Long-Term Ischemic Stroke in Patients With Traumatic Brain Injury and Incident Hypertension,CC BY,False,True,Neurotrauma Rep. 2024 Apr 22;5(1):462–6. doi: 10.1089/neur.2024.0015,D:\medical_rag\data\pmc_oa\PMC11044850.1,txt(20876B);json(1018B)
2026-09-15T08:13:51Z,PMC12438852,1,,The relationship between depressive symptoms and medication adherence among individuals with hypertension: An updated systematic review,CC BY,False,True,Eur Psychiatry. 2025 Aug 26;68(Suppl 1):S616. doi: 10.1192/j.eurpsy.2025.1255,D:\medical_rag\data\pmc_oa\PMC12438852.1,txt(3292B);json(831B)
2026-09-15T08:13:51Z,PMC10737162,1,,AGE-SPECIFIC POPULATION ATTRIBUTABLE FRACTIONS FOR THE IMPACT OF HYPERTENSION ON INCIDENT DEMENTIA,CC BY,False,True,Innov Aging. 2023 Dec 21;7(Suppl 1):390–1. doi: 10.1093/geroni/igad104.1293,D:\medical_rag\data\pmc_oa\PMC10737162.1,txt(3746B);json(795B)
2026-09-15T08:13:52Z,PMC9704759,1,36374862,Dosing time optimization of antihypertensive medications by including the circadian rhythm in pharmacokinetic-pharmacodynamic models,CC BY,False,True,PLoS Comput Biol. 2022 Nov 14;18(11):e1010711. doi: 10.1371/journal.pcbi.1010711,D:\medical_rag\data\pmc_oa\PMC9704759.1,txt(90083B);json(4591B)
2026-09-15T08:13:53Z,PMC11055154,1,38674805,Exploring Lifestyle Factors and Treatment Adherence among Older Adults with Hypertension Attending a Mobile Health Unit (MHU) in a Rural Area of Central Portugal,CC BY,False,True,Nutrients. 2024 Apr 10;16(8):1112. doi: 10.3390/nu16081112,D:\medical_rag\data\pmc_oa\PMC11055154.1,txt(49555B);json(834B)
2026-09-15T08:13:53Z,PMC12760238,1,,Mechanisms of Generating Health Disparities in the Risk of Alzheimer’s Disease,CC BY,False,True,Innov Aging. 2025 Dec 31;9(Suppl 2):igaf122.2042. doi: 10.1093/geroni/igaf122.2042,D:\medical_rag\data\pmc_oa\PMC12760238.1,txt(3488B);json(782B)
2026-09-15T08:13:54Z,PMC3736467,1,23970957,Ambulatory Blood Pressure Monitoring in a Cohort of Children Referred with Suspected Hypertension: Characteristics of Children with and without Attention Deficit Hyperactivity Disorder,CC BY,False,True,Int J Hypertens. 2013 Jul 22;2013:419208. doi: 10.1155/2013/419208,D:\medical_rag\data\pmc_oa\PMC3736467.1,txt(20852B);json(859B)
2026-09-15T08:13:55Z,PMC7595287,1,33119603,"Prevalence, placenta development, and perinatal outcomes of women with hypertensive disorders of pregnancy at Komfo Anokye Teaching Hospital",CC BY,False,True,PLoS One. 2020 Oct 29;15(10):e0233817. doi: 10.1371/journal.pone.0233817,D:\medical_rag\data\pmc_oa\PMC7595287.1,txt(51785B);json(1966B)
2026-09-15T08:13:56Z,PMC4495630,1,26152148,Cardiovascular mortality among a cohort of hypertensive and normotensives in Rio de Janeiro - Brazil - 1991–2009,CC BY,False,True,BMC Public Health. 2015 Jul 8;15:623. doi: 10.1186/s12889-015-1999-4,D:\medical_rag\data\pmc_oa\PMC4495630.1,txt(46380B);json(1912B)
2026-09-15T08:13:57Z,PMC4603123,1,25526448,Adiponectin is Not Associated With Blood Pressure in Normotensives and Untreated Hypertensives With Normal Kidney Function,CC BY-ND,False,True,Medicine (Baltimore). 2014 Dec 2;93(28):e250. doi: 10.1097/MD.0000000000000250,D:\medical_rag\data\pmc_oa\PMC4603123.1,txt(40168B);json(1147B)
2026-09-15T08:13:58Z,PMC8965715,1,35370902,Hypertension Associated With Hearing Loss and Tinnitus Among Hypertensive Adults at a Tertiary Hospital in South Africa,CC BY,False,True,Front Neurol. 2022 Mar 16;13:857600. doi: 10.3389/fneur.2022.857600,D:\medical_rag\data\pmc_oa\PMC8965715.1,txt(49891B);json(801B)
2026-09-15T08:13:58Z,PMC7907127,1,33633311,Choriocapillaris microvasculature dysfunction in systemic hypertension,CC BY,False,True,Sci Rep. 2021 Feb 25;11:4603. doi: 10.1038/s41598-021-84136-6,D:\medical_rag\data\pmc_oa\PMC7907127.1,txt(42801B);json(1322B)
2026-09-15T08:14:00Z,PMC6381520,1,30139283,Awareness of hypertension and depressive symptoms: a cross-sectional study in a primary care population,CC BY,False,True,Scand J Prim Health Care. 2018 Aug 23;36(3):323–8. doi: 10.1080/02813432.2018.1499588,D:\medical_rag\data\pmc_oa\PMC6381520.1,txt(28824B);json(809B)
2026-09-15T08:14:00Z,PMC7038071,1,31973040,Manifestation of Systemic Toxicity in Rats after a Short-Time Inhalation of Lead Oxide Nanoparticles,CC BY,False,True,Int J Mol Sci. 2020 Jan 21;21(3):690. doi: 10.3390/ijms21030690,D:\medical_rag\data\pmc_oa\PMC7038071.1,txt(51652B);json(1511B)
2026-09-15T08:14:01Z,PMC6247241,1,30462769,Familial history of hypertension-induced impairment on heart rate variability was not observed in strength-trained subjects,CC BY,False,True,Braz J Med Biol Res. 2018 Nov 14;51(12):e7310. doi: 10.1590/1414-431X20187310,D:\medical_rag\data\pmc_oa\PMC6247241.1,txt(23388B);json(956B)
2026-09-15T08:14:01Z,PMC9544472,1,35460076,The additive effect of periodontitis with hypertension on risk of systemic disease and mortality,CC BY,False,True,J Periodontol. 2022 May 27;93(7):1024–35. doi: 10.1002/JPER.21-0621,D:\medical_rag\data\pmc_oa\PMC9544472.1,txt(43912B);json(1510B)
2026-09-15T08:14:03Z,PMC6490907,1,31039155,Cardiovascular disease risk factor prevalence and estimated 10-year cardiovascular risk scores in Indonesia: The SMARThealth Extend study,CC BY,False,True,PLoS One. 2019 Apr 30;14(4):e0215219. doi: 10.1371/journal.pone.0215219,D:\medical_rag\data\pmc_oa\PMC6490907.1,txt(41554B);json(1660B)
2026-09-15T08:14:03Z,PMC9777169,1,36553206,Prevalence and Predictors of Renal Disease in a National Representative Sample of the Romanian Adult Population: Data from the SEPHAR IV Survey,CC BY,False,True,Diagnostics (Basel). 2022 Dec 16;12(12):3199. doi: 10.3390/diagnostics12123199,D:\medical_rag\data\pmc_oa\PMC9777169.1,txt(62645B);json(971B)
2026-09-15T08:14:04Z,PMC3438025,1,22642467,Association between human cartilage glycoprotein 39 (YKL-40) and arterial stiffness in essential hypertension,CC BY,False,True,BMC Cardiovasc Disord. 2012 May 29;12:35. doi: 10.1186/1471-2261-12-35,D:\medical_rag\data\pmc_oa\PMC3438025.1,txt(31495B);json(1119B)
2026-09-15T08:14:06Z,PMC3167747,1,21846346,Stress induced hypertensive response: should it be evaluated more carefully?,CC BY,False,True,Cardiovasc Ultrasound. 2011 Aug 16;9:22. doi: 10.1186/1476-7120-9-22,D:\medical_rag\data\pmc_oa\PMC3167747.1,txt(39449B);json(1080B)
2026-09-15T08:14:07Z,PMC6028095,1,29966019,Serum uric acid and arterial hypertension—Data from Sephar III survey,CC BY,False,True,PLoS One. 2018 Jul 2;13(7):e0199865. doi: 10.1371/journal.pone.0199865,D:\medical_rag\data\pmc_oa\PMC6028095.1,txt(27023B);json(1895B)
2026-09-15T08:14:07Z,PMC3117886,1,21695061,"No Elevated Plasma Catecholamine Levels during Sleep in Newly Diagnosed, Untreated Hypertensives",CC BY,False,True,PLoS One. 2011 Jun 17;6(6):e21292. doi: 10.1371/journal.pone.0021292,D:\medical_rag\data\pmc_oa\PMC3117886.1,txt(35647B);json(1311B)
2026-09-15T08:14:09Z,PMC12811966,1,41551450,Passive smoking and the risk of hypertension in nonsmoking adults: a systematic review and meta-analysis,CC BY,False,True,PeerJ. 2026 Jan 14;14:e20639. doi: 10.7717/peerj.20639,D:\medical_rag\data\pmc_oa\PMC12811966.1,txt(49406B);json(2048B)
2026-09-15T08:14:10Z,PMC5078799,1,27779208,Racial differences in microRNA and gene expression in hypertensive women,CC BY,False,True,Sci Rep. 2016 Oct 25;6:35815. doi: 10.1038/srep35815,D:\medical_rag\data\pmc_oa\PMC5078799.1,txt(67594B);json(1619B)
2026-09-15T08:14:10Z,PMC5747597,1,29246880,The QardioArm App in the Assessment of Blood Pressure and Heart Rate: Reliability and Validity Study,CC BY,False,True,JMIR Mhealth Uhealth. 2017 Dec 15;5(12):e198. doi: 10.2196/mhealth.8458,D:\medical_rag\data\pmc_oa\PMC5747597.1,txt(42798B);json(1335B)
2026-09-15T08:14:13Z,PMC3767941,1,24217260,Awareness of hypertension and factors associated with uncontrolled hypertension in Sudanese adults,CC BY,False,True,Cardiovasc J Afr. 2013 Aug;24(6):208–12. doi: 10.5830/CVJA-2013-035,D:\medical_rag\data\pmc_oa\PMC3767941.1,txt(30839B);json(1002B)
2026-09-15T08:14:13Z,PMC8045338,1,33853574,"Occupational lifting and risk of hypertension, stratified by use of anti-hypertensives and age - a cross-sectional and prospective cohort study",CC BY,False,True,BMC Public Health. 2021 Apr 14;21:721. doi: 10.1186/s12889-021-10651-w,D:\medical_rag\data\pmc_oa\PMC8045338.1,txt(55974B);json(1971B)
2026-09-15T08:14:14Z,PMC6371567,1,30755202,sRAGE and early signs of cardiac target organ damage in mild hypertensives,CC BY,False,True,Cardiovasc Diabetol. 2019 Feb 12;18:17. doi: 10.1186/s12933-019-0821-5,D:\medical_rag\data\pmc_oa\PMC6371567.1,txt(43656B);json(1109B)
2026-09-15T08:14:16Z,PMC9692622,1,36430967,Essential Hypertension and Oxidative Stress: Novel Future Perspectives,CC BY,False,True,Int J Mol Sci. 2022 Nov 21;23(22):14489. doi: 10.3390/ijms232214489,D:\medical_rag\data\pmc_oa\PMC9692622.1,txt(57655B);json(1384B)
2026-09-15T08:14:16Z,PMC4894669,1,27303586,Etiology of endocrine arterial hypertensions: about a series of cases,CC BY,False,True,Pan Afr Med J. 2016 Apr 7;23:170. [Article in French] doi: 10.11604/pamj.2016.23.170.8968,D:\medical_rag\data\pmc_oa\PMC4894669.1,txt(26573B);json(1402B)
2026-09-15T08:14:17Z,PMC7827637,1,33435187,Effectively Prescribing Oral Magnesium Therapy for Hypertension: A Categorized Systematic Review of 49 Clinical Trials,CC BY,False,True,Nutrients. 2021 Jan 10;13(1):195. doi: 10.3390/nu13010195,D:\medical_rag\data\pmc_oa\PMC7827637.1,txt(63872B);json(914B)
2026-09-15T08:14:19Z,PMC1361785,1,16426452,Left ventricular geometric patterns in newly presenting nigerian hypertensives: An echocardiographic study,CC BY,False,True,BMC Cardiovasc Disord. 2006 Jan 20;6:4. doi: 10.1186/1471-2261-6-4,D:\medical_rag\data\pmc_oa\PMC1361785.1,txt(28498B);json(783B)
2026-09-15T08:14:19Z,PMC1501045,1,16753071,Under- treatment and under diagnosis of hypertension: a serious problem in the United Arab Emirates,CC BY,False,True,BMC Cardiovasc Disord. 2006 Jun 6;6:24. doi: 10.1186/1471-2261-6-24,D:\medical_rag\data\pmc_oa\PMC1501045.1,txt(29798B);json(778B)
2026-09-15T08:14:20Z,PMC12542130,1,41126137,"Hypertension prevalence and associated factors among bank workers in Africa, 2024: a systematic review and meta-analysis ",CC BY,False,True,BMC Public Health. 2025 Oct 22;25:3563. doi: 10.1186/s12889-025-24706-9,D:\medical_rag\data\pmc_oa\PMC12542130.1,txt(78495B);json(2512B)
2026-09-15T08:14:20Z,PMC3971618,1,18997987,"Characterisation of left ventricular function by tissue Doppler imaging technique in newly diagnosed, untreated hypertensive subjects",CC BY,False,True,Cardiovasc J Afr. 2008 Oct;19(5):259–63.,D:\medical_rag\data\pmc_oa\PMC3971618.1,txt(33491B);json(767B)
2026-09-15T08:14:22Z,PMC3721924,1,21713301,Relationship between Tei index of myocardial performance and left ventricular geometry in Nigerians with systemic hypertension,CC BY,False,True,Cardiovasc J Afr. 2011 Jun;22(3):124–7. doi: 10.5830/CVJA-2010-050,D:\medical_rag\data\pmc_oa\PMC3721924.1,txt(26986B);json(805B)
2026-09-15T08:14:22Z,PMC8319704,2,34325747,"Morbidity and mortality outcomes of COVID-19 patients with and without hypertension in Lagos, Nigeria: a retrospective cohort study",CC BY,False,True,Glob Health Res Policy. 2021 Jul 29;6:26. doi: 10.1186/s41256-021-00210-6,D:\medical_rag\data\pmc_oa\PMC8319704.2,txt(36131B);json(1062B)
2026-09-15T08:14:23Z,PMC3721765,1,19575081,Relationship between left ventricular diastolic function and geometric patterns in Nigerians with newly diagnosed systemic hypertension,CC BY,False,True,Cardiovasc J Afr. 2009 May;20(3):173–7.,D:\medical_rag\data\pmc_oa\PMC3721765.1,txt(28423B);json(768B)
2026-09-15T08:14:23Z,PMC7382460,1,32709890,Impact of an active lifestyle on heart rate variability and oxidative stress markers in offspring of hypertensives,CC BY,False,True,Sci Rep. 2020 Jul 24;10:12439. doi: 10.1038/s41598-020-69104-w,D:\medical_rag\data\pmc_oa\PMC7382460.1,txt(38686B);json(1477B)
2026-09-15T08:14:25Z,PMC12224910,1,40134277,Immunotherapy for hypertensive end-organ damage: a new therapeutic strategy,CC BY,False,True,Essays Biochem. 2025 Mar 25:EBC20243000. doi: 10.1042/EBC20243000,D:\medical_rag\data\pmc_oa\PMC12224910.1,txt(45527B);json(990B)
2026-09-15T08:14:25Z,PMC6451770,1,30596987,Does pregnancy complication history improve cardiovascular disease risk prediction? Findings from the HUNT study in Norway,CC BY,False,True,Eur Heart J. 2018 Dec 27;40(14):1113–20. doi: 10.1093/eurheartj/ehy863,D:\medical_rag\data\pmc_oa\PMC6451770.1,txt(56895B);json(1332B)
2026-09-15T08:14:26Z,PMC2706218,1,19534800,Profile and predictor of health-related quality of life among hypertensive patients in south-western Nigeria,CC BY,False,True,BMC Cardiovasc Disord. 2009 Jun 17;9:25. doi: 10.1186/1471-2261-9-25,D:\medical_rag\data\pmc_oa\PMC2706218.1,txt(35047B);json(788B)
2026-09-15T08:14:26Z,PMC11346707,1,39114902,Impact of Hypertension on the Dose-Response Association Between Physical Activity and Stroke: A Cohort Study,CC BY,False,True,Stroke. 2024 Aug 8;55(9):2231–9. doi: 10.1161/STROKEAHA.123.045870,D:\medical_rag\data\pmc_oa\PMC11346707.1,txt(38273B);json(1330B)
2026-09-15T08:14:28Z,PMC7315309,1,32626776,"Risk Factors of Hypertension among Diabetic Patients from Yaoundé Central Hospital and Etoug-Ebe Baptist Health Centre, Cameroon",CC BY,False,True,J Diabetes Res. 2020 Jun 15;2020:1853516. doi: 10.1155/2020/1853516,D:\medical_rag\data\pmc_oa\PMC7315309.1,txt(40540B);json(806B)
2026-09-15T08:14:28Z,PMC4241593,1,25629540,The proposed role of plasma NT pro-brain natriuretic peptide in assessing cardiac remodelling in hypertensive African subjects,CC BY,False,True,Cardiovasc J Afr. 2014 Sep-Oct;25(5):233–8. doi: 10.5830/CVJA-2014-050,D:\medical_rag\data\pmc_oa\PMC4241593.1,txt(32856B);json(933B)
2026-09-15T08:14:29Z,PMC10531143,1,37309807,Characterizing the hypertensive cardiovascular phenotype in the UK Biobank,CC BY,False,True,Eur Heart J Cardiovasc Imaging. 2023 Jun 13;24(10):1352–60. doi: 10.1093/ehjci/jead123,D:\medical_rag\data\pmc_oa\PMC10531143.1,txt(53479B);json(1200B)
2026-09-15T08:14:29Z,PMC4796473,1,25560353,Erectile Dysfunction Among Male Hypertensives in a Tertiary Health Facility in South-West Nigeria,CC BY,False,True,Glob J Health Sci. 2014 Aug 22;7(1):154–60. doi: 10.5539/gjhs.v7n1p154,D:\medical_rag\data\pmc_oa\PMC4796473.1,txt(24112B);json(780B)
2026-09-15T08:14:31Z,PMC3236837,1,22166145,Validation of an arterial tortuosity measure with application to hypertension collection of clinical hypertensive patients,CC BY,False,True,BMC Bioinformatics. 2011 Oct 18;12(Suppl 10):S15. doi: 10.1186/1471-2105-12-S10-S15,D:\medical_rag\data\pmc_oa\PMC3236837.1,txt(50734B);json(2229B)
2026-09-15T08:14:31Z,PMC1877813,1,17490489,Does the aldosterone: renin ratio predict the efficacy of spironolactone over bendroflumethiazide in hypertension? A clinical trial protocol for RENALDO (RENin-ALDOsterone) study,CC BY,False,True,BMC Cardiovasc Disord. 2007 May 9;7:14. doi: 10.1186/1471-2261-7-14,D:\medical_rag\data\pmc_oa\PMC1877813.1,txt(33482B);json(1081B)
2026-09-15T08:14:32Z,PMC10955738,1,38524817,Investigation of the involvement of platelet-activating factor in the control of hypertension by aerobic training. A randomized controlled trial,CC BY-SA,False,True,Biol Sport. 2023 Nov 17;41(2):163–74. doi: 10.5114/biolsport.2024.131819,D:\medical_rag\data\pmc_oa\PMC10955738.1,txt(61936B);json(1177B)
2026-09-15T08:14:32Z,PMC10487958,1,37685560,Symptoms in Hypertensive Patients Presented to the Emergency Medical Service: A Comprehensive Retrospective Analysis in Clinical Settings,CC BY,False,True,J Clin Med. 2023 Aug 24;12(17):5495. doi: 10.3390/jcm12175495,D:\medical_rag\data\pmc_oa\PMC10487958.1,txt(46575B);json(814B)
2026-09-15T08:14:34Z,PMC9840603,1,36641500,Lactate dehydrogenase is associated with flow-mediated dilation in hypertensive patients,CC BY,False,True,Sci Rep. 2023 Jan 14;13:768. doi: 10.1038/s41598-023-27614-3,D:\medical_rag\data\pmc_oa\PMC9840603.1,txt(49070B);json(1009B)
2026-09-15T08:14:35Z,PMC2065870,1,17854487,Interactions between the adducin 2 gene and antihypertensive drug therapies in determining blood pressure in people with hypertension,CC BY,False,True,BMC Med Genet. 2007 Sep 13;8:61. doi: 10.1186/1471-2350-8-61,D:\medical_rag\data\pmc_oa\PMC2065870.1,txt(49089B);json(1230B)
2026-09-15T08:14:35Z,PMC11975859,1,40201787,Knowledge domains and hotspots of the association between hypertension and noise: a bibliometric analysis and visualization study from 2003 to 2023,CC BY,False,True,Front Cardiovasc Med. 2025 Mar 25;12:1492051. doi: 10.3389/fcvm.2025.1492051,D:\medical_rag\data\pmc_oa\PMC11975859.1,txt(54558B);json(2024B)
2026-09-15T08:14:36Z,PMC3848873,1,24053215,Prevalence and risk factors for resistant hypertension among hypertensive patients from a developing country,CC BY,False,True,BMC Res Notes. 2013 Sep 21;6:373. doi: 10.1186/1756-0500-6-373,D:\medical_rag\data\pmc_oa\PMC3848873.1,txt(39378B);json(783B)
2026-09-15T08:14:38Z,PMC11739250,1,39269577,Anti-hypertensive medications and erectile dysfunction: focus on β-blockers,CC BY,False,True,Endocrine. 2024 Sep 13;87(1):11–26. doi: 10.1007/s12020-024-04020-x,D:\medical_rag\data\pmc_oa\PMC11739250.1,txt(88347B);json(1346B)
2026-09-15T08:14:38Z,PMC1090564,1,15811183,Angiotensinogen M235T gene variants and its association with essential hypertension and plasma renin activity in Malaysian subjects: A case control study,CC BY,False,True,BMC Cardiovasc Disord. 2005 Apr 5;5:7. doi: 10.1186/1471-2261-5-7,D:\medical_rag\data\pmc_oa\PMC1090564.1,txt(40456B);json(1051B)
2026-09-15T08:14:39Z,PMC5690584,1,29145428,Abnormal brain white matter microstructure is associated with both pre-hypertension and hypertension,CC BY,False,True,PLoS One. 2017 Nov 16;12(11):e0187600. doi: 10.1371/journal.pone.0187600,D:\medical_rag\data\pmc_oa\PMC5690584.1,txt(51700B);json(1824B)
2026-09-15T08:14:39Z,PMC9386961,1,35982441,Prevalence and risk factors of prehypertension and hypertension in Algeria,CC BY,False,True,BMC Public Health. 2022 Aug 18;22:1571. doi: 10.1186/s12889-022-13942-y,D:\medical_rag\data\pmc_oa\PMC9386961.1,txt(70103B);json(895B)
2026-09-15T08:14:41Z,PMC5319785,1,28222112,Genome-wide study of resistant hypertension identified from electronic health records,CC0,False,True,PLoS One. 2017 Feb 21;12(2):e0171745. doi: 10.1371/journal.pone.0171745,D:\medical_rag\data\pmc_oa\PMC5319785.1,txt(77920B);json(2525B)
2026-09-15T08:14:42Z,PMC12678194,1,41356094,Identification of an Exosomal miRNA Signature in Newly Diagnosed Essential Hypertensive Adults,CC BY,False,True,Br J Biomed Sci. 2025 Nov 21;82:14780. doi: 10.3389/bjbs.2025.14780,D:\medical_rag\data\pmc_oa\PMC12678194.1,txt(77449B);json(1779B)
2026-09-15T08:14:42Z,PMC11637408,1,39666621,Association between Angiotensin-converting enzyme (ACE) insertion/deletion polymorphism and hypertension in a Ghanaian population,CC BY,False,True,PLoS One. 2024 Dec 12;19(12):e0311692. doi: 10.1371/journal.pone.0311692,D:\medical_rag\data\pmc_oa\PMC11637408.1,txt(62524B);json(2177B)
2026-09-15T08:14:43Z,PMC11720251,1,39795981,Hypertension: A Continuing Public Healthcare Issue,CC BY,False,True,Int J Mol Sci. 2024 Dec 26;26(1):123. doi: 10.3390/ijms26010123,D:\medical_rag\data\pmc_oa\PMC11720251.1,txt(75394B);json(1063B)
2026-09-15T08:14:44Z,PMC4197296,1,25297796,"Uncontrolled hypertension among hypertensive patients on treatment in Lupane District, Zimbabwe, 2012",CC BY,False,True,BMC Res Notes. 2014 Oct 8;7:703. doi: 10.1186/1756-0500-7-703,D:\medical_rag\data\pmc_oa\PMC4197296.1,txt(37578B);json(908B)
2026-09-15T08:14:45Z,PMC4534050,1,26264919,Extracellular volume quantification in isolated hypertension - changes at the detectable limits?,CC BY,False,True,J Cardiovasc Magn Reson. 2015 Aug 12;17(1):74. doi: 10.1186/s12968-015-0176-3,D:\medical_rag\data\pmc_oa\PMC4534050.1,txt(46703B);json(1136B)
2026-09-15T08:14:45Z,PMC4222027,1,24274431,A multifaceted strategy using mobile technology to assist rural primary healthcare doctors and frontline health workers in cardiovascular disease risk management: protocol for the SMARTHealth India cl,CC BY,False,True,Implement Sci. 2013 Nov 25;8:137. doi: 10.1186/1748-5908-8-137,D:\medical_rag\data\pmc_oa\PMC4222027.1,txt(34943B);json(1134B)
2026-09-15T08:14:46Z,PMC1594582,1,16959033,"A randomized, double blind, cross-over, placebo-controlled clinical trial to assess the effects of Candesartan on the insulin sensitivity on non diabetic, non hypertense subjects with dysglyce mia and",CC BY,False,True,Trials. 2006 Sep 7;7:28. doi: 10.1186/1745-6215-7-28,D:\medical_rag\data\pmc_oa\PMC1594582.1,txt(55949B);json(1218B)
2026-09-15T08:14:47Z,PMC1947951,1,17645789,Resequencing PNMT in European hypertensive and normotensive individuals: no common susceptibilily variants for hypertension and purifying selection on intron 1,CC BY,False,True,BMC Med Genet. 2007 Jul 23;8:47. doi: 10.1186/1471-2350-8-47,D:\medical_rag\data\pmc_oa\PMC1947951.1,txt(48060B);json(1156B)
2026-09-15T08:14:48Z,PMC3566173,1,23405075,Pregnancy Outcomes of Anti-Hypertensives for Women with Chronic Hypertension: A Population-Based Study,CC BY,False,True,PLoS One. 2013 Feb 6;8(2):e53844. doi: 10.1371/journal.pone.0053844,D:\medical_rag\data\pmc_oa\PMC3566173.1,txt(43428B);json(1316B)
2026-09-15T08:14:48Z,PMC9657840,1,36362405,Natriuretic Peptides—New Targets for Neurocontrol of Blood Pressure via Baroreflex Afferent Pathway,CC BY,False,True,Int J Mol Sci. 2022 Nov 7;23(21):13619. doi: 10.3390/ijms232113619,D:\medical_rag\data\pmc_oa\PMC9657840.1,txt(56872B);json(1826B)
2026-09-15T08:14:49Z,PMC8696230,1,34846787,Treatment of hypertension with angiotensin‐converting enzyme inhibitors or angiotensin receptor blockers and resting metabolic rate: A cross‐sectional study,CC BY,False,True,J Clin Hypertens (Greenwich). 2021 Nov 30;23(12):2106–14. doi: 10.1111/jch.14392,D:\medical_rag\data\pmc_oa\PMC8696230.1,txt(41857B);json(973B)
2026-09-15T08:14:51Z,PMC11001573,1,38379031,Multifactorial prevention program for cardiovascular disease in primary care: hypertension status and effect on mortality,CC BY,False,True,J Hum Hypertens. 2024 Feb 20;38(4):322–8. doi: 10.1038/s41371-024-00900-x,D:\medical_rag\data\pmc_oa\PMC11001573.1,txt(36715B);json(1061B)
2026-09-15T08:14:51Z,PMC5423430,1,27177043,Non-dipper hypertension is associated with slow coronary flow among hypertensives with normal coronary angiogram,CC BY,False,True,Cardiovasc J Afr. 2017 Jan-Feb;28(1):14–8. doi: 10.5830/CVJA-2016-045,D:\medical_rag\data\pmc_oa\PMC5423430.1,txt(32034B);json(794B)
2026-09-15T08:14:52Z,PMC11267951,1,39044296,"Dietary adherence and associated factors among hypertensive patients in governmental hospitals of Guji zone, Oromia, Ethiopia",CC BY,False,True,J Health Popul Nutr. 2024 Jul 23;43:108. doi: 10.1186/s41043-024-00598-0,D:\medical_rag\data\pmc_oa\PMC11267951.1,txt(50430B);json(1062B)
2026-09-15T08:14:52Z,PMC3414744,1,22471424,Individual-based primary prevention of cardiovascular disease in Cambodia and Mongolia: early identification and management of hypertension and diabetes mellitus,CC BY,False,True,BMC Public Health. 2012 Apr 2;12:254. doi: 10.1186/1471-2458-12-254,D:\medical_rag\data\pmc_oa\PMC3414744.1,txt(44255B);json(842B)
2026-09-15T08:14:54Z,PMC11262345,1,39077709,Physical Activity and Hypertension,CC BY,False,True,Rev Cardiovasc Med. 2022 Sep 5;23(9):302. doi: 10.31083/j.rcm2309302,D:\medical_rag\data\pmc_oa\PMC11262345.1,txt(73166B);json(850B)
2026-09-15T08:14:54Z,PMC3523141,1,23304451,"Serum Lipid Profile of Newly Diagnosed Hypertensive Patients in Nnewi, South-East Nigeria",CC BY,False,True,Int J Hypertens. 2012 Dec 4;2012:710486. doi: 10.1155/2012/710486,D:\medical_rag\data\pmc_oa\PMC3523141.1,txt(34087B);json(763B)
2026-09-15T08:14:54Z,PMC7467615,1,32952834,Serum uric acid and left ventricular hypertrophy in hypertensive patients in Ado-Ekiti,CC BY,False,True,Pan Afr Med J. 2020 Jul 16;36:190. doi: 10.11604/pamj.2020.36.190.21072,D:\medical_rag\data\pmc_oa\PMC7467615.1,txt(40779B);json(1102B)
2026-09-15T08:14:56Z,PMC9704679,1,36441726,The impact of increasing expenditure on National Essential Public Health Services on the medical costs of hypertension in China: A difference-in-difference analysis,CC BY,False,True,PLoS One. 2022 Nov 28;17(11):e0278026. doi: 10.1371/journal.pone.0278026,D:\medical_rag\data\pmc_oa\PMC9704679.1,txt(90056B);json(2497B)
2026-09-15T08:14:57Z,PMC6515018,1,31183214,"Regional Variation in Comorbid Prediabetes and Diabetes and Associated Factors among Hypertensive Individuals in Rural Bangladesh, Pakistan, and Sri Lanka",CC BY,False,True,J Obes. 2019 Apr 30;2019:4914158. doi: 10.1155/2019/4914158,D:\medical_rag\data\pmc_oa\PMC6515018.1,txt(60596B);json(941B)
2026-09-15T08:14:57Z,PMC3721905,1,22732892,Early diastolic functional abnormalities in normotensive offspring of Nigerian hypertensives,CC BY,False,True,Cardiovasc J Afr. 2012 Jun;23(5):255–9. doi: 10.5830/CVJA-2011-030,D:\medical_rag\data\pmc_oa\PMC3721905.1,txt(32282B);json(771B)
2026-09-15T08:14:58Z,PMC9690494,1,36421646,A Study on Types of Medication Adherence in Hypertension among Older Patients and Influencing Factors,CC BY,False,True,Healthcare (Basel). 2022 Nov 20;10(11):2322. doi: 10.3390/healthcare10112322,D:\medical_rag\data\pmc_oa\PMC9690494.1,txt(36023B);json(925B)
2026-09-15T08:14:59Z,PMC10548403,1,37799258,Parental History of Hypertension: A Risk for Autonomic Dysfunction and Metabolic and Vascular Derangement in Normotensive Male Offspring,CC BY,False,True,Cureus. 2023 Sep 4;15(9):e44636. doi: 10.7759/cureus.44636,D:\medical_rag\data\pmc_oa\PMC10548403.1,txt(41040B);json(811B)
2026-09-15T08:15:00Z,PMC10062544,1,36996126,Initial mean arterial blood pressure (MABP) measurement is a risk factor for mortality in hypertensive COVID-19 positive hospitalized patients,CC0,False,True,PLoS One. 2023 Mar 30;18(3):e0283331. doi: 10.1371/journal.pone.0283331,D:\medical_rag\data\pmc_oa\PMC10062544.1,txt(70880B);json(2192B)
2026-09-15T08:15:00Z,PMC5992231,1,29881931,Recent Findings in the Genetics of Blood Pressure: How to Apply in Practice or Is a Moonshot Required?,CC BY,False,True,Curr Hypertens Rep. 2018 Jun 7;20(6):54. doi: 10.1007/s11906-018-0863-1,D:\medical_rag\data\pmc_oa\PMC5992231.1,txt(28446B);json(920B)
2026-09-15T08:15:01Z,PMC10916801,1,37948561,"Genetic polymorphisms in the angiotensin converting enzyme, actinin 3 and paraoxonase 1 genes in women with diabetes and hypertension",CC BY,False,True,Arch Endocrinol Metab. 2023 Nov 10;68:e210204. doi: 10.20945/2359-4292-2021-0204,D:\medical_rag\data\pmc_oa\PMC10916801.1,txt(33662B);json(976B)
2026-09-15T08:15:02Z,PMC12237589,1,39805597,"Comprehensive Assessment of the Impact of Blood Pressure, Body Mass Index, Smoking, and Diabetes on Healthy Life Expectancy in Japan: NIPPON DATA90",CC BY,False,True,J Epidemiol. 2025 Aug 5;35(8):349–54. doi: 10.2188/jea.JE20240298,D:\medical_rag\data\pmc_oa\PMC12237589.1,txt(35781B);json(1055B)
2026-09-15T08:15:03Z,PMC11016838,1,38124494,Medical Measures in Hypertensives Considered Resistant,CC BY,False,True,Am J Hypertens. 2023 Dec 20;37(5):307–17. doi: 10.1093/ajh/hpad118,D:\medical_rag\data\pmc_oa\PMC11016838.1,txt(64248B);json(1344B)
2026-09-15T08:15:03Z,PMC10917100,1,37942991,Emotional dampening in hypertension: Impaired recognition of implicit emotional content in auditory and cross‐modal stimuli,CC BY,False,True,Psych J. 2023 Nov 9;13(1):124–38. doi: 10.1002/pchj.704,D:\medical_rag\data\pmc_oa\PMC10917100.1,txt(74385B);json(1526B)
2026-09-15T08:15:04Z,PMC2940768,1,20796317,E-selectin gene polymorphisms are associated with essential hypertension: a case-control pilot study in a Chinese population,CC BY,False,True,BMC Med Genet. 2010 Aug 27;11:127. doi: 10.1186/1471-2350-11-127,D:\medical_rag\data\pmc_oa\PMC2940768.1,txt(33557B);json(928B)
2026-09-15T08:15:06Z,PMC9181472,1,35683499,"Polysomnographic Evaluation of Sleep Bruxism Intensity and Sleep Architecture in Nonapneic Hypertensives: A Prospective, Observational Study",CC BY,False,True,J Clin Med. 2022 May 31;11(11):3113. doi: 10.3390/jcm11113113,D:\medical_rag\data\pmc_oa\PMC9181472.1,txt(39215B);json(1036B)
2026-09-15T08:15:06Z,PMC9195252,1,35698035,Prevalence and prognosis of left ventricular diastolic dysfunction in community hypertension patients,CC BY,False,True,BMC Cardiovasc Disord. 2022 Jun 13;22:265. doi: 10.1186/s12872-022-02709-3,D:\medical_rag\data\pmc_oa\PMC9195252.1,txt(42813B);json(1144B)
2026-09-15T08:15:07Z,PMC5326029,1,28292139,"Hypertension in the Ferlo (Northern Senegal): prevalence, awareness, treatment and control",CC BY,False,True,Pan Afr Med J. 2016 Nov 21;25:177. doi: 10.11604/pamj.2016.25.177.10105,D:\medical_rag\data\pmc_oa\PMC5326029.1,txt(34113B);json(906B)
2026-09-15T08:15:07Z,PMC10854423,1,38344745,"Prevalence, Risk Factors and Cardiovascular Comorbidities of Resistant Hypertension among Treated Hypertensives in a Nigerian Population",CC BY,False,True,Glob Heart. 2024 Feb 7;19(1):17. doi: 10.5334/gh.1296,D:\medical_rag\data\pmc_oa\PMC10854423.1,txt(47138B);json(801B)
2026-09-15T08:15:09Z,PMC3721881,1,21161117,"Global cardiovascular risk profiles of untreated hypertensives in an urban, developing community in Africa",CC BY,False,True,Cardiovasc J Afr. 2011 Oct;22(5):261–7. doi: 10.5830/CVJA-2010-094,D:\medical_rag\data\pmc_oa\PMC3721881.1,txt(41806B);json(909B)
2026-09-15T08:15:09Z,PMC2888343,1,20606939,"Prevalence, Awareness, Treatment, and Control of Hypertension in Rural Areas of Davanagere",CC BY,False,True,Indian J Community Med. 2010 Jan;35(1):138–41. doi: 10.4103/0970-0218.62578,D:\medical_rag\data\pmc_oa\PMC2888343.1,txt(15395B);json(780B)
2026-09-15T08:15:10Z,PMC1247478,1,15289163,"Lead, Diabetes, Hypertension, and Renal Function: The Normative Aging Study",CC0,False,True,Environ Health Perspect. 2004 Jun 3;112(11):1178–82. doi: 10.1289/ehp.7024,D:\medical_rag\data\pmc_oa\PMC1247478.1,txt(41171B);json(879B)
2026-09-15T08:15:10Z,PMC8476992,1,34594360,Circulating Levels of MicroRNAs Associated With Hypertension: A Cross-Sectional Study in Male and Female South African Participants,CC BY,False,True,Front Genet. 2021 Sep 14;12:710438. doi: 10.3389/fgene.2021.710438,D:\medical_rag\data\pmc_oa\PMC8476992.1,txt(47224B);json(1141B)
2026-09-15T08:15:12Z,PMC9645600,1,36350810,"Primary hypertension, anti-hypertensive medications and the risk of severe COVID-19 in UK Biobank",CC BY,False,True,PLoS One. 2022 Nov 9;17(11):e0276781. doi: 10.1371/journal.pone.0276781,D:\medical_rag\data\pmc_oa\PMC9645600.1,txt(48966B);json(1620B)
2026-09-15T08:15:13Z,PMC10800050,1,38245677,Obesity-and lipid-related indices as a risk factor of hypertension in mid-aged and elderly Chinese: a cross-sectional study,CC BY,False,True,BMC Geriatr. 2024 Jan 20;24:77. doi: 10.1186/s12877-023-04650-2,D:\medical_rag\data\pmc_oa\PMC10800050.1,txt(53310B);json(1165B)
2026-09-15T08:15:13Z,PMC5409651,1,28441727,"Job Strain and Casual Blood Pressure Distribution: Looking beyond the Adjusted Mean and Taking Gender, Age, and Use of Antihypertensives into Account. Results from ELSA-Brasil",CC BY,False,True,Int J Environ Res Public Health. 2017 Apr 22;14(4):451. doi: 10.3390/ijerph14040451,D:\medical_rag\data\pmc_oa\PMC5409651.1,txt(64214B);json(1518B)
2026-09-15T08:15:13Z,PMC11288809,1,39086805,Random forest model used to predict the medical out-of-pocket costs of hypertensive patients,CC BY,False,True,Front Public Health. 2024 Jul 17;12:1382354. doi: 10.3389/fpubh.2024.1382354,D:\medical_rag\data\pmc_oa\PMC11288809.1,txt(46392B);json(1226B)
2026-09-15T08:15:15Z,PMC10444873,1,37607949,A novel index for measuring the impact of devices on hypertension,CC BY,False,True,Sci Rep. 2023 Aug 22;13:13651. doi: 10.1038/s41598-023-39943-4,D:\medical_rag\data\pmc_oa\PMC10444873.1,txt(27416B);json(1662B)
2026-09-15T08:15:16Z,PMC7069391,1,31656098,Cerebral Blood Flow Response to Simulated Hypovolemia in Essential Hypertension: A Magnetic Resonance Imaging Study,CC BY,False,True,Hypertension. 2019 Oct 28;74(6):1391–8. doi: 10.1161/HYPERTENSIONAHA.119.13229,D:\medical_rag\data\pmc_oa\PMC7069391.1,txt(41339B);json(1842B)
2026-09-15T08:15:16Z,PMC3066207,1,21479272,Psoriasis and Hypertension Severity: Results from a Case-Control Study,CC BY,False,True,PLoS One. 2011 Mar 29;6(3):e18227. doi: 10.1371/journal.pone.0018227,D:\medical_rag\data\pmc_oa\PMC3066207.1,txt(29209B);json(1184B)
2026-09-15T08:15:16Z,PMC8670729,1,34938898,Metabolic syndrome in hypertensive and non‐hypertensive subjects,CC BY,False,True,Health Sci Rep. 2021 Dec 14;4(4):e454. doi: 10.1002/hsr2.454,D:\medical_rag\data\pmc_oa\PMC8670729.1,txt(28537B);json(732B)
2026-09-15T08:15:18Z,PMC8778233,1,35054145,Right Heart Pulmonary Circulation Unit Response to Exercise in Patients with Controlled Systemic Arterial Hypertension: Insights from the RIGHT Heart International NETwork (RIGHT-NET),CC BY,False,True,J Clin Med. 2022 Jan 17;11(2):451. doi: 10.3390/jcm11020451,D:\medical_rag\data\pmc_oa\PMC8778233.1,txt(52913B);json(976B)
2026-09-15T08:15:19Z,PMC10134524,1,37101162,Diagnostic value of neutrophil gelatinase-associated lipocalin (NGAL) as an early biomarker for detection of renal failure in hypertensives: a case–control study in a regional hospital in Ghana,CC BY,False,True,BMC Nephrol. 2023 Apr 26;24:114. doi: 10.1186/s12882-023-03120-6,D:\medical_rag\data\pmc_oa\PMC10134524.1,txt(39559B);json(1236B)
2026-09-15T08:15:19Z,PMC4411519,1,25922799,Diabetes screening: a pending issue in hypertense/obese patients,CC BY,False,True,PeerJ. 2015 Apr 23;3:e914. doi: 10.7717/peerj.914,D:\medical_rag\data\pmc_oa\PMC4411519.1,txt(36704B);json(1047B)
2026-09-15T08:15:19Z,PMC3852223,1,24083440,Investigating silent strokes in hypertensives: a magnetic resonance imaging study (ISSYS): rationale and protocol design,CC BY,False,True,BMC Neurol. 2013 Oct 2;13:130. doi: 10.1186/1471-2377-13-130,D:\medical_rag\data\pmc_oa\PMC3852223.1,txt(42538B);json(1022B)
2026-09-15T08:15:22Z,PMC3598715,1,23414344,The prevalence of traditional herbal medicine use among hypertensives living in South African communities,CC BY,False,True,BMC Complement Altern Med. 2013 Feb 18;13:38. doi: 10.1186/1472-6882-13-38,D:\medical_rag\data\pmc_oa\PMC3598715.1,txt(35452B);json(792B)
2026-09-15T08:15:22Z,PMC12810801,1,41544084,Quality of life in hypertensive patients using the WHOQOL-BREF instrument in the post-pandemic Bangladesh: A cross-sectional study,CC BY,False,True,PLoS One. 2026 Jan 16;21(1):e0340897. doi: 10.1371/journal.pone.0340897,D:\medical_rag\data\pmc_oa\PMC12810801.1,txt(127679B);json(2284B)
2026-09-15T08:15:22Z,PMC4803201,1,27002634,Health Insurance Coverage and Hypertension Control in China: Results from the China Health and Nutrition Survey,CC BY,False,True,PLoS One. 2016 Mar 22;11(3):e0152091. doi: 10.1371/journal.pone.0152091,D:\medical_rag\data\pmc_oa\PMC4803201.1,txt(42160B);json(1733B)
2026-09-15T08:15:22Z,PMC4579246,1,26395925,Being as an iceberg: hypertensive treatment adherence experiences in southeast of Iran,CC BY,False,True,Glob Health Action. 2015 Sep 21;8:10.3402/gha.v8.28814. doi: 10.3402/gha.v8.28814,D:\medical_rag\data\pmc_oa\PMC4579246.1,txt(56276B);json(777B)
2026-09-15T08:15:25Z,PMC6010458,1,29925884,Uncontrolled hypertension increases risk of all-cause and cardiovascular disease mortality in US adults: the NHANES III Linked Mortality Study,CC BY,False,True,Sci Rep. 2018 Jun 20;8:9418. doi: 10.1038/s41598-018-27377-2,D:\medical_rag\data\pmc_oa\PMC6010458.1,txt(35510B);json(1063B)
2026-09-15T08:15:25Z,PMC11608614,1,39288253,"Reproducibility of daytime hypertension, night-time hypertension, and nocturnal blood pressure dipping patterns in young to middle age patients with stage 1 hypertension",CC BY,False,True,J Hypertens. 2024 Oct 11;43(1):128–35. doi: 10.1097/HJH.0000000000003874,D:\medical_rag\data\pmc_oa\PMC11608614.1,txt(43105B);json(1301B)
2026-09-15T08:15:25Z,PMC8235104,1,34205387,Altered Cardiovascular Reactivity to and Recovery from Cold Face Test-Induced Parasympathetic Stimulation in Essential Hypertension,CC BY,False,True,J Clin Med. 2021 Jun 19;10(12):2714. doi: 10.3390/jcm10122714,D:\medical_rag\data\pmc_oa\PMC8235104.1,txt(58838B);json(1229B)
2026-09-15T08:15:26Z,PMC6394668,1,30426220,Central systolic blood pressure and central pulse pressure predict left ventricular hypertrophy in hypertensive children,CC BY,False,True,Pediatr Nephrol. 2018 Nov 13;34(4):703–12. doi: 10.1007/s00467-018-4136-7,D:\medical_rag\data\pmc_oa\PMC6394668.1,txt(48498B);json(1369B)
2026-09-15T08:15:28Z,PMC12051716,1,40330332,"Exploring Knowledge of Hypertension and Treatment Adherence in Hypertensive Patients From Lahore, Pakistan",CC BY,False,True,Cureus. 2025 Apr 5;17(4):e81762. doi: 10.7759/cureus.81762,D:\medical_rag\data\pmc_oa\PMC12051716.1,txt(40126B);json(781B)
2026-09-15T08:15:28Z,PMC8395801,1,34495236,Hipertensão Arterial e Ácido Úrico Sérico em Idosos - Estudo SEPHAR III,CC BY,False,True,Arq Bras Cardiol. 2021 Aug 9;117(2):378–84. [Article in Portuguese] doi: 10.36660/abc.20200004,D:\medical_rag\data\pmc_oa\PMC8395801.1,txt(53617B);json(1037B)
2026-09-15T08:15:28Z,PMC8042020,1,33846434,COPD significantly increases cerebral and cardiovascular events in hypertensives,CC BY,False,True,Sci Rep. 2021 Apr 12;11:7884. doi: 10.1038/s41598-021-86963-z,D:\medical_rag\data\pmc_oa\PMC8042020.1,txt(36529B);json(1001B)
2026-09-15T08:15:29Z,PMC8582182,1,34763668,Antihypertensive treatments and risks of lung Cancer: a large population-based cohort study in Hong Kong,CC BY,False,True,BMC Cancer. 2021 Nov 11;21:1202. doi: 10.1186/s12885-021-08971-6,D:\medical_rag\data\pmc_oa\PMC8582182.1,txt(43375B);json(1028B)
2026-09-15T08:15:31Z,PMC3721772,1,19701538,Impact of income on the profile of cardiovascular risk factors among hypertensives in a Nigerian tertiary health centre: a cross-sectional study,CC BY,False,True,Cardiovasc J Afr. 2009 Aug;20(4):251–5.,D:\medical_rag\data\pmc_oa\PMC3721772.1,txt(30119B);json(777B)
2026-09-15T08:15:31Z,PMC8880395,1,35213621,"Health care seeking behaviour and financial protection of patients with hypertension: A cross-sectional study in rural West Bengal, India",CC BY,False,True,PLoS One. 2022 Feb 25;17(2):e0264314. doi: 10.1371/journal.pone.0264314,D:\medical_rag\data\pmc_oa\PMC8880395.1,txt(48966B);json(1557B)
2026-09-15T08:15:31Z,PMC12342259,1,40794648,Association between homocysteine levels and hypertension prevalence as well as all-cause mortality and cardiovascular mortality among hypertensive patients: A population-based study,CC BY,False,True,PLoS One. 2025 Aug 12;20(8):e0330267. doi: 10.1371/journal.pone.0330267,D:\medical_rag\data\pmc_oa\PMC12342259.1,txt(42842B);json(2025B)
2026-09-15T08:15:32Z,PMC3349540,1,22494468,Non-replication study of a genome-wide association study for hypertension and blood pressure in African Americans,CC BY,False,True,BMC Med Genet. 2012 Apr 11;13:27. doi: 10.1186/1471-2350-13-27,D:\medical_rag\data\pmc_oa\PMC3349540.1,txt(43323B);json(915B)
2026-09-15T08:15:34Z,PMC1236936,1,16156889,Validation of self reported diagnosis of hypertension in a cohort of university graduates in Spain,CC BY,False,True,BMC Public Health. 2005 Sep 12;5:94. doi: 10.1186/1471-2458-5-94,D:\medical_rag\data\pmc_oa\PMC1236936.1,txt(29657B);json(898B)
2026-09-15T08:15:34Z,PMC4759941,1,26893185,Hypertension unawareness among Chinese patients with first-ever stroke,CC BY,False,True,BMC Public Health. 2016 Feb 19;16:170. doi: 10.1186/s12889-016-2835-1,D:\medical_rag\data\pmc_oa\PMC4759941.1,txt(31330B);json(887B)
2026-09-15T08:15:35Z,PMC9714856,1,36454872,Interpretation of pre-morbid cardiac 3T MRI findings in overweight and hypertensive young adults,CC BY,False,True,PLoS One. 2022 Dec 1;17(12):e0278308. doi: 10.1371/journal.pone.0278308,D:\medical_rag\data\pmc_oa\PMC9714856.1,txt(79649B);json(2840B)
2026-09-15T08:15:35Z,PMC4247067,1,25178313,"Analysis on associated factors of uncontrolled hypertension among elderly hypertensive patients in Southern China: a community-based, cross-sectional survey",CC BY,False,True,BMC Public Health. 2014 Sep 2;14:903. doi: 10.1186/1471-2458-14-903,D:\medical_rag\data\pmc_oa\PMC4247067.1,txt(39335B);json(1189B)
2026-09-15T08:15:37Z,PMC6392805,1,29718876,Effects of slow breathing rate on heart rate variability and arterial baroreflex sensitivity in essential hypertension,CC BY-ND,False,True,Medicine (Baltimore). 2018 May 4;97(18):e0639. doi: 10.1097/MD.0000000000010639,D:\medical_rag\data\pmc_oa\PMC6392805.1,txt(23951B);json(1249B)
2026-09-15T08:15:37Z,PMC8983729,1,35383236,Impact of weather changes on hospital admissions for hypertension,CC BY,False,True,Sci Rep. 2022 Apr 5;12:5716. doi: 10.1038/s41598-022-09644-5,D:\medical_rag\data\pmc_oa\PMC8983729.1,txt(35550B);json(983B)
2026-09-15T08:15:38Z,PMC11407953,1,39296578,Missed opportunities for hypertension screening of older people in the Philippines: cross-sectional analysis of nationally representative individual-level data,CC BY,False,True,Lancet Reg Health West Pac. 2024 Sep 4;50:101188. doi: 10.1016/j.lanwpc.2024.101188,D:\medical_rag\data\pmc_oa\PMC11407953.1,txt(60408B);json(1069B)
2026-09-15T08:15:39Z,PMC1559722,1,16923191,Negative association of endothelial nitric oxide gene polymorphism with hypertension in Turkish patients: effect of ecNOS polymorphism on left ventricular hypertrophy,CC BY,False,True,Cardiovasc Ultrasound. 2006 Aug 21;4:33. doi: 10.1186/1476-7120-4-33,D:\medical_rag\data\pmc_oa\PMC1559722.1,txt(25563B);json(846B)
2026-09-15T08:15:41Z,PMC9901094,1,36747137,Impact of free maternity services on outcomes related to hypertensive disorders of pregnancy at Moi Teaching and Referral Hospital in Kenya: a retrospective analysis,CC BY,False,True,BMC Pregnancy Childbirth. 2023 Feb 6;23:98. doi: 10.1186/s12884-023-05381-3,D:\medical_rag\data\pmc_oa\PMC9901094.1,txt(44451B);json(989B)
2026-09-15T08:15:41Z,PMC2958444,1,20981300,The Relationship between the Transforming Growth Factor β1 T29C Gene Polymorphism and Left Ventricular Geometry and Function in Hypertensive Subjects,CC BY,False,True,Int J Hypertens. 2010 Mar 23;2010:647147. doi: 10.4061/2010/647147,D:\medical_rag\data\pmc_oa\PMC2958444.1,txt(34908B);json(1055B)
2026-09-15T08:15:41Z,PMC12634942,1,40542975,The future of biomarkers for vascular contributions to cognitive impairment and dementia (VCID): proceedings of the 2025 annual workshop of the Albert research institute for white matter and cognition,CC BY,False,True,GeroScience. 2025 Jun 21;47(5):6177–90. doi: 10.1007/s11357-025-01746-y,D:\medical_rag\data\pmc_oa\PMC12634942.1,txt(69992B);json(896B)
2026-09-15T08:15:42Z,PMC10256605,1,35835860,Implementation of the 2018 ESC/ESH Guidelines for the management of hypertension in primary care: the HYPEDIA study,CC BY,False,True,J Hum Hypertens. 2022 Jul 14;37(6):449–54. doi: 10.1038/s41371-022-00713-w,D:\medical_rag\data\pmc_oa\PMC10256605.1,txt(33957B);json(1056B)
2026-09-15T08:15:44Z,PMC3721535,1,20224841,Relationship between left ventricular geometric pattern and systolic and diastolic function in treated Nigerian hypertensives,CC BY,False,True,Cardiovasc J Afr. 2010 Feb;21(1):21–5.,D:\medical_rag\data\pmc_oa\PMC3721535.1,txt(29318B);json(757B)
2026-09-15T08:15:44Z,PMC10503878,1,37719515,Beyond Conventional Control: Insights Into Drug-Resistant Hypertension,CC BY,False,True,Cureus. 2023 Aug 17;15(8):e43617. doi: 10.7759/cureus.43617,D:\medical_rag\data\pmc_oa\PMC10503878.1,txt(36133B);json(994B)
2026-09-15T08:15:44Z,PMC7268748,1,32493255,"The cascade of care in managing hypertension in the Arab world: a systematic assessment of the evidence on awareness, treatment and control",CC BY,False,True,BMC Public Health. 2020 Jun 3;20:835. doi: 10.1186/s12889-020-08678-6,D:\medical_rag\data\pmc_oa\PMC7268748.1,txt(68006B);json(1508B)
2026-09-15T08:15:46Z,PMC8209386,1,34149454,Dysregulation of the Excitatory Renal Reflex in the Sympathetic Activation of Spontaneously Hypertensive Rat,CC BY,False,True,Front Physiol. 2021 Jun 3;12:673950. doi: 10.3389/fphys.2021.673950,D:\medical_rag\data\pmc_oa\PMC8209386.1,txt(36790B);json(1334B)
2026-09-15T08:15:47Z,PMC9228912,1,35812259,"Prevalence, complications and factors associated with severely elevated blood pressure in patients with hypertension: a cross-sectional study in two hospitals in Yaoundé, Cameroon",CC BY,False,True,Pan Afr Med J. 2022 May 10;42:20. doi: 10.11604/pamj.2022.42.20.34146,D:\medical_rag\data\pmc_oa\PMC9228912.1,txt(28246B);json(993B)
2026-09-15T08:15:47Z,PMC6634561,1,30924617,Inequalities in Structural Social Capital and Health between Migrant and Local Hypertensive Patients,CC BY,False,True,Ann Glob Health. 2019 Mar 27;85(1):48. doi: 10.5334/aogh.2398,D:\medical_rag\data\pmc_oa\PMC6634561.1,txt(37257B);json(892B)
2026-09-15T08:15:47Z,PMC5457596,1,28577362,Serum uric acid concentration is associated with hypertensive retinopathy in hypertensive chinese adults,CC BY,False,True,BMC Ophthalmol. 2017 Jun 2;17:83. doi: 10.1186/s12886-017-0470-y,D:\medical_rag\data\pmc_oa\PMC5457596.1,txt(48887B);json(915B)
2026-09-15T08:15:49Z,PMC5059654,1,27774313,An Analysis of Anthropometric Indicators and Modifiable Lifestyle Parameters Associated with Hypertensive Nephropathy,CC BY,False,True,Int J Hypertens. 2016 Sep 27;2016:6598921. doi: 10.1155/2016/6598921,D:\medical_rag\data\pmc_oa\PMC5059654.1,txt(67866B);json(1235B)
2026-09-15T08:15:50Z,PMC2432046,1,18505546,The interaction of vasoactive substances during exercise modulates platelet aggregation in hypertension and coronary artery disease,CC BY,False,True,BMC Cardiovasc Disord. 2008 May 27;8:11. doi: 10.1186/1471-2261-8-11,D:\medical_rag\data\pmc_oa\PMC2432046.1,txt(39089B);json(1235B)
2026-09-15T08:15:50Z,PMC4848912,1,27023537,Additive Effect of Non-Alcoholic Fatty Liver Disease on Metabolic Syndrome-Related Endothelial Dysfunction in Hypertensive Patients,CC BY,False,True,Int J Mol Sci. 2016 Mar 26;17(4):456. doi: 10.3390/ijms17040456,D:\medical_rag\data\pmc_oa\PMC4848912.1,txt(40615B);json(1032B)
2026-09-15T08:15:51Z,PMC2855324,1,20419148,Admixture Mapping Scans Identify a Locus Affecting Retinal Vascular Caliber in Hypertensive African Americans: the Atherosclerosis Risk in Communities (ARIC) Study,CC BY,False,True,PLoS Genet. 2010 Apr 15;6(4):e1000908. doi: 10.1371/journal.pgen.1000908,D:\medical_rag\data\pmc_oa\PMC2855324.1,txt(65252B);json(1786B)
2026-09-15T08:15:52Z,PMC12651626,1,41294647,Contribution of Final-Year Medical Students to Hypertension Diagnosis in Primary Care Units,CC BY,False,True,Clin Pract. 2025 Nov 20;15(11):216. doi: 10.3390/clinpract15110216,D:\medical_rag\data\pmc_oa\PMC12651626.1,txt(52580B);json(1127B)
2026-09-15T08:15:53Z,PMC6023630,1,30226908,Metabolic Syndrome-Related Features in Controlled and Resistant Hypertensive Subjects,CC BY,False,True,Arq Bras Cardiol. 2018 Jul;110(6):514–21. doi: 10.5935/abc.20180076,D:\medical_rag\data\pmc_oa\PMC6023630.1,txt(37267B);json(891B)
2026-09-15T08:15:53Z,PMC7833138,1,33493215,"Risk factors of heart failure among patients with hypertension attending a tertiary hospital in Ibadan, Nigeria: The RISK-HHF case-control study",CC BY,False,True,PLoS One. 2021 Jan 25;16(1):e0245734. doi: 10.1371/journal.pone.0245734,D:\medical_rag\data\pmc_oa\PMC7833138.1,txt(62233B);json(1464B)
2026-09-15T08:15:54Z,PMC10518896,1,37753009,Short-Term Mortality Associated With Hypertensive Emergencies: A Prospective Observational Cohort Study From South India,CC BY,False,True,Cureus. 2023 Aug 26;15(8):e44150. doi: 10.7759/cureus.44150,D:\medical_rag\data\pmc_oa\PMC10518896.1,txt(30508B);json(796B)
2026-09-15T08:15:55Z,PMC4016835,1,24860821,Gender Specific Association of RAS Gene Polymorphism with Essential Hypertension: A Case-Control Study,CC BY,False,True,Biomed Res Int. 2014 Apr 17;2014:538053. doi: 10.1155/2014/538053,D:\medical_rag\data\pmc_oa\PMC4016835.1,txt(53729B);json(1099B)
2026-09-15T08:15:56Z,PMC8336333,1,34348647,"The prevalence, relative risk factors and MTHFR C677T genotype of H type hypertension of the elderly hypertensives in Shanghai, China: a cross-section study: Prevalence of H type hypertension",CC BY,False,True,BMC Cardiovasc Disord. 2021 Aug 4;21:376. doi: 10.1186/s12872-021-02151-x,D:\medical_rag\data\pmc_oa\PMC8336333.1,txt(47461B);json(1122B)
2026-09-15T08:15:56Z,PMC8085261,1,33937359,MicroRNA Profiles in Normotensive and Hypertensive South African Individuals,CC BY,False,True,Front Cardiovasc Med. 2021 Apr 16;8:645541. doi: 10.3389/fcvm.2021.645541,D:\medical_rag\data\pmc_oa\PMC8085261.1,txt(51247B);json(1387B)
2026-09-15T08:15:57Z,PMC3830791,1,24285938,Effects of Metoprolol and Nebivolol on Exercise Blood Pressure in Patients with Mild Hypertension,CC BY,False,True,ScientificWorldJournal. 2013 Oct 29;2013:608683. doi: 10.1155/2013/608683,D:\medical_rag\data\pmc_oa\PMC3830791.1,txt(28693B);json(779B)
2026-09-15T08:15:59Z,PMC13204155,1,42193987,MicroRNAs in Pediatric Primary Hypertension: Promising Biomarkers or Context-Dependent Regulators?—A Narrative Review,CC BY,False,True,Biomolecules. 2026 Apr 24;16(5):636. doi: 10.3390/biom16050636,D:\medical_rag\data\pmc_oa\PMC13204155.1,txt(85730B);json(1155B)
2026-09-15T08:15:59Z,PMC13137938,1,42080761,Methodological Considerations in Interpreting Mortality Trends in Aortic Dissection Among Hypertensive Adults,CC BY,False,True,Clin Cardiol. 2026 May 4;49(5):e70340. doi: 10.1002/clc.70340,D:\medical_rag\data\pmc_oa\PMC13137938.1,txt(6246B);json(784B)
2026-09-15T08:16:00Z,PMC4567586,1,26362420,A community-driven hypertension treatment group in rural Honduras,CC BY,False,True,Glob Health Action. 2015 Sep 10;8:10.3402/gha.v8.28041. doi: 10.3402/gha.v8.28041,D:\medical_rag\data\pmc_oa\PMC4567586.1,txt(24905B);json(756B)
2026-09-15T08:16:01Z,PMC4610060,1,26509081,Factors Associated with Medication Nonadherence among Hypertensives in Ghana and Nigeria,CC BY,False,True,Int J Hypertens. 2015 Oct 5;2015:205716. doi: 10.1155/2015/205716,D:\medical_rag\data\pmc_oa\PMC4610060.1,txt(45207B);json(762B)
2026-09-15T08:16:02Z,PMC11410575,1,39301516,Cardiovascular risk assessment using non-laboratory based WHO CVD risk prediction chart with respect to hypertension status among older Indian adults: insights from nationally representative survey,CC BY,False,True,Front Public Health. 2024 Sep 5;12:1407918. doi: 10.3389/fpubh.2024.1407918,D:\medical_rag\data\pmc_oa\PMC11410575.1,txt(55010B);json(1321B)
2026-09-15T08:16:02Z,PMC10758752,1,38169767,Association Between Apolipoprotein B and Coronary Artery Disease Among Hypertensive Patients: A Systematic Review of the Prospective and Retrospective Studies,CC BY,False,True,Cureus. 2023 Dec 3;15(12):e49854. doi: 10.7759/cureus.49854,D:\medical_rag\data\pmc_oa\PMC10758752.1,txt(44213B);json(970B)
2026-09-15T08:16:03Z,PMC11024783,1,38638759,Impact of Pulsed Electromagnetic Field Therapy and Aerobic Exercise on Patients Suffering With Hypertension: A Systematic Review,CC BY,False,True,Cureus. 2024 Mar 18;16(3):e56414. doi: 10.7759/cureus.56414,D:\medical_rag\data\pmc_oa\PMC11024783.1,txt(35280B);json(940B)
2026-09-15T08:16:04Z,PMC11988729,1,40218136,"Assessing the Impact of Hypertension on Health-Related Quality of Life: Insights from Sociodemographic, Economic, and Clinical Features Using SF-36",CC BY,False,True,Healthcare (Basel). 2025 Apr 7;13(7):838. doi: 10.3390/healthcare13070838,D:\medical_rag\data\pmc_oa\PMC11988729.1,txt(46803B);json(843B)
2026-09-15T08:16:05Z,PMC3112133,1,21586119,"Implementing a hypertension management programme in a rural area: local approaches and experiences from Ba-Vi district, Vietnam",CC BY,False,True,BMC Public Health. 2011 May 17;11:325. doi: 10.1186/1471-2458-11-325,D:\medical_rag\data\pmc_oa\PMC3112133.1,txt(38890B);json(1037B)
2026-09-15T08:16:06Z,PMC10455679,1,37623358,Assessment of Hypertensive Patients’ Complex Metabolic Status Using Data Mining Methods,CC BY,False,True,J Cardiovasc Dev Dis. 2023 Aug 13;10(8):345. doi: 10.3390/jcdd10080345,D:\medical_rag\data\pmc_oa\PMC10455679.1,txt(48818B);json(1418B)
2026-09-15T08:16:06Z,PMC10969945,1,38542390,Standard Doses of Cholecalciferol Reduce Glucose and Increase Glutamine in Obesity-Related Hypertension: Results of a Randomized Trial,CC BY,False,True,Int J Mol Sci. 2024 Mar 18;25(6):3416. doi: 10.3390/ijms25063416,D:\medical_rag\data\pmc_oa\PMC10969945.1,txt(64197B);json(1457B)
2026-09-15T08:16:07Z,PMC2430541,1,18510731,Endothelial nitric oxide synthase gene polymorphisms and cardiovascular damage in hypertensive subjects: an Italian case-control study,CC BY,False,True,Immun Ageing. 2008 May 29;5:4. doi: 10.1186/1742-4933-5-4,D:\medical_rag\data\pmc_oa\PMC2430541.1,txt(29548B);json(802B)
2026-09-15T08:16:08Z,PMC12057956,1,40333948,Association between hypertension and self-perception of health status: Findings from a decade population-based survey in Spanish adults,CC BY,False,True,PLoS One. 2025 May 7;20(5):e0322577. doi: 10.1371/journal.pone.0322577,D:\medical_rag\data\pmc_oa\PMC12057956.1,txt(109127B);json(2187B)
2026-09-15T08:16:09Z,PMC11216020,1,38953035,Functional autoantibodies against G protein-coupled receptors in hepatic and pulmonary hypertensions in human schistosomiasis,CC BY,False,True,Front Immunol. 2024 Jun 17;15:1404384. doi: 10.3389/fimmu.2024.1404384,D:\medical_rag\data\pmc_oa\PMC11216020.1,txt(38015B);json(1266B)
2026-09-15T08:16:10Z,PMC10331967,1,37424031,Efficacy of mHealth and education-led peer counseling for patients with hypertension and coronary artery disease in Pakistan: study protocol for a double-blinded pragmatic randomized-controlled trial ,CC BY,False,True,Trials. 2023 Jul 10;24:448. doi: 10.1186/s13063-023-07472-0,D:\medical_rag\data\pmc_oa\PMC10331967.1,txt(49941B);json(1369B)
2026-09-15T08:16:10Z,PMC6372132,1,30192235,Wave intensity analysis in the internal carotid artery of hypertensive subjects using phase-contrast MR angiography and preliminary assessment of the effect of vessel morphology on wave dynamics,CC BY,False,True,Physiol Meas. 2018 Oct 18;39(10):104003. doi: 10.1088/1361-6579/aadfc5,D:\medical_rag\data\pmc_oa\PMC6372132.1,txt(39593B);json(2726B)
2026-09-15T08:16:11Z,PMC6814951,1,31692887,"Risk factors for hypertension among young adults (18-35) years attending in Tenwek Mission Hospital, Bomet County, Kenya in 2018",CC BY,False,True,Pan Afr Med J. 2019 Jul 16;33:210. doi: 10.11604/pamj.2019.33.210.18407,D:\medical_rag\data\pmc_oa\PMC6814951.1,txt(24015B);json(943B)
2026-09-15T08:16:12Z,PMC8347098,1,34362177,Acute Stress-Induced Blood Lipid Reactivity in Hypertensive and Normotensive Men and Prospective Associations with Future Cardiovascular Risk,CC BY,False,True,J Clin Med. 2021 Jul 30;10(15):3400. doi: 10.3390/jcm10153400,D:\medical_rag\data\pmc_oa\PMC8347098.1,txt(66540B);json(1241B)
2026-09-15T08:16:13Z,PMC3600316,1,23533693,The Effect of Alpha-Lipoic Acid on Mitochondrial Superoxide and Glucocorticoid-Induced Hypertension,CC BY,False,True,Oxid Med Cell Longev. 2013 Feb 26;2013:517045. doi: 10.1155/2013/517045,D:\medical_rag\data\pmc_oa\PMC3600316.1,txt(43951B);json(1316B)
2026-09-15T08:16:14Z,PMC8235611,1,34174868,"Demographic, socioeconomic, and biological correlates of hypertension in an adult population: evidence from the Bangladesh demographic and health survey 2017–18",CC BY,False,True,BMC Public Health. 2021 Jun 26;21:1229. doi: 10.1186/s12889-021-11234-5,D:\medical_rag\data\pmc_oa\PMC8235611.1,txt(75825B);json(1315B)
2026-09-15T08:16:14Z,PMC12255961,1,40656280,Management of Elevated Blood Pressure and Hypertension in Hospitalized Non-hypertensive Patients: A Systematic Guideline Review,CC BY,False,True,Cureus. 2025 Jun 13;17(6):e85904. doi: 10.7759/cureus.85904,D:\medical_rag\data\pmc_oa\PMC12255961.1,txt(48613B);json(939B)
2026-09-15T08:16:15Z,PMC10754314,1,38161757,Angiographic Predictors of Viability During Intervention for a ST Elevation Myocardial Infarction,CC BY-ND,False,True,Sultan Qaboos Univ Med J. 2023 Nov 30;23(Spec Iss):38–43. doi: 10.18295/squmj.12.2023.078,D:\medical_rag\data\pmc_oa\PMC10754314.1,txt(26934B);json(814B)
2026-09-15T08:16:16Z,PMC5617704,1,28930837,The prognostic value of shock index for the outcomes of acute myocardial infarction patients: A systematic review and meta-analysis,CC BY-ND,False,True,Medicine (Baltimore). 2017 Sep 22;96(38):e8014. doi: 10.1097/MD.0000000000008014,D:\medical_rag\data\pmc_oa\PMC5617704.1,txt(22715B);json(1569B)
2026-09-15T08:16:17Z,PMC5207586,1,28033290,Sudden death due to ventricular double rupture as a complication of inferior acute myocardial infarction: A case report,CC BY-SA,False,True,Medicine (Baltimore). 2016 Dec 30;95(52):e5757. doi: 10.1097/MD.0000000000005757,D:\medical_rag\data\pmc_oa\PMC5207586.1,txt(14868B);json(1149B)
2026-09-15T08:16:18Z,PMC11645421,1,39678528,The Effect of Eight Weeks of High-Intensity Interval Training on Follistatin Gene Expression in the Fast and Slow Twitch Muscles of Rats with Myocardial Infarction,CC BY-ND,False,True,Iran J Med Sci. 2024 Nov 1;49(11):716–23. doi: 10.30476/ijms.2024.99387.3141,D:\medical_rag\data\pmc_oa\PMC11645421.1,txt(31108B);json(995B)
2026-09-15T08:16:18Z,PMC5895306,1,29561426,Statin in the treatment of patients with myocardial infarction: A meta-analysis,CC BY-SA,False,True,Medicine (Baltimore). 2018 Mar 23;97(12):e0167. doi: 10.1097/MD.0000000000010167,D:\medical_rag\data\pmc_oa\PMC5895306.1,txt(16719B);json(1109B)
2026-09-15T08:16:19Z,PMC3673192,1,23462649,Cardiovascular Outcomes and the Physical and Chemical Properties of Metal Ions Found in Particulate Matter Air Pollution: A QICAR Study,CC0,False,True,Environ Health Perspect. 2013 Mar 5;121(5):558–64. doi: 10.1289/ehp.1205793,D:\medical_rag\data\pmc_oa\PMC3673192.1,txt(50872B);json(1243B)
2026-09-15T08:16:20Z,PMC4748920,1,26844503,Recent Trends in Hospitalization for Acute Myocardial Infarction in Beijing: Increasing Overall Burden and a Transition From ST-Segment Elevation to Non-ST-Segment Elevation Myocardial Infarction in a,CC BY-ND,False,True,Medicine (Baltimore). 2016 Feb 8;95(5):e2677. doi: 10.1097/MD.0000000000002677,D:\medical_rag\data\pmc_oa\PMC4748920.1,txt(34821B);json(1863B)
2026-09-15T08:16:20Z,PMC5794406,1,29369222,Prognostic impact of left ventricular mass change in patients with ST-elevation myocardial infarction,CC BY-SA,False,True,Medicine (Baltimore). 2018 Jan 26;97(4):e9748. doi: 10.1097/MD.0000000000009748,D:\medical_rag\data\pmc_oa\PMC5794406.1,txt(23537B);json(1640B)
2026-09-15T08:16:21Z,PMC4616690,1,26266362,Efficacy of Adenosine in Patients With Acute Myocardial Infarction Undergoing Primary Percutaneous Coronary Intervention: A PRISMA-Compliant Meta-Analysis,CC BY-ND,False,True,Medicine (Baltimore). 2015 Aug 14;94(32):e1279. doi: 10.1097/MD.0000000000001279,D:\medical_rag\data\pmc_oa\PMC4616690.1,txt(36690B);json(2408B)
2026-09-15T08:16:22Z,PMC7793332,1,33437557,Correlates of Residual Thrombus Burden in Successfully Thrombolysed Patients of ST-Elevation Myocardial Infarction Receiving Dual Anti-Platelet Therapy,CC BY,False,True,Cureus. 2020 Dec 10;12(12):e12017. doi: 10.7759/cureus.12017,D:\medical_rag\data\pmc_oa\PMC7793332.1,txt(31491B);json(1067B)
2026-09-15T08:16:23Z,PMC4616386,1,25474428,Meta-analysis of Cholesteryl Ester Transfer Protein TaqIB Polymorphism and Risk of Myocardial Infarction,CC BY-SA,False,True,Medicine (Baltimore). 2014 Dec 5;93(26):e160. doi: 10.1097/MD.0000000000000160,D:\medical_rag\data\pmc_oa\PMC4616386.1,txt(28151B);json(1634B)
2026-09-15T08:16:24Z,PMC9592305,1,36281144,Efficacy and safety of dual antiplatelet therapy after percutaneous coronary drug-eluting stenting: A network meta-analysis,CC BY,False,True,Medicine (Baltimore). 2022 Oct 21;101(42):e31158. doi: 10.1097/MD.0000000000031158,D:\medical_rag\data\pmc_oa\PMC9592305.1,txt(46684B);json(1366B)
2026-09-15T08:16:24Z,PMC5591166,1,27858918,Global longitudinal strain predicts incident atrial fibrillation and stroke occurrence after acute myocardial infarction,CC BY-ND,False,True,Medicine (Baltimore). 2016 Nov 4;95(44):e5338. doi: 10.1097/MD.0000000000005338,D:\medical_rag\data\pmc_oa\PMC5591166.1,txt(40047B);json(1659B)
2026-09-15T08:16:25Z,PMC6393031,1,29718862,High red cell distribution width at the time of ST segment elevation myocardial infarction is better at predicting diastolic than systolic left ventricular dysfunction: A single-center prospective coh,CC BY-ND,False,True,Medicine (Baltimore). 2018 May 4;97(18):e0601. doi: 10.1097/MD.0000000000010601,D:\medical_rag\data\pmc_oa\PMC6393031.1,txt(40254B);json(1646B)
2026-09-15T08:16:26Z,PMC12969435,1,41809612,Managing Acute Myocardial Infarction in Remote Oman: Real-world data from Al Wusta Governorate,CC BY-ND,False,True,Sultan Qaboos Univ Med J. 2026 Feb 17;26(1):152–62. doi: 10.18295/2075-0528.2969,D:\medical_rag\data\pmc_oa\PMC12969435.1,txt(38715B);json(1049B)
2026-09-15T08:16:27Z,PMC4215861,1,25360520,Atlas-Based Quantification of Cardiac Remodeling Due to Myocardial Infarction,CC0,False,True,PLoS One. 2014 Oct 31;9(10):e110243. doi: 10.1371/journal.pone.0110243,D:\medical_rag\data\pmc_oa\PMC4215861.1,txt(48460B);json(3110B)
2026-09-15T08:16:27Z,PMC5457896,1,28538416,Case report of 2 sudden deaths after surgery for bone fracture: Usefulness of immunohistochemical analysis of coronary artery for identifying acute myocardial infarction,CC BY-ND,False,True,Medicine (Baltimore). 2017 May 26;96(21):e7006. doi: 10.1097/MD.0000000000007006,D:\medical_rag\data\pmc_oa\PMC5457896.1,txt(15747B);json(1301B)
2026-09-15T08:16:28Z,PMC9155036,1,35673283,Delays in Presentation by Patients with ST Elevation Myocardial Infarction: A single centre experience from Oman,CC BY-ND,False,True,Sultan Qaboos Univ Med J. 2022 May 26;22(2):283–7. doi: 10.18295/squmj.4.2021.069,D:\medical_rag\data\pmc_oa\PMC9155036.1,txt(25487B);json(813B)
2026-09-15T08:16:30Z,PMC4985410,1,26512596,Assessment of Left Ventricular Ejection Fraction Calculation on Long-axis Views From Cardiac Magnetic Resonance Imaging in Patients With Acute Myocardial Infarction,CC BY-ND,False,True,Medicine (Baltimore). 2015 Oct 30;94(43):e1856. doi: 10.1097/MD.0000000000001856,D:\medical_rag\data\pmc_oa\PMC4985410.1,txt(32443B);json(1500B)
2026-09-15T08:16:30Z,PMC5207550,1,28033254,Efficacy of an early home-based cardiac rehabilitation program for patients after acute myocardial infarction: A three-dimensional speckle tracking echocardiography randomized trial,CC BY-ND,False,True,Medicine (Baltimore). 2016 Dec 30;95(52):e5638. doi: 10.1097/MD.0000000000005638,D:\medical_rag\data\pmc_oa\PMC5207550.1,txt(42159B);json(1721B)
2026-09-15T08:16:31Z,PMC12995263,1,41837885,Association Between Depression and Increased Odds of Inpatient Mortality Following Hip Fracture Repair,CC BY-ND,False,True,J Am Acad Orthop Surg Glob Res Rev. 2026 Mar 16;10(3):e25.00292. doi: 10.5435/JAAOSGlobal-D-25-00292,D:\medical_rag\data\pmc_oa\PMC12995263.1,txt(39250B);json(832B)
2026-09-15T08:16:31Z,PMC10754311,1,38161766,Post-Infarction Ventricular Septal Defect: A quarter century experience,CC BY-ND,False,True,Sultan Qaboos Univ Med J. 2023 Nov 30;23(Spec Iss):22–30. doi: 10.18295/squmj.12.2023.076,D:\medical_rag\data\pmc_oa\PMC10754311.1,txt(39956B);json(1220B)
2026-09-15T08:16:33Z,PMC12561165,1,41154828,Data Augmentation-Enhanced Myocardial Infarction Classification and Localization Using a ResNet-Transformer Cascaded Network,CC BY,False,True,Biology (Basel). 2025 Oct 16;14(10):1425. doi: 10.3390/biology14101425,D:\medical_rag\data\pmc_oa\PMC12561165.1,txt(74283B);json(2322B)
2026-09-15T08:16:33Z,PMC5428615,1,28489781,Clinical characteristics and outcomes of patients with myocarditis mimicking ST-segment elevation myocardial infarction: Analysis of a case series,CC BY-ND,False,True,Medicine (Baltimore). 2017 May 12;96(19):e6863. doi: 10.1097/MD.0000000000006863,D:\medical_rag\data\pmc_oa\PMC5428615.1,txt(32150B);json(1584B)
2026-09-15T08:16:34Z,PMC5419913,1,28471967,Glycated hemoglobin level is an independent predictor of major adverse cardiac events after nonfatal acute myocardial infarction in nondiabetic patients: A retrospective observational study,CC BY-ND,False,True,Medicine (Baltimore). 2017 May 5;96(18):e6743. doi: 10.1097/MD.0000000000006743,D:\medical_rag\data\pmc_oa\PMC5419913.1,txt(33903B);json(1524B)
2026-09-15T08:16:34Z,PMC10754309,1,38161761,A Rare Pathology Masquerading as Myocardial Infarction,CC BY-ND,False,True,Sultan Qaboos Univ Med J. 2023 Nov 30;23(Spec Iss):68–70. doi: 10.18295/squmj.12.2023.081,D:\medical_rag\data\pmc_oa\PMC10754309.1,txt(10404B);json(1101B)
2026-09-15T08:16:36Z,PMC5604625,1,28906356,Shared polymorphisms and modifiable behavior factors for myocardial infarction and high cholesterol in a retrospective population study,CC BY-SA,False,True,Medicine (Baltimore). 2017 Sep 15;96(37):e7683. doi: 10.1097/MD.0000000000007683,D:\medical_rag\data\pmc_oa\PMC5604625.1,txt(39900B);json(1675B)
2026-09-15T08:16:36Z,PMC4602932,1,26313807,Impact of Admission Systolic Blood Pressure and Antecedent Hypertension on Short-Term Outcomes After ST-Segment Elevation Myocardial Infarction: Strobe-Compliant Article,CC BY-ND,False,True,Medicine (Baltimore). 2015 Aug 28;94(34):e1446. doi: 10.1097/MD.0000000000001446,D:\medical_rag\data\pmc_oa\PMC4602932.1,txt(29902B);json(1403B)
2026-09-15T08:16:37Z,PMC4985413,1,26512599,Characterization of Benign Myocarditis Using Quantitative Delayed-Enhancement Imaging Based on Molli T1 Mapping,CC BY-ND,False,True,Medicine (Baltimore). 2015 Oct 30;94(43):e1868. doi: 10.1097/MD.0000000000001868,D:\medical_rag\data\pmc_oa\PMC4985413.1,txt(23755B);json(1447B)
2026-09-15T08:16:37Z,PMC5402593,1,27631250,Comparative clinical implications of admission electrocardiographic findings for patients with non-ST-segment elevation myocardial infarction,CC BY-ND,False,True,Medicine (Baltimore). 2016 Sep 16;95(37):e4862. doi: 10.1097/MD.0000000000004862,D:\medical_rag\data\pmc_oa\PMC5402593.1,txt(23222B);json(1273B)
2026-09-15T08:16:39Z,PMC9843455,1,36688193,Identification of Key Genes and Biological Pathways Related to Myocardial Infarction through Integrated Bioinformatics Analysis,CC BY-ND,False,True,Iran J Med Sci. 2023 Jan;48(1):35–42. doi: 10.30476/IJMS.2022.92656.2395,D:\medical_rag\data\pmc_oa\PMC9843455.1,txt(28949B);json(1144B)
2026-09-15T08:16:40Z,PMC13154082,1,41885661,Integrated Echo-Hemodynamic Framework for VA-ECMO in Right Ventricular Infarction,CC BY,False,True,JACC Case Rep. 2026 Mar 25;31(18):107617. doi: 10.1016/j.jaccas.2026.107617,D:\medical_rag\data\pmc_oa\PMC13154082.1,txt(35927B);json(1956B)
2026-09-15T08:16:40Z,PMC13451477,1,42571075,Empagliflozin’s Effects on Carotid Ultrasound Parameters in Type 2 Diabetes Patients Post-ST-Elevation Myocardial Infarction: A Randomized Controlled Trial,CC BY-ND,False,True,Iran J Med Sci. 2026 Jul 1;51(7):481–91. doi: 10.30476/ijms.2026.109620.4497,D:\medical_rag\data\pmc_oa\PMC13451477.1,txt(44288B);json(992B)
2026-09-15T08:16:41Z,PMC5572005,1,28834883,Effect of charted mental illness on reperfusion therapy in hospitalized patients with an acute myocardial infarction in Florida,CC BY-ND,False,True,Medicine (Baltimore). 2017 Aug 25;96(34):e7788. doi: 10.1097/MD.0000000000007788,D:\medical_rag\data\pmc_oa\PMC5572005.1,txt(37830B);json(1157B)
2026-09-15T08:16:42Z,PMC6392996,1,29384941,Concomitant coronary and pulmonary embolism associated with patent foramen ovale: A case report,CC BY-SA,False,True,Medicine (Baltimore). 2017 Dec 29;96(52):e9480. doi: 10.1097/MD.0000000000009480,D:\medical_rag\data\pmc_oa\PMC6392996.1,txt(13096B);json(1329B)
2026-09-15T08:16:43Z,PMC5079310,1,27759626,Impact of performance grading on annual numbers of acute myocardial infarction-associated emergency department visits in Taiwan: Results of segmented regression analysis,CC BY-ND,False,True,Medicine (Baltimore). 2016 Oct 21;95(42):e4937. doi: 10.1097/MD.0000000000004937,D:\medical_rag\data\pmc_oa\PMC5079310.1,txt(31253B);json(1709B)
2026-09-15T08:16:43Z,PMC11929527,1,39824208,Implications of a new clinical classification of acute myocardial infarction,CC BY,False,True,Eur Heart J Acute Cardiovasc Care. 2025 Jan 18;14(3):131–41. doi: 10.1093/ehjacc/zuaf002,D:\medical_rag\data\pmc_oa\PMC11929527.1,txt(51756B);json(1203B)
2026-09-15T08:16:44Z,PMC5882250,1,29150426,Long-Term Outcomes in Patients With Type 2 Myocardial Infarction and Myocardial Injury,CC BY,False,True,Circulation. 2018 Mar 12;137(12):1236–45. doi: 10.1161/CIRCULATIONAHA.117.031806,D:\medical_rag\data\pmc_oa\PMC5882250.1,txt(44653B);json(1623B)
2026-09-15T08:16:45Z,PMC6196770,1,29253451,Acute myocardial infarction hospital admissions and deaths in England: a national follow-back and follow-forward record-linkage study,CC BY,False,True,Lancet Public Health. 2017 Mar 1;2(4):e191–201. doi: 10.1016/S2468-2667(17)30032-4,D:\medical_rag\data\pmc_oa\PMC6196770.1,txt(50473B);json(1383B)
2026-09-15T08:16:46Z,PMC8757580,1,34431993,Risk factors for type 1 and type 2 myocardial infarction,CC BY,False,True,Eur Heart J. 2021 Aug 25;43(2):127–35. doi: 10.1093/eurheartj/ehab581,D:\medical_rag\data\pmc_oa\PMC8757580.1,txt(50655B);json(1156B)
2026-09-15T08:16:46Z,PMC13459720,1,42585422,Clinical profile of acute myocardial infarction: the Registry of Acute Medical Emergencies registry,CC BY,False,True,Rev Assoc Med Bras (1992). 2026 Aug 10;72(6):e20251775. doi: 10.1590/1806-9282.20251775,D:\medical_rag\data\pmc_oa\PMC13459720.1,txt(29371B);json(1071B)
2026-09-15T08:16:47Z,PMC4226256,1,24195773,Current ICD10 codes are insufficient to clearly distinguish acute myocardial infarction type: a descriptive study,CC BY,False,True,BMC Health Serv Res. 2013 Nov 7;13:468. doi: 10.1186/1472-6963-13-468,D:\medical_rag\data\pmc_oa\PMC4226256.1,txt(31909B);json(1126B)
2026-09-15T08:16:48Z,PMC5218460,1,28060863,The Systematic Evaluation of Identifying the Infarct Related Artery Utilizing Cardiac Magnetic Resonance in Patients Presenting with ST-Elevation Myocardial Infarction,CC0,False,True,PLoS One. 2017 Jan 6;12(1):e0169108. doi: 10.1371/journal.pone.0169108,D:\medical_rag\data\pmc_oa\PMC5218460.1,txt(38141B);json(1383B)
2026-09-15T08:16:49Z,PMC9274319,1,35816305,Assessment of Oxygen Supply-Demand Imbalance and Outcomes Among Patients With Type 2 Myocardial Infarction: A Secondary Analysis of the High-STEACS Cluster Randomized Clinical Trial,CC BY,False,True,JAMA Netw Open. 2022 Jul 11;5(7):e2220162. doi: 10.1001/jamanetworkopen.2022.20162,D:\medical_rag\data\pmc_oa\PMC9274319.1,txt(57028B);json(1575B)
2026-09-15T08:16:49Z,PMC2999601,1,21092295,Three-dimension structure of ventricular myocardial fibers after myocardial infarction,CC BY,False,True,J Cardiothorac Surg. 2010 Nov 23;5:116. doi: 10.1186/1749-8090-5-116,D:\medical_rag\data\pmc_oa\PMC2999601.1,txt(18545B);json(1195B)
2026-09-15T08:16:50Z,PMC3742514,1,23967258,Decreases in Electrocardiographic R-Wave Amplitude and QT Interval Predict Myocardial Ischemic Infarction in Rhesus Monkeys with Left Anterior Descending Artery Ligation,CC BY,False,True,PLoS One. 2013 Aug 13;8(8):e71876. doi: 10.1371/journal.pone.0071876,D:\medical_rag\data\pmc_oa\PMC3742514.1,txt(40061B);json(1283B)
2026-09-15T08:16:51Z,PMC10803342,1,38253721,Expression levels and clinical significance of ferroptosis-related genes in patients with myocardial infarction,CC BY,False,True,Sci Rep. 2024 Jan 22;14:1870. doi: 10.1038/s41598-023-49336-2,D:\medical_rag\data\pmc_oa\PMC10803342.1,txt(30083B);json(1707B)
2026-09-15T08:16:52Z,PMC4177929,1,25254632,Likelihood and Predictors of ST-Elevation in Patients Hospitalized for Myocardial Infarction,CC BY,False,True,PLoS One. 2014 Sep 25;9(9):e108440. doi: 10.1371/journal.pone.0108440,D:\medical_rag\data\pmc_oa\PMC4177929.1,txt(28569B);json(1308B)
2026-09-15T08:16:53Z,PMC12820519,1,41573336,Proprotein Convertase Subtilisin/Kexin Type 9 Induces Platelet‐Derived Transforming Growth Factor‐β to Promote Myocardial Fibrosis After Myocardial Infarction,CC BY,False,True,Hum Mutat. 2026 Jan 21;2026:4574795. doi: 10.1155/humu/4574795,D:\medical_rag\data\pmc_oa\PMC12820519.1,txt(51341B);json(6751B)
2026-09-15T08:16:54Z,PMC6970546,1,31587565,High-Sensitivity Cardiac Troponin and the Universal Definition of Myocardial Infarction,CC BY,False,True,Circulation. 2019 Oct 7;141(3):161–71. doi: 10.1161/CIRCULATIONAHA.119.042960,D:\medical_rag\data\pmc_oa\PMC6970546.1,txt(48410B);json(1513B)
2026-09-15T08:16:55Z,PMC8636005,1,34867998,Innate Lymphoid Cells and Myocardial Infarction,CC BY,False,True,Front Immunol. 2021 Nov 11;12:758272. doi: 10.3389/fimmu.2021.758272,D:\medical_rag\data\pmc_oa\PMC8636005.1,txt(44031B);json(858B)
2026-09-15T08:16:55Z,PMC5299097,1,27806987,Assessment and classification of patients with myocardial injury and infarction in clinical practice,CC BY,False,True,Heart. 2016 Nov 2;103(1):10–8. doi: 10.1136/heartjnl-2016-309530,D:\medical_rag\data\pmc_oa\PMC5299097.1,txt(44983B);json(1236B)
2026-09-15T08:16:57Z,PMC6324382,1,30646375,Factors Associated With Return to Work After Acute Myocardial Infarction in China,CC BY,False,True,JAMA Netw Open. 2018 Nov 21;1(7):e184831. doi: 10.1001/jamanetworkopen.2018.4831,D:\medical_rag\data\pmc_oa\PMC6324382.1,txt(55707B);json(1036B)
2026-09-15T08:16:58Z,PMC3261941,1,22222676,Circulating Levels of Persistent Organic Pollutants (POPs) and Carotid Atherosclerosis in the Elderly,CC0,False,True,Environ Health Perspect. 2011 Oct 11;120(1):38–43. doi: 10.1289/ehp.1103563,D:\medical_rag\data\pmc_oa\PMC3261941.1,txt(48676B);json(909B)
2026-09-15T08:16:58Z,PMC9005286,1,35425840,Toll-Like Receptors/TNF-α Pathway Crosstalk and Impact on Different Sites of Recurrent Myocardial Infarction in Elderly Patients,CC BY,False,True,Biomed Res Int. 2022 Apr 5;2022:1280350. doi: 10.1155/2022/1280350,D:\medical_rag\data\pmc_oa\PMC9005286.1,txt(57733B);json(1027B)
2026-09-15T08:16:59Z,PMC10714632,1,38087199,Post-traumatic stress disorder among heart disease patients: a clinical follow-up of individuals with myocardial infarction in the Tromsø Study,CC BY,False,True,BMC Psychiatry. 2023 Dec 12;23:936. doi: 10.1186/s12888-023-05431-2,D:\medical_rag\data\pmc_oa\PMC10714632.1,txt(39342B);json(1080B)
2026-09-15T08:17:00Z,PMC1395330,1,16438720,Left ventricular free wall impeding rupture in post-myocardial infarction period diagnosed by myocardial contrast echocardiography: Case report,CC BY,False,True,Cardiovasc Ultrasound. 2006 Jan 26;4:7. doi: 10.1186/1476-7120-4-7,D:\medical_rag\data\pmc_oa\PMC1395330.1,txt(16374B);json(1141B)
2026-09-15T08:17:01Z,PMC8266602,1,32516805,Performance of the GRACE 2.0 score in patients with type 1 and type 2 myocardial infarction,CC BY,False,True,Eur Heart J. 2020 Jun 9;42(26):2552–61. doi: 10.1093/eurheartj/ehaa375,D:\medical_rag\data\pmc_oa\PMC8266602.1,txt(50395B);json(1284B)
2026-09-15T08:17:01Z,PMC11510088,1,39459382,The Role of Vericiguat in Early Phases of Anterior Myocardial Infarction: A Potential Game-Changer?,CC BY,False,True,Medicina (Kaunas). 2024 Sep 28;60(10):1595. doi: 10.3390/medicina60101595,D:\medical_rag\data\pmc_oa\PMC11510088.1,txt(38434B);json(1031B)
2026-09-15T08:17:02Z,PMC12111827,1,40429972,Effect of KLF15-Mediated Circadian Rhythm on Myocardial Infarction: A Narrative Review,CC BY,False,True,Int J Mol Sci. 2025 May 18;26(10):4831. doi: 10.3390/ijms26104831,D:\medical_rag\data\pmc_oa\PMC12111827.1,txt(64513B);json(998B)
2026-09-15T08:17:03Z,PMC7683166,1,33273961,Risk Factors of Cerebral Infarction and Myocardial Infarction after Carotid Endarterectomy Analyzed by Machine Learning,CC BY,False,True,Comput Math Methods Med. 2020 Nov 12;2020:6217392. doi: 10.1155/2020/6217392,D:\medical_rag\data\pmc_oa\PMC7683166.1,txt(38500B);json(1037B)
2026-09-15T08:17:04Z,PMC3569684,1,23204289,Long-term Exposure to PM2.5 and Incidence of Acute Myocardial Infarction,CC0,False,True,Environ Health Perspect. 2012 Nov 29;121(2):192–6. doi: 10.1289/ehp.1205284,D:\medical_rag\data\pmc_oa\PMC3569684.1,txt(41809B);json(880B)
2026-09-15T08:17:05Z,PMC10179038,1,37175804,Potential Biomarkers to Distinguish Type 1 Myocardial Infarction in Troponin-Elevated Diseases,CC BY,False,True,Int J Mol Sci. 2023 Apr 30;24(9):8097. doi: 10.3390/ijms24098097,D:\medical_rag\data\pmc_oa\PMC10179038.1,txt(51906B);json(1417B)
2026-09-15T08:17:06Z,PMC5260128,1,28114933,Non-high-density lipoprotein cholesterol predicts nonfatal recurrent myocardial infarction in patients with ST segment elevation myocardial infarction,CC BY,False,True,Lipids Health Dis. 2017 Jan 23;16:20. doi: 10.1186/s12944-017-0418-5,D:\medical_rag\data\pmc_oa\PMC5260128.1,txt(43456B);json(1182B)
2026-09-15T08:17:06Z,PMC9051153,1,35484372,A novel soluble epoxide hydrolase vaccine protects murine cardiac muscle against myocardial infarction,CC BY,False,True,Sci Rep. 2022 Apr 28;12:6923. doi: 10.1038/s41598-022-10641-x,D:\medical_rag\data\pmc_oa\PMC9051153.1,txt(46310B);json(1685B)
2026-09-15T08:17:07Z,PMC3544747,1,23342019,Comparing Cognitive and Somatic Symptoms of Depression in Myocardial Infarction Patients and Depressed Patients in Primary and Mental Health Care,CC BY,False,True,PLoS One. 2013 Jan 14;8(1):e53859. doi: 10.1371/journal.pone.0053859,D:\medical_rag\data\pmc_oa\PMC3544747.1,txt(49290B);json(1461B)
2026-09-15T08:17:08Z,PMC10148459,1,37118657,Diagnostic accuracy of left atrial function and strain for differentiating between acute and chronic myocardial infarction,CC BY,False,True,BMC Cardiovasc Disord. 2023 Apr 28;23:218. doi: 10.1186/s12872-023-03254-3,D:\medical_rag\data\pmc_oa\PMC10148459.1,txt(43178B);json(1393B)
2026-09-15T08:17:09Z,PMC6801437,1,31569464,Anti-Myocardial Infarction Effects of Radix Aconiti Lateralis Preparata Extracts and Their Influence on Small Molecules in the Heart Using Matrix-Assisted Laser Desorption/Ionization–Mass Spectrometry,CC BY,False,True,Int J Mol Sci. 2019 Sep 29;20(19):4837. doi: 10.3390/ijms20194837,D:\medical_rag\data\pmc_oa\PMC6801437.1,txt(55677B);json(1929B)
2026-09-15T08:17:09Z,PMC12245100,1,40638468,Identification of risk factors in myocardial infarction with non-obstructive coronary arteries,CC BY,False,True,Rev Assoc Med Bras (1992). 2025 Jul 7;71(6):e20242040. doi: 10.1590/1806-9282.20242040,D:\medical_rag\data\pmc_oa\PMC12245100.1,txt(25662B);json(803B)
2026-09-15T08:17:10Z,PMC4780701,1,26950853,Genome-Wide Association Study for Incident Myocardial Infarction and Coronary Heart Disease in Prospective Cohort Studies: The CHARGE Consortium,CC0,False,True,PLoS One. 2016 Mar 7;11(3):e0144997. doi: 10.1371/journal.pone.0144997,D:\medical_rag\data\pmc_oa\PMC4780701.1,txt(56494B);json(3088B)
2026-09-15T08:17:12Z,PMC3262743,1,22221696,The Chinese version of the Myocardial Infarction Dimensional Assessment Scale (MIDAS): Mokken scaling,CC BY,False,True,Health Qual Life Outcomes. 2012 Jan 5;10:2. doi: 10.1186/1477-7525-10-2,D:\medical_rag\data\pmc_oa\PMC3262743.1,txt(19661B);json(784B)
2026-09-15T08:17:12Z,PMC11357982,1,39196201,Markers of imminent myocardial infarction,CC BY,False,True,Nat Cardiovasc Res. 2024 Feb 12;3(2):130–9. doi: 10.1038/s44161-024-00422-2,D:\medical_rag\data\pmc_oa\PMC11357982.1,txt(66017B);json(2507B)
2026-09-15T08:17:12Z,PMC6166969,1,30273386,Lack of vitamin D signalling per se does not aggravate cardiac functional impairment induced by myocardial infarction in mice,CC BY,False,True,PLoS One. 2018 Oct 1;13(10):e0204803. doi: 10.1371/journal.pone.0204803,D:\medical_rag\data\pmc_oa\PMC6166969.1,txt(56134B);json(1445B)
2026-09-15T08:17:15Z,PMC13115799,1,42074310,Predictive Biomarkers for Coronary Collateral Circulation Development After Myocardial Infarction,CC BY,False,True,Int J Mol Sci. 2026 Apr 20;27(8):3671. doi: 10.3390/ijms27083671,D:\medical_rag\data\pmc_oa\PMC13115799.1,txt(77773B);json(1111B)
2026-09-15T08:17:15Z,PMC5010396,1,27152932,Ambient Fine Particulate Matter and Mortality among Survivors of Myocardial Infarction: Population-Based Cohort Study,CC0,False,True,Environ Health Perspect. 2016 May 6;124(9):1421–8. doi: 10.1289/EHP185,D:\medical_rag\data\pmc_oa\PMC5010396.1,txt(54312B);json(1105B)
2026-09-15T08:17:15Z,PMC6952872,1,31835854,18F-FDG PET-Based Imaging of Myocardial Inflammation Predicts a Functional Outcome Following Transplantation of mESC-Derived Cardiac Induced Cells in a Mouse Model of Myocardial Infarction,CC BY,False,True,Cells. 2019 Dec 11;8(12):1613. doi: 10.3390/cells8121613,D:\medical_rag\data\pmc_oa\PMC6952872.1,txt(50404B);json(2011B)
2026-09-15T08:17:17Z,PMC12316839,1,40323498,Post-myocardial Infarction Cardiac Remodeling: Multidimensional Mechanisms and Clinical Prospects of Stem Cell Therapy,CC BY,False,True,Stem Cell Rev Rep. 2025 May 5;21(5):1369–427. doi: 10.1007/s12015-025-10888-7,D:\medical_rag\data\pmc_oa\PMC12316839.1,txt(435627B);json(1399B)
2026-09-15T08:17:18Z,PMC5570270,1,28837679,Influence of coronary architecture on the variability in myocardial infarction induced by coronary ligation in rats,CC BY,False,True,PLoS One. 2017 Aug 24;12(8):e0183323. doi: 10.1371/journal.pone.0183323,D:\medical_rag\data\pmc_oa\PMC5570270.1,txt(33567B);json(1636B)
2026-09-15T08:17:18Z,PMC4605027,1,26467087,Induction of substantial myocardial regeneration by an active fraction of the Chinese herb Rosa laevigata Michx,CC BY,False,True,BMC Complement Altern Med. 2015 Oct 14;15:359. doi: 10.1186/s12906-015-0795-0,D:\medical_rag\data\pmc_oa\PMC4605027.1,txt(47075B);json(1367B)
2026-09-15T08:17:20Z,PMC8789717,1,34195951,Wearable cardioverter-defibrillators after myocardial infarction: a review of its clinical utility and unmet needs in current clinical practice,CC BY,False,True,Cardiovasc Interv Ther. 2021 Jul 1;37(1):53–9. doi: 10.1007/s12928-021-00788-1,D:\medical_rag\data\pmc_oa\PMC8789717.1,txt(30909B);json(1187B)
2026-09-15T08:17:20Z,PMC8197013,1,34067440,miR155 Deficiency Reduces Myofibroblast Density but Fails to Improve Cardiac Function after Myocardial Infarction in Dyslipidemic Mouse Model,CC BY,False,True,Int J Mol Sci. 2021 May 22;22(11):5480. doi: 10.3390/ijms22115480,D:\medical_rag\data\pmc_oa\PMC8197013.1,txt(32141B);json(1044B)
2026-09-15T08:17:21Z,PMC6930276,1,31875029,Intravoxel Incoherent Motion Magnetic Resonance Imaging with Integrated Slice-specific Shimming for old myocardial infarction: A Pilot Study,CC BY,False,True,Sci Rep. 2019 Dec 24;9:19766. doi: 10.1038/s41598-019-56489-6,D:\medical_rag\data\pmc_oa\PMC6930276.1,txt(37498B);json(1391B)
2026-09-15T08:17:21Z,PMC5983168,1,29736937,Pericardial application as a new route for implanting stem‐cell cardiospheres to treat myocardial infarction,CC BY,False,True,J Physiol. 2018 May 7;596(11):2037–54. doi: 10.1113/JP275548,D:\medical_rag\data\pmc_oa\PMC5983168.1,txt(67192B);json(1509B)
2026-09-15T08:17:23Z,PMC7757917,1,33414947,Use of Intracoronary Thrombolysis for Huge Thrombus Burden in an Ectatic Right Coronary Artery,CC BY-ND,False,True,Sultan Qaboos Univ Med J. 2020 Dec 21;20(4):e390–3. doi: 10.18295/squmj.2020.20.04.018,D:\medical_rag\data\pmc_oa\PMC7757917.1,txt(18164B);json(1140B)
2026-09-15T08:17:23Z,PMC9754908,1,35843602,"Epidemiology of myocardial infarction in Korea: hospitalization incidence, prevalence, and mortality",CC BY,False,True,Epidemiol Health. 2022 Jul 12;44:e2022057. doi: 10.4178/epih.e2022057,D:\medical_rag\data\pmc_oa\PMC9754908.1,txt(46465B);json(1518B)
2026-09-15T08:17:24Z,PMC12482560,1,41023695,GDF15 attenuates myocardial infarction-induced injury by preserving mitochondrial function and suppressing oxidative stress,CC BY,False,True,Eur J Med Res. 2025 Sep 29;30:903. doi: 10.1186/s40001-025-03144-8,D:\medical_rag\data\pmc_oa\PMC12482560.1,txt(43375B);json(1499B)
2026-09-15T08:17:25Z,PMC10150548,1,37127573,Guillain–Barre syndrome after myocardial infarction: a case report and literature review,CC BY,False,True,BMC Cardiovasc Disord. 2023 May 1;23:226. doi: 10.1186/s12872-023-03261-4,D:\medical_rag\data\pmc_oa\PMC10150548.1,txt(31340B);json(1141B)
2026-09-15T08:17:25Z,PMC5747262,1,29284532,Abnormal elevation of myocardial necrosis biomarkers after coronary artery bypass grafting without established myocardial infarction assessed by cardiac magnetic resonance,CC BY,False,True,J Cardiothorac Surg. 2017 Dec 29;12:122. doi: 10.1186/s13019-017-0684-3,D:\medical_rag\data\pmc_oa\PMC5747262.1,txt(31195B);json(1313B)
2026-09-15T08:17:26Z,PMC4376775,1,25816056,Differential MR Delayed Enhancement Patterns of Chronic Myocardial Infarction between Extracellular and Intravascular Contrast Media,CC BY,False,True,PLoS One. 2015 Mar 27;10(3):e0121326. doi: 10.1371/journal.pone.0121326,D:\medical_rag\data\pmc_oa\PMC4376775.1,txt(44304B);json(1956B)
2026-09-15T08:17:28Z,PMC4521845,1,26230580,Gout and Risk of Myocardial Infarction: A Systematic Review and Meta-Analysis of Cohort Studies,CC BY,False,True,PLoS One. 2015 Jul 31;10(7):e0134088. doi: 10.1371/journal.pone.0134088,D:\medical_rag\data\pmc_oa\PMC4521845.1,txt(34495B);json(1717B)
2026-09-15T08:17:28Z,PMC13314499,1,42382762,SASP-mediated cellular senescence following myocardial infarction: from spatiotemporal immune regulation to therapeutic strategies,CC BY,False,True,Front Immunol. 2026 Jun 16;17:1850084. doi: 10.3389/fimmu.2026.1850084,D:\medical_rag\data\pmc_oa\PMC13314499.1,txt(137136B);json(1377B)
2026-09-15T08:17:28Z,PMC9052331,1,35461689,Validation of the myocardial-ischaemic-injury-index machine learning algorithm to guide the diagnosis of myocardial infarction in a heterogenous population: a prespecified exploratory analysis,CC BY,False,True,Lancet Digit Health. 2022 Apr 20;4(5):e300–8. doi: 10.1016/S2589-7500(22)00025-5,D:\medical_rag\data\pmc_oa\PMC9052331.1,txt(51055B);json(1353B)
2026-09-15T08:17:30Z,PMC7526458,1,32879134,IL-10 provides cardioprotection in diabetic myocardial infarction via upregulation of Heme clearance pathways,CC BY,False,True,JCI Insight. 2020 Sep 3;5(17):e133050. doi: 10.1172/jci.insight.133050,D:\medical_rag\data\pmc_oa\PMC7526458.1,txt(46953B);json(1899B)
2026-09-15T08:17:30Z,PMC9107826,1,35199691,Silent Myocardial Infarction and Acute Multiorgan Failure in a COVID-19 Patient: A Case Report,CC BY,False,True,JNMA J Nepal Med Assoc. 2021 Oct 31;59(242):1048–51. doi: 10.31729/jnma.6933,D:\medical_rag\data\pmc_oa\PMC9107826.1,txt(14294B);json(1319B)
2026-09-15T08:17:31Z,PMC6889673,1,31827539,Expression profiles of long noncoding RNAs and messenger RNAs in the border zone of myocardial infarction in rats,CC BY,False,True,Cell Mol Biol Lett. 2019 Dec 2;24:63. doi: 10.1186/s11658-019-0185-6,D:\medical_rag\data\pmc_oa\PMC6889673.1,txt(43219B);json(1576B)
2026-09-15T08:17:31Z,PMC5691402,1,29151635,Lower incidence of myocardial infarction after smoke-free legislation enforcement in Chile,CC BY,False,True,Bull World Health Organ. 2017 Aug 28;95(10):674–82. doi: 10.2471/BLT.16.189894,D:\medical_rag\data\pmc_oa\PMC5691402.1,txt(56247B);json(1805B)
2026-09-15T08:17:33Z,PMC8335700,1,34160885,Advances in the mechanism and treatment of mitochondrial quality control involved in myocardial infarction,CC BY,False,True,J Cell Mol Med. 2021 Jun 23;25(15):7110–21. doi: 10.1111/jcmm.16744,D:\medical_rag\data\pmc_oa\PMC8335700.1,txt(69425B);json(1211B)
2026-09-15T08:17:34Z,PMC4055118,1,24507665,Myocardial transfection of hypoxia-inducible factor-1α and co-transplantation of mesenchymal stem cells enhance cardiac repair in rats with experimental myocardial infarction,CC BY,False,True,Stem Cell Res Ther. 2014 Feb 7;5(1):22. doi: 10.1186/scrt410,D:\medical_rag\data\pmc_oa\PMC4055118.1,txt(61867B);json(1610B)
2026-09-15T08:17:35Z,PMC5052499,1,20112471,The prognostic value of blood glucose level on admission in non-diabetic patients with acute myocardial infarction,CC BY,False,True,J Med Life. 2009 Jul-Sep;2(3):271–8.,D:\medical_rag\data\pmc_oa\PMC5052499.1,txt(26365B);json(1600B)
2026-09-15T08:17:35Z,PMC7582407,1,33023264,Preconditioned and Genetically Modified Stem Cells for Myocardial Infarction Treatment,CC BY,False,True,Int J Mol Sci. 2020 Oct 2;21(19):7301. doi: 10.3390/ijms21197301,D:\medical_rag\data\pmc_oa\PMC7582407.1,txt(76791B);json(988B)
2026-09-15T08:17:36Z,PMC3620691,1,23537320,Delayed ventricular septal rupture complicating acute inferior wall myocardial infarction,CC BY,False,True,BMC Res Notes. 2013 Mar 28;6:124. doi: 10.1186/1756-0500-6-124,D:\medical_rag\data\pmc_oa\PMC3620691.1,txt(12209B);json(1091B)
2026-09-15T08:17:37Z,PMC5301382,1,28183285,Early detection of myocardial infarction following blunt chest trauma by computed tomography: a case report,CC BY,False,True,BMC Cardiovasc Disord. 2017 Feb 10;17:56. doi: 10.1186/s12872-017-0496-3,D:\medical_rag\data\pmc_oa\PMC5301382.1,txt(15989B);json(1142B)
2026-09-15T08:17:38Z,PMC11411240,1,39301274,Comparison of histopathological and triphenyl tetrazolium chloride test in diagnosing myocardial infarction: An autopsy study,CC BY,False,True,F1000Res. 2024 Sep 12;13:1050. [Version 1] doi: 10.12688/f1000research.152421.1,D:\medical_rag\data\pmc_oa\PMC11411240.1,txt(32083B);json(1312B)
2026-09-15T08:17:39Z,PMC6400970,1,30837527,Optimal cardiac strategy based on the history of myocardial infarction in type 2 diabetic patients with coronary artery disease,CC BY,False,True,Sci Rep. 2019 Mar 5;9:3502. doi: 10.1038/s41598-019-39857-0,D:\medical_rag\data\pmc_oa\PMC6400970.1,txt(39081B);json(1268B)
2026-09-15T08:17:39Z,PMC5835263,1,29670672,Mitochondrial Genome Mutations Associated with Myocardial Infarction,CC BY,False,True,Dis Markers. 2018 Feb 18;2018:9749457. doi: 10.1155/2018/9749457,D:\medical_rag\data\pmc_oa\PMC5835263.1,txt(29443B);json(742B)
2026-09-15T08:17:40Z,PMC3865210,1,24358288,Deficiency of Ataxia Telangiectasia Mutated Kinase Modulates Cardiac Remodeling Following Myocardial Infarction: Involvement in Fibrosis and Apoptosis,CC0,False,True,PLoS One. 2013 Dec 16;8(12):e83513. doi: 10.1371/journal.pone.0083513,D:\medical_rag\data\pmc_oa\PMC3865210.1,txt(45224B);json(1768B)
2026-09-15T08:17:41Z,PMC4772370,1,26925778,Sudden death associated with silent myocardial infarction in a 35-year-old man: a case report,CC BY,False,True,J Med Case Rep. 2016 Feb 29;10:46. doi: 10.1186/s13256-016-0823-9,D:\medical_rag\data\pmc_oa\PMC4772370.1,txt(12808B);json(1121B)
2026-09-15T08:17:42Z,PMC6128455,1,30192780,Increases in plasma corin levels following experimental myocardial infarction reflect the severity of ischemic injury,CC BY,False,True,PLoS One. 2018 Sep 7;13(9):e0202571. doi: 10.1371/journal.pone.0202571,D:\medical_rag\data\pmc_oa\PMC6128455.1,txt(52865B);json(1739B)
2026-09-15T08:17:42Z,PMC9038723,1,35468914,The influence of personality on the risk of myocardial infarction in UK Biobank cohort,CC BY,False,True,Sci Rep. 2022 Apr 25;12:6706. doi: 10.1038/s41598-022-10573-6,D:\medical_rag\data\pmc_oa\PMC9038723.1,txt(56071B);json(1229B)
2026-09-15T08:17:44Z,PMC6289164,1,30541902,"Christmas, national holidays, sport events, and time factors as triggers of acute myocardial infarction: SWEDEHEART observational study 1998-2013",CC BY,False,True,BMJ. 2018 Dec 12;363:k4811. doi: 10.1136/bmj.k4811,D:\medical_rag\data\pmc_oa\PMC6289164.1,txt(42073B);json(1304B)
2026-09-15T08:17:45Z,PMC9825023,1,36609231,A systematic review and meta-analysis of the association between sarcopenia and myocardial infarction,CC BY,False,True,BMC Geriatr. 2023 Jan 6;23:11. doi: 10.1186/s12877-022-03712-1,D:\medical_rag\data\pmc_oa\PMC9825023.1,txt(33013B);json(1350B)
2026-09-15T08:17:45Z,PMC3464381,1,22968678,Metformin in non-Diabetic Patients Presenting with ST Elevation Myocardial Infarction: Rationale and Design of the Glycometabolic Intervention as Adjunct to Primary Percutaneous Intervention in ST Ele,CC BY,False,True,Cardiovasc Drugs Ther. 2012 Sep 12;26(5):417–26. doi: 10.1007/s10557-012-6413-1,D:\medical_rag\data\pmc_oa\PMC3464381.1,txt(42525B);json(1292B)
2026-09-15T08:17:45Z,PMC7028821,1,31522288,Diagnosis of myocardial infarction at autopsy: AECVP reappraisal in the light of the current clinical classification,CC BY,False,True,Virchows Arch. 2019 Sep 14;476(2):179–94. doi: 10.1007/s00428-019-02662-1,D:\medical_rag\data\pmc_oa\PMC7028821.1,txt(75618B);json(1580B)
2026-09-15T08:17:47Z,PMC10185944,2,37193962,Myocardial infarction in a 33-year-old with inflammatory bowel disease: a case report,CC BY,False,True,BMC Cardiovasc Disord. 2023 May 16;23:253. doi: 10.1186/s12872-023-03284-x,D:\medical_rag\data\pmc_oa\PMC10185944.2,txt(26389B);json(2019B)
2026-09-15T08:17:48Z,PMC11849043,1,39980416,Qing-Xin-Jie-Yu Granule attenuates myocardial infarction-induced inflammatory response by regulating the MK2/TTP pathway,CC BY,False,True,Pharm Biol. 2025 Feb 21;63(1):128–40. doi: 10.1080/13880209.2025.2467377,D:\medical_rag\data\pmc_oa\PMC11849043.1,txt(62186B);json(1593B)
2026-09-15T08:17:48Z,PMC10918930,1,38448901,A cross-sectional study determining prevalence and factors associated with ST-segment elevation myocardial infarction and non-ST segment elevation myocardial infarction in Iran: results from fasa regi,CC BY,False,True,BMC Public Health. 2024 Mar 6;24:728. doi: 10.1186/s12889-024-18140-6,D:\medical_rag\data\pmc_oa\PMC10918930.1,txt(43979B);json(1072B)
2026-09-15T08:17:49Z,PMC9276513,1,35836923,Cardiac Magnetic Resonance Assessment of the Protective Effect of Remote Ischemic Postconditioning on Coronary Microcirculation after Reperfusion Therapy for Acute ST-Segment Elevation Myocardial Infa,CC BY,False,True,Comput Math Methods Med. 2022 Jul 5;2022:5629763. doi: 10.1155/2022/5629763,D:\medical_rag\data\pmc_oa\PMC9276513.1,txt(26383B);json(785B)
2026-09-15T08:17:50Z,PMC9283055,1,35845941,Silencing lncRNA 93358 Inhibits the Apoptosis of Myocardial Cells in Myocardial Infarction Rats by Inducing the Expression of SLC8A1,CC BY,False,True,Biomed Res Int. 2022 Jul 7;2022:1138709. doi: 10.1155/2022/1138709,D:\medical_rag\data\pmc_oa\PMC9283055.1,txt(34740B);json(702B)
2026-09-15T08:17:51Z,PMC8702745,1,34957040,"Myocardial Infarction Complications After Surgery in Vietnam: Estimates of Incremental Cost, Readmission Risk, and Length of Hospital Stay",CC BY,False,True,Front Public Health. 2021 Dec 10;9:799529. doi: 10.3389/fpubh.2021.799529,D:\medical_rag\data\pmc_oa\PMC8702745.1,txt(39840B);json(1060B)
2026-09-15T08:17:51Z,PMC5464887,1,28380445,Identification of STXBP2 as a novel susceptibility locus for myocardial infarction in Japanese individuals by an exome-wide association study,CC BY,False,True,Oncotarget. 2017 Mar 23;8(20):33527–35. doi: 10.18632/oncotarget.16536,D:\medical_rag\data\pmc_oa\PMC5464887.1,txt(37832B);json(1069B)
2026-09-15T08:17:52Z,PMC6950911,1,31915024,Cardiac surgery in acute myocardial infarction: crystalloid versus blood cardioplegia – an experimental study,CC BY,False,True,J Cardiothorac Surg. 2020 Jan 8;15:4. doi: 10.1186/s13019-020-1058-9,D:\medical_rag\data\pmc_oa\PMC6950911.1,txt(34134B);json(1254B)
2026-09-15T08:17:54Z,PMC6706224,1,31433007,Sarcopenia and sarcopenic obesity as prognostic predictors in hospitalized elderly patients with acute myocardial infarction,CC BY,False,True,Einstein (Sao Paulo). 2019 Aug 14;17(4):eAO4632. doi: 10.31744/einstein_journal/2019AO4632,D:\medical_rag\data\pmc_oa\PMC6706224.1,txt(72501B);json(840B)
2026-09-15T08:17:54Z,PMC12477764,1,41030852,Correlation analysis of ApoB and TyG index levels with residual cardiovascular risk in patients with acute myocardial infarction,CC BY,False,True,Front Endocrinol (Lausanne). 2025 Sep 2;16:1542190. doi: 10.3389/fendo.2025.1542190,D:\medical_rag\data\pmc_oa\PMC12477764.1,txt(48646B);json(1374B)
2026-09-15T08:17:55Z,PMC11249421,1,38652414,Continued decline in the incidence of myocardial infarction beyond the COVID-19 pandemic: a nationwide study of the Swedish population aged 60 and older during 2015–2022,CC BY,False,True,Eur J Epidemiol. 2024 Apr 23;39(6):605–12. doi: 10.1007/s10654-024-01118-4,D:\medical_rag\data\pmc_oa\PMC11249421.1,txt(37994B);json(1446B)
2026-09-15T08:17:55Z,PMC9733606,1,36017975,Computed tomography coronary angiography in non-ST-segment elevation myocardial infarction,CC BY,False,True,Br J Radiol. 2022 Sep 19;95(1140):20220346. doi: 10.1259/bjr.20220346,D:\medical_rag\data\pmc_oa\PMC9733606.1,txt(60734B);json(1096B)
2026-09-15T08:17:56Z,PMC10089046,1,37203919,Occluded Coronary Artery among Non-ST Elevation Myocardial Infarction Patients in Department of Cardiology of a Tertiary Care Centre: A Descriptive Cross-sectional Study,CC BY,False,True,JNMA J Nepal Med Assoc. 2023 Jan 31;61(257):54–8. doi: 10.31729/jnma.7934,D:\medical_rag\data\pmc_oa\PMC10089046.1,txt(19832B);json(859B)
2026-09-15T08:17:57Z,PMC2854758,1,20064780,Reduction in Heart Rate Variability with Traffic and Air Pollution in Patients with Coronary Artery Disease,CC0,False,True,Environ Health Perspect. 2009 Nov 18;118(3):324–30. doi: 10.1289/ehp.0901003,D:\medical_rag\data\pmc_oa\PMC2854758.1,txt(49883B);json(1107B)
2026-09-15T08:17:58Z,PMC5131697,1,27803036,Comparative Prognostic Utility of Indexes of Microvascular Function Alone or in Combination in Patients With an Acute ST-Segment–Elevation Myocardial Infarction,CC BY,False,True,Circulation. 2016 Dec 5;134(23):1833–47. doi: 10.1161/CIRCULATIONAHA.116.022603,D:\medical_rag\data\pmc_oa\PMC5131697.1,txt(60921B);json(1698B)
2026-09-15T08:17:58Z,PMC11835506,1,39772364,Myocardial Fibroblast Activation After Acute Myocardial Infarction: A Positron Emission Tomography and Magnetic Resonance Study,CC BY,False,True,J Am Coll Cardiol. 2025 Feb 18;85(6):578–91. doi: 10.1016/j.jacc.2024.10.103,D:\medical_rag\data\pmc_oa\PMC11835506.1,txt(56592B);json(1475B)
2026-09-15T08:18:00Z,PMC13452781,1,41917518,In-hospital outcomes among patients admitted for myocardial infarction with coexisting respiratory syncytial virus versus influenza infections,CC BY,False,True,Intern Emerg Med. 2026 Mar 31;21(5):1593–7. doi: 10.1007/s11739-026-04335-9,D:\medical_rag\data\pmc_oa\PMC13452781.1,txt(28285B);json(842B)
2026-09-15T08:18:00Z,PMC3503717,1,23185530,Altered Gene Expression Pattern in Peripheral Blood Mononuclear Cells in Patients with Acute Myocardial Infarction,CC BY,False,True,PLoS One. 2012 Nov 21;7(11):e50054. doi: 10.1371/journal.pone.0050054,D:\medical_rag\data\pmc_oa\PMC3503717.1,txt(44747B);json(1936B)
2026-09-15T08:18:01Z,PMC8932168,1,35303845,Association between total and leisure time physical activity and risk of myocardial infarction and stroke – a Swedish cohort study,CC BY,False,True,BMC Public Health. 2022 Mar 18;22:532. doi: 10.1186/s12889-022-12923-5,D:\medical_rag\data\pmc_oa\PMC8932168.1,txt(65052B);json(1177B)
2026-09-15T08:18:01Z,PMC3157472,1,21858224,Importance of Suitable Reference Gene Selection for Quantitative Real-Time PCR: Special Reference to Mouse Myocardial Infarction Studies,CC BY,False,True,PLoS One. 2011 Aug 17;6(8):e23793. doi: 10.1371/journal.pone.0023793,D:\medical_rag\data\pmc_oa\PMC3157472.1,txt(44654B);json(2059B)
2026-09-15T08:18:03Z,PMC3103416,1,21504558,Evaluation of the impact of genetic polymorphisms in glutathione-related genes on the association between methylmercury or n-3 polyunsaturated long chain fatty acids and risk of myocardial infarction:,CC BY,False,True,Environ Health. 2011 Apr 19;10:33. doi: 10.1186/1476-069X-10-33,D:\medical_rag\data\pmc_oa\PMC3103416.1,txt(33431B);json(1224B)
2026-09-15T08:18:03Z,PMC5986147,1,29864160,Myocardial infarction and alcohol consumption: A case-control study,CC BY,False,True,PLoS One. 2018 Jun 4;13(6):e0198129. doi: 10.1371/journal.pone.0198129,D:\medical_rag\data\pmc_oa\PMC5986147.1,txt(60417B);json(1385B)
2026-09-15T08:18:04Z,PMC10798730,1,38241529,Meta-analysis of risk factors for posttraumatic stress disorder in myocardial infarction,CC BY,False,True,Medicine (Baltimore). 2024 Jan 19;103(3):e36601. doi: 10.1097/MD.0000000000036601,D:\medical_rag\data\pmc_oa\PMC10798730.1,txt(36259B);json(1237B)
2026-09-15T08:18:05Z,PMC10380655,1,37511203,Myocardial Infarction Susceptibility and the MTNR1B Polymorphisms,CC BY,False,True,Int J Mol Sci. 2023 Jul 14;24(14):11444. doi: 10.3390/ijms241411444,D:\medical_rag\data\pmc_oa\PMC10380655.1,txt(52505B);json(877B)
2026-09-15T08:18:06Z,PMC2855565,1,20350309,Cardiovascular magnetic resonance of the myocardium at risk in acute reperfused myocardial infarction: comparison of T2-weighted imaging versus the circumferential endocardial extent of late gadoliniu,CC BY,False,True,J Cardiovasc Magn Reson. 2010 Mar 29;12(1):18. doi: 10.1186/1532-429X-12-18,D:\medical_rag\data\pmc_oa\PMC2855565.1,txt(35734B);json(1457B)
2026-09-15T08:18:07Z,PMC10202804,1,37169863,Machine learning for diagnosis of myocardial infarction using cardiac troponin concentrations,CC BY,False,True,Nat Med. 2023 May 11;29(5):1201–10. doi: 10.1038/s41591-023-02325-4,D:\medical_rag\data\pmc_oa\PMC10202804.1,txt(98802B);json(2788B)
2026-09-15T08:18:07Z,PMC7598962,1,33118752,Type 2 Myocardial Infarction Resulted from the Left Thoracic Stomach,CC BY,False,True,Braz J Cardiovasc Surg. 2020 Sep-Oct;35(5):838–40. doi: 10.21470/1678-9741-2019-0208,D:\medical_rag\data\pmc_oa\PMC7598962.1,txt(6840B);json(900B)
2026-09-15T08:18:09Z,PMC4498787,1,26161850,Agreement between Myocardial Infarction Patients and Their Spouses on Reporting of Data on 82 Cardiovascular Risk Exposures,CC BY,False,True,PLoS One. 2015 Jul 10;10(7):e0132601. doi: 10.1371/journal.pone.0132601,D:\medical_rag\data\pmc_oa\PMC4498787.1,txt(52042B);json(1850B)
2026-09-15T08:18:10Z,PMC4016044,1,24816222,Acute Myocardial Infarction in Sub-Saharan Africa: The Need for Data,CC BY,False,True,PLoS One. 2014 May 9;9(5):e96688. doi: 10.1371/journal.pone.0096688,D:\medical_rag\data\pmc_oa\PMC4016044.1,txt(33447B);json(1486B)
2026-09-15T08:18:10Z,PMC9668925,1,36383299,"Elevated platelet–leukocyte complexes are associated with, but dispensable for myocardial ischemia–reperfusion injury",CC BY,False,True,Basic Res Cardiol. 2022 Nov 16;117(1):61. doi: 10.1007/s00395-022-00970-3,D:\medical_rag\data\pmc_oa\PMC9668925.1,txt(55566B);json(1365B)
2026-09-15T08:18:11Z,PMC5966768,1,29351451,Guidelines for experimental models of myocardial ischemia and infarction,CC BY,False,True,Am J Physiol Heart Circ Physiol. 2018 Jan 12;314(4):H812–38. doi: 10.1152/ajpheart.00335.2017,D:\medical_rag\data\pmc_oa\PMC5966768.1,txt(199843B);json(803B)
2026-09-15T08:18:13Z,PMC4259326,1,25486250,A Clinical Index to Predict Progression from Mild Cognitive Impairment to Dementia Due to Alzheimer's Disease,CC0,False,True,PLoS One. 2014 Dec 8;9(12):e113535. doi: 10.1371/journal.pone.0113535,D:\medical_rag\data\pmc_oa\PMC4259326.1,txt(45028B);json(1425B)
2026-09-15T08:18:13Z,PMC10965088,1,38530836,A deeply supervised adaptable neural network for diagnosis and classification of Alzheimer’s severity using multitask feature extraction,CC0,False,True,PLoS One. 2024 Mar 26;19(3):e0297996. doi: 10.1371/journal.pone.0297996,D:\medical_rag\data\pmc_oa\PMC10965088.1,txt(110104B);json(3103B)
2026-09-15T08:18:14Z,PMC11135165,1,38812709,Alcohol Use Disorder and Dementia: A Review,CC0,False,True,Alcohol Res. 2024 May 23;44(1):03. doi: 10.35946/arcr.v44.1.03,D:\medical_rag\data\pmc_oa\PMC11135165.1,txt(141037B);json(722B)
2026-09-15T08:18:14Z,PMC5371492,1,28328855,"Head-to-head comparison of 11C-PiB and 18F-FC119S for Aβ imaging in healthy subjects, mild cognitive impairment patients, and Alzheimer's disease patients",CC BY-ND,False,True,Medicine (Baltimore). 2017 Mar 24;96(12):e6441. doi: 10.1097/MD.0000000000006441,D:\medical_rag\data\pmc_oa\PMC5371492.1,txt(34400B);json(1491B)
2026-09-15T08:18:16Z,PMC9129905,1,35587456,"Modifiable Risk Factors for Alzheimer Disease and Related Dementias Among Adults Aged ≥45 Years — United States, 2019",CC0,False,True,MMWR Morb Mortal Wkly Rep. 2022 May 20;71(20):680–5. doi: 10.15585/mmwr.mm7120a2,D:\medical_rag\data\pmc_oa\PMC9129905.1,txt(32838B);json(931B)
2026-09-15T08:18:17Z,PMC4422624,1,25946191,Reduced CSF Water Influx in Alzheimer’s Disease Supporting the β-Amyloid Clearance Hypothesis,CC0,False,True,PLoS One. 2015 May 6;10(5):e0123708. doi: 10.1371/journal.pone.0123708,D:\medical_rag\data\pmc_oa\PMC4422624.1,txt(23031B);json(1311B)
2026-09-15T08:18:17Z,PMC4872999,1,27196068,ABCG1 and ABCG4 Suppress γ-Secretase Activity and Amyloid β Production,CC0,False,True,PLoS One. 2016 May 19;11(5):e0155400. doi: 10.1371/journal.pone.0155400,D:\medical_rag\data\pmc_oa\PMC4872999.1,txt(65379B);json(2197B)
2026-09-15T08:18:17Z,PMC4554129,1,26222866,Brain Metabolism of Less-Educated Patients With Alzheimer Dementia Studied by Positron Emission Tomography,CC BY-ND,False,True,Medicine (Baltimore). 2015 Jul 31;94(30):e1252. doi: 10.1097/MD.0000000000001252,D:\medical_rag\data\pmc_oa\PMC4554129.1,txt(26987B);json(1238B)
2026-09-15T08:18:19Z,PMC3826736,1,24250789,Alzheimer's Disease Risk Assessment Using Large-Scale Machine Learning Methods,CC0,False,True,PLoS One. 2013 Nov 8;8(11):e77949. doi: 10.1371/journal.pone.0077949,D:\medical_rag\data\pmc_oa\PMC3826736.1,txt(66704B);json(4322B)
2026-09-15T08:18:20Z,PMC5349685,1,28291839,Microstructural white matter alterations in preclinical Alzheimer’s disease detected using free water elimination diffusion tensor imaging,CC0,False,True,PLoS One. 2017 Mar 14;12(3):e0173982. doi: 10.1371/journal.pone.0173982,D:\medical_rag\data\pmc_oa\PMC5349685.1,txt(74400B);json(2568B)
2026-09-15T08:18:20Z,PMC11300943,1,39114632,The Effect of Bone Marrow Mesenchymal Stem Cells on Nestin and Sox-2 Gene Expression and Spatial Learning (Percent Alternation Y-Maze Test) against AlCl3-Induced Alzheimer’s-like Pathology in a Rat Mo,CC BY-ND,False,True,Iran J Med Sci. 2024 Jul 1;49(7):441–9. doi: 10.30476/ijms.2023.98912.3104,D:\medical_rag\data\pmc_oa\PMC11300943.1,txt(35485B);json(1338B)
2026-09-15T08:18:21Z,PMC5784884,1,29370177,Brain and blood metabolite signatures of pathology and progression in Alzheimer disease: A targeted metabolomics study,CC0,False,True,PLoS Med. 2018 Jan 25;15(1):e1002482. doi: 10.1371/journal.pmed.1002482,D:\medical_rag\data\pmc_oa\PMC5784884.1,txt(114717B);json(3065B)
2026-09-15T08:18:22Z,PMC4786976,1,26305859,Traffic-Related Air Pollution and Dementia Incidence in Northern Sweden: A Longitudinal Study,CC0,False,True,Environ Health Perspect. 2015 Jul 31;124(3):306–12. doi: 10.1289/ehp.1408322,D:\medical_rag\data\pmc_oa\PMC4786976.1,txt(52635B);json(1102B)
2026-09-15T08:18:23Z,PMC11801730,1,39913635,"The impact of apolipoprotein E, type ∊4 allele on Alzheimer’s disease pathological biomarkers: a comprehensive post-mortem pilot-analysis",CC0,False,True,PLoS One. 2025 Feb 6;20(2):e0303486. doi: 10.1371/journal.pone.0303486,D:\medical_rag\data\pmc_oa\PMC11801730.1,txt(61442B);json(1776B)
2026-09-15T08:18:23Z,PMC11340942,1,39172922,"Tamsulosin use in benign prostatic hyperplasia and risks of Parkinson’s disease, Alzheimer’s disease and mortality: An observational cohort study of elderly Medicare enrollees",CC0,False,True,PLoS One. 2024 Aug 22;19(8):e0309222. doi: 10.1371/journal.pone.0309222,D:\medical_rag\data\pmc_oa\PMC11340942.1,txt(55568B);json(1510B)
2026-09-15T08:18:24Z,PMC13249244,1,42682321,Proteome-wide genetic study identified therapeutic targets for early-onset and late-onset Alzheimer’s disease,CC BY-SA,False,True,Int J Surg. 2026 Mar 4;112(6):12666–78. doi: 10.1097/JS9.0000000000005020,D:\medical_rag\data\pmc_oa\PMC13249244.1,txt(67368B);json(1456B)
2026-09-15T08:18:25Z,PMC3454385,1,23028511,Plasma Based Markers of [11C] PiB-PET Brain Amyloid Burden,CC0,False,True,PLoS One. 2012 Sep 24;7(9):e44260. doi: 10.1371/journal.pone.0044260,D:\medical_rag\data\pmc_oa\PMC3454385.1,txt(63785B);json(1776B)
2026-09-15T08:18:26Z,PMC6705707,1,11910708,Alcohol Use and the Risk of Developing Alzheimer’s Disease,CC0,False,True,Alcohol Res Health. 2001;25(4):299–306.,D:\medical_rag\data\pmc_oa\PMC6705707.1,txt(45323B);json(814B)
2026-09-15T08:18:26Z,PMC4422728,1,25946042,Characterization of a Novel Mouse Model of Alzheimer’s Disease—Amyloid Pathology and Unique β-Amyloid Oligomer Profile,CC0,False,True,PLoS One. 2015 May 6;10(5):e0126317. doi: 10.1371/journal.pone.0126317,D:\medical_rag\data\pmc_oa\PMC4422728.1,txt(82995B);json(2348B)
2026-09-15T08:18:27Z,PMC5072721,1,27764101,Rare Functional Variant in TM2D3 is Associated with Late-Onset Alzheimer's Disease,CC0,False,True,PLoS Genet. 2016 Oct 20;12(10):e1006327. doi: 10.1371/journal.pgen.1006327,D:\medical_rag\data\pmc_oa\PMC5072721.1,txt(63949B);json(2313B)
2026-09-15T08:18:28Z,PMC5360226,1,28323825,Association between fatty acid metabolism in the brain and Alzheimer disease neuropathology and cognitive performance: A nontargeted metabolomic study,CC0,False,True,PLoS Med. 2017 Mar 21;14(3):e1002266. doi: 10.1371/journal.pmed.1002266,D:\medical_rag\data\pmc_oa\PMC5360226.1,txt(68473B);json(2889B)
2026-09-15T08:18:29Z,PMC3860441,1,23584752,Systems Biology in the study of Neurological Disorders: Focus on Alzheimer’s Disease,CC0,False,True,Alcohol Res Health. 2008;31(1):60–5.,D:\medical_rag\data\pmc_oa\PMC3860441.1,txt(33222B);json(714B)
2026-09-15T08:18:30Z,PMC10980014,2,38559190,An integrative systems-biology approach defines mechanisms of Alzheimer’s disease neurodegeneration,CC BY-ND,False,True,bioRxiv. 2024 Oct 9:2024.03.17.585262. Originally published 2024 Mar 17. Preprint. [Version 2] doi: 10.1101/2024.03.17.585262,D:\medical_rag\data\pmc_oa\PMC10980014.2,txt(142382B);json(3437B)
2026-09-15T08:18:30Z,PMC3966818,1,24671215,Molecular Topology as Novel Strategy for Discovery of Drugs with Aβ Lowering and Anti-Aggregation Dual Activities for Alzheimer’s Disease,CC0,False,True,PLoS One. 2014 Mar 26;9(3):e92750. doi: 10.1371/journal.pone.0092750,D:\medical_rag\data\pmc_oa\PMC3966818.1,txt(37154B);json(1455B)
2026-09-15T08:18:31Z,PMC5266065,1,27930593,Usefulness of 3-dimensional stereotactic surface projection FDG PET images for the diagnosis of dementia,CC BY-ND,False,True,Medicine (Baltimore). 2016 Dec 9;95(49):e5622. doi: 10.1097/MD.0000000000005622,D:\medical_rag\data\pmc_oa\PMC5266065.1,txt(31584B);json(1643B)
2026-09-15T08:18:32Z,PMC3009734,1,21203469,Loss of Caveolin-1 Accelerates Neurodegeneration and Aging,CC0,False,True,PLoS One. 2010 Dec 23;5(12):e15697. doi: 10.1371/journal.pone.0015697,D:\medical_rag\data\pmc_oa\PMC3009734.1,txt(56615B);json(1474B)
2026-09-15T08:18:33Z,PMC11260076,1,39035166,Secretomic changes of amyloid beta peptides on Alzheimer’s disease related proteins in differentiated human SH-SY5Y neuroblastoma cells,CC0,False,True,PeerJ. 2024 Jul 17;12:e17732. doi: 10.7717/peerj.17732,D:\medical_rag\data\pmc_oa\PMC11260076.1,txt(55795B);json(1765B)
2026-09-15T08:18:33Z,PMC12140463,1,40264334,P-glycoprotein and Alzheimer’s Disease: Threats and Opportunities,CC0,False,True,ASN Neuro. 2025 Apr 23;17(1):2495632. doi: 10.1080/17590914.2025.2495632,D:\medical_rag\data\pmc_oa\PMC12140463.1,txt(83526B);json(1001B)
2026-09-15T08:18:35Z,PMC2453232,1,18648646,iTRAQ Analysis of Complex Proteome Alterations in 3xTgAD Alzheimer's Mice: Understanding the Interface between Physiology and Disease,CC0,False,True,PLoS One. 2008 Jul 23;3(7):e2750. doi: 10.1371/journal.pone.0002750,D:\medical_rag\data\pmc_oa\PMC2453232.1,txt(90095B);json(2759B)
2026-09-15T08:18:36Z,PMC11892870,1,40063637,"Kaempferia parviflora extract and its methoxyflavones as potential anti-Alzheimer assessing in vitro, integrated computational approach, and in vivo impact on behaviour in scopolamine-induced amnesic ",CC0,False,True,PLoS One. 2025 Mar 10;20(3):e0316888. doi: 10.1371/journal.pone.0316888,D:\medical_rag\data\pmc_oa\PMC11892870.1,txt(90697B);json(3778B)
2026-09-15T08:18:36Z,PMC4454597,1,26038823,Neuronal Cx3cr1 Deficiency Protects against Amyloid β-Induced Neurotoxicity,CC0,False,True,PLoS One. 2015 Jun 3;10(6):e0127730. doi: 10.1371/journal.pone.0127730,D:\medical_rag\data\pmc_oa\PMC4454597.1,txt(72832B);json(1998B)
2026-09-15T08:18:37Z,PMC2831070,1,20209083,Genetic Variability in CLU and Its Association with Alzheimer's Disease,CC0,False,True,PLoS One. 2010 Mar 3;5(3):e9510. doi: 10.1371/journal.pone.0009510,D:\medical_rag\data\pmc_oa\PMC2831070.1,txt(36743B);json(1282B)
2026-09-15T08:18:38Z,PMC4593589,1,26436670,"Oral TNFα Modulation Alters Neutrophil Infiltration, Improves Cognition and Diminishes Tau and Amyloid Pathology in the 3xTgAD Mouse Model",CC0,False,True,PLoS One. 2015 Oct 5;10(10):e0137305. doi: 10.1371/journal.pone.0137305,D:\medical_rag\data\pmc_oa\PMC4593589.1,txt(85720B);json(2567B)
2026-09-15T08:18:39Z,PMC3244409,1,22205954,Plasma Biomarkers of Brain Atrophy in Alzheimer's Disease,CC0,False,True,PLoS One. 2011 Dec 21;6(12):e28527. doi: 10.1371/journal.pone.0028527,D:\medical_rag\data\pmc_oa\PMC3244409.1,txt(38589B);json(1574B)
2026-09-15T08:18:42Z,PMC6980611,1,31978088,Redefining transcriptional regulation of the APOE gene and its association with Alzheimer’s disease,CC0,False,True,PLoS One. 2020 Jan 24;15(1):e0227667. doi: 10.1371/journal.pone.0227667,D:\medical_rag\data\pmc_oa\PMC6980611.1,txt(98970B);json(2429B)
2026-09-15T08:18:42Z,PMC5507536,1,28700589,ANK1 is up-regulated in laser captured microglia in Alzheimer’s brain; the importance of addressing cellular heterogeneity,CC0,False,True,PLoS One. 2017 Jul 12;12(7):e0177814. doi: 10.1371/journal.pone.0177814,D:\medical_rag\data\pmc_oa\PMC5507536.1,txt(39737B);json(1542B)
2026-09-15T08:18:43Z,PMC4889076,1,27249223,Influence of Coding Variability in APP-Aβ Metabolism Genes in Sporadic Alzheimer’s Disease,CC0,False,True,PLoS One. 2016 Jun 1;11(6):e0150079. doi: 10.1371/journal.pone.0150079,D:\medical_rag\data\pmc_oa\PMC4889076.1,txt(54998B);json(1819B)
2026-09-15T08:18:45Z,PMC3124550,1,21738757,Amitriptyline-Mediated Cognitive Enhancement in Aged 3×Tg Alzheimer's Disease Mice Is Associated with Neurogenesis and Neurotrophic Activity,CC0,False,True,PLoS One. 2011 Jun 27;6(6):e21660. doi: 10.1371/journal.pone.0021660,D:\medical_rag\data\pmc_oa\PMC3124550.1,txt(68156B);json(1859B)
2026-09-15T08:18:45Z,PMC3559887,1,23382994,"Neurotrophic and Neuroprotective Actions of (−)- and (+)-Phenserine, Candidate Drugs for Alzheimer’s Disease",CC0,False,True,PLoS One. 2013 Jan 30;8(1):e54887. doi: 10.1371/journal.pone.0054887,D:\medical_rag\data\pmc_oa\PMC3559887.1,txt(53079B);json(1427B)
2026-09-15T08:18:46Z,PMC6980402,1,31978055,Dysregulation of multiple metabolic networks related to brain transmethylation and polyamine pathways in Alzheimer disease: A targeted metabolomic and transcriptomic study,CC0,False,True,PLoS Med. 2020 Jan 24;17(1):e1003012. doi: 10.1371/journal.pmed.1003012,D:\medical_rag\data\pmc_oa\PMC6980402.1,txt(106340B);json(2806B)
2026-09-15T08:18:46Z,PMC3946345,1,24603951,Acupuncture Modulates Resting State Hippocampal Functional Connectivity in Alzheimer Disease,CC0,False,True,PLoS One. 2014 Mar 6;9(3):e91160. doi: 10.1371/journal.pone.0091160,D:\medical_rag\data\pmc_oa\PMC3946345.1,txt(46945B);json(2213B)
2026-09-15T08:18:48Z,PMC3900389,1,24465216,"A Neurotoxic Glycerophosphocholine Impacts PtdIns-4, 5-Bisphosphate and TORC2 Signaling by Altering Ceramide Biosynthesis in Yeast",CC0,False,True,PLoS Genet. 2014 Jan 23;10(1):e1004010. doi: 10.1371/journal.pgen.1004010,D:\medical_rag\data\pmc_oa\PMC3900389.1,txt(72546B);json(2560B)
2026-09-15T08:18:48Z,PMC5614644,1,28950005,CCL11 is increased in the CNS in chronic traumatic encephalopathy but not in Alzheimer’s disease,CC0,False,True,PLoS One. 2017 Sep 26;12(9):e0185541. doi: 10.1371/journal.pone.0185541,D:\medical_rag\data\pmc_oa\PMC5614644.1,txt(56347B);json(1213B)
2026-09-15T08:18:49Z,PMC7179879,1,32324741,Self-reported health behaviors and longitudinal cognitive performance in late middle age: Results from the Wisconsin Registry for Alzheimer’s Prevention,CC0,False,True,PLoS One. 2020 Apr 23;15(4):e0221985. doi: 10.1371/journal.pone.0221985,D:\medical_rag\data\pmc_oa\PMC7179879.1,txt(65567B);json(2080B)
2026-09-15T08:18:49Z,PMC12352845,1,40811673,Cannabidiol improves learning and memory deficits and alleviates anxiety in 12-month-old SAMP8 mice,CC0,False,True,PLoS One. 2025 Aug 14;20(8):e0296586. doi: 10.1371/journal.pone.0296586,D:\medical_rag\data\pmc_oa\PMC12352845.1,txt(54712B);json(1328B)
2026-09-15T08:18:51Z,PMC4648559,1,26575486,Iron Chelation Inhibits Osteoclastic Differentiation In Vitro and in Tg2576 Mouse Model of Alzheimer’s Disease,CC0,False,True,PLoS One. 2015 Nov 17;10(11):e0139395. doi: 10.1371/journal.pone.0139395,D:\medical_rag\data\pmc_oa\PMC4648559.1,txt(45409B);json(1733B)
2026-09-15T08:18:52Z,PMC2519786,1,18769546,Mechanisms of Hybrid Oligomer Formation in the Pathogenesis of Combined Alzheimer's and Parkinson's Diseases,CC0,False,True,PLoS One. 2008 Sep 4;3(9):e3135. doi: 10.1371/journal.pone.0003135,D:\medical_rag\data\pmc_oa\PMC2519786.1,txt(94995B);json(684B)
2026-09-15T08:18:52Z,PMC9175339,1,35676711,Neuropathological and behavioral features of an APP/PS1/MAPT (6xTg) transgenic model of Alzheimer’s disease,CC BY,False,True,Mol Brain. 2022 Jun 8;15:51. doi: 10.1186/s13041-022-00933-8,D:\medical_rag\data\pmc_oa\PMC9175339.1,txt(60079B);json(1459B)
2026-09-15T08:18:53Z,PMC12280795,1,34101796,Diagnosis of Early Alzheimer's Disease: Clinical Practice in 2021,CC BY,False,True,J Prev Alzheimers Dis. 2021 Jun 9;8(3):371–86. doi: 10.14283/jpad.2021.23,D:\medical_rag\data\pmc_oa\PMC12280795.1,txt(94987B);json(1047B)
2026-09-15T08:18:54Z,PMC13061220,1,41950270,White matter microstructure disruption associated with PET and cognitive impairment in Alzheimer’s disease,CC0,False,True,PLoS One. 2026 Apr 8;21(4):e0346661. doi: 10.1371/journal.pone.0346661,D:\medical_rag\data\pmc_oa\PMC13061220.1,txt(59079B);json(1851B)
2026-09-15T08:18:55Z,PMC6211704,1,30383799,Parahippocampal gyrus expression of endothelial and insulin receptor signaling pathway genes is modulated by Alzheimer’s disease and normalized by treatment with anti-diabetic agents,CC0,False,True,PLoS One. 2018 Nov 1;13(11):e0206547. doi: 10.1371/journal.pone.0206547,D:\medical_rag\data\pmc_oa\PMC6211704.1,txt(67170B);json(2109B)
2026-09-15T08:18:56Z,PMC11583597,1,38095516,"Brain uptake pharmacokinetics of albiglutide, dulaglutide, tirzepatide, and DA5-CH in the search for new treatments of Alzheimer’s and Parkinson’s diseases",CC0,False,True,Tissue Barriers. 2023 Dec 14;12(4):2292461. doi: 10.1080/21688370.2023.2292461,D:\medical_rag\data\pmc_oa\PMC11583597.1,txt(88604B);json(2278B)
2026-09-15T08:18:56Z,PMC5531470,1,28750017,Corticotropin-releasing factor receptor-1 modulates biomarkers of DNA oxidation in Alzheimer’s disease mice,CC0,False,True,PLoS One. 2017 Jul 27;12(7):e0181367. doi: 10.1371/journal.pone.0181367,D:\medical_rag\data\pmc_oa\PMC5531470.1,txt(43897B);json(1527B)
2026-09-15T08:18:57Z,PMC8018890,1,33597269,Zinc Status Alters Alzheimer's Disease Progression through NLRP3-Dependent Inflammation,CC BY,False,True,J Neurosci. 2021 Mar 31;41(13):3025–38. doi: 10.1523/JNEUROSCI.1980-20.2020,D:\medical_rag\data\pmc_oa\PMC8018890.1,txt(79671B);json(1418B)
2026-09-15T08:18:58Z,PMC10269592,1,37191572,Improvement in Zebrafish with Diabetes and Alzheimer's Disease Treated with Pasteurized Akkermansia muciniphila,CC BY,False,True,Microbiol Spectr. 2023 May 16;11(3):e00849-23. doi: 10.1128/spectrum.00849-23,D:\medical_rag\data\pmc_oa\PMC10269592.1,txt(63480B);json(2338B)
2026-09-15T08:18:59Z,PMC3623866,1,23593485,Mass Spectrometry Quantification Revealed Accumulation of C-Terminal Fragment of Apolipoprotein E in the Alzheimer's Frontal Cortex,CC0,False,True,PLoS One. 2013 Apr 11;8(4):e61498. doi: 10.1371/journal.pone.0061498,D:\medical_rag\data\pmc_oa\PMC3623866.1,txt(31040B);json(1650B)
2026-09-15T08:18:59Z,PMC12280729,1,34101789,The Epidemiology of Alzheimer's Disease Modifiable Risk Factors and Prevention,CC BY,False,True,J Prev Alzheimers Dis. 2021 Apr 10;8(3):313–21. doi: 10.14283/jpad.2021.15,D:\medical_rag\data\pmc_oa\PMC12280729.1,txt(67541B);json(1062B)
2026-09-15T08:19:01Z,PMC5224976,1,28072821,"Maysin and Its Flavonoid Derivative from Centipedegrass Attenuates Amyloid Plaques by Inducting Humoral Immune Response with Th2 Skewed Cytokine Response in the Tg (APPswe, PS1dE9) Alzheimer’s Mouse M",CC0,False,True,PLoS One. 2017 Jan 10;12(1):e0169509. doi: 10.1371/journal.pone.0169509,D:\medical_rag\data\pmc_oa\PMC5224976.1,txt(70086B);json(1523B)
2026-09-15T08:19:01Z,PMC3172237,1,21931736,"CHD5, a Brain-Specific Paralog of Mi2 Chromatin Remodeling Enzymes, Regulates Expression of Neuronal Genes",CC0,False,True,PLoS One. 2011 Sep 13;6(9):e24515. doi: 10.1371/journal.pone.0024515,D:\medical_rag\data\pmc_oa\PMC3172237.1,txt(55516B);json(2332B)
2026-09-15T08:19:02Z,PMC4666664,1,26625115,Can Genetic Analysis of Putative Blood Alzheimer’s Disease Biomarkers Lead to Identification of Susceptibility Loci?,CC0,False,True,PLoS One. 2015 Dec 1;10(12):e0142360. doi: 10.1371/journal.pone.0142360,D:\medical_rag\data\pmc_oa\PMC4666664.1,txt(66069B);json(1839B)
2026-09-15T08:19:02Z,PMC11643159,1,39677464,Alzheimer’s Disease Sequencing Project Release 4 Whole Genome Sequencing Dataset,CC BY-ND,False,True,medRxiv. 2024 Dec 6:2024.12.03.24317000. Preprint. [Version 1] doi: 10.1101/2024.12.03.24317000,D:\medical_rag\data\pmc_oa\PMC11643159.1,txt(107029B);json(1958B)
2026-09-15T08:19:04Z,PMC10426223,1,37580797,"Cathepsin B abundance, activity and microglial localisation in Alzheimer’s disease-Down syndrome and early onset Alzheimer’s disease; the role of elevated cystatin B",CC BY,False,True,Acta Neuropathol Commun. 2023 Aug 14;11:132. doi: 10.1186/s40478-023-01632-8,D:\medical_rag\data\pmc_oa\PMC10426223.1,txt(83037B);json(1663B)
2026-09-15T08:19:04Z,PMC11483014,3,39417134,NIAGADS: A Comprehensive National Data Repository for Alzheimer’s Disease and Related Dementia Genetics and Genomics Research,CC BY-ND,False,True,medRxiv. 2024 Dec 7:2024.10.07.24315029. Preprint. [Version 3] doi: 10.1101/2024.10.07.24315029,D:\medical_rag\data\pmc_oa\PMC11483014.3,txt(92441B);json(2028B)
2026-09-15T08:19:05Z,PMC5048479,1,27716408,The pre-synaptic vesicle protein synaptotagmin is a novel biomarker for Alzheimer’s disease,CC BY,False,True,Alzheimers Res Ther. 2016 Oct 3;8:41. doi: 10.1186/s13195-016-0208-8,D:\medical_rag\data\pmc_oa\PMC5048479.1,txt(47789B);json(1126B)
2026-09-15T08:19:05Z,PMC4404276,1,25890375,Rodent models of neuroinflammation for Alzheimer’s disease,CC BY,False,True,J Neuroinflammation. 2015 Apr 17;12:74. doi: 10.1186/s12974-015-0291-y,D:\medical_rag\data\pmc_oa\PMC4404276.1,txt(90600B);json(877B)
2026-09-15T08:19:07Z,PMC5888938,1,29462334,Left frontal hub connectivity delays cognitive impairment in autosomal-dominant and sporadic Alzheimer’s disease,CC BY,False,True,Brain. 2018 Feb 15;141(4):1186–200. doi: 10.1093/brain/awy008,D:\medical_rag\data\pmc_oa\PMC5888938.1,txt(81054B);json(1547B)
2026-09-15T08:19:07Z,PMC10627647,1,37933065,The relationship between Alzheimer disease and thyroiditis: A two-sample Mendelian randomization study,CC BY,False,True,Medicine (Baltimore). 2023 Nov 3;102(44):e35712. doi: 10.1097/MD.0000000000035712,D:\medical_rag\data\pmc_oa\PMC10627647.1,txt(27516B);json(1463B)
2026-09-15T08:19:09Z,PMC3741956,1,23984328,Genetics of Alzheimer's Disease,CC BY,False,True,Biomed Res Int. 2013 Jul 25;2013:254954. doi: 10.1155/2013/254954,D:\medical_rag\data\pmc_oa\PMC3741956.1,txt(79145B);json(705B)
2026-09-15T08:19:09Z,PMC8759265,1,35027079,Plasma Lipocalin 2 in Alzheimer’s disease: potential utility in the differential diagnosis and relationship with other biomarkers,CC BY,False,True,Alzheimers Res Ther. 2022 Jan 13;14:9. doi: 10.1186/s13195-021-00955-9,D:\medical_rag\data\pmc_oa\PMC8759265.1,txt(59551B);json(1274B)
2026-09-15T08:19:10Z,PMC2649159,1,19228370,Recent developments in Alzheimer's disease therapeutics,CC BY,False,True,BMC Med. 2009 Feb 19;7:7. doi: 10.1186/1741-7015-7-7,D:\medical_rag\data\pmc_oa\PMC2649159.1,txt(19327B);json(718B)
2026-09-15T08:19:11Z,PMC10994526,1,37831661,Uncovering the distinct macro-scale anatomy of dysexecutive and behavioural degenerative diseases,CC BY,False,True,Brain. 2023 Oct 13;147(4):1483–96. doi: 10.1093/brain/awad356,D:\medical_rag\data\pmc_oa\PMC10994526.1,txt(80228B);json(1289B)
2026-09-15T08:19:12Z,PMC4517989,1,25986155,Hearing Loss is Associated With Risk of Alzheimer’s Disease: A Case-Control Study in Older People,CC BY,False,True,J Epidemiol. 2015 Aug 5;25(8):517–21. doi: 10.2188/jea.JE20140147,D:\medical_rag\data\pmc_oa\PMC4517989.1,txt(27536B);json(778B)
2026-09-15T08:19:12Z,PMC6801649,1,31591314,Predictor Factors of Perceived Health in Family Caregivers of People Diagnosed with Mild or Moderate Alzheimer’s Disease,CC BY,False,True,Int J Environ Res Public Health. 2019 Oct 7;16(19):3762. doi: 10.3390/ijerph16193762,D:\medical_rag\data\pmc_oa\PMC6801649.1,txt(50766B);json(818B)
2026-09-15T08:19:14Z,PMC3877372,1,24392009,"Effects of Baseline CSF α-Synuclein on Regional Brain Atrophy Rates in Healthy Elders, Mild Cognitive Impairment and Alzheimer’s Disease",CC0,False,True,PLoS One. 2013 Dec 31;8(12):e85443. doi: 10.1371/journal.pone.0085443,D:\medical_rag\data\pmc_oa\PMC3877372.1,txt(44296B);json(1253B)
2026-09-15T08:19:15Z,PMC11036786,1,38654366,Exploring morphological similarity and randomness in Alzheimer’s disease using adjacent grey matter voxel-based structural analysis,CC BY,False,True,Alzheimers Res Ther. 2024 Apr 23;16:88. doi: 10.1186/s13195-024-01448-1,D:\medical_rag\data\pmc_oa\PMC11036786.1,txt(72355B);json(1512B)
2026-09-15T08:19:15Z,PMC10368642,1,37491476,Compilation of reported protein changes in the brain in Alzheimer’s disease,CC BY,False,True,Nat Commun. 2023 Jul 25;14:4466. doi: 10.1038/s41467-023-40208-x,D:\medical_rag\data\pmc_oa\PMC10368642.1,txt(81976B);json(2126B)
2026-09-15T08:19:16Z,PMC9905079,1,36750708,"Rare variant aggregation in 148,508 exomes identifies genes associated with proxy dementia",CC BY,False,True,Sci Rep. 2023 Feb 7;13:2179. doi: 10.1038/s41598-023-29108-8,D:\medical_rag\data\pmc_oa\PMC9905079.1,txt(52669B);json(1234B)
2026-09-15T08:19:17Z,PMC7021702,1,32060334,Fractional Anisotropy changes in Parahippocampal Cingulum due to Alzheimer’s Disease,CC BY,False,True,Sci Rep. 2020 Feb 14;10:2660. doi: 10.1038/s41598-020-59327-2,D:\medical_rag\data\pmc_oa\PMC7021702.1,txt(43240B);json(1117B)
2026-09-15T08:19:18Z,PMC8088439,1,33934115,"Genetic predisposition, Aβ misfolding in blood plasma, and Alzheimer’s disease",CC BY,False,True,Transl Psychiatry. 2021 May 1;11:261. doi: 10.1038/s41398-021-01380-0,D:\medical_rag\data\pmc_oa\PMC8088439.1,txt(48341B);json(1228B)
2026-09-15T08:19:18Z,PMC3859216,1,24142144,Connected speech as a marker of disease progression in autopsy-proven Alzheimer’s disease,CC BY,False,True,Brain. 2013 Oct 18;136(12):3727–37. doi: 10.1093/brain/awt269,D:\medical_rag\data\pmc_oa\PMC3859216.1,txt(46026B);json(1630B)
2026-09-15T08:19:19Z,PMC8422756,1,34488866,"Association of plasma and CSF cytochrome P450, soluble epoxide hydrolase, and ethanolamide metabolism with Alzheimer’s disease",CC BY,False,True,Alzheimers Res Ther. 2021 Sep 6;13:149. doi: 10.1186/s13195-021-00893-6,D:\medical_rag\data\pmc_oa\PMC8422756.1,txt(80567B);json(2585B)
2026-09-15T08:19:20Z,PMC9587068,1,36269420,Characterization of microtubule-associated protein tau isoforms and Alzheimer’s disease-like pathology in normal sheep (Ovis aries): relevance to their potential as a model of Alzheimer’s disease,CC BY,False,True,Cell Mol Life Sci. 2022 Oct 21;79(11):560. doi: 10.1007/s00018-022-04572-z,D:\medical_rag\data\pmc_oa\PMC9587068.1,txt(86729B);json(2616B)
2026-09-15T08:19:21Z,PMC3956417,1,24719875,Simple Method for Evaluation of Planum Temporale Pyramidal Neurons Shrinkage in Postmortem Tissue of Alzheimer Disease Patients,CC BY,False,True,Biomed Res Int. 2014 Feb 11;2014:607171. doi: 10.1155/2014/607171,D:\medical_rag\data\pmc_oa\PMC3956417.1,txt(21953B);json(1237B)
2026-09-15T08:19:21Z,PMC11485294,1,39034810,Insufficient evidence for an association between iatrogenic Alzheimer's disease and cadaveric pituitary‐derived growth hormone,CC BY,False,True,Alzheimers Dement. 2024 Jul 22;20(10):7399–402. doi: 10.1002/alz.14127,D:\medical_rag\data\pmc_oa\PMC11485294.1,txt(16435B);json(939B)
2026-09-15T08:19:22Z,PMC9394018,1,35996080,Undergraduate nursing students’ knowledge of and attitudes toward people with alzheimer’s disease,CC BY,False,True,BMC Geriatr. 2022 Aug 22;22:691. doi: 10.1186/s12877-022-03389-6,D:\medical_rag\data\pmc_oa\PMC9394018.1,txt(46893B);json(781B)
2026-09-15T08:19:23Z,PMC5316179,1,28212648,Formulation of evidence-based messages to promote the use of physical activity to prevent and manage Alzheimer’s disease,CC BY,False,True,BMC Public Health. 2017 Feb 17;17:209. doi: 10.1186/s12889-017-4090-5,D:\medical_rag\data\pmc_oa\PMC5316179.1,txt(81483B);json(806B)
2026-09-15T08:19:24Z,PMC3732752,1,23737325,Neuronal Autophagy: Self-eating or Self-cannibalism in Alzheimer’s Disease,CC BY,False,True,Neurochem Res. 2013 Jun 5;38(9):1769–73. doi: 10.1007/s11064-013-1082-4,D:\medical_rag\data\pmc_oa\PMC3732752.1,txt(29412B);json(764B)
2026-09-15T08:19:25Z,PMC12585095,1,41187208,"Green synthesis of silver nanoparticles from Brownlowia tersa leaf extract: multifaceted evaluation of antibacterial, antioxidant, cytotoxic, and anti-alzheimer potential",CC0,False,True,PLoS One. 2025 Nov 4;20(11):e0335524. doi: 10.1371/journal.pone.0335524,D:\medical_rag\data\pmc_oa\PMC12585095.1,txt(183396B);json(4463B)
2026-09-15T08:19:25Z,PMC10341681,1,37445682,Therapeutic Candidates for Alzheimer’s Disease: Saponins,CC BY,False,True,Int J Mol Sci. 2023 Jun 22;24(13):10505. doi: 10.3390/ijms241310505,D:\medical_rag\data\pmc_oa\PMC10341681.1,txt(145113B);json(1385B)
2026-09-15T08:19:26Z,PMC3966409,1,24734229,Role of Methylglyoxal in Alzheimer's Disease,CC BY,False,True,Biomed Res Int. 2014 Mar 9;2014:238485. doi: 10.1155/2014/238485,D:\medical_rag\data\pmc_oa\PMC3966409.1,txt(72206B);json(947B)
2026-09-15T08:19:27Z,PMC7404689,1,32650427,Dysautonomia in Alzheimer's Disease,CC BY,False,True,Medicina (Kaunas). 2020 Jul 8;56(7):337. doi: 10.3390/medicina56070337,D:\medical_rag\data\pmc_oa\PMC7404689.1,txt(51035B);json(849B)
2026-09-15T08:19:28Z,PMC4051660,1,24914549,Changes in QTc Interval in the Citalopram for Agitation in Alzheimer's Disease (CitAD) Randomized Trial,CC0,False,True,PLoS One. 2014 Jun 10;9(6):e98426. doi: 10.1371/journal.pone.0098426,D:\medical_rag\data\pmc_oa\PMC4051660.1,txt(48107B);json(1822B)
2026-09-15T08:19:31Z,PMC2777188,1,19883495,Accumulation of neutral lipids in peripheral blood mononuclear cells as a distinctive trait of Alzheimer patients and asymptomatic subjects at risk of disease,CC BY,False,True,BMC Med. 2009 Nov 2;7:66. doi: 10.1186/1741-7015-7-66,D:\medical_rag\data\pmc_oa\PMC2777188.1,txt(45181B);json(1747B)
2026-09-15T08:19:34Z,PMC4719699,1,26803900,Genome-wide12 DNA methylation profiling in the superior temporal gyrus reveals epigenetic signatures associated with Alzheimer’s disease,CC BY,False,True,Genome Med. 2016 Jan 19;8:5. doi: 10.1186/s13073-015-0258-8,D:\medical_rag\data\pmc_oa\PMC4719699.1,txt(76207B);json(2586B)
2026-09-15T08:19:37Z,PMC5764276,1,29324756,Associations of plasma clusterin and Alzheimer’s disease-related MRI markers in adults at mid-life: The CARDIA Brain MRI sub-study,CC0,False,True,PLoS One. 2018 Jan 11;13(1):e0190478. doi: 10.1371/journal.pone.0190478,D:\medical_rag\data\pmc_oa\PMC5764276.1,txt(53188B);json(2055B)
2026-09-15T08:19:40Z,PMC8060969,1,31722770,Alzheimer's disease medication and outcomes of hospitalisation among patients with dementia,CC BY,False,True,Epidemiol Psychiatr Sci. 2019 Nov 14;29:e73. doi: 10.1017/S2045796019000702,D:\medical_rag\data\pmc_oa\PMC8060969.1,txt(57194B);json(1337B)
2026-09-15T08:19:44Z,PMC8575250,1,34748596,Unbiased high-content screening reveals Aβ- and tau-independent synaptotoxic activities in human brain homogenates from Alzheimer’s patients and high-pathology controls,CC0,False,True,PLoS One. 2021 Nov 8;16(11):e0259335. doi: 10.1371/journal.pone.0259335,D:\medical_rag\data\pmc_oa\PMC8575250.1,txt(61691B);json(2299B)
2026-09-15T08:19:47Z,PMC12221810,1,40604347,Genetically determined Alzheimer's disease research advances: The Down Syndrome & Autosomal Dominant Alzheimer's Disease 2024 Conference,CC BY,False,True,Alzheimers Dement. 2025 Jul 2;21(7):e70309. doi: 10.1002/alz.70309,D:\medical_rag\data\pmc_oa\PMC12221810.1,txt(81081B);json(1149B)
2026-09-15T08:19:50Z,PMC5842784,1,29527500,Metabolic brain networks in aging and preclinical Alzheimer's disease,CC BY,False,True,Neuroimage Clin. 2017 Dec 28;17:987–99. doi: 10.1016/j.nicl.2017.12.037,D:\medical_rag\data\pmc_oa\PMC5842784.1,txt(77475B);json(1480B)
2026-09-15T08:19:50Z,PMC5153917,1,27955707,Desire for predictive testing for Alzheimer’s disease and impact on advance care planning: a cross-sectional study,CC BY,False,True,Alzheimers Res Ther. 2016 Dec 13;8:55. doi: 10.1186/s13195-016-0223-9,D:\medical_rag\data\pmc_oa\PMC5153917.1,txt(32083B);json(800B)
2026-09-15T08:19:50Z,PMC5067668,1,27752112,Influence of age on androgen deprivation therapy-associated Alzheimer’s disease,CC BY,False,True,Sci Rep. 2016 Oct 18;6:35695. doi: 10.1038/srep35695,D:\medical_rag\data\pmc_oa\PMC5067668.1,txt(19527B);json(860B)
2026-09-15T08:19:52Z,PMC10151197,1,36310536,"Educational attainment, structural brain reserve and Alzheimer’s disease: a Mendelian randomization analysis",CC BY,False,True,Brain. 2022 Oct 31;146(5):2059–74. doi: 10.1093/brain/awac392,D:\medical_rag\data\pmc_oa\PMC10151197.1,txt(102325B);json(1397B)
2026-09-15T08:19:53Z,PMC8610118,1,34705667,Identification of the function and mechanism of m6A reader IGF2BP2 in Alzheimer’s disease,CC BY,False,True,Aging (Albany NY). 2021 Oct 27;13(21):24086–100. doi: 10.18632/aging.203652,D:\medical_rag\data\pmc_oa\PMC8610118.1,txt(45543B);json(1427B)
2026-09-15T08:19:54Z,PMC11349294,1,39190600,Disentangling the relationship between cancer mortality and COVID-19 in the US,CC0,False,True,eLife. 2024 Aug 27;13:RP93758. doi: 10.7554/eLife.93758,D:\medical_rag\data\pmc_oa\PMC11349294.1,txt(116544B);json(2657B)
2026-09-15T08:19:54Z,PMC10010752,1,36893045,"Racial and Ethnic Differences in Subjective Cognitive Decline — United States, 2015–2020",CC0,False,True,MMWR Morb Mortal Wkly Rep. 2023 Mar 10;72(10):249–55. doi: 10.15585/mmwr.mm7210a1,D:\medical_rag\data\pmc_oa\PMC10010752.1,txt(32977B);json(792B)
2026-09-15T08:19:55Z,PMC8480850,1,34587152,Transcriptome analyses reveal tau isoform-driven changes in transposable element and gene expression,CC0,False,True,PLoS One. 2021 Sep 29;16(9):e0251611. doi: 10.1371/journal.pone.0251611,D:\medical_rag\data\pmc_oa\PMC8480850.1,txt(65359B);json(2026B)
2026-09-15T08:19:56Z,PMC8422353,1,33787890,Cardiovascular brain impulses in Alzheimer’s disease,CC BY,False,True,Brain. 2021 Mar 31;144(7):2214–26. doi: 10.1093/brain/awab144,D:\medical_rag\data\pmc_oa\PMC8422353.1,txt(63152B);json(1606B)
2026-09-15T08:19:57Z,PMC4132648,1,25012224,A data-driven model of biomarker changes in sporadic Alzheimer's disease,CC BY,False,True,Brain. 2014 Jul 9;137(9):2564–77. doi: 10.1093/brain/awu176,D:\medical_rag\data\pmc_oa\PMC4132648.1,txt(73661B);json(4619B)
2026-09-15T08:19:58Z,PMC11771898,1,39869613,Alzheimer’s disease image classification based on enhanced residual attention network,CC BY,False,True,PLoS One. 2025 Jan 27;20(1):e0317376. doi: 10.1371/journal.pone.0317376,D:\medical_rag\data\pmc_oa\PMC11771898.1,txt(78731B);json(2544B)
2026-09-15T08:19:58Z,PMC7914443,1,33567524,Protein Expression of Angiotensin-Converting Enzyme 2 (ACE2) is Upregulated in Brains with Alzheimer’s Disease,CC BY,False,True,Int J Mol Sci. 2021 Feb 8;22(4):1687. doi: 10.3390/ijms22041687,D:\medical_rag\data\pmc_oa\PMC7914443.1,txt(47366B);json(1421B)
2026-09-15T08:20:00Z,PMC10341567,1,37444065,Investigation of Potential Drug Targets for Cholesterol Regulation to Treat Alzheimer’s Disease,CC BY,False,True,Int J Environ Res Public Health. 2023 Jun 24;20(13):6217. doi: 10.3390/ijerph20136217,D:\medical_rag\data\pmc_oa\PMC10341567.1,txt(96864B);json(1560B)
2026-09-15T08:20:00Z,PMC12645157,1,41287979,A systems immunology analysis of Alzheimer's disease reveals an age‐ and environmental exposure‐independent disturbance in B cell maturation,CC BY,False,True,Alzheimers Dement. 2025 Nov 25;21(11):e70952. doi: 10.1002/alz.70952,D:\medical_rag\data\pmc_oa\PMC12645157.1,txt(62157B);json(1882B)
2026-09-15T08:20:01Z,PMC2760875,1,18842138,Variations in the transcriptome of Alzheimer's disease reveal molecular networks involved in cardiovascular diseases,CC BY,False,True,Genome Biol. 2008 Oct 8;9(10):R148. doi: 10.1186/gb-2008-9-10-r148,D:\medical_rag\data\pmc_oa\PMC2760875.1,txt(66052B);json(1960B)
2026-09-15T08:20:01Z,PMC3907022,1,24274089,Clustering of transcriptional profiles identifies changes to insulin signaling as an early event in a mouse model of Alzheimer’s disease,CC BY,False,True,BMC Genomics. 2013 Nov 25;14:831. doi: 10.1186/1471-2164-14-831,D:\medical_rag\data\pmc_oa\PMC3907022.1,txt(52833B);json(1967B)
2026-09-15T08:20:03Z,PMC5473552,1,28622343,Association of Alzhemier's disease with hepatitis C among patients with bipolar disorder,CC BY,False,True,PLoS One. 2017 Jun 16;12(6):e0179312. doi: 10.1371/journal.pone.0179312,D:\medical_rag\data\pmc_oa\PMC5473552.1,txt(37903B);json(1104B)
2026-09-15T08:20:04Z,PMC11190273,1,38902234,Gliovascular transcriptional perturbations in Alzheimer’s disease reveal molecular mechanisms of blood brain barrier dysfunction,CC BY,False,True,Nat Commun. 2024 Jun 20;15:4758. doi: 10.1038/s41467-024-48926-6,D:\medical_rag\data\pmc_oa\PMC11190273.1,txt(165393B);json(2070B)
2026-09-15T08:20:04Z,PMC13229207,1,41944714,P2X7 receptor and neuroinflammation in neurodegenerative disorders: an autoradiography study with [18F]JNJ-64413739,CC BY,False,True,Nucl Med Commun. 2026 Jun 2;47(7):814–22. doi: 10.1097/MNM.0000000000002153,D:\medical_rag\data\pmc_oa\PMC13229207.1,txt(40310B);json(1441B)
2026-09-15T08:20:04Z,PMC6974975,1,31964412,"Road proximity, air pollution, noise, green space and neurologic disease incidence: a population-based cohort study",CC BY,False,True,Environ Health. 2020 Jan 21;19:8. doi: 10.1186/s12940-020-0565-4,D:\medical_rag\data\pmc_oa\PMC6974975.1,txt(66223B);json(1036B)
2026-09-15T08:20:06Z,PMC10081979,1,36826468,Identification of Chromatin Regulatory Factors Related to Immunity and Treatment of Alzheimer’s Disease,CC BY,False,True,J Mol Neurosci. 2023 Feb 24;73(2-3):85–94. doi: 10.1007/s12031-023-02107-0,D:\medical_rag\data\pmc_oa\PMC10081979.1,txt(35185B);json(1708B)
2026-09-15T08:20:07Z,PMC10659497,1,37986758,Cross-phenotype associations between Alzheimer’s Disease and its comorbidities may provide clues to progression,CC BY-ND,False,True,medRxiv. 2023 Nov 7:2023.11.06.23297993. Preprint. [Version 1] doi: 10.1101/2023.11.06.23297993,D:\medical_rag\data\pmc_oa\PMC10659497.1,txt(36832B);json(1610B)
2026-09-15T08:20:07Z,PMC9608980,1,36295605,Polypharmacy in Older Adults with Alzheimer’s Disease,CC BY,False,True,Medicina (Kaunas). 2022 Oct 13;58(10):1445. doi: 10.3390/medicina58101445,D:\medical_rag\data\pmc_oa\PMC9608980.1,txt(41726B);json(978B)
2026-09-15T08:20:08Z,PMC11193202,1,38909241,"Age, sex and Alzheimer’s disease: a longitudinal study of 3xTg-AD mice reveals sex-specific disease trajectories and inflammatory responses mirrored in postmortem brains from Alzheimer’s patients",CC BY,False,True,Alzheimers Res Ther. 2024 Jun 22;16:134. doi: 10.1186/s13195-024-01492-x,D:\medical_rag\data\pmc_oa\PMC11193202.1,txt(113472B);json(3034B)
2026-09-15T08:20:09Z,PMC12212162,1,40532357,Recognition and diagnosis of Alzheimer’s Disease using T1-weighted magnetic resonance imaging via integrating CNN and Swin vision transformer,CC BY,False,True,Clinics (Sao Paulo). 2025 Jun 17;80:100673. doi: 10.1016/j.clinsp.2025.100673,D:\medical_rag\data\pmc_oa\PMC12212162.1,txt(44762B);json(1397B)
2026-09-15T08:20:10Z,PMC9375274,1,35964143,Perspectives and challenges in patient stratification in Alzheimer’s disease,CC BY,False,True,Alzheimers Res Ther. 2022 Aug 13;14:112. doi: 10.1186/s13195-022-01055-y,D:\medical_rag\data\pmc_oa\PMC9375274.1,txt(68128B);json(1008B)
2026-09-15T08:20:10Z,PMC8320299,1,33723589,Systemic infection exacerbates cerebrovascular dysfunction in Alzheimer’s disease,CC BY,False,True,Brain. 2021 Mar 16;144(6):1869–83. doi: 10.1093/brain/awab094,D:\medical_rag\data\pmc_oa\PMC8320299.1,txt(70499B);json(1449B)
2026-09-15T08:20:11Z,PMC6598737,1,31219516,Longitudinal neuroanatomical and cognitive progression of posterior cortical atrophy,CC BY,False,True,Brain. 2019 Jun 20;142(7):2082–95. doi: 10.1093/brain/awz136,D:\medical_rag\data\pmc_oa\PMC6598737.1,txt(62816B);json(1533B)
2026-09-15T08:20:13Z,PMC10572926,1,37833898,Mitochondria and Oxidative Stress as a Link between Alzheimer’s Disease and Diabetes Mellitus,CC BY,False,True,Int J Mol Sci. 2023 Sep 22;24(19):14450. doi: 10.3390/ijms241914450,D:\medical_rag\data\pmc_oa\PMC10572926.1,txt(101610B);json(907B)
2026-09-15T08:20:13Z,PMC9477943,1,35902387,Evaluating the efficacy and mechanism of metformin targets on reducing Alzheimer’s disease risk in the general population: a Mendelian randomisation study,CC BY,False,True,Diabetologia. 2022 Jul 29;65(10):1664–75. doi: 10.1007/s00125-022-05743-0,D:\medical_rag\data\pmc_oa\PMC9477943.1,txt(51334B);json(1730B)
2026-09-15T08:20:13Z,PMC8152353,1,34034805,Longitudinal study of primary progressive aphasia in a patient with pathologically diagnosed Alzheimer’s disease: a case report,CC BY,False,True,J Med Case Rep. 2021 May 26;15:272. doi: 10.1186/s13256-021-02867-6,D:\medical_rag\data\pmc_oa\PMC8152353.1,txt(24349B);json(1054B)
2026-09-15T08:20:14Z,PMC11924289,1,39825484,Blood biomarker profiles in young-onset neurocognitive disorders: A cohort study,CC BY,False,True,Aust N Z J Psychiatry. 2025 Jan 17;59(4):378–88. doi: 10.1177/00048674241312805,D:\medical_rag\data\pmc_oa\PMC11924289.1,txt(58723B);json(1646B)
2026-09-15T08:20:16Z,PMC9576679,1,36253382,Generalizable deep learning model for early Alzheimer’s disease detection from structural MRIs,CC BY,False,True,Sci Rep. 2022 Oct 17;12:17106. doi: 10.1038/s41598-022-20674-x,D:\medical_rag\data\pmc_oa\PMC9576679.1,txt(61786B);json(1460B)
2026-09-15T08:20:16Z,PMC6679484,1,31375134,The neuropathological diagnosis of Alzheimer’s disease,CC BY,False,True,Mol Neurodegener. 2019 Aug 2;14:32. doi: 10.1186/s13024-019-0333-5,D:\medical_rag\data\pmc_oa\PMC6679484.1,txt(99250B);json(1739B)
2026-09-15T08:20:16Z,PMC9821184,1,36614305,The Role of the JAK/STAT Signaling Pathway in the Pathogenesis of Alzheimer’s Disease: New Potential Treatment Target,CC BY,False,True,Int J Mol Sci. 2023 Jan 3;24(1):864. doi: 10.3390/ijms24010864,D:\medical_rag\data\pmc_oa\PMC9821184.1,txt(83651B);json(1019B)
2026-09-15T08:20:17Z,PMC9446362,1,22936149,P300 latency and amplitude in Alzheimer's disease: a systematic review,CC BY,False,True,Braz J Otorhinolaryngol. 2015 Oct 20;78(4):126–32. doi: 10.1590/S1808-86942012000400023,D:\medical_rag\data\pmc_oa\PMC9446362.1,txt(34946B);json(780B)
2026-09-15T08:20:19Z,PMC4333880,1,25887627,A meta-analysis of prospective studies on the role of physical activity and the prevention of Alzheimer’s disease in older adults,CC BY,False,True,BMC Geriatr. 2015 Feb 11;15:9. doi: 10.1186/s12877-015-0007-2,D:\medical_rag\data\pmc_oa\PMC4333880.1,txt(28986B);json(1150B)
2026-09-15T08:20:20Z,PMC11189917,1,38902368,Deep Ensemble learning and quantum machine learning approach for Alzheimer’s disease detection,CC BY,False,True,Sci Rep. 2024 Jun 20;14:14196. doi: 10.1038/s41598-024-61452-1,D:\medical_rag\data\pmc_oa\PMC11189917.1,txt(38956B);json(1360B)
2026-09-15T08:20:20Z,PMC11561119,1,39537608,Multi-trait association analysis reveals shared genetic loci between Alzheimer’s disease and cardiovascular traits,CC BY,False,True,Nat Commun. 2024 Nov 13;15:9827. doi: 10.1038/s41467-024-53452-6,D:\medical_rag\data\pmc_oa\PMC11561119.1,txt(81806B);json(1943B)
2026-09-15T08:20:20Z,PMC9127560,1,35604690,Association of Alzheimer Disease With Life Expectancy in People With Down Syndrome,CC BY,False,True,JAMA Netw Open. 2022 May 23;5(5):e2212910. doi: 10.1001/jamanetworkopen.2022.12910,D:\medical_rag\data\pmc_oa\PMC9127560.1,txt(59195B);json(1367B)
2026-09-15T08:20:23Z,PMC11241132,1,39000191,Resistance Exercise Training as a New Trend in Alzheimer’s Disease Research: From Molecular Mechanisms to Prevention,CC BY,False,True,Int J Mol Sci. 2024 Jun 27;25(13):7084. doi: 10.3390/ijms25137084,D:\medical_rag\data\pmc_oa\PMC11241132.1,txt(82462B);json(1133B)
2026-09-15T08:20:23Z,PMC5992611,1,29784664,A guide to using functional magnetic resonance imaging to study Alzheimer's disease in animal models,CC BY,False,True,Dis Model Mech. 2018 May 18;11(5):dmm031724. doi: 10.1242/dmm.031724,D:\medical_rag\data\pmc_oa\PMC5992611.1,txt(93503B);json(1400B)
2026-09-15T08:20:23Z,PMC3770576,1,24040196,Mitochondrial Haplotypes Associated with Biomarkers for Alzheimer’s Disease,CC BY,False,True,PLoS One. 2013 Sep 11;8(9):e74158. doi: 10.1371/journal.pone.0074158,D:\medical_rag\data\pmc_oa\PMC3770576.1,txt(59118B);json(2614B)
2026-09-15T08:20:23Z,PMC4283145,1,25304364,Effects of aerobic exercise on cognition and hippocampal volume in Alzheimer’s disease: study protocol of a randomized controlled trial (The FIT-AD trial),CC BY,False,True,Trials. 2014 Oct 11;15:394. doi: 10.1186/1745-6215-15-394,D:\medical_rag\data\pmc_oa\PMC4283145.1,txt(67568B);json(1305B)
2026-09-15T08:20:26Z,PMC8275379,1,34285915,The Potential Benefits of Nanotechnology in Treating Alzheimer's Disease,CC BY,False,True,Biomed Res Int. 2021 Jul 4;2021:5550938. doi: 10.1155/2021/5550938,D:\medical_rag\data\pmc_oa\PMC8275379.1,txt(47320B);json(980B)
2026-09-15T08:20:26Z,PMC5444287,1,19847041,A Comparative Analysis of Structural Brain MRI in the Diagnosis of Alzheimer’s Disease,CC BY,False,True,Behav Neurol. 2009 Oct 21;21(1-2):13–9. doi: 10.3233/BEN-2009-0225,D:\medical_rag\data\pmc_oa\PMC5444287.1,txt(1797B);json(767B)
2026-09-15T08:20:26Z,PMC6502320,1,31059547,Alzheimer's disease: Estimating its prevalence rate in a French geographical unit using the National Alzheimer Data Bank and national health insurance information systems,CC BY,False,True,PLoS One. 2019 May 6;14(5):e0216221. doi: 10.1371/journal.pone.0216221,D:\medical_rag\data\pmc_oa\PMC6502320.1,txt(38749B);json(1490B)
2026-09-15T08:20:26Z,PMC6300886,1,30567585,Heterogeneity of Alzheimer’s disease: consequence for drug trials?,CC BY,False,True,Alzheimers Res Ther. 2018 Dec 19;10:122. doi: 10.1186/s13195-018-0455-y,D:\medical_rag\data\pmc_oa\PMC6300886.1,txt(16544B);json(754B)
2026-09-15T08:20:29Z,PMC6022660,1,29860282,Genetic study of multimodal imaging Alzheimer’s disease progression score implicates novel loci,CC BY,False,True,Brain. 2018 May 30;141(7):2167–80. doi: 10.1093/brain/awy141,D:\medical_rag\data\pmc_oa\PMC6022660.1,txt(71120B);json(1354B)
2026-09-15T08:20:29Z,PMC9816180,1,36604493,Single-cell-led drug repurposing for Alzheimer’s disease,CC BY,False,True,Sci Rep. 2023 Jan 5;13:222. doi: 10.1038/s41598-023-27420-x,D:\medical_rag\data\pmc_oa\PMC9816180.1,txt(69077B);json(2312B)
2026-09-15T08:20:29Z,PMC7072986,1,32079110,Human-Induced Pluripotent Stem Cells and Herbal Small-Molecule Drugs for Treatment of Alzheimer’s Disease,CC BY,False,True,Int J Mol Sci. 2020 Feb 16;21(4):1327. doi: 10.3390/ijms21041327,D:\medical_rag\data\pmc_oa\PMC7072986.1,txt(66975B);json(1519B)
2026-09-15T08:20:30Z,PMC11580841,1,39574656,Age- and amyloid-β-dependent initiation of neurofibrillary tau tangles: an improved mouse model of Alzheimer’s disease without mutations in MAPT,CC BY-ND,False,True,bioRxiv. 2024 Nov 4:2024.11.04.621900. Preprint. [Version 1] doi: 10.1101/2024.11.04.621900,D:\medical_rag\data\pmc_oa\PMC11580841.1,txt(35450B);json(1357B)
2026-09-15T08:20:32Z,PMC8391392,1,34439874,New Insights on Old Biomarkers Involved in Tumor Microenvironment Changes and Their Diagnostic Relevance in Non-Small Cell Lung Carcinoma,CC BY,False,True,Biomolecules. 2021 Aug 13;11(8):1208. doi: 10.3390/biom11081208,D:\medical_rag\data\pmc_oa\PMC8391392.1,txt(77747B);json(1604B)
2026-09-15T08:20:32Z,PMC3871568,1,24376755,Growth Pattern Analysis of Murine Lung Neoplasms by Advanced Semi-Automated Quantification of Micro-CT Images,CC BY,False,True,PLoS One. 2013 Dec 23;8(12):e83806. doi: 10.1371/journal.pone.0083806,D:\medical_rag\data\pmc_oa\PMC3871568.1,txt(63232B);json(3049B)
2026-09-15T08:20:33Z,PMC9038861,1,34797384,Feasibility of diffusion-weighted magnetic resonance imaging in evaluation of early therapeutic response after CT-guided microwave ablation of inoperable lung neoplasms,CC BY,False,True,Eur Radiol. 2021 Nov 19;32(5):3288–96. doi: 10.1007/s00330-021-08387-7,D:\medical_rag\data\pmc_oa\PMC9038861.1,txt(35098B);json(1201B)
2026-09-15T08:20:33Z,PMC9338576,1,35907842,Video-assisted thoracoscopic treatment as two-day surgery for lung neoplasms: a propensity-matched analysis,CC BY,False,True,BMC Cancer. 2022 Jul 30;22:832. doi: 10.1186/s12885-022-09938-x,D:\medical_rag\data\pmc_oa\PMC9338576.1,txt(33048B);json(1030B)
2026-09-15T08:20:35Z,PMC5164907,1,28044066,The Markers of Glutamate Metabolism in Peripheral Blood Mononuclear Cells and Neurological Complications in Lung Cancer Patients,CC BY,False,True,Dis Markers. 2016 Dec 4;2016:2895972. doi: 10.1155/2016/2895972,D:\medical_rag\data\pmc_oa\PMC5164907.1,txt(42291B);json(1233B)
2026-09-15T08:20:36Z,PMC4203334,1,25176343,Overexpression of type VI collagen in neoplastic lung tissues,CC BY,False,True,Oncol Rep. 2014 Aug 22;32(5):1897–904. doi: 10.3892/or.2014.3438,D:\medical_rag\data\pmc_oa\PMC4203334.1,txt(40012B);json(1266B)
2026-09-15T08:20:36Z,PMC5931551,1,29717222,Paraneoplastic limbic encephalitis associated with lung cancer,CC BY,False,True,Sci Rep. 2018 May 1;8:6792. doi: 10.1038/s41598-018-25294-y,D:\medical_rag\data\pmc_oa\PMC5931551.1,txt(32055B);json(1091B)
2026-09-15T08:20:36Z,PMC5817724,1,29455666,KRAS oncogene in non-small cell lung cancer: clinical perspectives on the treatment of an old target,CC BY,False,True,Mol Cancer. 2018 Feb 19;17:33. doi: 10.1186/s12943-018-0789-x,D:\medical_rag\data\pmc_oa\PMC5817724.1,txt(81483B);json(908B)
2026-09-15T08:20:39Z,PMC10365959,1,37488085,Research Progress of Klotho in Lung Neoplasms,CC BY,False,True,Zhongguo Fei Ai Za Zhi. 2023 Jun 20;26(6):473–8. [Article in Chinese] doi: 10.3779/j.issn.1009-3419.2023.101.19,D:\medical_rag\data\pmc_oa\PMC10365959.1,txt(32087B);json(791B)
2026-09-15T08:20:39Z,PMC6126877,1,30142158,MDHGI: Matrix Decomposition and Heterogeneous Graph Inference for miRNA-disease association prediction,CC BY,False,True,PLoS Comput Biol. 2018 Aug 24;14(8):e1006418. doi: 10.1371/journal.pcbi.1006418,D:\medical_rag\data\pmc_oa\PMC6126877.1,txt(77077B);json(4970B)
2026-09-15T08:20:39Z,PMC10924494,1,38410012,Ultrasound Guided Biopsy among Patients with Lung Lesions Undergoing Procedures in Interventional Radiology of a Tertiary Care Centre,CC BY,False,True,JNMA J Nepal Med Assoc. 2024 Jan 31;62(269):27–9. doi: 10.31729/jnma.8397,D:\medical_rag\data\pmc_oa\PMC10924494.1,txt(10813B);json(823B)
2026-09-15T08:20:39Z,PMC10240811,1,37284441,Dual targeting PET tracer [68Ga]Ga-FAPI-RGD in patients with lung neoplasms: a pilot exploratory study,CC BY,False,True,Theranostics. 2023 May 15;13(9):2979–92. doi: 10.7150/thno.86007,D:\medical_rag\data\pmc_oa\PMC10240811.1,txt(53430B);json(1815B)
2026-09-15T08:20:42Z,PMC5833374,1,29348400,Monoglyceride lipase gene knockout in mice leads to increased incidence of lung adenocarcinoma,CC BY,False,True,Cell Death Dis. 2018 Jan 18;9(2):36. doi: 10.1038/s41419-017-0188-z,D:\medical_rag\data\pmc_oa\PMC5833374.1,txt(49766B);json(1665B)
2026-09-15T08:20:42Z,PMC11537125,1,39365050,Acetate-producing bacterium Paenibacillus odorifer hampers lung cancer growth in lower respiratory tract: an in vitro study,CC BY,False,True,Microbiol Spectr. 2024 Oct 4;12(11):e00719-24. doi: 10.1128/spectrum.00719-24,D:\medical_rag\data\pmc_oa\PMC11537125.1,txt(47117B);json(1593B)
2026-09-15T08:20:42Z,PMC9411953,1,36002194,Analysis of Clinicopathologic Features of 9 Cases of SMARCA4-deficient Non-small Cell Lung Cancer,CC BY,False,True,Zhongguo Fei Ai Za Zhi. 2022 Aug 20;25(8):575–82. [Article in Chinese] doi: 10.3779/j.issn.1009-3419.2022.102.27,D:\medical_rag\data\pmc_oa\PMC9411953.1,txt(33265B);json(1164B)
2026-09-15T08:20:42Z,PMC11965360,1,40181972,Global research trends of tumor microenvironment in non-small cell lung cancer with epidermal growth factor receptor mutation: a bibliometric analysis from 2014 to 2023,CC BY,False,True,Front Immunol. 2025 Mar 20;16:1555216. doi: 10.3389/fimmu.2025.1555216,D:\medical_rag\data\pmc_oa\PMC11965360.1,txt(40213B);json(1825B)
2026-09-15T08:20:45Z,PMC12778126,1,41496102,Thoracic splenosis initially misdiagnosed as lung neoplasms: An unusual case and literature review,CC BY,False,True,Medicine (Baltimore). 2026 Jan 2;105(1):e47056. doi: 10.1097/MD.0000000000047056,D:\medical_rag\data\pmc_oa\PMC12778126.1,txt(12708B);json(1036B)
2026-09-15T08:20:45Z,PMC2024828,1,1212359,Proceedings: Humoral immunity in human lung neoplasms,CC BY,False,True,Br J Cancer. 1975 Aug;32(2):243. doi: 10.1038/bjc.1975.166,D:\medical_rag\data\pmc_oa\PMC2024828.1,txt(2727B);json(846B)
2026-09-15T08:20:45Z,PMC6000574,1,23769340,Interpretation of IASLC/ATS/ERS International Multidisciplinary Classifcation of Lung Neoplasms,CC BY,False,True,Zhongguo Fei Ai Za Zhi. 2013 Jun 20;16(6):277–81. [Article in Chinese] doi: 10.3779/j.issn.1009-3419.2013.06.01,D:\medical_rag\data\pmc_oa\PMC6000574.1,txt(22499B);json(833B)
2026-09-15T08:20:46Z,PMC6000097,1,24949685,Radiofrequency Ablation for Lung Neoplasms with Isolated Postsurgical Local Recurrences or Metastases of Non-small Cell Lung Cancer,CC BY,False,True,Zhongguo Fei Ai Za Zhi. 2014 Jun 20;17(6):460–4. [Article in Chinese] doi: 10.3779/j.issn.1009-3419.2014.06.04,D:\medical_rag\data\pmc_oa\PMC6000097.1,txt(21025B);json(1094B)
2026-09-15T08:20:48Z,PMC5706061,1,29236913,Impact of the delay to start treatment in patients with lung cancer treated in a densely populated area of Brazil,CC BY,False,True,Clinics (Sao Paulo). 2017 Nov;72(11):675–80. doi: 10.6061/clinics/2017(11)05,D:\medical_rag\data\pmc_oa\PMC5706061.1,txt(24886B);json(1137B)
2026-09-15T08:20:48Z,PMC12096032,1,40279496,Triple synchronous primary lung adenocarcinoma: A diagnostic challenge,CC BY-SA,False,True,An Sist Sanit Navar. 2025 Apr 25;48(1):e1104. [Article in Spanish] doi: 10.23938/ASSN.1104,D:\medical_rag\data\pmc_oa\PMC12096032.1,txt(22758B);json(1114B)
2026-09-15T08:20:48Z,PMC10341518,1,37445754,Analysis of MMP-2-735C/T (rs2285053) and MMP-9-1562C/T (rs3918242) Polymorphisms in the Risk Assessment of Developing Lung Cancer,CC BY,False,True,Int J Mol Sci. 2023 Jun 24;24(13):10576. doi: 10.3390/ijms241310576,D:\medical_rag\data\pmc_oa\PMC10341518.1,txt(74977B);json(1250B)
2026-09-15T08:20:48Z,PMC5999988,1,22104221,Radiofrequency Ablation for the Treatment of Lung Neoplasms: A Retrospective Study of 329 Cases,CC BY,False,True,Zhongguo Fei Ai Za Zhi. 2011 Nov 20;14(11):865–9. [Article in Chinese] doi: 10.3779/j.issn.1009-3419.2011.11.06,D:\medical_rag\data\pmc_oa\PMC5999988.1,txt(21766B);json(959B)
2026-09-15T08:20:51Z,PMC12868036,1,41632307,"Effect of patient education in improving quality of life, fatigue and anxiety in people diagnosed with lung cancer: systematic review",CC BY,False,True,Support Care Cancer. 2026 Feb 3;34(2):159. doi: 10.1007/s00520-026-10331-8,D:\medical_rag\data\pmc_oa\PMC12868036.1,txt(52138B);json(2393B)
2026-09-15T08:20:51Z,PMC10522728,1,36224314,Mindfulness-Based Interventions for Survivors of Lung Cancer and Their Partners: A Systematic Review,CC BY,False,True,Int J Behav Med. 2022 Oct 12;30(5):616–27. doi: 10.1007/s12529-022-10132-3,D:\medical_rag\data\pmc_oa\PMC10522728.1,txt(53744B);json(1047B)
2026-09-15T08:20:52Z,PMC5728893,1,29245278,Tonsillar metastasis of nonsmall cell lung cancer with G719S mutation in exon 18: A case report,CC BY-SA,False,True,Medicine (Baltimore). 2017 Dec 8;96(49):e9003. doi: 10.1097/MD.0000000000009003,D:\medical_rag\data\pmc_oa\PMC5728893.1,txt(13930B);json(1124B)
2026-09-15T08:20:53Z,PMC2223512,1,9166946,"Comparative analysis of expression of the proprotein convertases furin, PACE4, PC1 and PC2 in human lung tumours",CC BY,False,True,Br J Cancer. 1997;75(10):1509–14. doi: 10.1038/bjc.1997.258,D:\medical_rag\data\pmc_oa\PMC2223512.1,txt(37648B);json(1633B)
2026-09-15T08:20:54Z,PMC5457885,1,28538405,Marked response to nab-paclitaxel in EGFR mutated lung neuroendocrine carcinoma: A case report,CC BY-SA,False,True,Medicine (Baltimore). 2017 May 26;96(21):e6985. doi: 10.1097/MD.0000000000006985,D:\medical_rag\data\pmc_oa\PMC5457885.1,txt(20864B);json(1124B)
2026-09-15T08:20:55Z,PMC9957054,1,36833388,"Association between Polymorphism of Genes IL-1A, NFKB1, PAR1, TP53, and UCP2 and Susceptibility to Non-Small Cell Lung Cancer in the Brazilian Amazon",CC BY,False,True,Genes (Basel). 2023 Feb 10;14(2):461. doi: 10.3390/genes14020461,D:\medical_rag\data\pmc_oa\PMC9957054.1,txt(40914B);json(951B)
2026-09-15T08:20:55Z,PMC11232199,1,38978066,Combined expert-in-the-loop—random forest multiclass segmentation U-net based artificial intelligence model: evaluation of non-small cell lung cancer in fibrotic and non-fibrotic microenvironments,CC BY,False,True,J Transl Med. 2024 Jul 8;22:640. doi: 10.1186/s12967-024-05394-2,D:\medical_rag\data\pmc_oa\PMC11232199.1,txt(47903B);json(1681B)
2026-09-15T08:20:56Z,PMC9355720,1,35938010,Finding Lung-Cancer-Related lncRNAs Based on Laplacian Regularized Least Squares With Unbalanced Bi-Random Walk,CC BY,False,True,Front Genet. 2022 Jul 22;13:933009. doi: 10.3389/fgene.2022.933009,D:\medical_rag\data\pmc_oa\PMC9355720.1,txt(40105B);json(1232B)
2026-09-15T08:20:58Z,PMC5406079,1,28422863,Risk factors and prognosis of pulmonary embolism in patients with lung cancer,CC BY-ND,False,True,Medicine (Baltimore). 2017 Apr 21;96(16):e6638. doi: 10.1097/MD.0000000000006638,D:\medical_rag\data\pmc_oa\PMC5406079.1,txt(15921B);json(1107B)
2026-09-15T08:20:58Z,PMC5604672,1,28906403,The role of serum angiopoietin-2 levels in progression and prognosis of lung cancer: A meta-analysis,CC BY-SA,False,True,Medicine (Baltimore). 2017 Sep 15;96(37):e8063. doi: 10.1097/MD.0000000000008063,D:\medical_rag\data\pmc_oa\PMC5604672.1,txt(32367B);json(1742B)
2026-09-15T08:20:58Z,PMC8776520,1,35103216,The Association of Lung Cancer and Sarcoidosis: A Systematic Review,CC BY,False,True,Cureus. 2022 Jan 12;14(1):e21169. doi: 10.7759/cureus.21169,D:\medical_rag\data\pmc_oa\PMC8776520.1,txt(35996B);json(1093B)
2026-09-15T08:20:59Z,PMC11745611,1,38990285,Salvage surgery and conversion surgery for patients with nonsmall cell lung cancer: a narrative review,CC BY-SA,False,True,Int J Surg. 2024 Jul 11;111(1):1032–41. doi: 10.1097/JS9.0000000000001921,D:\medical_rag\data\pmc_oa\PMC11745611.1,txt(61303B);json(1033B)
2026-09-15T08:21:01Z,PMC5287964,1,28121940,Not only for melanoma. Subcutaneous pseudoprogression in lung squamous-cell carcinoma treated with nivolumab: A case report,CC BY-SA,False,True,Medicine (Baltimore). 2017 Jan 27;96(4):e5951. doi: 10.1097/MD.0000000000005951,D:\medical_rag\data\pmc_oa\PMC5287964.1,txt(8400B);json(1050B)
2026-09-15T08:21:01Z,PMC13036687,1,41790023,Preoperative Contrast-enhanced CT Features Associated with Occult Lymph Node Metastasis in Early-Stage Solid Non–Small Cell Lung Cancer,CC BY,False,True,Radiol Imaging Cancer. 2026 Mar 6;8(2):e250448. doi: 10.1148/rycan.250448,D:\medical_rag\data\pmc_oa\PMC13036687.1,txt(54154B);json(1968B)
2026-09-15T08:21:01Z,PMC11353311,1,39201235,Impact of the COVID-19 Pandemic on the Diagnosis of Malignant Neoplasia of the Bronchus and Lung in the Burgos Region,CC BY,False,True,Healthcare (Basel). 2024 Aug 22;12(16):1677. doi: 10.3390/healthcare12161677,D:\medical_rag\data\pmc_oa\PMC11353311.1,txt(41077B);json(816B)
2026-09-15T08:21:02Z,PMC5489649,1,28680536,TET1-mediated DNA hypomethylation regulates the expression of MUC4 in lung cancer,CC BY,False,True,Genes Cancer. 2017 Mar;8(3-4):517–27. doi: 10.18632/genesandcancer.139,D:\medical_rag\data\pmc_oa\PMC5489649.1,txt(41574B);json(1294B)
2026-09-15T08:21:04Z,PMC10100199,1,37046249,Predictors and characteristics of Rib fracture following SBRT for lung tumors,CC BY,False,True,BMC Cancer. 2023 Apr 12;23:337. doi: 10.1186/s12885-023-10776-8,D:\medical_rag\data\pmc_oa\PMC10100199.1,txt(34983B);json(763B)
2026-09-15T08:21:04Z,PMC5072944,1,27741117,Radiation-induced heart disease in lung cancer radiotherapy: A dosimetric update,CC BY-ND,False,True,Medicine (Baltimore). 2016 Oct 14;95(41):e5051. doi: 10.1097/MD.0000000000005051,D:\medical_rag\data\pmc_oa\PMC5072944.1,txt(39419B);json(1110B)
2026-09-15T08:21:04Z,PMC11093484,1,38241308,Precise and safe pulmonary segmentectomy enabled by visualizing cancer margins with dual-channel near-infrared fluorescence,CC BY-ND,False,True,Int J Surg. 2024 Jan 18;110(5):2625–35. doi: 10.1097/JS9.0000000000001045,D:\medical_rag\data\pmc_oa\PMC11093484.1,txt(52143B);json(1999B)
2026-09-15T08:21:05Z,PMC5515760,1,28700488,Correlation of iodine uptake and perfusion parameters between dual-energy CT imaging and first-pass dual-input perfusion CT in lung cancer,CC BY-ND,False,True,Medicine (Baltimore). 2017 Jul 14;96(28):e7479. doi: 10.1097/MD.0000000000007479,D:\medical_rag\data\pmc_oa\PMC5515760.1,txt(34157B);json(1780B)
2026-09-15T08:21:07Z,PMC6741394,1,31523541,Primary Pulmonary Involvement in Mucosa-associated Lymphoid Tissue Lymphoma,CC BY,False,True,Cureus. 2019 Jul 9;11(7):e5110. doi: 10.7759/cureus.5110,D:\medical_rag\data\pmc_oa\PMC6741394.1,txt(15347B);json(1097B)
2026-09-15T08:21:07Z,PMC6202421,1,30361693,Prediction of potential disease-associated microRNAs by composite network based inference,CC BY,False,True,Sci Rep. 2018 Oct 25;8:15813. doi: 10.1038/s41598-018-34180-6,D:\medical_rag\data\pmc_oa\PMC6202421.1,txt(36942B);json(1794B)
2026-09-15T08:21:07Z,PMC4902352,1,27227928,Body Mass Index and Cancer Mortality Among Korean Older Middle-Aged Men: A Prospective Cohort Study,CC BY-SA,False,True,Medicine (Baltimore). 2016 May 27;95(21):e3684. doi: 10.1097/MD.0000000000003684,D:\medical_rag\data\pmc_oa\PMC4902352.1,txt(39359B);json(1435B)
2026-09-15T08:21:08Z,PMC5348162,1,28272214,Genetic characterization drives personalized therapy for early-stage non-small-cell lung cancer (NSCLC) patients and survivors with metachronous second primary tumor (MST): A case report,CC BY-ND,False,True,Medicine (Baltimore). 2017 Mar 10;96(10):e6221. doi: 10.1097/MD.0000000000006221,D:\medical_rag\data\pmc_oa\PMC5348162.1,txt(30995B);json(1420B)
2026-09-15T08:21:10Z,PMC10343850,1,37446675,Prediction of miRNA–Disease Associations by Cascade Forest Model Based on Stacked Autoencoder,CC BY,False,True,Molecules. 2023 Jun 27;28(13):5013. doi: 10.3390/molecules28135013,D:\medical_rag\data\pmc_oa\PMC10343850.1,txt(44082B);json(1347B)
2026-09-15T08:21:10Z,PMC5287973,1,28121949,Reactive oxygen species modulator 1 (Romo1) as a novel diagnostic marker for lung cancer-related malignant effusion,CC BY-ND,False,True,Medicine (Baltimore). 2017 Jan 27;96(4):e5975. doi: 10.1097/MD.0000000000005975,D:\medical_rag\data\pmc_oa\PMC5287973.1,txt(27314B);json(1348B)
2026-09-15T08:21:11Z,PMC7828433,1,33450975,Role of Omentin in Obesity Paradox in Lung Cancer,CC BY,False,True,Cancers (Basel). 2021 Jan 13;13(2):275. doi: 10.3390/cancers13020275,D:\medical_rag\data\pmc_oa\PMC7828433.1,txt(56614B);json(1383B)
2026-09-15T08:21:11Z,PMC12492052,1,41037264,Contemporary Incidence and Survival of Lung Neuroendocrine Neoplasms,CC BY,False,True,JAMA Netw Open. 2025 Oct 2;8(10):e2535125. doi: 10.1001/jamanetworkopen.2025.35125,D:\medical_rag\data\pmc_oa\PMC12492052.1,txt(41929B);json(1253B)
2026-09-15T08:21:13Z,PMC11254288,1,38518080,Intentional wedge resection versus segmentectomy for ≤2 cm ground-glass-opacity-dominant non-small cell lung cancer: a real-world study using inverse probability of treatment weighting,CC BY-SA,False,True,Int J Surg. 2024 Mar 21;110(7):4231–9. doi: 10.1097/JS9.0000000000001361,D:\medical_rag\data\pmc_oa\PMC11254288.1,txt(40065B);json(1425B)
2026-09-15T08:21:14Z,PMC5059092,1,27749589,From biportal to uniportal video-assisted thoracoscopic anatomical lung resection: A single-institute experience,CC BY-ND,False,True,Medicine (Baltimore). 2016 Oct 7;95(40):e5097. doi: 10.1097/MD.0000000000005097,D:\medical_rag\data\pmc_oa\PMC5059092.1,txt(26483B);json(1345B)
2026-09-15T08:21:14Z,PMC12104544,1,40433187,Uncovering Novel Anti-Lung Cancer Compounds: Insights from Marine Sponge-Derived Agents: A Bibliometric Review,CC BY-ND,False,True,Iran J Med Sci. 2025 May 1;50(5):278–303. doi: 10.30476/ijms.2024.103270.3646,D:\medical_rag\data\pmc_oa\PMC12104544.1,txt(71510B);json(2069B)
2026-09-15T08:21:14Z,PMC4753919,1,26871823,Small-Cell Lung Cancer Transformation in Patients With Pulmonary Adenocarcinoma: A Case Report and Review of Literature,CC BY-ND,False,True,Medicine (Baltimore). 2016 Feb 12;95(6):e2752. doi: 10.1097/MD.0000000000002752,D:\medical_rag\data\pmc_oa\PMC4753919.1,txt(26416B);json(1352B)
2026-09-15T08:21:16Z,PMC5228690,1,28072730,Bortezomib combined with lenalidomide as the first-line treatment for the rare synchronous occurrence of multiple myeloma and pulmonary adenocarcinoma: A case report,CC BY-SA,False,True,Medicine (Baltimore). 2017 Jan 10;96(1):e5787. doi: 10.1097/MD.0000000000005787,D:\medical_rag\data\pmc_oa\PMC5228690.1,txt(19144B);json(1194B)
2026-09-15T08:21:17Z,PMC5976344,1,29768322,Lung cancer screening CT-based coronary artery calcification in predicting cardiovascular events: A systematic review and meta-analysis,CC BY-ND,False,True,Medicine (Baltimore). 2018 May 18;97(20):e10461. doi: 10.1097/MD.0000000000010461,D:\medical_rag\data\pmc_oa\PMC5976344.1,txt(24366B);json(1478B)
2026-09-15T08:21:17Z,PMC5403074,1,28403077,High expression of CD8 predicts favorable prognosis in patients with lung adenocarcinoma: A cohort study,CC BY-ND,False,True,Medicine (Baltimore). 2017 Apr 14;96(15):e6472. doi: 10.1097/MD.0000000000006472,D:\medical_rag\data\pmc_oa\PMC5403074.1,txt(23481B);json(1542B)
2026-09-15T08:21:17Z,PMC13094361,1,42007770,Enhancing Diagnostic Pathways for Bronchopulmonary Neuroendocrine Tumors: Assessment of the South Wales Neuroendocrine Tumor Service Transformation,CC BY,False,True,Thorac Cancer. 2026 Apr 20;17(8):e70282. doi: 10.1111/1759-7714.70282,D:\medical_rag\data\pmc_oa\PMC13094361.1,txt(41140B);json(1375B)
2026-09-15T08:21:20Z,PMC5682784,1,29095265,"Identification of differential expressed PE exosomal miRNA in lung adenocarcinoma, tuberculosis, and other benign lesions",CC BY-SA,False,True,Medicine (Baltimore). 2017 Nov 3;96(44):e8361. doi: 10.1097/MD.0000000000008361,D:\medical_rag\data\pmc_oa\PMC5682784.1,txt(38918B);json(2068B)
2026-09-15T08:21:20Z,PMC5120955,1,27861398,Ratio of lymph node to primary tumor SUVmax multiplied by maximal tumor diameter on positron emission tomography/integrated computed tomography may be a predictor of mediastinal lymph node malignancy ,CC BY-SA,False,True,Medicine (Baltimore). 2016 Nov 18;95(46):e5457. doi: 10.1097/MD.0000000000005457,D:\medical_rag\data\pmc_oa\PMC5120955.1,txt(29224B);json(1754B)
2026-09-15T08:21:20Z,PMC12185656,1,40167931,New insights into imaging of pulmonary metastases from extra-thoracic neoplasms,CC BY,False,True,Radiol Med. 2025 Apr 1;130(6):934–64. doi: 10.1007/s11547-025-02008-9,D:\medical_rag\data\pmc_oa\PMC12185656.1,txt(119223B);json(2009B)
2026-09-15T08:21:21Z,PMC12040632,1,40223411,Expression Pattern Study of miR-200a and XIAP Gene in the Non-small Cell Lung Cancer Patients’ Blood,CC BY-ND,False,True,Iran Biomed J. 2024 Dec 29;29(1-2):49–56. doi: 10.61186/ibj.4354,D:\medical_rag\data\pmc_oa\PMC12040632.1,txt(28600B);json(1309B)
2026-09-15T08:21:23Z,PMC5851744,1,29489653,Effect of hypoglycemic agents on survival outcomes of lung cancer patients with diabetes mellitus: A meta-analysis,CC BY-ND,False,True,Medicine (Baltimore). 2018 Mar 2;97(9):e0035. doi: 10.1097/MD.0000000000010035,D:\medical_rag\data\pmc_oa\PMC5851744.1,txt(35915B);json(1652B)
2026-09-15T08:21:23Z,PMC11203558,1,38928013,Immune Checkpoint Inhibitors in Non-Small Cell Lung Cancer (NSCLC) Treatment: Quo Vadis?,CC BY,False,True,Int J Mol Sci. 2024 Jun 7;25(12):6309. doi: 10.3390/ijms25126309,D:\medical_rag\data\pmc_oa\PMC11203558.1,txt(13891B);json(769B)
2026-09-15T08:21:23Z,PMC10871577,1,37983767,Differential efficacy of segmentectomy and wedge resection in sublobar resection compared to lobectomy for solid-dominant stage IA lung cancer: a systematic review and meta-analysis,CC BY-SA,False,True,Int J Surg. 2023 Nov 16;110(2):1159–71. doi: 10.1097/JS9.0000000000000896,D:\medical_rag\data\pmc_oa\PMC10871577.1,txt(51873B);json(1725B)
2026-09-15T08:21:24Z,PMC9003277,1,35405977,Role of Beta-Carotene in Lung Cancer Primary Chemoprevention: A Systematic Review with Meta-Analysis and Meta-Regression,CC BY,False,True,Nutrients. 2022 Mar 24;14(7):1361. doi: 10.3390/nu14071361,D:\medical_rag\data\pmc_oa\PMC9003277.1,txt(31981B);json(1666B)
2026-09-15T08:21:26Z,PMC5815792,1,29390380,Significant efficacy and well safety of apatinib combined with radiotherapy in NSCLC: Case report,CC BY-SA,False,True,Medicine (Baltimore). 2017 Dec 15;96(50):e9276. doi: 10.1097/MD.0000000000009276,D:\medical_rag\data\pmc_oa\PMC5815792.1,txt(20672B);json(1025B)
2026-09-15T08:21:26Z,PMC5312986,1,28178129,Chaperonin (HSP60) and annexin-2 are candidate biomarkers for non-small cell lung carcinoma,CC BY-ND,False,True,Medicine (Baltimore). 2017 Feb 10;96(6):e5903. doi: 10.1097/MD.0000000000005903,D:\medical_rag\data\pmc_oa\PMC5312986.1,txt(31488B);json(1732B)
2026-09-15T08:21:26Z,PMC7646193,1,32912137,NEMPD: a network embedding-based method for predicting miRNA-disease associations by preserving behavior and attribute information,CC BY,False,True,BMC Bioinformatics. 2020 Sep 10;21:401. doi: 10.1186/s12859-020-03716-x,D:\medical_rag\data\pmc_oa\PMC7646193.1,txt(47197B);json(1604B)
2026-09-15T08:21:27Z,PMC11238481,1,38987857,Stereotactic body radiation therapy for multiple lung cancers in a patient with six primary cancers: a case report,CC BY,False,True,J Med Case Rep. 2024 Jul 11;18:316. doi: 10.1186/s13256-024-04633-w,D:\medical_rag\data\pmc_oa\PMC11238481.1,txt(24788B);json(1488B)
2026-09-15T08:21:29Z,PMC12626506,1,40607924,Pan-cancer multi-omics profiling of MS4A2 unveils its functional landscape in lung adenocarcinoma,CC BY-SA,False,True,Int J Surg. 2025 Jul 2;111(11):7686–97. doi: 10.1097/JS9.0000000000002903,D:\medical_rag\data\pmc_oa\PMC12626506.1,txt(56803B);json(1640B)
2026-09-15T08:21:29Z,PMC6813084,1,31646991,The cost of lost productivity due to premature lung cancer-related mortality: results from Spain over a 10-year period,CC BY,False,True,BMC Cancer. 2019 Oct 23;19:992. doi: 10.1186/s12885-019-6243-7,D:\medical_rag\data\pmc_oa\PMC6813084.1,txt(20789B);json(1037B)
2026-09-15T08:21:30Z,PMC2801179,1,20049123,Lung Cancer in a U.S. Population with Low to Moderate Arsenic Exposure,CC0,False,True,Environ Health Perspect. 2009 Jul 2;117(11):1718–23. doi: 10.1289/ehp.0900566,D:\medical_rag\data\pmc_oa\PMC2801179.1,txt(50758B);json(756B)
2026-09-15T08:21:30Z,PMC10239144,1,37268893,KATZNCP: a miRNA–disease association prediction model integrating KATZ algorithm and network consistency projection,CC BY,False,True,BMC Bioinformatics. 2023 Jun 2;24:229. doi: 10.1186/s12859-023-05365-2,D:\medical_rag\data\pmc_oa\PMC10239144.1,txt(63165B);json(1610B)
2026-09-15T08:21:32Z,PMC5457881,1,28538401,Atrial fibrillation was changed into sinus bradycardia in a ROS1-positive advanced lung adenocarcinoma patient who achieved durable response to Crizotinib: A case report and literature review,CC BY-ND,False,True,Medicine (Baltimore). 2017 May 26;96(21):e6979. doi: 10.1097/MD.0000000000006979,D:\medical_rag\data\pmc_oa\PMC5457881.1,txt(18132B);json(1221B)
2026-09-15T08:21:32Z,PMC11676660,1,39729487,Impact of the COVID-19 pandemic on lung cancer diagnosis in northern Poland–addressing the COVID-19 debt,CC BY,False,True,PLoS One. 2024 Dec 27;19(12):e0316261. doi: 10.1371/journal.pone.0316261,D:\medical_rag\data\pmc_oa\PMC11676660.1,txt(29312B);json(1133B)
2026-09-15T08:21:33Z,PMC9368588,1,35954530,Effects of Tobacco Smoking on the Survivability of Patients with Multiple Cancers and Single Lung Cancer,CC BY,False,True,Int J Environ Res Public Health. 2022 Jul 27;19(15):9179. doi: 10.3390/ijerph19159179,D:\medical_rag\data\pmc_oa\PMC9368588.1,txt(40755B);json(1137B)
2026-09-15T08:21:33Z,PMC7774736,1,33078908,Incidence trends of lung and gastroenteropancreatic neuroendocrine neoplasms in Switzerland,CC BY,False,True,Cancer Med. 2020 Oct 20;9(24):9454–61. doi: 10.1002/cam4.3524,D:\medical_rag\data\pmc_oa\PMC7774736.1,txt(33782B);json(1085B)
2026-09-15T08:21:35Z,PMC11392149,1,38729116,Assessment of surgery delay-associated risk in resectable stages I–IIIA non-small-cell lung cancer,CC BY-SA,False,True,Int J Surg. 2024 May 9;110(9):5847–9. doi: 10.1097/JS9.0000000000001612,D:\medical_rag\data\pmc_oa\PMC11392149.1,txt(11212B);json(927B)
2026-09-15T08:21:35Z,PMC5708934,1,29381935,Salvage chemoradiotherapy with cisplatin and vinorelbine for postoperative locoregional recurrence of non-small cell lung cancer,CC BY-SA,False,True,Medicine (Baltimore). 2017 Nov 27;96(47):e8635. doi: 10.1097/MD.0000000000008635,D:\medical_rag\data\pmc_oa\PMC5708934.1,txt(27864B);json(1668B)
2026-09-15T08:21:36Z,PMC5585497,1,28858103,Efficacy of nanoparticle albumin-bound paclitaxel regimens for relapsed small cell lung cancer: A retrospective analysis,CC BY-SA,False,True,Medicine (Baltimore). 2017 Sep 1;96(35):e7884. doi: 10.1097/MD.0000000000007884,D:\medical_rag\data\pmc_oa\PMC5585497.1,txt(27436B);json(1557B)
2026-09-15T08:21:36Z,PMC7828659,1,33466597,"Plausible Role of Estrogens in Pathogenesis, Progression and Therapy of Lung Cancer",CC BY,False,True,Int J Environ Res Public Health. 2021 Jan 14;18(2):648. doi: 10.3390/ijerph18020648,D:\medical_rag\data\pmc_oa\PMC7828659.1,txt(61358B);json(1322B)
2026-09-15T08:21:38Z,PMC5268044,1,27977598,EGFR-TKIs versus taxanes agents in therapy for nonsmall-cell lung cancer patients: A PRISMA-compliant systematic review with meta-analysis and meta-regression,CC BY-SA,False,True,Medicine (Baltimore). 2016 Dec 16;95(50):e5601. doi: 10.1097/MD.0000000000005601,D:\medical_rag\data\pmc_oa\PMC5268044.1,txt(44366B);json(1982B)
2026-09-15T08:21:38Z,PMC5571687,1,28816950,Pemetrexed-carboplatin with intercalated icotinib in the treatment of patient with advanced EGFR wild-type lung adenocarcinoma: A case report,CC BY-ND,False,True,Medicine (Baltimore). 2017 Aug 18;96(33):e7732. doi: 10.1097/MD.0000000000007732,D:\medical_rag\data\pmc_oa\PMC5571687.1,txt(22942B);json(1171B)
2026-09-15T08:21:39Z,PMC5457871,1,28538391,Evidence of elemene injection combined radiotherapy in lung cancer treatment among patients with brain metastases: A systematic review and meta-analysis,CC BY-ND,False,True,Medicine (Baltimore). 2017 May 26;96(21):e6963. doi: 10.1097/MD.0000000000006963,D:\medical_rag\data\pmc_oa\PMC5457871.1,txt(28270B);json(1896B)
2026-09-15T08:21:39Z,PMC9973389,1,36860703,"Smoking-associated Downregulation of FILIP1L Enhances Lung Adenocarcinoma Progression Through Mucin Production, Inflammation, and Fibrosis",CC BY,False,True,Cancer Res Commun. 2022 Oct 18;2(10):1197–213. doi: 10.1158/2767-9764.CRC-22-0233,D:\medical_rag\data\pmc_oa\PMC9973389.1,txt(88264B);json(1863B)
2026-09-15T08:21:41Z,PMC12276399,1,40091373,A Novel CLTC::RPS6KB1 Fusion in a Poorly Differentiated Carcinoma Involving the Lung and Mediastinum,CC BY,False,True,Int J Surg Pathol. 2025 Mar 16;33(6):1526–30. doi: 10.1177/10668969251323935,D:\medical_rag\data\pmc_oa\PMC12276399.1,txt(17084B);json(1286B)
2026-09-15T08:21:41Z,PMC10804508,1,38263158,The correlation between tumor radiological features and spread through air spaces in peripheral stage IA lung adenocarcinoma: a propensity score-matched analysis,CC BY,False,True,J Cardiothorac Surg. 2024 Jan 23;19:19. doi: 10.1186/s13019-024-02498-0,D:\medical_rag\data\pmc_oa\PMC10804508.1,txt(39284B);json(1319B)
2026-09-15T08:21:42Z,PMC5708966,1,29381967,Responses to crizotinib and disease monitoring with circulating tumor cells in lung adenocarcinoma patient with MET exon 14 skipping mutation: A case report,CC BY-ND,False,True,Medicine (Baltimore). 2017 Nov 27;96(47):e8744. doi: 10.1097/MD.0000000000008744,D:\medical_rag\data\pmc_oa\PMC5708966.1,txt(22712B);json(1186B)
2026-09-15T08:21:42Z,PMC13280542,1,42227353,Hormone secretion predicts poor prognosis in lung neuroendocrine neoplasms,CC BY,False,True,Endocr Relat Cancer. 2026 Jun 18;33(6):e260142. doi: 10.1530/ERC-26-0142,D:\medical_rag\data\pmc_oa\PMC13280542.1,txt(43663B);json(1076B)
2026-09-15T08:21:44Z,PMC5738010,1,28984774,A case report of tongue metastasis from lung squamous cell carcinoma and literature review,CC BY-ND,False,True,Medicine (Baltimore). 2017 Oct 27;96(40):e8208. doi: 10.1097/MD.0000000000008208,D:\medical_rag\data\pmc_oa\PMC5738010.1,txt(20187B);json(1426B)
2026-09-15T08:21:44Z,PMC11254205,1,38477108,A commentary on ‘Impact of lymphadenectomy extent on immunotherapy efficacy in postresectional recurred non-small cell lung cancer: a multi-institutional retrospective cohort study’,CC BY-SA,False,True,Int J Surg. 2024 Mar 12;110(7):4437–8. doi: 10.1097/JS9.0000000000001347,D:\medical_rag\data\pmc_oa\PMC11254205.1,txt(7787B);json(887B)
2026-09-15T08:21:45Z,PMC5959434,1,29742701,Early tumor shrinkage served as a prognostic factor for patients with stage III non-small cell lung cancer treated with concurrent chemoradiotherapy,CC BY-ND,False,True,Medicine (Baltimore). 2018 May 11;97(19):e0632. doi: 10.1097/MD.0000000000010632,D:\medical_rag\data\pmc_oa\PMC5959434.1,txt(27283B);json(1382B)
2026-09-15T08:21:45Z,PMC3413657,1,22880133,Mood Disorders and Risk of Lung Cancer in the EAGLE Case-Control Study and in the U.S. Veterans Affairs Inpatient Cohort,CC0,False,True,PLoS One. 2012 Aug 7;7(8):e42945. doi: 10.1371/journal.pone.0042945,D:\medical_rag\data\pmc_oa\PMC3413657.1,txt(57971B);json(2241B)
2026-09-15T08:21:46Z,PMC11018926,1,38628667,Uniportal video-assisted thoracoscopic segmentectomy for fetal adenocarcinoma lung cancer with severe pulmonary emphysema: a case report,CC BY,False,True,Front Oncol. 2024 Apr 2;14:1281211. doi: 10.3389/fonc.2024.1281211,D:\medical_rag\data\pmc_oa\PMC11018926.1,txt(18387B);json(1163B)
2026-09-15T08:21:47Z,PMC5728943,1,29245328,Endobronchial hamartoma mimicking malignant lung tumor contralateral endobronchial metastasis: A case report,CC BY-ND,False,True,Medicine (Baltimore). 2017 Dec 8;96(49):e9085. doi: 10.1097/MD.0000000000009085,D:\medical_rag\data\pmc_oa\PMC5728943.1,txt(12069B);json(1341B)
2026-09-15T08:21:48Z,PMC5895397,1,29595658,High scavenger receptor class B type I expression is related to tumor aggressiveness and poor prognosis in lung adenocarcinoma: A STROBE compliant article,CC BY-ND,False,True,Medicine (Baltimore). 2018 Mar 30;97(13):e0203. doi: 10.1097/MD.0000000000010203,D:\medical_rag\data\pmc_oa\PMC5895397.1,txt(30560B);json(1694B)
2026-09-15T08:21:48Z,PMC5815687,1,29390275,Synchronous diffuse large B-cell lymphoma of the stomach and small cell lung carcinoma: A case report,CC BY,False,True,Medicine (Baltimore). 2017 Dec 15;96(50):e8873. doi: 10.1097/MD.0000000000008873,D:\medical_rag\data\pmc_oa\PMC5815687.1,txt(12546B);json(1230B)
2026-09-15T08:21:50Z,PMC13494960,1,42452866,Current Status of Multidisciplinary Team Consultation for Lung Cancer and Prospects under the Empowerment of Medical Large Models,CC BY,False,True,Zhongguo Fei Ai Za Zhi. 2026 May 20;29(5):376–81. [Article in Chinese] doi: 10.3779/j.issn.1009-3419.2026.106.12,D:\medical_rag\data\pmc_oa\PMC13494960.1,txt(33637B);json(876B)
2026-09-15T08:21:50Z,PMC4616658,1,26356712,Metachronous Primary Adenocarcinoma of Lung During Adjuvant Imatinib Mesylate Therapy for Gastrointestinal Stromal Tumor of Stomach: A Case Report,CC BY-ND,False,True,Medicine (Baltimore). 2015 Sep 11;94(36):e1484. doi: 10.1097/MD.0000000000001484,D:\medical_rag\data\pmc_oa\PMC4616658.1,txt(24712B);json(1278B)
2026-09-15T08:21:51Z,PMC5571705,1,28816968,Two-portal versus three-port video-assist thoracoscopic surgery for early stage nonsmall cell lung cancer: A retrospective study,CC BY-ND,False,True,Medicine (Baltimore). 2017 Aug 18;96(33):e7796. doi: 10.1097/MD.0000000000007796,D:\medical_rag\data\pmc_oa\PMC5571705.1,txt(18274B);json(1158B)
2026-09-15T08:21:51Z,PMC1247618,1,15531439,Lung Cancer in Railroad Workers Exposed to Diesel Exhaust,CC0,False,True,Environ Health Perspect. 2004 Aug 5;112(15):1539–43. doi: 10.1289/ehp.7195,D:\medical_rag\data\pmc_oa\PMC1247618.1,txt(44940B);json(737B)
2026-09-15T08:21:52Z,PMC11093495,1,38445491,A commentary on ‘Organ preservation strategies after neoadjuvant chemoimmunotherapy in resectable non-small cell lung cancer: a multicenter retrospective cohort study’,CC BY-SA,False,True,Int J Surg. 2024 Mar 4;110(5):3132–3. doi: 10.1097/JS9.0000000000001229,D:\medical_rag\data\pmc_oa\PMC11093495.1,txt(8041B);json(872B)
2026-09-15T08:21:53Z,PMC10795236,1,37740634,A rare case: Endobronchial solitary mixed papilloma,CC BY,False,True,Tuberk Toraks. 2023 Sep 22;71(3):20239712. doi: 10.5578/tt.20239712,D:\medical_rag\data\pmc_oa\PMC10795236.1,txt(12836B);json(1436B)
2026-09-15T08:21:54Z,PMC5089099,1,27787370,Effects of flavopiridol on critical regulation pathways of CD133high/CD44high lung cancer stem cells,CC BY-ND,False,True,Medicine (Baltimore). 2016 Oct 28;95(43):e5150. doi: 10.1097/MD.0000000000005150,D:\medical_rag\data\pmc_oa\PMC5089099.1,txt(41595B);json(1640B)
2026-09-15T08:21:54Z,PMC2753644,1,19812684,Chronic Obstructive Pulmonary Disease and Altered Risk of Lung Cancer in a Population-Based Case-Control Study,CC0,False,True,PLoS One. 2009 Oct 8;4(10):e7380. doi: 10.1371/journal.pone.0007380,D:\medical_rag\data\pmc_oa\PMC2753644.1,txt(44315B);json(1322B)
2026-09-15T08:21:55Z,PMC5779336,1,24402465,"Lung Cancer Incidence Trends Among Men and Women — United States, 2005–2009",CC0,False,True,MMWR Morb Mortal Wkly Rep. 2014 Jan 10;63(1):1–5.,D:\medical_rag\data\pmc_oa\PMC5779336.1,txt(21752B);json(833B)
2026-09-15T08:21:56Z,PMC3207949,1,21985459,Mucoepidermoid carcinoma of the lung: a case report,CC BY,False,True,J Cardiothorac Surg. 2011 Oct 11;6:132. doi: 10.1186/1749-8090-6-132,D:\medical_rag\data\pmc_oa\PMC3207949.1,txt(10610B);json(1261B)
2026-09-15T08:21:57Z,PMC13037665,1,41924208,Computed Tomography-Guided Percutaneous Core Needle Biopsy of Lung Lesions: Factors influencing diagnostic yield and complications,CC BY-ND,False,True,Sultan Qaboos Univ Med J. 2026 Mar 13;26(1):241–50. doi: 10.18295/2075-0528.2980,D:\medical_rag\data\pmc_oa\PMC13037665.1,txt(38634B);json(1085B)
2026-09-15T08:21:58Z,PMC5313025,1,28178168,"Rapid intracranial response to osimertinib, without radiotherapy, in nonsmall cell lung cancer patients harboring the EGFR T790M mutation: Two Case Reports",CC BY-SA,False,True,Medicine (Baltimore). 2017 Feb 10;96(6):e6087. doi: 10.1097/MD.0000000000006087,D:\medical_rag\data\pmc_oa\PMC5313025.1,txt(25272B);json(1286B)
2026-09-15T08:21:58Z,PMC6516640,1,31086395,“I can’t get it into my head that I have cancer…”—A qualitative interview study on needs of patients with lung cancer,CC BY,False,True,PLoS One. 2019 May 14;14(5):e0216778. doi: 10.1371/journal.pone.0216778,D:\medical_rag\data\pmc_oa\PMC6516640.1,txt(57484B);json(1244B)
2026-09-15T08:21:59Z,PMC13253839,1,42000796,Exploring the characteristics of gut microbiome changes in lung cancer patients and healthy controls,CC BY,False,True,Sci Rep. 2026 Apr 18;16:18051. doi: 10.1038/s41598-026-48560-w,D:\medical_rag\data\pmc_oa\PMC13253839.1,txt(63566B);json(1588B)
2026-09-15T08:22:00Z,PMC3608613,1,23555636,Longer Telomere Length in Peripheral White Blood Cells Is Associated with Risk of Lung Cancer and the rs2736100 (CLPTM1L-TERT) Polymorphism in a Prospective Cohort Study among Women in China,CC0,False,True,PLoS One. 2013 Mar 26;8(3):e59230. doi: 10.1371/journal.pone.0059230,D:\medical_rag\data\pmc_oa\PMC3608613.1,txt(37173B);json(1201B)
2026-09-15T08:22:01Z,PMC8288490,1,34305242,Knockdown of Myeloid Cell Leukemia-1 by MicroRNA-101 Increases Sensitivity of A549 Lung Cancer Cells to Etoposide,CC BY-ND,False,True,Iran J Med Sci. 2021 Jul;46(4):298–307. doi: 10.30476/ijms.2020.83173.1203,D:\medical_rag\data\pmc_oa\PMC8288490.1,txt(38762B);json(1235B)
2026-09-15T08:22:01Z,PMC6586400,1,31220129,Are associations between psychosocial stressors and incident lung cancer attributable to smoking?,CC0,False,True,PLoS One. 2019 Jun 20;14(6):e0218439. doi: 10.1371/journal.pone.0218439,D:\medical_rag\data\pmc_oa\PMC6586400.1,txt(44830B);json(1417B)
2026-09-15T08:22:02Z,PMC3809380,1,24199196,Higher Incidence of Lung Adenocarcinomas Induced by DMBA in Connexin 43 Heterozygous Knockout Mice,CC BY,False,True,Biomed Res Int. 2013 Oct 3;2013:618475. doi: 10.1155/2013/618475,D:\medical_rag\data\pmc_oa\PMC3809380.1,txt(24491B);json(1001B)
2026-09-15T08:22:03Z,PMC10606350,1,37894716,The Clinical and Molecular Profile of Lung Cancer Patients Harboring the TP53 R337H Germline Variant in a Brazilian Cancer Center: The Possible Mechanism of Carcinogenesis,CC BY,False,True,Int J Mol Sci. 2023 Oct 10;24(20):15035. doi: 10.3390/ijms242015035,D:\medical_rag\data\pmc_oa\PMC10606350.1,txt(34859B);json(1498B)
2026-09-15T08:22:04Z,PMC8954358,1,35328047,UGT1A1 Gene Polymorphism Contributes as a Risk Factor for Lung Cancer: A Pilot Study with Patients from the Amazon,CC BY,False,True,Genes (Basel). 2022 Mar 11;13(3):493. doi: 10.3390/genes13030493,D:\medical_rag\data\pmc_oa\PMC8954358.1,txt(39172B);json(789B)
2026-09-15T08:22:05Z,PMC5464539,1,28594918,"Obesity, metabolic factors and risk of different histological types of lung cancer: A Mendelian randomization study",CC0,False,True,PLoS One. 2017 Jun 8;12(6):e0177875. doi: 10.1371/journal.pone.0177875,D:\medical_rag\data\pmc_oa\PMC5464539.1,txt(53766B);json(3855B)
2026-09-15T08:22:05Z,PMC3226486,1,22067552,"A Case–Referent Study of Lung Cancer and Incense Smoke, Smoking, and Residential Radon in Chinese Men",CC0,False,True,Environ Health Perspect. 2011 Nov 1;119(11):1641–6. doi: 10.1289/ehp.1002790,D:\medical_rag\data\pmc_oa\PMC3226486.1,txt(44822B);json(912B)
2026-09-15T08:22:06Z,PMC11063022,1,38693435,Expression patterns of novel immunotherapy targets in intermediate- and high-grade lung neuroendocrine neoplasms,CC BY,False,True,Cancer Immunol Immunother. 2024 May 2;73(6):114. doi: 10.1007/s00262-024-03704-7,D:\medical_rag\data\pmc_oa\PMC11063022.1,txt(64114B);json(2362B)
2026-09-15T08:22:07Z,PMC3114823,1,21227886,Lung Cancer Incidence and Long-Term Exposure to Air Pollution from Traffic,CC0,False,True,Environ Health Perspect. 2011 Jan 12;119(6):860–5. doi: 10.1289/ehp.1002353,D:\medical_rag\data\pmc_oa\PMC3114823.1,txt(51553B);json(758B)
2026-09-15T08:22:08Z,PMC3283716,1,22363766,A Novel Classification of Lung Cancer into Molecular Subtypes,CC0,False,True,PLoS One. 2012 Feb 21;7(2):e31906. doi: 10.1371/journal.pone.0031906,D:\medical_rag\data\pmc_oa\PMC3283716.1,txt(74110B);json(1072B)
2026-09-15T08:22:08Z,PMC6888331,1,31739404,Risk of Cancer for Workers Exposed to Antimony Compounds: A Systematic Review,CC BY,False,True,Int J Environ Res Public Health. 2019 Nov 14;16(22):4474. doi: 10.3390/ijerph16224474,D:\medical_rag\data\pmc_oa\PMC6888331.1,txt(85916B);json(902B)
2026-09-15T08:22:10Z,PMC3821857,1,24255704,DOK2 Inhibits EGFR-Mutated Lung Adenocarcinoma,CC0,False,True,PLoS One. 2013 Nov 8;8(11):e79526. doi: 10.1371/journal.pone.0079526,D:\medical_rag\data\pmc_oa\PMC3821857.1,txt(44218B);json(1562B)
2026-09-15T08:22:10Z,PMC5690724,1,29137031,Subcellular localization of β-arrestin1 and its prognostic value in lung adenocarcinoma,CC BY-ND,False,True,Medicine (Baltimore). 2017 Nov 10;96(45):e8450. doi: 10.1097/MD.0000000000008450,D:\medical_rag\data\pmc_oa\PMC5690724.1,txt(34809B);json(1424B)
2026-09-15T08:22:10Z,PMC3226505,1,21768054,Lung Cancer and Cardiovascular Disease Mortality Associated with Ambient Air Pollution and Cigarette Smoke: Shape of the Exposure–Response Relationships,CC0,False,True,Environ Health Perspect. 2011 Jul 19;119(11):1616–21. doi: 10.1289/ehp.1103639,D:\medical_rag\data\pmc_oa\PMC3226505.1,txt(52643B);json(965B)
2026-09-15T08:22:11Z,PMC3210140,1,21993136,The effect of breast cancer awareness month on internet search activity - a comparison with awareness campaigns for lung and prostate cancer,CC BY,False,True,BMC Cancer. 2011 Oct 12;11:442. doi: 10.1186/1471-2407-11-442,D:\medical_rag\data\pmc_oa\PMC3210140.1,txt(36171B);json(1349B)
2026-09-15T08:22:13Z,PMC7952797,1,33508893,Preoperative predictors of restoration in quality of life after surgery for lung cancer,CC BY-ND,False,True,Thorac Cancer. 2021 Jan 28;12(6):835–44. doi: 10.1111/1759-7714.13819,D:\medical_rag\data\pmc_oa\PMC7952797.1,txt(45466B);json(1492B)
2026-09-15T08:22:13Z,PMC7835148,1,32869113,Risk factors for pancreas and lung neuroendocrine neoplasms: a case–control study,CC BY,False,True,Endocrine. 2020 Aug 31;71(1):233–41. doi: 10.1007/s12020-020-02464-5,D:\medical_rag\data\pmc_oa\PMC7835148.1,txt(37585B);json(1122B)
2026-09-15T08:22:14Z,PMC3286451,1,22384154,Helicobacter pylori Seropositivity and Risk of Lung Cancer,CC0,False,True,PLoS One. 2012 Feb 24;7(2):e32106. doi: 10.1371/journal.pone.0032106,D:\medical_rag\data\pmc_oa\PMC3286451.1,txt(39839B);json(1170B)
2026-09-15T08:22:14Z,PMC11392073,1,38781043,Prediction of the pathological subtypes by intraoperative frozen section for patients with cT1N0M0 invasive lung adenocarcinoma (ECTOP-1015): a prospective multicenter study,CC BY-SA,False,True,Int J Surg. 2024 May 23;110(9):5444–51. doi: 10.1097/JS9.0000000000001667,D:\medical_rag\data\pmc_oa\PMC11392073.1,txt(45111B);json(1311B)
2026-09-15T08:22:16Z,PMC3912196,1,24498409,Autoantibody Profiling for Lung Cancer Screening Longitudinal Retrospective Analysis of CT Screening Cohorts,CC0,False,True,PLoS One. 2014 Feb 3;9(2):e87947. doi: 10.1371/journal.pone.0087947,D:\medical_rag\data\pmc_oa\PMC3912196.1,txt(27584B);json(1017B)
2026-09-15T08:22:16Z,PMC2966442,1,21048943,Cigarette Smoke Induces C/EBP-β-Mediated Activation of miR-31 in Normal Human Respiratory Epithelia and Lung Cancer Cells,CC0,False,True,PLoS One. 2010 Oct 29;5(10):e13764. doi: 10.1371/journal.pone.0013764,D:\medical_rag\data\pmc_oa\PMC2966442.1,txt(57673B);json(1740B)
2026-09-15T08:22:16Z,PMC9423753,1,36072072,The Diagnostic Dilemma of Ruptured Liver Metastasis in a Patient with Lung Cancer: A case report,CC BY-ND,False,True,Sultan Qaboos Univ Med J. 2022 Aug 25;22(3):421–5. doi: 10.18295/squmj.6.2021.091,D:\medical_rag\data\pmc_oa\PMC9423753.1,txt(22407B);json(1130B)
2026-09-15T08:22:17Z,PMC2914741,1,20689807,Genetic Variation and Antioxidant Response Gene Expression in the Bronchial Airway Epithelium of Smokers at Risk for Lung Cancer,CC0,False,True,PLoS One. 2010 Aug 3;5(8):e11934. doi: 10.1371/journal.pone.0011934,D:\medical_rag\data\pmc_oa\PMC2914741.1,txt(59963B);json(1744B)
2026-09-15T08:22:19Z,PMC11698444,1,39752448,Disparities in time to treatment initiation of invasive lung cancer among Black and White patients in Tennessee,CC0,False,True,PLoS One. 2025 Jan 3;20(1):e0311186. doi: 10.1371/journal.pone.0311186,D:\medical_rag\data\pmc_oa\PMC11698444.1,txt(60575B);json(1852B)
2026-09-15T08:22:19Z,PMC8795812,1,35165515,"The Spectrum of Malignant Neoplasms among Liver Transplant Recipients: Sociodemographic Factors, Mortality, and Hospital Burden",CC BY,False,True,Int J Med Sci. 2022 Jan 9;19(2):299–309. doi: 10.7150/ijms.66533,D:\medical_rag\data\pmc_oa\PMC8795812.1,txt(46428B);json(1425B)
2026-09-15T08:22:19Z,PMC13189452,1,42170304,Bioinformatics Combined With Biological Experiments to Explore the Promotion of Lung Metastasis by CCL18 in the Immune Microenvironment of Colorectal Cancer,CC BY,False,True,Hum Mutat. 2026 May 20;2026:1943814. doi: 10.1155/humu/1943814,D:\medical_rag\data\pmc_oa\PMC13189452.1,txt(57544B);json(1929B)
2026-09-15T08:22:20Z,PMC3679066,1,23776618,"TUSC1, a Putative Tumor Suppressor Gene, Reduces Tumor Cell Growth In Vitro and Tumor Growth In Vivo",CC0,False,True,PLoS One. 2013 Jun 11;8(6):e66114. doi: 10.1371/journal.pone.0066114,D:\medical_rag\data\pmc_oa\PMC3679066.1,txt(39772B);json(1212B)
2026-09-15T08:22:22Z,PMC5427558,1,28494807,Concordant clear cell “mesonephric” carcinoma of the bladder and lung adenocarcinoma with clear cell features – multiple primaries versus metastatic neoplasms: a case report,CC BY,False,True,J Med Case Rep. 2017 May 12;11:133. doi: 10.1186/s13256-017-1295-2,D:\medical_rag\data\pmc_oa\PMC5427558.1,txt(26125B);json(1102B)
2026-09-15T08:22:22Z,PMC4154221,1,24911630,Outdoor Particulate Matter Exposure and Lung Cancer: A Systematic Review and Meta-Analysis,CC0,False,True,Environ Health Perspect. 2014 Jun 6;122(9):906–11. doi: 10.1289/ehp/1408092,D:\medical_rag\data\pmc_oa\PMC4154221.1,txt(45830B);json(998B)
2026-09-15T08:22:23Z,PMC7966641,1,33474631,Morphologic and molecular classification of lung neuroendocrine neoplasms,CC BY,False,True,Virchows Arch. 2021 Jan 21;478(1):5–19. doi: 10.1007/s00428-020-03015-z,D:\medical_rag\data\pmc_oa\PMC7966641.1,txt(74503B);json(1214B)
2026-09-15T08:22:24Z,PMC6337639,1,30597969,Lung Macrophages: Multifunctional Regulator Cells for Metastatic Cells,CC BY,False,True,Int J Mol Sci. 2018 Dec 29;20(1):116. doi: 10.3390/ijms20010116,D:\medical_rag\data\pmc_oa\PMC6337639.1,txt(57267B);json(1175B)
2026-09-15T08:22:25Z,PMC4829998,1,26372664,"Radon Exposure, IL-6 Promoter Variants, and Lung Squamous Cell Carcinoma in Former Uranium Miners",CC0,False,True,Environ Health Perspect. 2015 Sep 15;124(4):445–51. doi: 10.1289/ehp.1409437,D:\medical_rag\data\pmc_oa\PMC4829998.1,txt(53549B);json(1111B)
2026-09-15T08:22:25Z,PMC8646025,1,34881185,Managing Severe Dysgeusia and Dysosmia in Lung Cancer Patients: A Systematic Scoping Review,CC BY,False,True,Front Oncol. 2021 Nov 22;11:774081. doi: 10.3389/fonc.2021.774081,D:\medical_rag\data\pmc_oa\PMC8646025.1,txt(84396B);json(897B)
2026-09-15T08:22:26Z,PMC5369930,1,28296775,Giant hepatic metastasis in a patient with coin-like small cell lung carcinoma incidentally diagnosed at autopsy: A case report,CC BY-ND,False,True,Medicine (Baltimore). 2017 Mar 24;96(11):e6366. doi: 10.1097/MD.0000000000006366,D:\medical_rag\data\pmc_oa\PMC5369930.1,txt(13337B);json(1157B)
2026-09-15T08:22:26Z,PMC6076114,1,29979398,A case report of pediatric calciphylaxis–a rare and potentially fatal under diagnosed condition,CC BY-ND,False,True,Medicine (Baltimore). 2018 Jul 6;97(27):e11300. doi: 10.1097/MD.0000000000011300,D:\medical_rag\data\pmc_oa\PMC6076114.1,txt(23664B);json(1130B)
2026-09-15T08:22:28Z,PMC12539876,1,40658472,Management and optimization of chronic renal insufficiency in the setting of kidney cancer A Systematic Review,CC BY,False,True,Int Braz J Urol. 2025 Jun 15;51(5):e20250303. doi: 10.1590/S1677-5538.IBJU.2025.0303,D:\medical_rag\data\pmc_oa\PMC12539876.1,txt(35361B);json(968B)
2026-09-15T08:22:29Z,PMC4544563,1,25115875,Peri-operative kidney injury and long-term chronic kidney disease following orthotopic heart transplantation in children,CC BY,False,True,Pediatr Nephrol. 2014 Aug 14;30(6):905–18. doi: 10.1007/s00467-014-2878-4,D:\medical_rag\data\pmc_oa\PMC4544563.1,txt(72660B);json(1048B)
2026-09-15T08:22:29Z,PMC5657061,1,29070043,"The effect of renal denervation in an experimental model of chronic renal insufficiency, The REmnant kidney Denervation In Pigs study (REDIP study)",CC BY,False,True,J Transl Med. 2017 Oct 25;15:215. doi: 10.1186/s12967-017-1319-0,D:\medical_rag\data\pmc_oa\PMC5657061.1,txt(35031B);json(1395B)
2026-09-15T08:22:29Z,PMC6739800,1,31772554,Incidence of Acute Kidney Injury in Patients with Chronic Renal Insufficiency: Transcatheter versus Surgical Aortic Valve Replacement,CC BY,False,True,J Interv Cardiol. 2019 Apr 23;2019:9780415. doi: 10.1155/2019/9780415,D:\medical_rag\data\pmc_oa\PMC6739800.1,txt(31557B);json(940B)
2026-09-15T08:22:31Z,PMC5485944,1,28538699,Cholesterol Crystal Embolism and Chronic Kidney Disease,CC BY,False,True,Int J Mol Sci. 2017 May 24;18(6):1120. doi: 10.3390/ijms18061120,D:\medical_rag\data\pmc_oa\PMC5485944.1,txt(43566B);json(957B)
2026-09-15T08:22:32Z,PMC8283556,1,34264332,Analysis of Estimated and Measured Glomerular Filtration Rates and the CKD-EPI Equation Race Coefficient in the Chronic Renal Insufficiency Cohort Study,CC BY,False,True,JAMA Netw Open. 2021 Jul 15;4(7):e2117080. doi: 10.1001/jamanetworkopen.2021.17080,D:\medical_rag\data\pmc_oa\PMC8283556.1,txt(13815B);json(997B)
2026-09-15T08:22:32Z,PMC4016297,1,24148285,Predictors of high sensitivity cardiac troponin T in chronic kidney disease patients: a cross-sectional study in the chronic renal insufficiency cohort (CRIC),CC BY,False,True,BMC Nephrol. 2013 Oct 22;14:229. doi: 10.1186/1471-2369-14-229,D:\medical_rag\data\pmc_oa\PMC4016297.1,txt(40594B);json(1062B)
2026-09-15T08:22:32Z,PMC7376925,1,32698776,American Indian chronic Renal insufficiency cohort study (AI-CRIC study),CC BY,False,True,BMC Nephrol. 2020 Jul 22;21:291. doi: 10.1186/s12882-020-01954-y,D:\medical_rag\data\pmc_oa\PMC7376925.1,txt(64533B);json(752B)
2026-09-15T08:22:34Z,PMC9252224,1,35633246,End-Stage Renal Disease among Patients Undergoing Haemodialysis at a Tertiary Care Centre: A Descriptive Cross-sectional Study,CC BY,False,True,JNMA J Nepal Med Assoc. 2022 May 31;60(249):448–52. doi: 10.31729/jnma.7258,D:\medical_rag\data\pmc_oa\PMC9252224.1,txt(19995B);json(937B)
2026-09-15T08:22:34Z,PMC6383235,1,30786864,"Insulin resistance and chronic kidney disease progression, cardiovascular events, and death: findings from the chronic renal insufficiency cohort study",CC BY,False,True,BMC Nephrol. 2019 Feb 20;20:60. doi: 10.1186/s12882-019-1220-6,D:\medical_rag\data\pmc_oa\PMC6383235.1,txt(55750B);json(962B)
2026-09-15T08:22:35Z,PMC11157728,1,38849916,"Minimisation of dialysis risk in hospital patients with chronic kidney disease (MinDial): study protocol for a multicentre, stepped-wedge, cluster-randomised controlled trial",CC BY,False,True,Trials. 2024 Jun 7;25:368. doi: 10.1186/s13063-024-08182-x,D:\medical_rag\data\pmc_oa\PMC11157728.1,txt(73075B);json(1099B)
2026-09-15T08:22:35Z,PMC9714776,1,36048534,Metabolite profiling of CKD progression in the chronic renal insufficiency cohort study,CC BY,False,True,JCI Insight. 2022 Oct 24;7(20):e161696. doi: 10.1172/jci.insight.161696,D:\medical_rag\data\pmc_oa\PMC9714776.1,txt(55483B);json(1879B)
2026-09-15T08:22:38Z,PMC6885231,1,31828139,Atorvastatin Improves Hepatic Lipid Metabolism and Protects Renal Damage in Adenine-Induced Chronic Kidney Disease in Sprague-Dawley Rats,CC BY,False,True,Biomed Res Int. 2019 Nov 5;2019:8714363. doi: 10.1155/2019/8714363,D:\medical_rag\data\pmc_oa\PMC6885231.1,txt(50478B);json(1149B)
2026-09-15T08:22:38Z,PMC10564759,1,37816758,Proteomics of CKD progression in the chronic renal insufficiency cohort,CC BY,False,True,Nat Commun. 2023 Oct 10;14:6340. doi: 10.1038/s41467-023-41642-7,D:\medical_rag\data\pmc_oa\PMC10564759.1,txt(82327B);json(1900B)
2026-09-15T08:22:38Z,PMC5405955,1,28445516,Transplantation of induced mesenchymal stem cells for treating chronic renal insufficiency,CC BY,False,True,PLoS One. 2017 Apr 26;12(4):e0176273. doi: 10.1371/journal.pone.0176273,D:\medical_rag\data\pmc_oa\PMC5405955.1,txt(38386B);json(1914B)
2026-09-15T08:22:39Z,PMC10765730,1,38172786,In-hospital outcomes of transcatheter aortic valve replacement in patients with chronic and end-stage renal disease: a nationwide database study,CC BY,False,True,BMC Cardiovasc Disord. 2024 Jan 3;24:21. doi: 10.1186/s12872-023-03684-z,D:\medical_rag\data\pmc_oa\PMC10765730.1,txt(43791B);json(1085B)
2026-09-15T08:22:41Z,PMC9977539,1,36873791,A Systematic Review and Meta-Analysis of Influences of Chronic Kidney Disease on Patients after Percutaneous Coronary Intervention for Chronic Total Occlusions,CC BY,False,True,Comput Math Methods Med. 2023 Feb 22;2023:9450752. doi: 10.1155/2023/9450752,D:\medical_rag\data\pmc_oa\PMC9977539.1,txt(33520B);json(739B)
2026-09-15T08:22:41Z,PMC9075491,1,35322682,Deoxycholic Acid and Coronary Artery Calcification in the Chronic Renal Insufficiency Cohort,CC BY,False,True,J Am Heart Assoc. 2022 Mar 24;11(7):e022891. doi: 10.1161/JAHA.121.022891,D:\medical_rag\data\pmc_oa\PMC9075491.1,txt(54322B);json(1114B)
2026-09-15T08:22:41Z,PMC13437241,1,42310367,Phosphate homeostasis and apparent treatment-resistant hypertension in chronic kidney disease: the Chronic Renal Insufficiency Cohort (CRIC) study,CC BY,False,True,Hypertens Res. 2026 Jun 17;49(8):2404–16. doi: 10.1038/s41440-026-02706-5,D:\medical_rag\data\pmc_oa\PMC13437241.1,txt(71583B);json(1200B)
2026-09-15T08:22:42Z,PMC12953007,1,41674104,Mutations in ammonia transporter RhBG that impair NH3/NH4 + transport in patients with chronic kidney disease,CC BY,False,True,J Physiol. 2026 Feb 11;604(5):2302–35. doi: 10.1113/JP288958,D:\medical_rag\data\pmc_oa\PMC12953007.1,txt(114130B);json(2134B)
2026-09-15T08:22:44Z,PMC8500622,1,34622838,Risk factors for anemia in patients with chronic kidney disease: A protocol for systematic review and meta-analysis,CC BY,False,True,Medicine (Baltimore). 2021 Oct 8;100(40):e27371. doi: 10.1097/MD.0000000000027371,D:\medical_rag\data\pmc_oa\PMC8500622.1,txt(15560B);json(813B)
2026-09-15T08:22:44Z,PMC4660634,1,26607500,Discordant associations of lipid parameters with albuminuria and chronic kidney disease: a population-based study,CC BY,False,True,Lipids Health Dis. 2015 Nov 25;14:152. doi: 10.1186/s12944-015-0153-8,D:\medical_rag\data\pmc_oa\PMC4660634.1,txt(45359B);json(1145B)
2026-09-15T08:22:44Z,PMC8699079,1,34943790,Mitochondrial Bioenergetic and Proteomic Phenotyping Reveals Organ-Specific Consequences of Chronic Kidney Disease in Mice,CC BY,False,True,Cells. 2021 Nov 24;10(12):3282. doi: 10.3390/cells10123282,D:\medical_rag\data\pmc_oa\PMC8699079.1,txt(77299B);json(1536B)
2026-09-15T08:22:45Z,PMC8213256,1,34128899,The use of cisplatin in patients after kidney transplantation with chronic renal insufficiency: Is the benefit higher than potential risks in therapy of non-seminomatous germ cell tumors?,CC BY,False,True,Medicine (Baltimore). 2021 Jun 18;100(24):e26381. doi: 10.1097/MD.0000000000026381,D:\medical_rag\data\pmc_oa\PMC8213256.1,txt(19588B);json(1118B)
2026-09-15T08:22:47Z,PMC9163811,1,35669976,Allograft Function as Endpoint for Clinical Trials in Kidney Transplantation,CC BY,False,True,Transpl Int. 2022 May 20;35:10139. doi: 10.3389/ti.2022.10139,D:\medical_rag\data\pmc_oa\PMC9163811.1,txt(64007B);json(748B)
2026-09-15T08:22:47Z,PMC4676825,1,26651991,"Gastrointestinal symptoms, inflammation and hypoalbuminemia in chronic kidney disease patients: a cross-sectional study",CC BY,False,True,BMC Nephrol. 2015 Dec 11;16:211. doi: 10.1186/s12882-015-0209-z,D:\medical_rag\data\pmc_oa\PMC4676825.1,txt(40810B);json(1146B)
2026-09-15T08:22:47Z,PMC4625452,1,26510510,Renal disease and accidental falls: a review of published evidence,CC BY,False,True,BMC Nephrol. 2015 Oct 29;16:176. doi: 10.1186/s12882-015-0173-7,D:\medical_rag\data\pmc_oa\PMC4625452.1,txt(46518B);json(985B)
2026-09-15T08:22:48Z,PMC6195263,1,30339684,Modeling the impact of obesity on the lifetime risk of chronic kidney disease in the United States using updated estimates of GFR progression from the CRIC study,CC0,False,True,PLoS One. 2018 Oct 19;13(10):e0205530. doi: 10.1371/journal.pone.0205530,D:\medical_rag\data\pmc_oa\PMC6195263.1,txt(33650B);json(1580B)
2026-09-15T08:22:50Z,PMC3937145,1,24447425,"Effect of pegloticase on renal function in patients with chronic kidney disease: a post hoc subgroup analysis of 2 randomized, placebo-controlled, phase 3 clinical trials",CC BY,False,True,BMC Res Notes. 2014 Jan 21;7:54. doi: 10.1186/1756-0500-7-54,D:\medical_rag\data\pmc_oa\PMC3937145.1,txt(28602B);json(1066B)
2026-09-15T08:22:50Z,PMC5659028,1,29078759,Endothelin A receptor blocker and calcimimetic in the adenine rat model of chronic renal insufficiency,CC BY,False,True,BMC Nephrol. 2017 Oct 27;18:323. doi: 10.1186/s12882-017-0742-z,D:\medical_rag\data\pmc_oa\PMC5659028.1,txt(58194B);json(1669B)
2026-09-15T08:22:50Z,PMC4987477,1,27563376,Systemic Redox Imbalance in Chronic Kidney Disease: A Systematic Review,CC BY,False,True,Oxid Med Cell Longev. 2016 Aug 3;2016:8598253. doi: 10.1155/2016/8598253,D:\medical_rag\data\pmc_oa\PMC4987477.1,txt(85187B);json(881B)
2026-09-15T08:22:51Z,PMC4050398,1,24884708,KNOW-CKD (KoreaN cohort study for Outcome in patients With Chronic Kidney Disease): design and methods,CC BY,False,True,BMC Nephrol. 2014 May 19;15:80. doi: 10.1186/1471-2369-15-80,D:\medical_rag\data\pmc_oa\PMC4050398.1,txt(46223B);json(900B)
2026-09-15T08:22:53Z,PMC9740491,1,36497080,Gender and Renal Insufficiency: Opportunities for Their Therapeutic Management?,CC BY,False,True,Cells. 2022 Nov 29;11(23):3820. doi: 10.3390/cells11233820,D:\medical_rag\data\pmc_oa\PMC9740491.1,txt(63660B);json(748B)
2026-09-15T08:22:53Z,PMC7037353,1,32023824,Unfavorable Reduction in the Ratio of Endothelin B to A Receptors in Experimental 5/6 Nephrectomy and Adenine Models of Chronic Renal Insufficiency,CC BY,False,True,Int J Mol Sci. 2020 Jan 31;21(3):936. doi: 10.3390/ijms21030936,D:\medical_rag\data\pmc_oa\PMC7037353.1,txt(63117B);json(1252B)
2026-09-15T08:22:53Z,PMC10056269,1,36982595,Current and Future Therapeutical Options in Alport Syndrome,CC BY,False,True,Int J Mol Sci. 2023 Mar 14;24(6):5522. doi: 10.3390/ijms24065522,D:\medical_rag\data\pmc_oa\PMC10056269.1,txt(45065B);json(867B)
2026-09-15T08:22:54Z,PMC13265864,1,42305861,"The Association Between Pulmonary Hypertension, End-Stage Kidney Disease, and Death: An Analysis of the Chronic Renal Insufficiency Cohort Study (CRIC)",CC BY,False,True,Kidney Med. 2026 May 12;8(7):101399. doi: 10.1016/j.xkme.2026.101399,D:\medical_rag\data\pmc_oa\PMC13265864.1,txt(43917B);json(1131B)
2026-09-15T08:22:56Z,PMC13019561,1,41908617,Quantifying Change in Proteinuria After Acute Kidney Injury Among Patients With Chronic Kidney Disease: Findings From the Chronic Renal Insufficiency Cohort (CRIC) Study,CC BY,False,True,Kidney Med. 2026 Jan 29;8(4):101272. doi: 10.1016/j.xkme.2026.101272,D:\medical_rag\data\pmc_oa\PMC13019561.1,txt(42861B);json(974B)
2026-09-15T08:22:57Z,PMC10149997,1,37138743,Application of nanoparticles in the diagnosis and treatment of chronic kidney disease,CC BY,False,True,Front Med (Lausanne). 2023 Apr 17;10:1132355. doi: 10.3389/fmed.2023.1132355,D:\medical_rag\data\pmc_oa\PMC10149997.1,txt(78689B);json(1017B)
2026-09-15T08:22:57Z,PMC9330693,1,35893866,"Vitamin D and Secondary Hyperparathyroidism in Chronic Kidney Disease: A Critical Appraisal of the Past, Present, and the Future",CC BY,False,True,Nutrients. 2022 Jul 22;14(15):3009. doi: 10.3390/nu14153009,D:\medical_rag\data\pmc_oa\PMC9330693.1,txt(58082B);json(1354B)
2026-09-15T08:22:58Z,PMC6824746,1,31626101,Paget disease of bone in an elderly patient with chronic renal disease and weight loss: A case report,CC BY,False,True,Medicine (Baltimore). 2019 Oct 18;98(42):e17458. doi: 10.1097/MD.0000000000017458,D:\medical_rag\data\pmc_oa\PMC6824746.1,txt(16676B);json(1235B)
2026-09-15T08:22:59Z,PMC13166505,1,42116397,"Trends, pathological classification of renal diseases proved by biopsy: A 10-year retrospective cohort study in an East Chinese Tertiary Center",CC BY,False,True,Medicine (Baltimore). 2026 May 8;105(19):e48595. doi: 10.1097/MD.0000000000048595,D:\medical_rag\data\pmc_oa\PMC13166505.1,txt(41126B);json(2244B)
2026-09-15T08:23:00Z,PMC4831797,1,27078852,Positive Impact of Nutritional Interventions on Serum Symmetric Dimethylarginine and Creatinine Concentrations in Client-Owned Geriatric Cats,CC BY,False,True,PLoS One. 2016 Apr 14;11(4):e0153654. doi: 10.1371/journal.pone.0153654,D:\medical_rag\data\pmc_oa\PMC4831797.1,txt(46756B);json(1359B)
2026-09-15T08:23:01Z,PMC4839801,1,27082557,The Incidence of Cardiovascular Events Is Comparable Between Normoalbuminuric and Albuminuric Diabetic Patients With Chronic Kidney Disease,CC BY,False,True,Medicine (Baltimore). 2016 Apr 18;95(15):e3175. doi: 10.1097/MD.0000000000003175,D:\medical_rag\data\pmc_oa\PMC4839801.1,txt(34346B);json(1778B)
2026-09-15T08:23:02Z,PMC4739587,1,26840403,Interleukin-6 Is a Risk Factor for Atrial Fibrillation in Chronic Kidney Disease: Findings from the CRIC Study,CC BY,False,True,PLoS One. 2016 Feb 3;11(2):e0148189. doi: 10.1371/journal.pone.0148189,D:\medical_rag\data\pmc_oa\PMC4739587.1,txt(44730B);json(1327B)
2026-09-15T08:23:02Z,PMC10901917,1,38150135,The influence of chronic renal insufficiency on multi-therapeutic modalities for breast cancer: a single-center experience,CC BY,False,True,Breast Cancer. 2023 Dec 27;31(2):252–62. doi: 10.1007/s12282-023-01530-w,D:\medical_rag\data\pmc_oa\PMC10901917.1,txt(40412B);json(1063B)
2026-09-15T08:23:03Z,PMC11221832,1,39046071,Overview of global healthcare policies for patients with chronic kidney disease: an integrative literature review,CC BY,False,True,Einstein (Sao Paulo). 2024 Jul 2;22:eRW0519. doi: 10.31744/einstein_journal/2024RW0519,D:\medical_rag\data\pmc_oa\PMC11221832.1,txt(69757B);json(1201B)
2026-09-15T08:23:04Z,PMC13132715,1,42077451,Metabolic syndrome and kidney dysfunction: emerging molecular and cellular mechanisms at the metabolic–renal interface,CC BY,False,True,Front Endocrinol (Lausanne). 2026 Apr 17;17:1785937. doi: 10.3389/fendo.2026.1785937,D:\medical_rag\data\pmc_oa\PMC13132715.1,txt(90010B);json(1063B)
2026-09-15T08:23:05Z,PMC12114311,1,40430741,Chronic Hepatitis E Virus Infection Without Liver Injury in a Patient with Chronic Kidney Disease,CC BY,False,True,Pathogens. 2025 Apr 26;14(5):420. doi: 10.3390/pathogens14050420,D:\medical_rag\data\pmc_oa\PMC12114311.1,txt(28686B);json(1023B)
2026-09-15T08:23:05Z,PMC6221621,1,30383635,The ratio of urinary sodium and potassium and chronic kidney disease progression: Results from the KoreaN Cohort Study for Outcomes in Patients with Chronic Kidney Disease (KNOW-CKD),CC BY,False,True,Medicine (Baltimore). 2018 Nov 2;97(44):e12820. doi: 10.1097/MD.0000000000012820,D:\medical_rag\data\pmc_oa\PMC6221621.1,txt(30755B);json(1418B)
2026-09-15T08:23:06Z,PMC6510908,1,30168046,Association between serum Na–Cl level and renal function decline in chronic kidney disease: results from the chronic kidney disease Japan cohort (CKD-JAC) study,CC BY,False,True,Clin Exp Nephrol. 2018 Aug 24;23(2):215–22. doi: 10.1007/s10157-018-1631-x,D:\medical_rag\data\pmc_oa\PMC6510908.1,txt(34876B);json(1316B)
2026-09-15T08:23:07Z,PMC11600683,1,39604892,"The relationship between serum levels of LOX-1, hs-cTnT, NGAL, and renal function, and their diagnostic value in patients with chronic kidney disease: a retrospective study",CC BY,False,True,BMC Nephrol. 2024 Nov 27;25:427. doi: 10.1186/s12882-024-03875-6,D:\medical_rag\data\pmc_oa\PMC11600683.1,txt(37490B);json(993B)
2026-09-15T08:23:08Z,PMC13322747,2,42251167,Relationship between medication class and ambulatory blood pressure profile in the chronic renal insufficiency cohort (CRIC) study,CC BY,False,True,J Hum Hypertens. 2026 Jun 6;40(8):631–9. doi: 10.1038/s41371-026-01166-1,D:\medical_rag\data\pmc_oa\PMC13322747.2,txt(62067B);json(1183B)
2026-09-15T08:23:09Z,PMC10855633,1,38339031,From Acute to Chronic: Unraveling the Pathophysiological Mechanisms of the Progression from Acute Kidney Injury to Acute Kidney Disease to Chronic Kidney Disease,CC BY,False,True,Int J Mol Sci. 2024 Feb 1;25(3):1755. doi: 10.3390/ijms25031755,D:\medical_rag\data\pmc_oa\PMC10855633.1,txt(93543B);json(1174B)
2026-09-15T08:23:09Z,PMC11980039,1,40212952,Metabolomics for the Identification of Biomarkers in Kidney Diseases,CC BY,False,True,Nanotheranostics. 2025 Mar 24;9(2):110–20. doi: 10.7150/ntno.108320,D:\medical_rag\data\pmc_oa\PMC11980039.1,txt(63720B);json(979B)
2026-09-15T08:23:11Z,PMC10278792,1,36814088,Association between Depressive Symptom Trajectory and Chronic Kidney Disease Progression: Findings from the Chronic Renal Insufficiency Cohort Study,CC BY,False,True,Kidney360. 2023 Feb 23;4(5):606–14. doi: 10.34067/KID.0000000000000087,D:\medical_rag\data\pmc_oa\PMC10278792.1,txt(43717B);json(1500B)
2026-09-15T08:23:11Z,PMC9345691,1,35928631,Identification of Metabolite Markers Associated with Kidney Function,CC BY,False,True,J Immunol Res. 2022 Jul 26;2022:6190333. doi: 10.1155/2022/6190333,D:\medical_rag\data\pmc_oa\PMC9345691.1,txt(35136B);json(1180B)
2026-09-15T08:23:12Z,PMC11972561,1,40191749,Tumor marker elevations in chronic kidney disease: a retrospective study,CC BY,False,True,PeerJ. 2025 Apr 3;13:e19240. doi: 10.7717/peerj.19240,D:\medical_rag\data\pmc_oa\PMC11972561.1,txt(37436B);json(1703B)
2026-09-15T08:23:12Z,PMC6555784,1,30968244,Analysis of 2897 hospitalization events for patients with chronic kidney disease: results from CKD-JAC study,CC BY,False,True,Clin Exp Nephrol. 2019 Apr 9;23(7):956–68. doi: 10.1007/s10157-019-01730-9,D:\medical_rag\data\pmc_oa\PMC6555784.1,txt(42845B);json(1926B)
2026-09-15T08:23:14Z,PMC4730636,1,26823182,Anemia and risk for cognitive decline in chronic kidney disease,CC BY,False,True,BMC Nephrol. 2016 Jan 28;17:13. doi: 10.1186/s12882-016-0226-6,D:\medical_rag\data\pmc_oa\PMC4730636.1,txt(34396B);json(982B)
2026-09-15T08:23:15Z,PMC4409366,1,25909952,Association between Inflammation and Cardiac Geometry in Chronic Kidney Disease: Findings from the CRIC Study,CC BY,False,True,PLoS One. 2015 Apr 24;10(4):e0124772. doi: 10.1371/journal.pone.0124772,D:\medical_rag\data\pmc_oa\PMC4409366.1,txt(39790B);json(1226B)
2026-09-15T08:23:15Z,PMC6280809,1,29058070,Prognostic value of plasma NT-proBNP levels in very old patients with moderate renal insufficiency in China,CC BY,False,True,Z Gerontol Geriatr. 2017 Oct 20;51(8):889–96. doi: 10.1007/s00391-017-1327-y,D:\medical_rag\data\pmc_oa\PMC6280809.1,txt(39939B);json(1145B)
2026-09-15T08:23:15Z,PMC9942303,1,36803209,A generalized covariate-adjusted top-scoring pair algorithm with applications to diabetic kidney disease stage classification in the Chronic Renal Insufficiency Cohort (CRIC) Study,CC BY,False,True,BMC Bioinformatics. 2023 Feb 20;24:57. doi: 10.1186/s12859-023-05171-w,D:\medical_rag\data\pmc_oa\PMC9942303.1,txt(56330B);json(1546B)
2026-09-15T08:23:17Z,PMC5403080,1,28403083,Subclinical hypothyroidism and the risk of chronic kidney disease in T2D subjects: A case-control and dose-response analysis,CC BY-ND,False,True,Medicine (Baltimore). 2017 Apr 14;96(15):e6519. doi: 10.1097/MD.0000000000006519,D:\medical_rag\data\pmc_oa\PMC5403080.1,txt(30304B);json(718B)
2026-09-15T08:23:18Z,PMC4912299,1,26559305,Risk Factors for Long-Term Mortality and Progressive Chronic Kidney Disease Associated With Acute Kidney Injury After Cardiac Surgery,CC BY-ND,False,True,Medicine (Baltimore). 2015 Nov 13;94(45):e2025. doi: 10.1097/MD.0000000000002025,D:\medical_rag\data\pmc_oa\PMC4912299.1,txt(27372B);json(1673B)
2026-09-15T08:23:18Z,PMC4834151,1,27127544,Role of Myeloperoxidase in Patients with Chronic Kidney Disease,CC BY,False,True,Oxid Med Cell Longev. 2016 Apr 3;2016:1069743. doi: 10.1155/2016/1069743,D:\medical_rag\data\pmc_oa\PMC4834151.1,txt(63179B);json(873B)
2026-09-15T08:23:19Z,PMC4077563,1,24925313,"Cystatin C, a novel indicator of renal function, reflects severity of cerebral microbleeds",CC BY,False,True,BMC Neurol. 2014 Jun 12;14:127. doi: 10.1186/1471-2377-14-127,D:\medical_rag\data\pmc_oa\PMC4077563.1,txt(53946B);json(1509B)
2026-09-15T08:23:20Z,PMC3664075,1,23617441,"The natural history of, and risk factors for, progressive Chronic Kidney Disease (CKD): the Renal Impairment in Secondary care (RIISC) study; rationale and protocol",CC BY,False,True,BMC Nephrol. 2013 Apr 25;14:95. doi: 10.1186/1471-2369-14-95,D:\medical_rag\data\pmc_oa\PMC3664075.1,txt(93064B);json(1166B)
2026-09-15T08:23:21Z,PMC7801646,1,33432037,The interaction between self-care behavior and disease knowledge on the decline in renal function in chronic kidney disease,CC BY,False,True,Sci Rep. 2021 Jan 11;11:401. doi: 10.1038/s41598-020-79873-z,D:\medical_rag\data\pmc_oa\PMC7801646.1,txt(49190B);json(1044B)
2026-09-15T08:23:21Z,PMC7787774,1,33456671,Oxidative Storm Induced by Tryptophan Metabolites: Missing Link between Atherosclerosis and Chronic Kidney Disease,CC BY,False,True,Oxid Med Cell Longev. 2020 Dec 29;2020:6656033. doi: 10.1155/2020/6656033,D:\medical_rag\data\pmc_oa\PMC7787774.1,txt(92824B);json(1237B)
2026-09-15T08:23:22Z,PMC4668678,1,26631265,Progenitor-like cells derived from mouse kidney protect against renal fibrosis in a remnant kidney model via decreased endothelial mesenchymal transition,CC BY,False,True,Stem Cell Res Ther. 2015 Dec 2;6:239. doi: 10.1186/s13287-015-0241-8,D:\medical_rag\data\pmc_oa\PMC4668678.1,txt(52663B);json(1948B)
2026-09-15T08:23:23Z,PMC2275772,1,18335252,Therapeutic strategies to slow chronic kidney disease progression,CC BY,False,True,Pediatr Nephrol. 2008 May 1;23(5):705–16. doi: 10.1007/s00467-008-0789-y,D:\medical_rag\data\pmc_oa\PMC2275772.1,txt(67886B);json(884B)
2026-09-15T08:23:24Z,PMC8875627,1,35202154,Estimated Glomerular Filtration Rate in Chronic Kidney Disease: A Critical Review of Estimate-Based Predictions of Individual Outcomes in Kidney Disease,CC BY,False,True,Toxins (Basel). 2022 Feb 8;14(2):127. doi: 10.3390/toxins14020127,D:\medical_rag\data\pmc_oa\PMC8875627.1,txt(73040B);json(957B)
2026-09-15T08:23:25Z,PMC3924195,1,24305166,Determinants of the creatinine clearance to glomerular filtration rate ratio in patients with chronic kidney disease: a cross-sectional study,CC BY,False,True,BMC Nephrol. 2013 Dec 5;14:268. doi: 10.1186/1471-2369-14-268,D:\medical_rag\data\pmc_oa\PMC3924195.1,txt(35134B);json(942B)
2026-09-15T08:23:25Z,PMC7312694,1,32512831,The Emerging Role of Innate Immunity in Chronic Kidney Diseases,CC BY,False,True,Int J Mol Sci. 2020 Jun 4;21(11):4018. doi: 10.3390/ijms21114018,D:\medical_rag\data\pmc_oa\PMC7312694.1,txt(73760B);json(965B)
2026-09-15T08:23:27Z,PMC12202395,1,40584098,Impacts of amino acid supplementation on renal function and nutritional parameters in patients with renal insufficiency: bibliometric analysis and meta-analysis,CC BY,False,True,Front Nutr. 2025 Jun 13;12:1594507. doi: 10.3389/fnut.2025.1594507,D:\medical_rag\data\pmc_oa\PMC12202395.1,txt(61538B);json(1675B)
2026-09-15T08:23:27Z,PMC8137086,1,34011057,The effect of concomitant chronic kidney disease on the recurrence of atrial fibrillation after catheter ablation: A protocol for systematic review and meta-analysis,CC BY,False,True,Medicine (Baltimore). 2021 May 21;100(20):e25903. doi: 10.1097/MD.0000000000025903,D:\medical_rag\data\pmc_oa\PMC8137086.1,txt(15248B);json(864B)
2026-09-15T08:23:28Z,PMC6604195,1,31262351,Screening for chronic kidney disease in rural Malawi: results from a diabetic clinic,CC BY,False,True,BMC Res Notes. 2019 Jul 1;12:375. doi: 10.1186/s13104-019-4415-9,D:\medical_rag\data\pmc_oa\PMC6604195.1,txt(27129B);json(763B)
2026-09-15T08:23:28Z,PMC8215706,1,34163473,Fractalkine (CX3CL1) and Its Receptor CX3CR1: A Promising Therapeutic Target in Chronic Kidney Disease?,CC BY,False,True,Front Immunol. 2021 Jun 7;12:664202. doi: 10.3389/fimmu.2021.664202,D:\medical_rag\data\pmc_oa\PMC8215706.1,txt(82510B);json(1017B)
2026-09-15T08:23:30Z,PMC7117725,1,32240223,Prevalence of anemia in predialysis chronic kidney disease: Is the study center a significant factor?,CC BY,False,True,PLoS One. 2020 Apr 2;15(4):e0230980. doi: 10.1371/journal.pone.0230980,D:\medical_rag\data\pmc_oa\PMC7117725.1,txt(62112B);json(1523B)
2026-09-15T08:23:30Z,PMC8746801,1,35011042,Dietary Acid Load and Relationship with Albuminuria and Glomerular Filtration Rate in Individuals with Chronic Kidney Disease at Predialysis State,CC BY,False,True,Nutrients. 2021 Dec 30;14(1):170. doi: 10.3390/nu14010170,D:\medical_rag\data\pmc_oa\PMC8746801.1,txt(43532B);json(1049B)
2026-09-15T08:23:31Z,PMC3960483,1,24522942,Treatment Strategies to Prevent Renal Damage in Hypertensive Children,CC BY,False,True,Curr Hypertens Rep. 2014 Feb 14;16(4):423. doi: 10.1007/s11906-014-0423-2,D:\medical_rag\data\pmc_oa\PMC3960483.1,txt(51248B);json(889B)
2026-09-15T08:23:32Z,PMC10815764,1,38256023,Focus on Mitochondrial Respiratory Chain: Potential Therapeutic Target for Chronic Renal Failure,CC BY,False,True,Int J Mol Sci. 2024 Jan 12;25(2):949. doi: 10.3390/ijms25020949,D:\medical_rag\data\pmc_oa\PMC10815764.1,txt(109452B);json(1006B)
2026-09-15T08:23:33Z,PMC8047269,1,33911845,Risk Factors for Anemia in Patients with Chronic Renal Failure: A Systematic Review and Meta-Analysis,CC BY,False,True,Ethiop J Health Sci. 2020 Sep;30(5):829–42. doi: 10.4314/ejhs.v30i5.23,D:\medical_rag\data\pmc_oa\PMC8047269.1,txt(38421B);json(1313B)
2026-09-15T08:23:33Z,PMC10575723,1,37616058,Endogenous adenine mediates kidney injury in diabetic models and predicts diabetic kidney disease in patients,CC BY,False,True,J Clin Invest. 2023 Oct 16;133(20):e170341. doi: 10.1172/JCI170341,D:\medical_rag\data\pmc_oa\PMC10575723.1,txt(58117B);json(1959B)
2026-09-15T08:23:34Z,PMC12469920,1,41009566,Hyperuricemia in Chronic Kidney Disease: Emerging Pathophysiology and a Novel Therapeutic Strategy,CC BY,False,True,Int J Mol Sci. 2025 Sep 16;26(18):9000. doi: 10.3390/ijms26189000,D:\medical_rag\data\pmc_oa\PMC12469920.1,txt(63249B);json(1113B)
2026-09-15T08:23:35Z,PMC10323925,1,37100172,Low concentrations of medium-sized HDL particles predict incident CVD in chronic kidney disease patients,CC BY,False,True,J Lipid Res. 2023 Apr 24;64(6):100381. doi: 10.1016/j.jlr.2023.100381,D:\medical_rag\data\pmc_oa\PMC10323925.1,txt(63253B);json(1260B)
2026-09-15T08:23:36Z,PMC5131971,1,27907168,Are Urinary Tubular Injury Markers Useful in Chronic Kidney Disease? A Systematic Review and Meta Analysis,CC BY,False,True,PLoS One. 2016 Dec 1;11(12):e0167334. doi: 10.1371/journal.pone.0167334,D:\medical_rag\data\pmc_oa\PMC5131971.1,txt(38994B);json(2032B)
2026-09-15T08:23:36Z,PMC11313584,1,38757788,Incident heart failure in chronic kidney disease: proteomics informs biology and risk stratification,CC BY,False,True,Eur Heart J. 2024 May 17;45(30):2752–67. doi: 10.1093/eurheartj/ehae288,D:\medical_rag\data\pmc_oa\PMC11313584.1,txt(72957B);json(1401B)
2026-09-15T08:23:37Z,PMC5709852,1,29191165,Renal association clinical practice guideline on Anaemia of Chronic Kidney Disease,CC BY,False,True,BMC Nephrol. 2017 Nov 30;18:345. doi: 10.1186/s12882-017-0688-1,D:\medical_rag\data\pmc_oa\PMC5709852.1,txt(156115B);json(760B)
2026-09-15T08:23:38Z,PMC6020240,1,29940877,Hematuria as a risk factor for progression of chronic kidney disease and death: findings from the Chronic Renal Insufficiency Cohort (CRIC) Study,CC BY,False,True,BMC Nephrol. 2018 Jun 26;19:150. doi: 10.1186/s12882-018-0951-0,D:\medical_rag\data\pmc_oa\PMC6020240.1,txt(53117B);json(1725B)
2026-09-15T08:23:39Z,PMC5409713,1,28394274,Vegetarian Diet in Chronic Kidney Disease—A Friend or Foe,CC BY,False,True,Nutrients. 2017 Apr 10;9(4):374. doi: 10.3390/nu9040374,D:\medical_rag\data\pmc_oa\PMC5409713.1,txt(59007B);json(721B)
2026-09-15T08:23:39Z,PMC8265258,1,34285762,"Chronic kidney diseases among homeless and slum dwellers in Accra, Ghana",CC BY,False,True,Pan Afr Med J. 2021 Apr 8;38:340. doi: 10.11604/pamj.2021.38.340.27106,D:\medical_rag\data\pmc_oa\PMC8265258.1,txt(25816B);json(763B)
2026-09-15T08:23:41Z,PMC12630314,1,40920285,The role of renal denervation for the treatment of hypertension in patients with chronic kidney disease: a position paper of the Italian Society of Nephrology,CC BY,False,True,J Nephrol. 2025 Sep 8;38(8):2053–65. doi: 10.1007/s40620-025-02406-2,D:\medical_rag\data\pmc_oa\PMC12630314.1,txt(86426B);json(1095B)
2026-09-15T08:23:41Z,PMC5854359,1,29543897,Cost-effectiveness analysis of elbasvir-grazoprevir regimen for treating hepatitis C virus genotype 1 infection in stage 4-5 chronic kidney disease patients in France,CC BY,False,True,PLoS One. 2018 Mar 15;13(3):e0194329. doi: 10.1371/journal.pone.0194329,D:\medical_rag\data\pmc_oa\PMC5854359.1,txt(68218B);json(2903B)
2026-09-15T08:23:42Z,PMC2600791,1,19019245,Nephrotic syndrome and kidney failure due to immunocomplex-mediated renal damage in a patient with Waldenström's Macroglobulinemia: a case report,CC BY,False,True,Cases J. 2008 Nov 19;1:333. doi: 10.1186/1757-1626-1-333,D:\medical_rag\data\pmc_oa\PMC2600791.1,txt(19879B);json(1243B)
2026-09-15T08:23:42Z,PMC7296682,1,32539728,White-coat hypertension and incident end-stage renal disease in patients with non-dialysis chronic kidney disease: results from the C-STRIDE Study,CC BY,False,True,J Transl Med. 2020 Jun 15;18:238. doi: 10.1186/s12967-020-02413-w,D:\medical_rag\data\pmc_oa\PMC7296682.1,txt(55838B);json(1180B)
2026-09-15T08:23:44Z,PMC6491556,1,31040373,Hyperuricemia has increased the risk of progression of chronic kidney disease: propensity score matching analysis from the KNOW-CKD study,CC BY,False,True,Sci Rep. 2019 Apr 30;9:6681. doi: 10.1038/s41598-019-43241-3,D:\medical_rag\data\pmc_oa\PMC6491556.1,txt(44703B);json(1277B)
2026-09-15T08:23:44Z,PMC4522127,1,26231610,Does oral sodium bicarbonate therapy improve function and quality of life in older patients with chronic kidney disease and low-grade acidosis (the BiCARB trial)? Study protocol for a randomized contr,CC BY,False,True,Trials. 2015 Aug 1;16:326. doi: 10.1186/s13063-015-0843-6,D:\medical_rag\data\pmc_oa\PMC4522127.1,txt(42696B);json(1015B)
2026-09-15T08:23:45Z,PMC4575702,1,26421100,The clinical pattern of renal diseases in the nephrology in-patient unit of the Yaounde General Hospital in Cameroon: a five-year audit,CC BY,False,True,Pan Afr Med J. 2015 Jul 20;21:205. doi: 10.11604/pamj.2015.21.205.5945,D:\medical_rag\data\pmc_oa\PMC4575702.1,txt(21759B);json(1049B)
2026-09-15T08:23:45Z,PMC10315765,1,36723270,Metabolic reprogramming heterogeneity in chronic kidney disease,CC BY,False,True,FEBS Open Bio. 2023 Feb 14;13(7):1154–63. doi: 10.1002/2211-5463.13568,D:\medical_rag\data\pmc_oa\PMC10315765.1,txt(50073B);json(1085B)
2026-09-15T08:23:47Z,PMC8379120,1,33825976,Prognostic ability of mid-term worsening renal function after percutaneous coronary intervention: findings from the SHINANO registry,CC BY,False,True,Heart Vessels. 2021 Apr 7;36(10):1496–505. doi: 10.1007/s00380-021-01837-8,D:\medical_rag\data\pmc_oa\PMC8379120.1,txt(35047B);json(1383B)
2026-09-15T08:23:47Z,PMC13078772,1,42718411,"Profile, follow-up adherence and progression of people with advanced chronic kidney disease in specialized care centers: a retrospective study, Santa Catarina state, Brazil, 2021-2024",CC BY,False,True,Epidemiol Serv Saude. 2026 Apr 10;35:e20250690. doi: 10.1590/S2237-96222026v35e20250690.en,D:\medical_rag\data\pmc_oa\PMC13078772.1,txt(56914B);json(1403B)
2026-09-15T08:23:48Z,PMC9329413,1,35896846,Myeloid leukocytes’ diverse effects on cardiovascular and systemic inflammation in chronic kidney disease,CC BY,False,True,Basic Res Cardiol. 2022 Jul 27;117(1):38. doi: 10.1007/s00395-022-00945-4,D:\medical_rag\data\pmc_oa\PMC9329413.1,txt(92628B);json(1563B)
2026-09-15T08:23:49Z,PMC6388331,1,30886657,Oxidative Stress in Animal Models of Acute and Chronic Renal Failure,CC BY,False,True,Dis Markers. 2019 Feb 11;2019:8690805. doi: 10.1155/2019/8690805,D:\medical_rag\data\pmc_oa\PMC6388331.1,txt(43695B);json(1174B)
2026-09-15T08:23:50Z,PMC2808666,1,19955687,Chronic kidney disease and small renal tumors: What urologists should know?,CC BY,False,True,Indian J Urol. 2009 Oct-Dec;25(4):543–4. doi: 10.4103/0970-1591.57913,D:\medical_rag\data\pmc_oa\PMC2808666.1,txt(11761B);json(759B)
2026-09-15T08:23:51Z,PMC7809586,1,33443583,Association of the Estimated Glomerular Filtration Rate With vs Without a Coefficient for Race With Time to Eligibility for Kidney Transplant,CC BY,False,True,JAMA Netw Open. 2021 Jan 14;4(1):e2034004. doi: 10.1001/jamanetworkopen.2020.34004,D:\medical_rag\data\pmc_oa\PMC7809586.1,txt(42462B);json(986B)
2026-09-15T08:23:51Z,PMC10820232,1,38256388,Left Ventricular Mass Index Predicts Renal Function Decline in Patients with Chronic Kidney Disease,CC BY,False,True,Medicina (Kaunas). 2024 Jan 10;60(1):127. doi: 10.3390/medicina60010127,D:\medical_rag\data\pmc_oa\PMC10820232.1,txt(43339B);json(791B)
2026-09-15T08:23:52Z,PMC5880091,1,29606094,Can increased vigilance for chronic kidney disease in hospitalised patients decrease late referral and improve dialysis-free survival?,CC BY,False,True,BMC Nephrol. 2018 Apr 2;19:74. doi: 10.1186/s12882-018-0869-6,D:\medical_rag\data\pmc_oa\PMC5880091.1,txt(27877B);json(1050B)
2026-09-15T08:23:53Z,PMC11634311,1,39607169,Osteoprotegerina e Disfunção Vascular em Pacientes com Doença Renal Crônica Estágio 3 e em Pacientes sem Disfunção Renal: Estudo Caso-Controle,CC BY,False,True,Arq Bras Cardiol. 2024 Nov 7;121(11):e20240122. [Article in Portuguese] doi: 10.36660/abc.20240122,D:\medical_rag\data\pmc_oa\PMC11634311.1,txt(72252B);json(1132B)
2026-09-15T08:23:54Z,PMC8965260,1,35218249,Renal biomarkers in cats: A review of the current status in chronic kidney disease,CC BY,False,True,J Vet Intern Med. 2022 Feb 26;36(2):379–96. doi: 10.1111/jvim.16377,D:\medical_rag\data\pmc_oa\PMC8965260.1,txt(117711B);json(883B)
2026-09-15T08:23:54Z,PMC7428638,1,32212912,Clinical Potential of Targeting Fibroblast Growth Factor‐23 and αKlotho in the Treatment of Uremic Cardiomyopathy,CC BY,False,True,J Am Heart Assoc. 2020 Mar 26;9(7):e016041. doi: 10.1161/JAHA.120.016041,D:\medical_rag\data\pmc_oa\PMC7428638.1,txt(95235B);json(1031B)
2026-09-15T08:23:55Z,PMC7654398,1,32725744,SARS‐CoV‐2 infection associated acute kidney injury in patients with pre‐existing chronic renal disease: A report of two cases,CC BY,False,True,Immun Inflamm Dis. 2020 Jul 28;8(4):506–11. doi: 10.1002/iid3.333,D:\medical_rag\data\pmc_oa\PMC7654398.1,txt(25620B);json(928B)
2026-09-15T08:23:56Z,PMC4898308,1,27276913,Risk prediction to inform surveillance of chronic kidney disease in the US Healthcare Safety Net: a cohort study,CC BY,False,True,BMC Nephrol. 2016 Jun 8;17:57. doi: 10.1186/s12882-016-0272-0,D:\medical_rag\data\pmc_oa\PMC4898308.1,txt(49719B);json(1138B)
2026-09-15T08:23:57Z,PMC3750602,1,23815983,Prevalence of herbal and dietary supplement usage in Thai outpatients with chronic kidney disease: a cross-sectional survey,CC BY,False,True,BMC Complement Altern Med. 2013 Jul 1;13:153. doi: 10.1186/1472-6882-13-153,D:\medical_rag\data\pmc_oa\PMC3750602.1,txt(43836B);json(939B)
2026-09-15T08:23:58Z,PMC7248019,1,32080754,"Post-contrast acute kidney injury in a hospitalized population: short-, mid-, and long-term outcome and risk factors for adverse events",CC BY,False,True,Eur Radiol. 2020 Feb 21;30(6):3516–27. doi: 10.1007/s00330-020-06690-3,D:\medical_rag\data\pmc_oa\PMC7248019.1,txt(51775B);json(1707B)
2026-09-15T08:23:58Z,PMC13073800,1,41977388,Chronic Kidney Disease and Cellular Senescence,CC BY,False,True,Int J Mol Sci. 2026 Apr 1;27(7):3205. doi: 10.3390/ijms27073205,D:\medical_rag\data\pmc_oa\PMC13073800.1,txt(142375B);json(956B)
2026-09-15T08:23:59Z,PMC11006741,1,38279993,Metabolic acidosis in chronic kidney disease: mere consequence or also culprit?,CC BY,False,True,Pflugers Arch. 2024 Jan 27;476(4):579–92. doi: 10.1007/s00424-024-02912-5,D:\medical_rag\data\pmc_oa\PMC11006741.1,txt(80049B);json(1017B)
2026-09-15T08:24:00Z,PMC9152091,1,35656391,"THIRSTY FOR FRUCTOSE: Arginine Vasopressin, Fructose, and the Pathogenesis of Metabolic and Renal Disease",CC BY,False,True,Front Cardiovasc Med. 2022 May 17;9:883365. doi: 10.3389/fcvm.2022.883365,D:\medical_rag\data\pmc_oa\PMC9152091.1,txt(46216B);json(1024B)
2026-09-15T08:24:01Z,PMC9433206,1,36082060,Related Factors and Economic Burden Evaluation of Nosocomial Infection in Patients with Chronic Kidney Disease,CC BY,False,True,Contrast Media Mol Imaging. 2022 Aug 24;2022:9889917. doi: 10.1155/2022/9889917,D:\medical_rag\data\pmc_oa\PMC9433206.1,txt(45101B);json(693B)
2026-09-15T08:24:02Z,PMC11526289,1,39476138,Use of Telenursing in the conservative treatment of patients with chronic renal insufficiency: scoping review,CC BY,False,True,Rev Lat Am Enfermagem. 2024 Oct 25;32:e4359. doi: 10.1590/1518-8345.7013.4359,D:\medical_rag\data\pmc_oa\PMC11526289.1,txt(126533B);json(1173B)
2026-09-15T08:24:02Z,PMC8901279,1,33926359,Efficacy of statins on renal function in patients with chronic kidney disease: a systematic review and meta-analysis,CC BY,False,True,Ren Fail. 2021 Apr 29;43(1):718–28. doi: 10.1080/0886022X.2021.1915799,D:\medical_rag\data\pmc_oa\PMC8901279.1,txt(48168B);json(1782B)
2026-09-15T08:24:03Z,PMC5554219,1,28801616,Circulating CD40 and sCD40L Predict Changes in Renal Function in Subjects with Chronic Kidney Disease,CC BY,False,True,Sci Rep. 2017 Aug 11;7:7942. doi: 10.1038/s41598-017-08426-8,D:\medical_rag\data\pmc_oa\PMC5554219.1,txt(38540B);json(1129B)
2026-09-15T08:24:04Z,PMC12238016,1,40636365,Chronic kidney disease as a catalyst for cerebral microbleeds: understanding the underlying mechanisms and treatment approaches,CC BY,False,True,Front Med (Lausanne). 2025 Jun 25;12:1578666. doi: 10.3389/fmed.2025.1578666,D:\medical_rag\data\pmc_oa\PMC12238016.1,txt(99061B);json(1059B)
2026-09-15T08:24:05Z,PMC2287188,1,18366720,Association of dopaminergic pathway gene polymorphisms with chronic renal insufficiency among Asian Indians with type-2 diabetes,CC BY,False,True,BMC Genet. 2008 Mar 22;9:26. doi: 10.1186/1471-2156-9-26,D:\medical_rag\data\pmc_oa\PMC2287188.1,txt(36590B);json(1022B)
2026-09-15T08:24:06Z,PMC11852269,1,38794880,Propionate and butyrate counteract renal damage and progression to chronic kidney disease,CC BY,False,True,Nephrol Dial Transplant. 2024 May 24;40(1):133–50. doi: 10.1093/ndt/gfae118,D:\medical_rag\data\pmc_oa\PMC11852269.1,txt(76864B);json(1878B)
2026-09-15T08:24:06Z,PMC5075179,1,27770799,Correction of metabolic acidosis improves insulin resistance in chronic kidney disease,CC BY,False,True,BMC Nephrol. 2016 Oct 22;17:158. doi: 10.1186/s12882-016-0372-x,D:\medical_rag\data\pmc_oa\PMC5075179.1,txt(47556B);json(1004B)
2026-09-15T08:24:07Z,PMC1479320,1,16672053,Chronic renal insufficiency among Asian Indians with type 2 diabetes: I. Role of RAAS gene polymorphisms,CC BY,False,True,BMC Med Genet. 2006 May 3;7:42. doi: 10.1186/1471-2350-7-42,D:\medical_rag\data\pmc_oa\PMC1479320.1,txt(42702B);json(775B)
2026-09-15T08:24:08Z,PMC9831930,1,36138105,"Hypertension and cardiomyopathy associated with chronic kidney disease: epidemiology, pathogenesis and treatment considerations",CC BY,False,True,J Hum Hypertens. 2022 Sep 22;37(1):1–19. doi: 10.1038/s41371-022-00751-4,D:\medical_rag\data\pmc_oa\PMC9831930.1,txt(137820B);json(1922B)
2026-09-15T08:24:09Z,PMC13205020,1,42194010,Ultra-Processed Foods and Chronic Kidney Disease: Is Inflammaging the Missing Link?,CC BY,False,True,Biomolecules. 2026 Apr 29;16(5):660. doi: 10.3390/biom16050660,D:\medical_rag\data\pmc_oa\PMC13205020.1,txt(82694B);json(1341B)
2026-09-15T08:24:09Z,PMC4144969,1,25157494,Establishment of a Model of Renal Impairment with Mild Renal Insufficiency Associated with Atrial Fibrillation in Canines,CC BY,False,True,PLoS One. 2014 Aug 26;9(8):e105974. doi: 10.1371/journal.pone.0105974,D:\medical_rag\data\pmc_oa\PMC4144969.1,txt(42548B);json(1842B)
2026-09-15T08:24:10Z,PMC5201285,1,28036331,Phosphocalcic Markers and Calcification Propensity for Assessment of Interstitial Fibrosis and Vascular Lesions in Kidney Allograft Recipients,CC BY,False,True,PLoS One. 2016 Dec 30;11(12):e0167929. doi: 10.1371/journal.pone.0167929,D:\medical_rag\data\pmc_oa\PMC5201285.1,txt(62682B);json(2674B)
2026-09-15T08:24:12Z,PMC6837603,1,31136109,A prospective study assessing feasibility of performing percutaneous nephrolithotomy in chronic kidney disease patients - What factors affect the outcome?,CC BY,False,True,Int Braz J Urol. 2019 Sep 2;45(4):765–74. doi: 10.1590/S1677-5538.IBJU.2018.0816,D:\medical_rag\data\pmc_oa\PMC6837603.1,txt(36923B);json(997B)
2026-09-15T08:24:12Z,PMC4057506,1,24200036,"Cefepime neurotoxicity in the intensive care unit: a cause of severe, underappreciated encephalopathy",CC BY,False,True,Crit Care. 2013 Nov 7;17(6):R264. doi: 10.1186/cc13094,D:\medical_rag\data\pmc_oa\PMC4057506.1,txt(28819B);json(877B)
2026-09-15T08:24:12Z,PMC4501756,1,26173073,Meta-Analysis of the Associations of p-Cresyl Sulfate (PCS) and Indoxyl Sulfate (IS) with Cardiovascular Events and All-Cause Mortality in Patients with Chronic Renal Failure,CC BY,False,True,PLoS One. 2015 Jul 14;10(7):e0132589. doi: 10.1371/journal.pone.0132589,D:\medical_rag\data\pmc_oa\PMC4501756.1,txt(33345B);json(1594B)
2026-09-15T08:24:14Z,PMC10931599,1,38473987,Placental and Renal Pathways Underlying Pre-Eclampsia,CC BY,False,True,Int J Mol Sci. 2024 Feb 27;25(5):2741. doi: 10.3390/ijms25052741,D:\medical_rag\data\pmc_oa\PMC10931599.1,txt(67928B);json(964B)
2026-09-15T08:24:15Z,PMC3951206,2,24219913,Limited health literacy is associated with low glomerular filtration in the Chronic Renal Insufficiency Cohort (CRIC) study,CC BY,False,True,Clin Nephrol. 2013 Nov 13;81(1):30–7. doi: 10.5414/CN108062,D:\medical_rag\data\pmc_oa\PMC3951206.2,txt(35824B);json(919B)
2026-09-15T08:24:15Z,PMC3850679,1,24083392,Vitamin D insufficiency and deficiency with stages of chronic kidney disease in an Asian population,CC BY,False,True,BMC Nephrol. 2013 Oct 2;14:206. doi: 10.1186/1471-2369-14-206,D:\medical_rag\data\pmc_oa\PMC3850679.1,txt(25845B);json(900B)
2026-09-15T08:24:16Z,PMC4739105,1,26843213,Markers of increased atherosclerotic risk in patients with chronic kidney disease: a preliminary study,CC BY,False,True,Lipids Health Dis. 2016 Feb 3;15:22. doi: 10.1186/s12944-016-0191-x,D:\medical_rag\data\pmc_oa\PMC4739105.1,txt(71225B);json(784B)
2026-09-15T08:24:17Z,PMC11012052,1,38612557,Iron Metabolism and Inflammatory Mediators in Patients with Renal Dysfunction,CC BY,False,True,Int J Mol Sci. 2024 Mar 27;25(7):3745. doi: 10.3390/ijms25073745,D:\medical_rag\data\pmc_oa\PMC11012052.1,txt(90820B);json(1297B)
2026-09-15T08:24:18Z,PMC12451019,1,40976977,Chronic kidney disease and valvular heart disease: State of the art,CC BY,False,True,Physiol Rep. 2025 Sep 21;13(18):e70544. doi: 10.14814/phy2.70544,D:\medical_rag\data\pmc_oa\PMC12451019.1,txt(71882B);json(1187B)
2026-09-15T08:24:18Z,PMC5463396,1,28592254,"CKD.QLD: establishment of a chronic kidney disease [CKD] registry in Queensland, Australia",CC BY,False,True,BMC Nephrol. 2017 Jun 7;18:189. doi: 10.1186/s12882-017-0607-5,D:\medical_rag\data\pmc_oa\PMC5463396.1,txt(48929B);json(1332B)
2026-09-15T08:24:19Z,PMC12503227,1,40991346,Histological Analysis of Arterial and Venous Grafts Used in Coronary Bypass for Patients With Renal Insufficiency: A Prospective Multicentre Observational Study,CC BY,False,True,Interdiscip Cardiovasc Thorac Surg. 2025 Sep 24;40(10):ivaf222. doi: 10.1093/icvts/ivaf222,D:\medical_rag\data\pmc_oa\PMC12503227.1,txt(36110B);json(1285B)
2026-09-15T08:24:20Z,PMC10552437,1,37794465,Chronic kidney outcomes associated with GLP-1 receptor agonists versus long-acting insulins among type 2 diabetes patients requiring intensive glycemic control: a nationwide cohort study,CC BY,False,True,Cardiovasc Diabetol. 2023 Oct 4;22:272. doi: 10.1186/s12933-023-01991-5,D:\medical_rag\data\pmc_oa\PMC10552437.1,txt(51623B);json(1458B)
2026-09-15T08:24:21Z,PMC7732055,1,33306688,Hospitalizations among adults with chronic kidney disease in the United States: A cohort study,CC BY,False,True,PLoS Med. 2020 Dec 11;17(12):e1003470. doi: 10.1371/journal.pmed.1003470,D:\medical_rag\data\pmc_oa\PMC7732055.1,txt(89401B);json(3043B)
2026-09-15T08:24:21Z,PMC9518626,1,35138323,Effect of vegetarian diets on renal function in patients with chronic kidney disease under non-dialysis treatment: A scoping review,CC BY,False,True,J Bras Nefrol. 2022 Jan 31;44(3):395–402. doi: 10.1590/2175-8239-JBN-2021-0126,D:\medical_rag\data\pmc_oa\PMC9518626.1,txt(26340B);json(968B)
2026-09-15T08:24:22Z,PMC2663557,1,19149896,Gene therapy by electroporation for the treatment of chronic renal failure in companion animals,CC BY,False,True,BMC Biotechnol. 2009 Jan 16;9:4. doi: 10.1186/1472-6750-9-4,D:\medical_rag\data\pmc_oa\PMC2663557.1,txt(52343B);json(1185B)
2026-09-15T08:24:23Z,PMC7565991,1,32899941,Uremic Toxins Affect Erythropoiesis during the Course of Chronic Kidney Disease: A Review,CC BY,False,True,Cells. 2020 Sep 6;9(9):2039. doi: 10.3390/cells9092039,D:\medical_rag\data\pmc_oa\PMC7565991.1,txt(68817B);json(1292B)
